time,Q_cool
2022/6/21 21:10,0
2022/6/21 21:15,0
2022/6/21 21:20,0
2022/6/21 21:25,0
2022/6/21 21:30,0
2022/6/21 21:35,0
2022/6/21 21:40,0
2022/6/21 21:45,0
2022/6/21 21:50,0
2022/6/21 21:55,0
2022/6/21 22:00,0
2022/6/21 22:05,0
2022/6/21 22:10,0
2022/6/21 22:15,0
2022/6/21 22:20,0
2022/6/21 22:25,0
2022/6/21 22:30,0
2022/6/21 22:35,0
2022/6/21 22:40,0
2022/6/21 22:45,0
2022/6/21 22:50,0
2022/6/21 22:55,0
2022/6/21 23:00,0
2022/6/21 23:05,0
2022/6/21 23:10,0
2022/6/21 23:15,0
2022/6/21 23:20,0
2022/6/21 23:25,0
2022/6/21 23:30,0
2022/6/21 23:35,0
2022/6/21 23:40,0
2022/6/21 23:45,0
2022/6/21 23:50,0
2022/6/21 23:55,0
2022/6/22 0:00,0
2022/6/22 0:05,0
2022/6/22 0:10,0
2022/6/22 0:15,0
2022/6/22 0:20,0
2022/6/22 0:25,0
2022/6/22 0:30,0
2022/6/22 0:35,0
2022/6/22 0:40,0
2022/6/22 0:45,0
2022/6/22 0:50,0
2022/6/22 0:55,0
2022/6/22 1:00,0
2022/6/22 1:05,0
2022/6/22 1:10,0
2022/6/22 1:15,0
2022/6/22 1:20,0
2022/6/22 1:25,0
2022/6/22 1:30,0
2022/6/22 1:35,0
2022/6/22 1:40,0
2022/6/22 1:45,0
2022/6/22 1:50,0
2022/6/22 1:55,0
2022/6/22 2:00,0
2022/6/22 2:05,0
2022/6/22 2:10,0
2022/6/22 2:15,0
2022/6/22 2:20,0
2022/6/22 2:25,0
2022/6/22 2:30,0
2022/6/22 2:35,0
2022/6/22 2:40,0
2022/6/22 2:45,0
2022/6/22 2:50,0
2022/6/22 2:55,0
2022/6/22 3:00,0
2022/6/22 3:05,0
2022/6/22 3:10,0
2022/6/22 3:15,0
2022/6/22 3:20,0
2022/6/22 3:25,0
2022/6/22 3:30,0
2022/6/22 3:35,0
2022/6/22 3:40,0
2022/6/22 3:45,0
2022/6/22 3:50,0
2022/6/22 3:55,0
2022/6/22 4:00,0
2022/6/22 4:05,0
2022/6/22 4:10,0
2022/6/22 4:15,0
2022/6/22 4:20,0
2022/6/22 4:25,0
2022/6/22 4:30,0
2022/6/22 4:35,0
2022/6/22 4:40,0
2022/6/22 4:45,0
2022/6/22 4:50,0
2022/6/22 4:55,0
2022/6/22 5:00,0
2022/6/22 5:05,0
2022/6/22 5:10,0
2022/6/22 5:15,0
2022/6/22 5:20,0
2022/6/22 5:25,0
2022/6/22 5:30,0
2022/6/22 5:35,0
2022/6/22 5:40,0
2022/6/22 5:45,0
2022/6/22 5:50,0
2022/6/22 5:55,0
2022/6/22 6:00,0
2022/6/22 6:05,0
2022/6/22 6:10,0
2022/6/22 6:15,0
2022/6/22 6:20,0
2022/6/22 6:25,0
2022/6/22 6:30,0
2022/6/22 6:35,0
2022/6/22 6:40,0
2022/6/22 6:45,0
2022/6/22 6:50,0
2022/6/22 6:55,0
2022/6/22 7:00,0
2022/6/22 7:05,0
2022/6/22 7:10,0
2022/6/22 7:15,0
2022/6/22 7:20,0
2022/6/22 7:25,0
2022/6/22 7:30,0
2022/6/22 7:35,0
2022/6/22 7:40,0
2022/6/22 7:45,0
2022/6/22 7:50,0
2022/6/22 7:55,0
2022/6/22 8:00,0
2022/6/22 8:05,0
2022/6/22 8:10,0
2022/6/22 8:15,0
2022/6/22 8:20,0
2022/6/22 8:25,0
2022/6/22 8:30,0
2022/6/22 8:35,14874.31786
2022/6/22 8:40,19241.95181
2022/6/22 8:45,0
2022/6/22 8:50,0
2022/6/22 8:55,0
2022/6/22 9:00,5629.431353
2022/6/22 9:05,16976.21855
2022/6/22 9:10,19156.19215
2022/6/22 9:15,7613.209263
2022/6/22 9:20,15636.84082
2022/6/22 9:25,6504.843821
2022/6/22 9:30,15858.10235
2022/6/22 9:35,12738.86775
2022/6/22 9:40,10375.16197
2022/6/22 9:45,14894.07174
2022/6/22 9:50,8591.644227
2022/6/22 9:55,12837.80126
2022/6/22 10:00,6054.283846
2022/6/22 10:05,16477.71385
2022/6/22 10:10,1864.737799
2022/6/22 10:15,24778.78106
2022/6/22 10:20,15435.64025
2022/6/22 10:25,9277.642062
2022/6/22 10:30,14107.65306
2022/6/22 10:35,2669.910068
2022/6/22 10:40,15832.39676
2022/6/22 10:45,6693.590106
2022/6/22 10:50,15770.33258
2022/6/22 10:55,12536.99606
2022/6/22 11:00,-691.354834
2022/6/22 11:05,14720.1984
2022/6/22 11:10,2873.249881
2022/6/22 11:15,0
2022/6/22 11:20,0
2022/6/22 11:25,0
2022/6/22 11:30,0
2022/6/22 11:35,0
2022/6/22 11:40,-650.0540336
2022/6/22 11:45,19838.74664
2022/6/22 11:50,22523.75815
2022/6/22 11:55,22618.73901
2022/6/22 12:00,11292.31715
2022/6/22 12:05,0
2022/6/22 12:10,0
2022/6/22 12:15,0
2022/6/22 12:20,0
2022/6/22 12:25,0
2022/6/22 12:30,0
2022/6/22 12:35,0
2022/6/22 12:40,0
2022/6/22 12:45,0
2022/6/22 12:50,0
2022/6/22 12:55,0
2022/6/22 13:00,0
2022/6/22 13:05,0
2022/6/22 13:10,0
2022/6/22 13:15,0
2022/6/22 13:20,0
2022/6/22 13:25,0
2022/6/22 13:30,0
2022/6/22 13:35,0
2022/6/22 13:40,0
2022/6/22 13:45,0
2022/6/22 13:50,19790.62757
2022/6/22 13:55,29054.85216
2022/6/22 14:00,33172.88302
2022/6/22 14:05,23449.82038
2022/6/22 14:10,20149.89199
2022/6/22 14:15,18002.80397
2022/6/22 14:20,22357.74483
2022/6/22 14:25,18569.90058
2022/6/22 14:30,22423.87264
2022/6/22 14:35,24856.06894
2022/6/22 14:40,13540.48031
2022/6/22 14:45,20596.58384
2022/6/22 14:50,17713.57104
2022/6/22 14:55,19323.0006
2022/6/22 15:00,13653.73635
2022/6/22 15:05,13689.73179
2022/6/22 15:10,14640.92267
2022/6/22 15:15,10682.89611
2022/6/22 15:20,12252.82796
2022/6/22 15:25,22851.95013
2022/6/22 15:30,4928.194449
2022/6/22 15:35,8057.369219
2022/6/22 15:40,18550.73652
2022/6/22 15:45,-884.7593027
2022/6/22 15:50,16341.55611
2022/6/22 15:55,8775.597309
2022/6/22 16:00,1504.912192
2022/6/22 16:05,16855.39571
2022/6/22 16:10,3614.927759
2022/6/22 16:15,13282.27344
2022/6/22 16:20,11451.8852
2022/6/22 16:25,2665.660535
2022/6/22 16:30,10482.30846
2022/6/22 16:35,-727.4805747
2022/6/22 16:40,-668.6174051
2022/6/22 16:45,-634.9334742
2022/6/22 16:50,-592.9797536
2022/6/22 16:55,-474.0700043
2022/6/22 17:00,-330.3732248
2022/6/22 17:05,14330.689
2022/6/22 17:10,15097.05148
2022/6/22 17:15,18745.60305
2022/6/22 17:20,20732.38775
2022/6/22 17:25,2195.90999
2022/6/22 17:30,10005.47189
2022/6/22 17:35,-691.1978784
2022/6/22 17:40,-660.6080557
2022/6/22 17:45,-687.2776215
2022/6/22 17:50,-673.0078202
2022/6/22 17:55,-566.5947979
2022/6/22 18:00,-494.1751244
2022/6/22 18:05,-329.1490675
2022/6/22 18:10,
2022/6/22 18:15,
2022/6/22 18:20,
2022/6/22 18:25,
2022/6/22 18:30,0
2022/6/22 18:35,0
2022/6/22 18:40,
2022/6/22 18:45,
2022/6/22 18:50,
2022/6/22 18:55,
2022/6/22 19:00,
2022/6/22 19:05,
2022/6/22 19:10,
2022/6/22 19:15,
2022/6/22 19:20,
2022/6/22 19:25,
2022/6/22 19:30,0
2022/6/22 19:35,0
2022/6/22 19:40,0
2022/6/22 19:45,0
2022/6/22 19:50,0
2022/6/22 19:55,0
2022/6/22 20:00,0
2022/6/22 20:05,0
2022/6/22 20:10,0
2022/6/22 20:15,0
2022/6/22 20:20,0
2022/6/22 20:25,0
2022/6/22 20:30,0
2022/6/22 20:35,0
2022/6/22 20:40,0
2022/6/22 20:45,0
2022/6/22 20:50,0
2022/6/22 20:55,0
2022/6/22 21:00,0
2022/6/22 21:05,0
2022/6/22 21:10,0
2022/6/22 21:15,0
2022/6/22 21:20,0
2022/6/22 21:25,0
2022/6/22 21:30,0
2022/6/22 21:35,0
2022/6/22 21:40,0
2022/6/22 21:50,0
2022/6/22 22:00,0
2022/6/22 22:05,0
2022/6/22 22:10,0
2022/6/22 22:15,0
2022/6/22 22:20,0
2022/6/22 22:25,0
2022/6/22 22:30,0
2022/6/22 22:40,0
2022/6/22 22:45,0
2022/6/22 22:50,0
2022/6/22 23:00,0
2022/6/22 23:05,0
2022/6/22 23:20,0
2022/6/22 23:35,0
2022/6/22 23:40,0
2022/6/22 23:50,0
2022/6/22 23:55,0
2022/6/23 0:00,0
2022/6/23 0:05,0
2022/6/23 0:10,0
2022/6/23 0:15,0
2022/6/23 0:20,0
2022/6/23 0:30,0
2022/6/23 0:35,0
2022/6/23 0:40,0
2022/6/23 0:45,0
2022/6/23 0:50,0
2022/6/23 0:55,0
2022/6/23 1:05,0
2022/6/23 1:10,0
2022/6/23 1:15,0
2022/6/23 1:25,0
2022/6/23 1:35,0
2022/6/23 1:40,0
2022/6/23 1:45,0
2022/6/23 1:50,0
2022/6/23 1:55,0
2022/6/23 2:00,0
2022/6/23 2:05,0
2022/6/23 2:10,0
2022/6/23 2:15,0
2022/6/23 2:20,0
2022/6/23 2:25,0
2022/6/23 2:30,0
2022/6/23 2:35,0
2022/6/23 2:40,0
2022/6/23 2:45,0
2022/6/23 2:50,0
2022/6/23 2:55,0
2022/6/23 3:05,0
2022/6/23 3:10,0
2022/6/23 3:15,0
2022/6/23 3:20,0
2022/6/23 3:25,0
2022/6/23 3:30,0
2022/6/23 3:35,0
2022/6/23 3:40,0
2022/6/23 3:45,0
2022/6/23 3:50,0
2022/6/23 3:55,0
2022/6/23 4:05,0
2022/6/23 4:10,0
2022/6/23 4:15,0
2022/6/23 4:20,0
2022/6/23 4:25,0
2022/6/23 4:30,0
2022/6/23 4:35,0
2022/6/23 4:40,0
2022/6/23 4:45,0
2022/6/23 4:50,0
2022/6/23 4:55,0
2022/6/23 5:00,0
2022/6/23 5:05,0
2022/6/23 5:25,0
2022/6/23 5:30,0
2022/6/23 5:35,0
2022/6/23 5:40,0
2022/6/23 5:45,0
2022/6/23 5:50,0
2022/6/23 5:55,0
2022/6/23 6:00,0
2022/6/23 6:05,0
2022/6/23 6:10,0
2022/6/23 6:15,0
2022/6/23 6:20,0
2022/6/23 6:25,0
2022/6/23 6:30,0
2022/6/23 6:35,0
2022/6/23 6:40,0
2022/6/23 6:45,0
2022/6/23 6:50,0
2022/6/23 6:55,0
2022/6/23 7:00,0
2022/6/23 7:05,0
2022/6/23 7:10,0
2022/6/23 7:15,0
2022/6/23 7:20,0
2022/6/23 7:25,0
2022/6/23 7:30,0
2022/6/23 7:35,0
2022/6/23 7:40,0
2022/6/23 7:45,0
2022/6/23 7:50,0
2022/6/23 7:55,0
2022/6/24 8:05,0
2022/6/24 8:10,0
2022/6/24 8:15,0
2022/6/24 8:20,0
2022/6/24 8:25,0
2022/6/24 8:30,23660.99131
2022/6/24 8:35,27136.93932
2022/6/24 8:40,15478.4346
2022/6/24 8:45,11236.93402
2022/6/24 8:50,-727.8470719
2022/6/24 8:55,-545.7630162
2022/6/24 9:00,13130.78546
2022/6/24 9:05,20463.68902
2022/6/24 9:10,18893.75544
2022/6/24 9:15,18198.89605
2022/6/24 9:20,14980.01435
2022/6/24 9:25,13154.46268
2022/6/24 9:30,14057.84085
2022/6/24 9:35,14688.67626
2022/6/24 9:40,15270.2514
2022/6/24 9:45,11525.74604
2022/6/24 10:05,12652.86741
2022/6/24 10:10,13525.91
2022/6/24 10:15,13983.26673
2022/6/24 10:20,14826.80518
2022/6/24 10:25,14271.70763
2022/6/24 10:30,13567.55216
2022/6/24 10:35,12873.01137
2022/6/24 10:40,14089.73939
2022/6/24 10:45,8392.003703
2022/6/24 10:50,7766.739422
2022/6/24 10:55,13309.79345
2022/6/24 11:00,5134.232348
2022/6/24 11:05,-544.6710959
2022/6/24 11:10,6698.426857
2022/6/24 11:15,13741.55835
2022/6/24 11:20,-708.1472145
2022/6/24 11:25,-598.2391478
2022/6/24 11:30,16679.84462
2022/6/24 11:35,21234.42585
2022/6/24 11:40,24353.65224
2022/6/24 11:45,12719.45537
2022/6/24 11:50,15465.04183
2022/6/24 11:55,12699.62124
2022/6/24 12:00,9586.644156
2022/6/24 12:05,9742.400804
2022/6/24 12:10,8030.447732
2022/6/24 12:15,-701.7878785
2022/6/24 12:20,-724.53381
2022/6/24 12:25,16504.89444
2022/6/24 12:30,16644.09273
2022/6/24 12:35,7081.181566
2022/6/24 12:40,7348.762887
2022/6/24 12:45,15098.7318
2022/6/24 12:50,-796.6513502
2022/6/24 12:55,16200.03271
2022/6/24 13:00,12498.90014
2022/6/24 13:05,0
2022/6/24 13:10,0
2022/6/24 13:15,0
2022/6/24 13:20,0
2022/6/24 13:25,0
2022/6/24 13:30,0
2022/6/24 13:35,0
2022/6/24 13:40,0
2022/6/24 13:45,0
2022/6/24 13:50,0
2022/6/24 13:55,0
2022/6/24 14:00,0
2022/6/24 14:05,0
2022/6/24 14:10,0
2022/6/24 14:15,0
2022/6/24 14:20,7821.912739
2022/6/24 14:25,17362.60738
2022/6/24 14:30,19541.03611
2022/6/24 14:35,16156.21031
2022/6/24 14:40,-874.4777886
2022/6/24 14:45,18274.39807
2022/6/24 14:50,4832.7488
2022/6/24 14:55,11057.64858
2022/6/24 15:00,18994.1509
2022/6/24 15:05,3567.785235
2022/6/24 15:10,16767.62407
2022/6/24 15:15,10412.31472
2022/6/24 15:20,-793.7358522
2022/6/24 15:25,13697.54891
2022/6/24 15:30,-939.7377453
2022/6/24 15:35,10835.95629
2022/6/24 15:40,17760.35741
2022/6/24 15:45,-841.8756036
2022/6/24 15:50,11468.55407
2022/6/24 15:55,0
2022/6/24 16:00,0
2022/6/24 16:05,0
2022/6/24 16:10,0
2022/6/24 16:15,0
2022/6/24 16:20,0
2022/6/24 16:25,0
2022/6/24 16:30,0
2022/6/24 16:35,0
2022/6/24 16:40,0
2022/6/24 16:45,0
2022/6/24 16:50,0
2022/6/24 16:55,0
2022/6/24 17:00,0
2022/6/24 17:05,0
2022/6/24 17:10,
2022/6/24 17:15,31384.87484
2022/6/24 17:20,28001.80147
2022/6/24 17:25,0
2022/6/24 17:30,0
2022/6/24 17:35,0
2022/6/24 17:40,0
2022/6/24 17:45,0
2022/6/24 17:50,0
2022/6/24 17:55,0
2022/6/24 18:00,6186.757112
2022/6/24 18:05,17286.5786
2022/6/24 18:10,12034.47907
2022/6/24 18:15,0
2022/6/24 18:20,0
2022/6/24 18:25,0
2022/6/24 18:30,0
2022/6/24 18:35,0
2022/6/24 18:40,0
2022/6/24 18:45,0
2022/6/24 18:50,0
2022/6/24 18:55,0
2022/6/24 19:00,0
2022/6/24 19:05,0
2022/6/24 19:10,0
2022/6/24 19:15,0
2022/6/24 19:20,0
2022/6/24 19:25,0
2022/6/24 19:30,0
2022/6/24 19:35,0
2022/6/24 19:40,0
2022/6/24 19:45,0
2022/6/24 19:50,0
2022/6/24 19:55,0
2022/6/24 20:00,0
2022/6/24 20:05,0
2022/6/24 20:10,0
2022/6/24 20:15,0
2022/6/24 20:20,0
2022/6/24 20:25,0
2022/6/24 20:30,0
2022/6/24 20:35,0
2022/6/24 20:40,0
2022/6/24 20:45,0
2022/6/24 20:50,0
2022/6/24 20:55,0
2022/6/24 21:00,0
2022/6/24 21:05,0
2022/6/24 21:10,0
2022/6/24 21:15,0
2022/6/24 21:20,0
2022/6/24 21:25,0
2022/6/24 21:30,0
2022/6/24 21:35,0
2022/6/24 21:40,0
2022/6/24 21:45,0
2022/6/24 21:50,0
2022/6/24 21:55,0
2022/6/24 22:00,0
2022/6/24 22:05,0
2022/6/24 22:10,0
2022/6/24 22:15,0
2022/6/24 22:20,0
2022/6/24 22:25,0
2022/6/24 22:30,0
2022/6/24 22:35,0
2022/6/24 22:40,0
2022/6/24 22:45,0
2022/6/24 22:50,0
2022/6/24 22:55,0
2022/6/24 23:00,0
2022/6/24 23:05,0
2022/6/24 23:10,0
2022/6/24 23:15,0
2022/6/24 23:20,0
2022/6/24 23:25,0
2022/6/24 23:30,0
2022/6/24 23:35,0
2022/6/24 23:40,0
2022/6/24 23:45,0
2022/6/24 23:50,0
2022/6/24 23:55,0
2022/6/25 0:00,0
2022/6/25 0:05,0
2022/6/25 0:10,0
2022/6/25 0:15,0
2022/6/25 0:20,0
2022/6/25 0:25,0
2022/6/25 0:30,0
2022/6/25 0:35,0
2022/6/25 0:40,0
2022/6/25 0:45,0
2022/6/25 0:50,0
2022/6/25 0:55,0
2022/6/25 1:00,0
2022/6/25 1:05,0
2022/6/25 1:10,0
2022/6/25 1:15,0
2022/6/25 1:20,0
2022/6/25 1:25,0
2022/6/25 1:30,0
2022/6/25 1:35,0
2022/6/25 1:40,0
2022/6/25 1:45,0
2022/6/25 1:50,0
2022/6/25 1:55,0
2022/6/25 2:00,0
2022/6/25 2:05,0
2022/6/25 2:10,0
2022/6/25 2:15,0
2022/6/25 2:20,0
2022/6/25 2:25,0
2022/6/25 2:30,0
2022/6/25 2:35,0
2022/6/25 2:40,0
2022/6/25 2:45,0
2022/6/25 2:50,0
2022/6/25 2:55,0
2022/6/25 3:00,0
2022/6/25 3:05,0
2022/6/25 3:10,0
2022/6/25 3:15,0
2022/6/25 3:20,0
2022/6/25 3:25,0
2022/6/25 3:30,0
2022/6/25 3:35,0
2022/6/25 3:40,0
2022/6/25 3:45,0
2022/6/25 3:50,0
2022/6/25 3:55,0
2022/6/25 4:00,0
2022/6/25 4:05,0
2022/6/25 4:10,0
2022/6/25 4:15,0
2022/6/25 4:20,0
2022/6/25 4:25,0
2022/6/25 4:30,0
2022/6/25 4:35,0
2022/6/25 4:40,0
2022/6/25 4:45,0
2022/6/25 4:50,0
2022/6/25 4:55,0
2022/6/25 5:00,0
2022/6/25 5:05,0
2022/6/25 5:10,0
2022/6/25 5:15,0
2022/6/25 5:20,0
2022/6/25 5:25,0
2022/6/25 5:30,0
2022/6/25 5:35,0
2022/6/25 5:40,0
2022/6/25 5:45,0
2022/6/25 5:50,0
2022/6/25 5:55,0
2022/6/25 6:00,0
2022/6/25 6:05,0
2022/6/25 6:10,0
2022/6/25 6:15,0
2022/6/25 6:20,0
2022/6/25 6:25,0
2022/6/25 6:30,0
2022/6/25 6:35,0
2022/6/25 6:40,0
2022/6/25 6:45,0
2022/6/25 6:50,0
2022/6/25 6:55,0
2022/6/25 7:00,0
2022/6/25 7:05,0
2022/6/25 7:10,0
2022/6/25 7:15,0
2022/6/25 7:20,0
2022/6/25 7:25,0
2022/6/25 7:30,0
2022/6/25 7:35,0
2022/6/25 7:40,0
2022/6/25 7:45,0
2022/6/25 7:50,0
2022/6/25 7:55,0
2022/6/25 8:00,0
2022/6/25 8:05,0
2022/6/25 8:10,0
2022/6/25 8:15,0
2022/6/25 8:20,0
2022/6/25 8:25,0
2022/6/25 8:30,19897.49232
2022/6/25 8:35,16951.32969
2022/6/25 8:40,17407.26317
2022/6/25 8:45,17983.67887
2022/6/25 8:50,8777.543456
2022/6/25 8:55,10636.66951
2022/6/25 9:00,2805.57807
2022/6/25 9:05,10312.93755
2022/6/25 9:10,12752.32039
2022/6/25 9:15,-658.9436486
2022/6/25 9:20,14326.57366
2022/6/25 9:25,6050.844603
2022/6/25 9:30,5512.239488
2022/6/25 9:35,13055.61515
2022/6/25 9:40,6658.00172
2022/6/25 9:45,-682.0538548
2022/6/25 9:50,20716.88324
2022/6/25 9:55,22011.29209
2022/6/25 10:00,18602.14045
2022/6/25 10:05,13551.37722
2022/6/25 10:10,14397.97874
2022/6/25 10:15,18929.68268
2022/6/25 10:20,15974.48234
2022/6/25 10:25,17938.25034
2022/6/25 10:30,13977.90066
2022/6/25 10:35,16731.35828
2022/6/25 10:40,20824.77459
2022/6/25 10:45,24059.35453
2022/6/25 10:50,12989.18294
2022/6/25 10:55,18156.1268
2022/6/25 11:00,12636.9491
2022/6/25 11:05,16799.62902
2022/6/25 11:10,16326.86599
2022/6/25 11:15,12656.63832
2022/6/25 11:20,16294.9564
2022/6/25 11:25,11235.69424
2022/6/25 11:30,12838.10443
2022/6/25 11:35,14294.75768
2022/6/25 11:40,12415.31256
2022/6/25 11:45,15146.14144
2022/6/25 11:50,16368.64632
2022/6/25 11:55,10358.59481
2022/6/25 12:00,-728.4244227
2022/6/25 12:05,-728.4244227
2022/6/25 12:10,17452.43614
2022/6/25 12:15,2822.271926
2022/6/25 12:20,-719.6329197
2022/6/25 12:25,17487.05077
2022/6/25 12:30,10238.27313
2022/6/25 12:35,17352.72526
2022/6/25 12:45,7369.019728
2022/6/25 12:50,5423.877655
2022/6/25 12:55,-740.185209
2022/6/25 13:00,7975.45017
2022/6/25 13:05,16858.78489
2022/6/25 13:10,-743.1357634
2022/6/25 13:15,-743.1357634
2022/6/25 13:20,15066.46119
2022/6/25 13:25,4384.949136
2022/6/25 13:30,3977.316889
2022/6/25 13:35,7530.409091
2022/6/25 13:40,5637.143965
2022/6/25 13:45,4424.198397
2022/6/25 13:50,4235.294209
2022/6/25 13:55,14881.43012
2022/6/25 14:00,20972.77731
2022/6/25 14:05,20264.89639
2022/6/25 14:10,6588.56218
2022/6/25 14:15,18370.55553
2022/6/25 14:20,27558.26335
2022/6/25 14:25,13433.8675
2022/6/25 14:30,15173.43008
2022/6/25 14:35,15703.48642
2022/6/25 14:40,16499.18824
2022/6/25 14:45,19548.08642
2022/6/25 14:50,6904.501833
2022/6/25 14:55,9434.149471
2022/6/25 15:00,21208.89108
2022/6/25 15:05,20786.2976
2022/6/25 15:10,19540.19462
2022/6/25 15:15,5277.00011
2022/6/25 15:20,15257.30144
2022/6/25 15:25,17228.33006
2022/6/25 15:30,17446.86931
2022/6/25 15:35,7088.749321
2022/6/25 15:40,18355.14231
2022/6/25 15:45,19599.84678
2022/6/25 15:50,13380.68483
2022/6/25 15:55,0
2022/6/25 16:00,0
2022/6/25 16:05,0
2022/6/25 16:10,0
2022/6/25 16:15,0
2022/6/25 16:20,0
2022/6/25 16:25,0
2022/6/25 16:30,0
2022/6/25 16:35,0
2022/6/25 16:40,0
2022/6/25 16:45,0
2022/6/25 16:50,0
2022/6/25 16:55,0
2022/6/25 17:00,0
2022/6/25 17:05,0
2022/6/25 17:10,0
2022/6/25 17:15,0
2022/6/25 17:20,0
2022/6/25 17:25,0
2022/6/25 17:30,0
2022/6/25 17:35,9477.126493
2022/6/25 17:40,0
2022/6/25 17:45,8342.999288
2022/6/25 17:50,12843.04812
2022/6/25 17:55,0
2022/6/25 18:00,0
2022/6/25 18:05,0
2022/6/25 18:10,0
2022/6/25 18:15,15321.35321
2022/6/25 18:20,0
2022/6/25 18:25,0
2022/6/25 18:30,0
2022/6/25 18:35,0
2022/6/25 18:45,0
2022/6/25 18:50,0
2022/6/25 18:55,0
2022/6/25 19:00,0
2022/6/25 19:05,0
2022/6/25 19:10,0
2022/6/25 19:15,0
2022/6/25 19:20,0
2022/6/25 19:25,0
2022/6/25 19:30,0
2022/6/25 19:35,0
2022/6/25 19:40,0
2022/6/25 19:50,0
2022/6/25 19:55,0
2022/6/25 20:00,0
2022/6/25 20:05,0
2022/6/25 20:15,0
2022/6/25 20:20,0
2022/6/25 20:25,0
2022/6/25 20:30,0
2022/6/25 20:35,0
2022/6/25 20:40,0
2022/6/25 20:45,0
2022/6/25 20:50,0
2022/6/25 20:55,0
2022/6/25 21:10,0
2022/6/25 21:15,0
2022/6/25 21:20,0
2022/6/25 21:25,0
2022/6/25 21:30,0
2022/6/25 21:45,0
2022/6/25 21:50,0
2022/6/25 22:00,0
2022/6/25 22:05,0
2022/6/25 22:10,0
2022/6/25 22:15,0
2022/6/25 22:20,0
2022/6/25 22:30,0
2022/6/25 22:35,0
2022/6/25 22:40,0
2022/6/25 22:45,0
2022/6/25 22:50,0
2022/6/25 22:55,0
2022/6/25 23:00,0
2022/6/25 23:05,0
2022/6/25 23:10,0
2022/6/25 23:15,0
2022/6/25 23:20,0
2022/6/25 23:25,0
2022/6/25 23:30,0
2022/6/25 23:35,0
2022/6/25 23:40,0
2022/6/25 23:45,0
2022/6/25 23:50,0
2022/6/25 23:55,0
2022/6/26 0:00,0
2022/6/26 0:05,0
2022/6/26 0:10,0
2022/6/26 0:15,0
2022/6/26 0:20,0
2022/6/26 0:25,0
2022/6/26 0:30,0
2022/6/26 0:35,0
2022/6/26 0:40,0
2022/6/26 0:45,0
2022/6/26 0:50,0
2022/6/26 0:55,0
2022/6/26 1:00,0
2022/6/26 1:05,0
2022/6/26 1:10,0
2022/6/26 1:15,0
2022/6/26 1:20,0
2022/6/26 1:25,0
2022/6/26 1:30,0
2022/6/26 1:35,0
2022/6/26 1:40,0
2022/6/26 1:45,0
2022/6/26 1:50,0
2022/6/26 1:55,0
2022/6/26 2:00,0
2022/6/26 2:05,0
2022/6/26 2:10,0
2022/6/26 2:15,0
2022/6/26 2:20,0
2022/6/26 2:25,0
2022/6/26 2:30,0
2022/6/26 2:35,0
2022/6/26 2:40,0
2022/6/26 2:45,0
2022/6/26 2:50,0
2022/6/26 2:55,0
2022/6/26 3:00,0
2022/6/26 3:05,0
2022/6/26 3:10,0
2022/6/26 3:15,0
2022/6/26 3:20,0
2022/6/26 3:25,0
2022/6/26 3:30,0
2022/6/26 3:35,0
2022/6/26 3:40,0
2022/6/26 3:45,0
2022/6/26 3:50,0
2022/6/26 3:55,0
2022/6/26 4:00,0
2022/6/26 4:05,0
2022/6/26 4:10,0
2022/6/26 4:15,0
2022/6/26 4:20,0
2022/6/26 4:25,0
2022/6/26 4:30,0
2022/6/26 4:35,0
2022/6/26 4:40,0
2022/6/26 4:45,0
2022/6/26 4:50,0
2022/6/26 4:55,0
2022/6/26 5:00,0
2022/6/26 5:05,0
2022/6/26 5:10,0
2022/6/26 5:15,0
2022/6/26 5:20,0
2022/6/26 5:25,0
2022/6/26 5:30,0
2022/6/26 5:35,0
2022/6/26 5:40,0
2022/6/26 5:45,0
2022/6/26 5:50,0
2022/6/26 5:55,0
2022/6/26 6:00,0
2022/6/26 6:05,0
2022/6/26 6:10,0
2022/6/26 6:15,0
2022/6/26 6:20,0
2022/6/26 6:25,0
2022/6/26 6:30,0
2022/6/26 6:35,0
2022/6/26 6:40,0
2022/6/26 6:45,0
2022/6/26 6:50,0
2022/6/26 6:55,0
2022/6/26 7:00,0
2022/6/26 7:05,0
2022/6/26 7:10,0
2022/6/26 7:15,0
2022/6/26 7:20,0
2022/6/26 7:25,0
2022/6/26 7:30,0
2022/6/26 7:35,0
2022/6/26 7:40,0
2022/6/26 7:45,0
2022/6/26 7:50,0
2022/6/26 7:55,0
2022/6/27 8:00,22874.9489
2022/6/27 8:05,22911.50168
2022/6/27 8:10,19321.23242
2022/6/27 8:15,1669.909887
2022/6/27 8:20,17470.34191
2022/6/27 8:25,6372.732251
2022/6/27 8:30,0
2022/6/27 8:35,0
2022/6/27 8:40,0
2022/6/27 8:45,0
2022/6/27 8:50,10186.45375
2022/6/27 8:55,30243.73371
2022/6/27 9:00,16200.62798
2022/6/27 9:05,17572.61407
2022/6/27 9:10,16382.75706
2022/6/27 9:15,18489.11735
2022/6/27 9:20,19357.48498
2022/6/27 9:25,6072.856215
2022/6/27 9:30,20317.60688
2022/6/27 9:35,16447.06769
2022/6/27 9:40,18003.92624
2022/6/27 9:45,19327.75802
2022/6/27 9:50,-781.0708291
2022/6/27 9:55,20236.01654
2022/6/27 10:00,19084.41161
2022/6/27 10:05,21036.52014
2022/6/27 10:10,14761.24122
2022/6/27 10:15,12575.65003
2022/6/27 10:20,19877.85913
2022/6/27 10:25,20062.70888
2022/6/27 10:30,20396.33379
2022/6/27 10:35,8260.557115
2022/6/27 10:40,19865.48851
2022/6/27 10:45,20016.16321
2022/6/27 10:50,21172.79823
2022/6/27 10:55,27201.71641
2022/6/27 11:00,3248.626899
2022/6/27 11:05,0
2022/6/27 11:10,0
2022/6/27 11:15,0
2022/6/27 11:20,0
2022/6/27 11:25,0
2022/6/27 11:30,0
2022/6/27 11:35,0
2022/6/27 11:40,0
2022/6/27 11:45,0
2022/6/27 11:50,11027.30544
2022/6/27 11:55,17617.62625
2022/6/27 12:00,21232.41054
2022/6/27 12:05,19757.59593
2022/6/27 12:10,19267.18081
2022/6/27 12:15,7645.410002
2022/6/27 12:20,17321.66856
2022/6/27 12:25,20154.56236
2022/6/27 12:30,0
2022/6/27 12:35,0
2022/6/27 12:40,0
2022/6/27 12:45,-816.320201
2022/6/27 12:50,19017.80752
2022/6/27 12:55,18513.33185
2022/6/27 13:00,15388.28725
2022/6/27 13:05,9254.216981
2022/6/27 13:10,4160.27089
2022/6/27 13:15,16590.30321
2022/6/27 13:20,4291.695688
2022/6/27 13:25,-682.509108
2022/6/27 13:30,14302.11516
2022/6/27 13:35,0
2022/6/27 13:40,0
2022/6/27 13:45,0
2022/6/27 13:50,0
2022/6/27 13:55,0
2022/6/27 14:00,0
2022/6/27 14:05,0
2022/6/27 14:10,0
2022/6/27 14:15,0
2022/6/27 14:20,0
2022/6/27 14:25,0
2022/6/27 14:30,12695.27835
2022/6/27 14:35,18863.21209
2022/6/27 14:40,20557.38254
2022/6/27 14:45,-994.2342158
2022/6/27 14:50,17343.66621
2022/6/27 14:55,-889.5132476
2022/6/27 15:00,10829.91621
2022/6/27 15:05,13057.20302
2022/6/27 15:10,-797.8438142
2022/6/27 15:15,17296.10245
2022/6/27 15:20,5997.030448
2022/6/27 15:25,-697.172367
2022/6/27 15:30,21288.35261
2022/6/27 15:35,20858.67944
2022/6/27 15:40,3716.700016
2022/6/27 15:45,8807.471927
2022/6/27 15:50,10281.9493
2022/6/27 15:55,9602.16947
2022/6/27 16:00,4633.960099
2022/6/27 16:05,19503.62217
2022/6/27 16:10,-847.7258489
2022/6/27 16:15,6234.053383
2022/6/27 16:20,13091.69238
2022/6/27 16:25,-792.6558882
2022/6/27 16:30,12642.5915
2022/6/27 16:35,17460.63956
2022/6/27 16:40,-824.4072684
2022/6/27 16:45,19123.88162
2022/6/27 16:50,9489.876673
2022/6/27 16:55,-759.410772
2022/6/27 17:00,13138.06213
2022/6/27 17:05,14645.44105
2022/6/27 17:10,0
2022/6/27 17:15,-695.3526466
2022/6/27 17:20,13075.41617
2022/6/27 17:25,10895.39596
2022/6/27 17:30,-725.1475478
2022/6/27 17:35,-634.6868783
2022/6/27 17:40,14998.34876
2022/6/27 17:45,0
2022/6/27 17:50,-781.6535067
2022/6/27 17:55,-733.5683342
2022/6/27 18:00,17190.20889
2022/6/27 18:10,16258.8042
2022/6/27 18:15,12000.46473
2022/6/27 18:20,3181.479481
2022/6/27 18:25,0
2022/6/27 18:30,0
2022/6/27 18:35,6644.75343
2022/6/27 18:50,15139.47723
2022/6/27 18:55,0
2022/6/27 19:00,15051.0774
2022/6/27 19:05,6257.834299
2022/6/27 19:10,11734.43724
2022/6/27 19:15,11284.01196
2022/6/27 19:20,11076.16384
2022/6/27 19:25,12334.94918
2022/6/27 19:30,13762.78614
2022/6/27 19:35,4498.635864
2022/6/27 19:40,6233.847625
2022/6/27 19:45,0
2022/6/27 19:50,1884.516501
2022/6/27 19:55,0
2022/6/27 20:00,0
2022/6/27 20:05,0
2022/6/27 20:10,0
2022/6/27 20:15,0
2022/6/27 20:20,0
2022/6/27 20:25,0
2022/6/27 20:30,0
2022/6/27 20:45,0
2022/6/27 20:50,0
2022/6/27 20:55,0
2022/6/27 21:00,0
2022/6/27 21:05,0
2022/6/27 21:10,0
2022/6/27 21:15,0
2022/6/27 21:20,0
2022/6/27 21:25,0
2022/6/27 21:30,0
2022/6/27 21:35,0
2022/6/27 21:40,0
2022/6/27 21:45,0
2022/6/27 21:50,0
2022/6/27 21:55,0
2022/6/27 22:00,0
2022/6/27 22:05,0
2022/6/27 22:10,0
2022/6/27 22:15,0
2022/6/27 22:20,0
2022/6/27 22:25,0
2022/6/27 22:30,0
2022/6/27 22:35,0
2022/6/27 22:40,0
2022/6/27 22:45,0
2022/6/27 22:50,0
2022/6/27 22:55,0
2022/6/27 23:00,0
2022/6/27 23:05,0
2022/6/27 23:10,0
2022/6/27 23:15,0
2022/6/27 23:20,0
2022/6/27 23:25,0
2022/6/27 23:30,0
2022/6/27 23:35,0
2022/6/27 23:40,0
2022/6/27 23:45,0
2022/6/27 23:50,0
2022/6/27 23:55,0
2022/6/28 0:00,0
2022/6/28 0:05,0
2022/6/28 0:10,0
2022/6/28 0:15,0
2022/6/28 0:20,0
2022/6/28 0:25,0
2022/6/28 0:30,0
2022/6/28 0:35,0
2022/6/28 0:40,0
2022/6/28 0:45,0
2022/6/28 0:50,0
2022/6/28 0:55,0
2022/6/28 1:00,0
2022/6/28 1:05,0
2022/6/28 1:10,0
2022/6/28 1:15,0
2022/6/28 1:20,0
2022/6/28 1:25,0
2022/6/28 1:30,0
2022/6/28 1:35,0
2022/6/28 1:40,0
2022/6/28 1:45,0
2022/6/28 1:50,0
2022/6/28 1:55,0
2022/6/28 2:00,0
2022/6/28 2:05,0
2022/6/28 2:10,0
2022/6/28 2:15,0
2022/6/28 2:20,0
2022/6/28 2:25,0
2022/6/28 2:30,0
2022/6/28 2:35,0
2022/6/28 2:40,0
2022/6/28 2:45,0
2022/6/28 2:50,0
2022/6/28 2:55,0
2022/6/28 3:00,0
2022/6/28 3:05,0
2022/6/28 3:10,0
2022/6/28 3:15,0
2022/6/28 3:20,0
2022/6/28 3:25,0
2022/6/28 3:30,0
2022/6/28 3:35,0
2022/6/28 3:40,0
2022/6/28 3:45,0
2022/6/28 3:50,0
2022/6/28 3:55,0
2022/6/28 4:00,0
2022/6/28 4:05,0
2022/6/28 4:10,0
2022/6/28 4:15,0
2022/6/28 4:20,0
2022/6/28 4:25,0
2022/6/28 4:30,0
2022/6/28 4:35,0
2022/6/28 4:40,0
2022/6/28 4:45,0
2022/6/28 4:50,0
2022/6/28 4:55,0
2022/6/28 5:00,0
2022/6/28 5:05,0
2022/6/28 5:10,0
2022/6/28 5:15,0
2022/6/28 5:20,0
2022/6/28 5:25,0
2022/6/28 5:30,0
2022/6/28 5:35,0
2022/6/28 5:40,0
2022/6/28 5:45,0
2022/6/28 5:50,0
2022/6/28 5:55,0
2022/6/28 6:00,0
2022/6/28 6:05,0
2022/6/28 6:10,0
2022/6/28 6:15,0
2022/6/28 6:20,0
2022/6/28 6:25,0
2022/6/28 6:30,0
2022/6/28 6:35,0
2022/6/28 6:40,0
2022/6/28 6:45,0
2022/6/28 6:50,0
2022/6/28 6:55,0
2022/6/28 7:00,0
2022/6/28 7:05,0
2022/6/28 7:10,0
2022/6/28 7:15,0
2022/6/28 7:20,0
2022/6/28 7:25,0
2022/6/28 7:30,0
2022/6/28 7:35,0
2022/6/28 7:40,0
2022/6/28 7:45,0
2022/6/28 7:50,0
2022/6/28 7:55,0
2022/6/28 8:00,0
2022/6/28 8:05,0
2022/6/28 8:10,0
2022/6/28 8:15,0
2022/6/28 8:20,0
2022/6/28 8:25,0
2022/6/28 8:30,-185.9740479
2022/6/28 8:35,0
2022/6/28 8:40,0
2022/6/28 8:45,0
2022/6/28 8:50,0
2022/6/28 8:55,0
2022/6/28 9:00,0
2022/6/28 9:05,4931.241867
2022/6/28 9:10,18884.26268
2022/6/28 9:15,22132.16019
2022/6/28 9:20,22162.37849
2022/6/28 9:25,4693.300159
2022/6/28 9:30,19283.49434
2022/6/28 9:35,28462.2387
2022/6/28 9:40,30856.75586
2022/6/28 9:45,32096.52669
2022/6/28 9:50,26099.3058
2022/6/28 9:55,25032.07876
2022/6/28 10:00,28168.08004
2022/6/28 10:05,26262.38524
2022/6/28 10:10,19910.08201
2022/6/28 10:15,5318.292588
2022/6/28 10:20,18781.14146
2022/6/28 10:25,19547.45624
2022/6/28 10:30,20748.08411
2022/6/28 10:35,14882.49138
2022/6/28 10:40,12640.62023
2022/6/28 10:45,18094.63246
2022/6/28 10:50,17274.41074
2022/6/28 10:55,0
2022/6/28 11:00,0
2022/6/28 11:05,0
2022/6/28 11:10,0
2022/6/28 11:15,0
2022/6/28 11:20,0
2022/6/28 11:25,0
2022/6/28 11:30,1861.364389
2022/6/28 11:35,0
2022/6/28 11:40,-615.138164
2022/6/28 11:45,18233.15204
2022/6/28 11:50,14115.37119
2022/6/28 11:55,4280.822175
2022/6/28 12:00,0
2022/6/28 12:05,0
2022/6/28 12:10,0
2022/6/28 12:15,0
2022/6/28 12:20,0
2022/6/28 12:25,0
2022/6/28 12:30,0
2022/6/28 12:35,0
2022/6/28 12:40,0
2022/6/28 12:45,0
2022/6/28 12:50,0
2022/6/28 12:55,0
2022/6/28 13:00,0
2022/6/28 13:05,0
2022/6/28 13:10,0
2022/6/28 13:15,0
2022/6/28 13:20,0
2022/6/28 13:25,0
2022/6/28 13:30,0
2022/6/28 13:35,0
2022/6/28 13:40,0
2022/6/28 13:45,0
2022/6/28 13:50,0
2022/6/28 13:55,0
2022/6/28 14:00,0
2022/6/28 14:05,0
2022/6/28 14:10,0
2022/6/28 14:15,0
2022/6/28 14:20,0
2022/6/28 14:25,0
2022/6/28 14:30,0
2022/6/28 14:35,0
2022/6/28 14:40,10959.47737
2022/6/28 14:45,27062.44265
2022/6/28 14:50,30546.42119
2022/6/28 14:55,30459.70906
2022/6/28 15:00,23537.30184
2022/6/28 15:05,16881.72293
2022/6/28 15:10,18787.12653
2022/6/28 15:15,2375.485966
2022/6/28 15:20,19688.42233
2022/6/28 15:25,-918.010339
2022/6/28 15:30,6096.505707
2022/6/28 15:35,13281.75917
2022/6/28 15:40,-869.1757137
2022/6/28 15:45,14889.27805
2022/6/28 15:50,0
2022/6/28 15:55,-774.1818093
2022/6/28 16:00,19546.42795
2022/6/28 16:05,5933.652969
2022/6/28 16:10,18397.74679
2022/6/28 16:15,15016.75572
2022/6/28 16:20,-722.1127638
2022/6/28 16:25,18686.3955
2022/6/28 16:30,0
2022/6/28 16:35,10253.4154
2022/6/28 16:40,17454.14002
2022/6/28 16:45,5408.633352
2022/6/28 16:50,34745.62644
2022/6/28 16:55,22303.86161
2022/6/28 17:00,20953.51609
2022/6/28 17:05,20764.01725
2022/6/28 17:10,-953.0402274
2022/6/28 17:15,14767.86586
2022/6/28 17:20,0
2022/6/28 17:25,7221.265008
2022/6/28 17:30,13302.94251
2022/6/28 17:35,0
2022/6/28 17:40,0
2022/6/28 17:45,0
2022/6/28 17:50,0
2022/6/28 17:55,0
2022/6/28 18:00,0
2022/6/28 18:05,0
2022/6/28 18:10,0
2022/6/28 18:15,0
2022/6/28 18:20,0
2022/6/28 18:25,0
2022/6/28 18:30,0
2022/6/28 18:35,0
2022/6/28 18:40,0
2022/6/28 18:45,0
2022/6/28 18:50,0
2022/6/28 18:55,0
2022/6/28 19:00,0
2022/6/28 19:05,0
2022/6/28 19:10,0
2022/6/28 19:15,0
2022/6/28 19:20,0
2022/6/28 19:25,0
2022/6/28 19:30,0
2022/6/28 19:35,0
2022/6/28 19:40,0
2022/6/28 19:45,0
2022/6/28 19:50,0
2022/6/28 19:55,0
2022/6/28 20:00,0
2022/6/28 20:05,0
2022/6/29 10:25,16936.74292
2022/6/29 10:30,4789.781238
2022/6/29 10:35,12765.01127
2022/6/29 10:40,7618.562531
2022/6/29 10:45,10603.54884
2022/6/29 10:50,0
2022/6/29 10:55,12722.87631
2022/6/29 11:00,11181.89141
2022/6/29 11:05,-689.0205875
2022/6/29 11:10,17977.71582
2022/6/29 11:15,9471.988462
2022/6/29 11:30,-830.9943319
2022/6/29 11:35,8567.869296
2022/6/29 11:40,18100.43499
2022/6/29 11:45,5611.742256
2022/6/29 11:50,7752.654998
2022/6/29 12:35,15158.87087
2022/6/29 12:40,13534.88573
2022/6/29 12:45,0
2022/6/29 12:50,0
2022/6/29 12:55,0
2022/6/29 13:00,17825.2131
2022/6/29 13:05,-814.1135909
2022/6/29 13:10,4885.806137
2022/6/29 13:15,5008.60054
2022/6/29 13:20,-761.6059028
2022/6/29 13:25,16916.07201
2022/6/29 13:30,-867.7109219
2022/6/29 13:35,-769.4535634
2022/6/29 13:40,0
2022/6/29 13:45,0
2022/6/29 13:50,0
2022/6/29 13:55,0
2022/6/29 14:00,0
2022/6/29 14:05,0
2022/6/29 14:10,0
2022/6/29 15:15,0
2022/6/29 15:20,8023.69945
2022/6/29 15:25,16956.20516
2022/6/29 15:30,20713.21503
2022/6/29 15:35,21002.16006
2022/6/29 15:40,12927.05557
2022/6/29 15:45,14627.54801
2022/6/29 15:50,24814.06812
2022/6/29 15:55,22015.2821
2022/6/29 16:00,19648.31838
2022/6/29 16:05,18149.53014
2022/6/29 16:10,15859.92912
2022/6/29 16:15,25373.5108
2022/6/29 16:20,13326.57341
2022/6/29 16:25,13489.06737
2022/6/29 16:30,19659.48521
2022/6/29 16:35,16209.56578
2022/6/29 16:40,15073.05415
2022/6/29 16:45,2027.074114
2022/6/29 16:50,8143.210108
2022/6/29 16:55,8058.603864
2022/6/29 17:00,-666.1330048
2022/6/29 17:05,15097.2529
2022/6/29 17:10,-802.7798068
2022/6/29 17:15,13276.85153
2022/6/29 17:20,10541.22631
2022/6/29 17:25,-749.8956468
2022/6/29 17:30,0
2022/6/29 17:35,0
2022/6/29 17:40,0
2022/6/29 17:45,0
2022/6/29 17:50,0
2022/6/29 17:55,0
2022/6/29 18:00,0
2022/6/29 18:05,0
2022/6/29 18:10,0
2022/6/29 18:15,0
2022/6/29 18:20,0
2022/6/29 18:25,0
2022/6/29 18:30,0
2022/6/29 18:35,0
2022/6/29 18:40,0
2022/6/29 18:45,0
2022/6/29 18:50,0
2022/6/29 18:55,0
2022/6/29 19:00,0
2022/6/29 19:05,0
2022/6/29 19:10,0
2022/6/29 19:15,-468.0113594
2022/6/29 19:20,9744.598723
2022/6/29 19:25,13112.62871
2022/6/29 19:30,-719.8461174
2022/6/29 19:35,0
2022/6/29 19:40,18658.12987
2022/6/29 19:45,-367.6105376
2022/6/29 19:50,
2022/6/29 19:55,14377.73865
2022/6/29 20:00,
2022/6/29 20:05,13194.8713
2022/6/29 20:10,18560.04809
2022/6/29 20:15,16348.68018
2022/6/29 20:20,14464.84133
2022/6/29 20:25,0
2022/6/29 20:30,0
2022/6/29 20:35,0
2022/6/29 20:40,0
2022/6/29 20:45,0
2022/6/29 20:50,0
2022/6/29 20:55,0
2022/6/29 21:00,0
2022/6/29 21:05,0
2022/6/29 21:10,0
2022/6/29 21:15,0
2022/6/29 21:20,0
2022/6/29 21:25,0
2022/6/29 21:30,0
2022/6/29 21:35,0
2022/6/29 21:40,0
2022/6/29 21:45,0
2022/6/29 21:50,0
2022/6/29 21:55,0
2022/6/29 22:00,0
2022/6/29 22:05,0
2022/6/29 22:10,0
2022/6/29 22:15,0
2022/6/29 22:20,0
2022/6/29 22:25,0
2022/6/29 22:30,0
2022/6/29 22:35,0
2022/6/29 22:40,0
2022/6/29 22:45,0
2022/6/29 22:50,0
2022/6/29 22:55,0
2022/6/29 23:00,0
2022/6/29 23:05,0
2022/6/29 23:10,0
2022/6/29 23:15,0
2022/6/29 23:20,0
2022/6/29 23:25,0
2022/6/29 23:30,0
2022/6/29 23:35,0
2022/6/29 23:40,0
2022/6/29 23:45,0
2022/6/29 23:50,0
2022/6/29 23:55,0
2022/6/30 0:00,0
2022/6/30 0:05,0
2022/6/30 0:10,0
2022/6/30 0:15,0
2022/6/30 0:20,0
2022/6/30 0:25,0
2022/6/30 0:30,0
2022/6/30 0:35,0
2022/6/30 0:40,0
2022/6/30 0:45,0
2022/6/30 0:50,0
2022/6/30 0:55,0
2022/6/30 1:00,0
2022/6/30 1:05,0
2022/6/30 1:10,0
2022/6/30 1:15,0
2022/6/30 1:20,0
2022/6/30 1:25,0
2022/6/30 1:30,0
2022/6/30 1:35,0
2022/6/30 1:40,0
2022/6/30 1:45,0
2022/6/30 1:50,0
2022/6/30 1:55,0
2022/6/30 2:00,0
2022/6/30 2:05,0
2022/6/30 2:10,0
2022/6/30 2:15,0
2022/6/30 2:20,0
2022/6/30 2:25,0
2022/6/30 2:30,0
2022/6/30 2:35,0
2022/6/30 2:40,0
2022/6/30 2:45,0
2022/6/30 2:50,0
2022/6/30 2:55,0
2022/6/30 3:00,0
2022/6/30 3:05,0
2022/6/30 3:10,0
2022/6/30 3:15,0
2022/6/30 3:20,0
2022/6/30 3:25,0
2022/6/30 3:30,0
2022/6/30 3:35,0
2022/6/30 3:40,0
2022/6/30 3:45,0
2022/6/30 3:50,0
2022/6/30 3:55,0
2022/6/30 4:00,0
2022/6/30 4:05,0
2022/6/30 4:10,0
2022/6/30 4:15,0
2022/6/30 4:20,0
2022/6/30 4:25,0
2022/6/30 4:30,0
2022/6/30 4:35,0
2022/6/30 4:40,0
2022/6/30 4:45,0
2022/6/30 4:50,0
2022/6/30 4:55,0
2022/6/30 5:00,0
2022/6/30 5:05,0
2022/6/30 5:10,0
2022/6/30 5:15,0
2022/6/30 5:20,0
2022/6/30 5:25,0
2022/6/30 5:30,0
2022/6/30 5:35,0
2022/6/30 5:40,0
2022/6/30 5:45,0
2022/6/30 5:50,0
2022/6/30 5:55,0
2022/6/30 6:00,0
2022/6/30 6:05,0
2022/6/30 6:10,0
2022/6/30 6:15,0
2022/6/30 6:20,0
2022/6/30 6:25,0
2022/6/30 6:30,0
2022/6/30 6:35,0
2022/6/30 6:40,0
2022/6/30 6:45,0
2022/6/30 6:50,0
2022/6/30 6:55,0
2022/6/30 7:00,0
2022/6/30 7:05,0
2022/6/30 7:10,0
2022/6/30 7:15,0
2022/6/30 7:20,0
2022/6/30 7:25,0
2022/6/30 7:30,0
2022/6/30 7:35,0
2022/6/30 7:40,0
2022/6/30 7:45,0
2022/6/30 7:50,0
2022/6/30 7:55,0
2022/6/30 8:00,0
2022/6/30 8:05,0
2022/6/30 8:10,0
2022/6/30 8:15,0
2022/6/30 8:20,0
2022/6/30 8:25,0
2022/6/30 8:30,0
2022/6/30 8:35,0
2022/6/30 8:40,0
2022/6/30 8:45,0
2022/6/30 8:50,0
2022/6/30 8:55,7162.098544
2022/6/30 9:00,18630.55212
2022/6/30 9:05,22359.33455
2022/6/30 9:10,21690.653
2022/6/30 9:15,5054.40542
2022/6/30 9:20,0
2022/6/30 9:25,0
2022/6/30 9:30,0
2022/6/30 9:35,0
2022/6/30 9:40,0
2022/6/30 9:45,0
2022/6/30 9:50,0
2022/6/30 9:55,0
2022/6/30 10:00,0
2022/6/30 10:05,0
2022/6/30 10:10,0
2022/6/30 10:15,0
2022/6/30 10:20,0
2022/6/30 10:25,
2022/6/30 10:30,16715.03992
2022/6/30 10:35,8496.379089
2022/6/30 10:40,0
2022/6/30 10:45,0
2022/6/30 10:50,0
2022/6/30 10:55,0
2022/6/30 11:00,0
2022/6/30 11:05,0
2022/6/30 11:10,0
2022/6/30 11:15,
2022/6/30 11:20,16535.95609
2022/6/30 11:25,6272.86861
2022/6/30 11:30,8507.099052
2022/6/30 11:35,0
2022/6/30 11:40,0
2022/6/30 11:45,8845.453672
2022/6/30 11:50,24716.42315
2022/6/30 11:55,28864.096
2022/6/30 12:00,8225.465895
2022/6/30 12:05,0
2022/6/30 12:10,0
2022/6/30 12:15,0
2022/6/30 12:20,-243.3194284
2022/6/30 12:25,15474.20218
2022/6/30 12:30,16195.20964
2022/6/30 12:35,15645.21663
2022/6/30 12:40,18173.29724
2022/6/30 12:45,9790.143446
2022/6/30 12:50,10633.40672
2022/6/30 12:55,0
2022/6/30 13:00,9134.11047
2022/6/30 13:05,10429.03377
2022/6/30 13:10,5183.083437
2022/6/30 13:15,14585.01515
2022/6/30 13:20,0
2022/6/30 13:25,0
2022/6/30 13:30,0
2022/6/30 13:35,0
2022/6/30 13:40,0
2022/6/30 13:45,0
2022/6/30 13:50,0
2022/6/30 13:55,0
2022/6/30 14:00,0
2022/6/30 14:05,0
2022/6/30 14:10,6880.273256
2022/6/30 14:15,0
2022/6/30 14:20,7266.185714
2022/6/30 14:25,16650.56951
2022/6/30 14:30,18418.54169
2022/6/30 14:35,0
2022/6/30 14:40,0
2022/6/30 14:45,0
2022/6/30 14:50,18767.94886
2022/6/30 14:55,16724.17856
2022/6/30 15:00,15433.68669
2022/6/30 15:05,16918.28937
2022/6/30 15:10,17670.53429
2022/6/30 15:15,8444.521007
2022/6/30 15:20,15032.6256
2022/6/30 15:25,15314.46656
2022/6/30 15:30,17073.74733
2022/6/30 15:35,16146.23855
2022/6/30 15:40,18441.15293
2022/6/30 15:45,20267.47729
2022/6/30 15:50,30767.61208
2022/6/30 15:55,26051.34512
2022/6/30 16:00,18405.96352
2022/6/30 16:05,23731.19318
2022/6/30 16:10,25898.576
2022/6/30 16:15,26271.01614
2022/6/30 16:20,14982.84198
2022/6/30 16:25,13928.04541
2022/6/30 16:30,23595.84833
2022/6/30 16:35,21518.28268
2022/6/30 16:40,15789.06691
2022/6/30 16:45,17410.58064
2022/6/30 16:50,8407.637862
2022/6/30 16:55,15542.38196
2022/6/30 17:00,19997.80321
2022/6/30 17:05,20176.24136
2022/6/30 17:10,11521.97507
2022/6/30 17:15,14348.6376
2022/6/30 17:20,18289.12384
2022/6/30 17:25,19793.01914
2022/6/30 17:30,10796.39435
2022/6/30 17:35,-491.0447333
2022/6/30 17:40,-378.1362247
2022/6/30 17:45,-161.7497719
2022/6/30 17:50,
2022/6/30 17:55,
2022/6/30 18:00,
2022/6/30 18:05,
2022/6/30 18:10,-95.69986461
2022/6/30 18:15,
2022/6/30 18:20,
2022/6/30 18:25,
2022/6/30 18:30,
2022/6/30 18:35,
2022/6/30 18:40,
2022/6/30 18:45,
2022/6/30 18:50,
2022/6/30 18:55,
2022/6/30 19:00,
2022/6/30 19:05,
2022/6/30 19:10,
2022/6/30 19:15,
2022/6/30 19:20,
2022/6/30 19:25,
2022/6/30 19:30,
2022/6/30 19:35,
2022/6/30 19:40,
2022/6/30 19:45,
2022/6/30 19:50,10507.95413
2022/6/30 19:55,24528.76138
2022/6/30 20:00,17380.50789
2022/6/30 20:05,4789.576763
2022/6/30 20:10,3020.101457
2022/6/30 20:15,2846.520192
2022/6/30 20:20,6453.033476
2022/6/30 20:25,3638.816761
2022/6/30 20:30,2573.254793
2022/6/30 20:35,7925.067149
2022/6/30 20:40,4913.365707
2022/6/30 20:45,-431.018232
2022/6/30 20:50,-273.3887097
2022/6/30 20:55,-218.9713879
2022/6/30 21:00,-138.7453374
2022/6/30 21:05,0
2022/6/30 21:10,
2022/6/30 21:15,8833.722595
2022/6/30 21:20,7455.013679
2022/6/30 21:25,-306.227068
2022/6/30 21:30,-216.2225721
2022/6/30 21:35,-97.18222469
2022/6/30 21:40,
2022/6/30 21:45,
2022/6/30 21:50,7151.780144
2022/6/30 21:55,19654.39999
2022/6/30 22:00,-409.4620744
2022/6/30 22:05,-214.3943138
2022/6/30 22:10,0
2022/6/30 22:15,
2022/6/30 22:20,
2022/6/30 22:25,8347.570862
2022/6/30 22:30,5705.453723
2022/6/30 22:35,-414.1425013
2022/6/30 22:40,-235.8073445
2022/6/30 22:45,
2022/6/30 22:50,
2022/6/30 22:55,
2022/6/30 23:00,14943.49128
2022/6/30 23:05,12417.03534
2022/6/30 23:10,-349.930068
2022/6/30 23:15,-96.24395542
2022/6/30 23:20,
2022/6/30 23:25,
2022/6/30 23:30,19044.58209
2022/6/30 23:35,-514.9538062
2022/6/30 23:40,-236.4703568
2022/6/30 23:45,-97.28136662
2022/6/30 23:50,
2022/6/30 23:55,
2022/7/1 0:00,18673.37709
2022/7/1 0:05,-496.7535295
2022/7/1 0:10,-293.0210637
2022/7/1 0:15,0
2022/7/1 0:20,
2022/7/1 0:25,
2022/7/1 0:30,
2022/7/1 0:35,16844.05953
2022/7/1 0:40,-466.7502585
2022/7/1 0:45,-237.3735645
2022/7/1 0:50,0
2022/7/1 0:55,
2022/7/1 1:00,
2022/7/1 1:05,
2022/7/1 1:10,7705.568123
2022/7/1 1:15,12766.44322
2022/7/1 1:20,-408.6107547
2022/7/1 1:25,-255.8053517
2022/7/1 1:30,-97.28904819
2022/7/1 1:35,
2022/7/1 1:40,
2022/7/1 1:45,
2022/7/1 1:50,11961.67946
2022/7/1 1:55,-592.0042597
2022/7/1 2:00,-273.2121103
2022/7/1 2:05,-137.3909412
2022/7/1 2:10,
2022/7/1 2:15,
2022/7/1 2:20,
2022/7/1 2:25,9050.449828
2022/7/1 2:30,11093.63881
2022/7/1 2:35,-332.7882838
2022/7/1 2:40,-256.6415714
2022/7/1 2:45,-137.7306509
2022/7/1 2:50,
2022/7/1 2:55,
2022/7/1 3:00,13025.78581
2022/7/1 3:05,-415.6900219
2022/7/1 3:10,-236.3131902
2022/7/1 3:15,0
2022/7/1 3:20,
2022/7/1 3:25,9195.038767
2022/7/1 3:30,11218.11599
2022/7/1 3:35,-404.182433
2022/7/1 3:40,-192.6465509
2022/7/1 3:45,
2022/7/1 3:50,
2022/7/1 3:55,
2022/7/1 4:00,8589.228379
2022/7/1 4:05,12415.63292
2022/7/1 4:10,-350.2367811
2022/7/1 4:15,-216.7630044
2022/7/1 4:20,
2022/7/1 4:25,17065.50609
2022/7/1 4:30,-511.2139178
2022/7/1 4:35,-254.0504456
2022/7/1 4:40,-137.4589653
2022/7/1 4:45,
2022/7/1 4:50,
2022/7/1 4:55,17513.43014
2022/7/1 5:00,7224.781826
2022/7/1 5:05,-453.5210603
2022/7/1 5:10,-255.7138611
2022/7/1 5:15,-97.21401583
2022/7/1 5:20,
2022/7/1 5:25,13677.36874
2022/7/1 5:30,-406.8619604
2022/7/1 5:35,-193.44867
2022/7/1 5:40,
2022/7/1 5:45,
2022/7/1 5:50,16703.06158
2022/7/1 5:55,-477.4359139
2022/7/1 6:00,-255.5134582
2022/7/1 6:05,-97.05314953
2022/7/1 6:10,
2022/7/1 6:15,
2022/7/1 6:20,17423.29829
2022/7/1 6:25,-517.6234352
2022/7/1 6:30,-432.9317698
2022/7/1 6:35,-193.3392168
2022/7/1 6:40,9787.066199
2022/7/1 6:45,4291.016149
2022/7/1 6:50,-441.0275617
2022/7/1 6:55,-257.0504385
2022/7/1 7:00,10173.1592
2022/7/1 7:05,4993.192669
2022/7/1 7:10,-419.7359231
2022/7/1 7:15,-328.1882377
2022/7/1 7:20,12351.31154
2022/7/1 7:25,4722.309438
2022/7/1 7:30,-430.4392266
2022/7/1 7:35,-372.3396554
2022/7/1 7:40,10407.88052
2022/7/1 7:45,5304.383059
2022/7/1 7:50,-454.465557
2022/7/1 7:55,-397.3454483
2022/7/1 8:00,-218.5826737
2022/7/1 8:05,9136.272587
2022/7/1 8:10,9633.881542
2022/7/1 8:15,-454.4382815
2022/7/1 8:20,7157.714723
2022/7/1 8:25,13527.7956
2022/7/1 8:30,-532.3261105
2022/7/1 8:35,-494.6253953
2022/7/1 8:40,-442.5087762
2022/7/1 8:45,-383.6118904
2022/7/1 8:50,-298.2237756
2022/7/1 8:55,19696.80482
2022/7/1 9:00,17744.49077
2022/7/1 9:05,4896.186393
2022/7/1 9:10,3310.29572
2022/7/1 9:15,2553.416053
2022/7/1 9:20,6277.486802
2022/7/1 9:25,7109.14707
2022/7/1 9:30,12878.0858
2022/7/1 9:35,-618.7316624
2022/7/1 9:40,-378.7200794
2022/7/1 9:45,-324.6981299
2022/7/1 9:50,-278.414214
2022/7/1 9:55,-171.2025991
2022/7/1 10:00,
2022/7/1 10:05,0
2022/7/1 10:10,0
2022/7/1 10:15,
2022/7/1 10:20,0
2022/7/1 10:25,17491.09641
2022/7/1 10:30,-653.7893701
2022/7/1 10:35,-584.1518446
2022/7/1 10:40,-542.0312039
2022/7/1 10:45,-469.3030722
2022/7/1 10:50,-310.1936069
2022/7/1 10:55,-169.5261649
2022/7/1 11:00,
2022/7/1 11:05,19814.16218
2022/7/1 11:10,0
2022/7/1 11:15,-573.5077909
2022/7/1 11:20,-579.2196726
2022/7/1 11:25,15621.94119
2022/7/1 11:30,-613.2256329
2022/7/1 11:35,13866.04754
2022/7/1 11:40,0
2022/7/1 11:45,-578.0459956
2022/7/1 11:50,-592.8794382
2022/7/1 11:55,24832.72782
2022/7/1 12:00,17271.03996
2022/7/1 12:05,19350.14439
2022/7/1 12:10,7716.834544
2022/7/1 12:15,-745.3175303
2022/7/1 12:20,-685.4985972
2022/7/1 12:25,15897.093
2022/7/1 12:30,16342.2007
2022/7/1 12:35,3862.545575
2022/7/1 12:40,8880.420508
2022/7/1 12:45,13229.64093
2022/7/1 12:50,-695.1714805
2022/7/1 12:55,17058.05341
2022/7/1 13:00,5424.005409
2022/7/1 13:05,-709.8474061
2022/7/1 13:10,8201.102477
2022/7/1 13:15,11054.93241
2022/7/1 13:20,14193.17846
2022/7/1 13:25,10428.18105
2022/7/1 13:30,-639.2796309
2022/7/1 13:35,6056.745579
2022/7/1 13:40,0
2022/7/1 13:45,-691.2332782
2022/7/1 13:50,17460.01409
2022/7/1 13:55,4621.270472
2022/7/1 14:00,-610.4972357
2022/7/1 14:05,-681.1003006
2022/7/1 14:10,-651.2682888
2022/7/1 14:15,-590.7481406
2022/7/1 14:20,-422.3463628
2022/7/1 14:25,18958.58125
2022/7/1 14:30,-729.7027623
2022/7/1 14:35,-648.3232789
2022/7/1 14:40,5657.282247
2022/7/1 14:45,6557.4947
2022/7/1 14:50,-688.4021071
2022/7/1 14:55,-646.3719891
2022/7/1 15:00,-619.6494892
2022/7/1 15:05,15455.9277
2022/7/1 15:10,5617.642311
2022/7/1 15:15,-664.233235
2022/7/1 15:20,4381.978423
2022/7/1 15:25,5876.248472
2022/7/1 15:30,-625.3376479
2022/7/1 15:35,-654.854771
2022/7/1 15:40,5985.614754
2022/7/1 15:45,28677.53437
2022/7/1 15:50,11535.04761
2022/7/1 15:55,4970.178614
2022/7/1 16:00,4829.945891
2022/7/1 16:05,8865.948228
2022/7/1 16:10,13906.22046
2022/7/1 16:15,5519.644022
2022/7/1 16:20,6939.626255
2022/7/1 16:25,6132.816712
2022/7/1 16:30,4530.401782
2022/7/1 16:35,16297.95238
2022/7/1 16:40,6007.748162
2022/7/1 16:45,-704.2478989
2022/7/1 16:50,15977.66067
2022/7/1 16:55,-679.2033871
2022/7/1 17:00,14468.01177
2022/7/1 17:05,0
2022/7/1 17:10,6152.716445
2022/7/1 17:15,13400.67351
2022/7/1 17:20,-648.1144764
2022/7/1 17:25,16821.23199
2022/7/1 17:30,-720.9732807
2022/7/1 17:35,11707.5355
2022/7/1 17:40,10905.2311
2022/7/1 17:45,12093.72214
2022/7/1 17:50,27228.18222
2022/7/1 17:55,3247.536202
2022/7/1 18:00,4627.918037
2022/7/1 18:05,3348.859546
2022/7/1 18:10,8432.680452
2022/7/1 18:15,10398.88863
2022/7/1 18:20,9607.037874
2022/7/1 18:25,-557.752587
2022/7/1 18:30,6768.211095
2022/7/1 18:35,5258.912911
2022/7/1 18:40,-507.4207217
2022/7/1 18:45,-525.3817923
2022/7/1 18:50,-369.1334275
2022/7/1 18:55,17823.56755
2022/7/1 19:00,0
2022/7/1 19:05,0
2022/7/1 19:10,0
2022/7/1 19:15,0
2022/7/1 19:20,0
2022/7/1 19:25,0
2022/7/1 19:30,0
2022/7/1 19:35,0
2022/7/1 19:40,0
2022/7/1 19:45,0
2022/7/1 19:50,0
2022/7/1 19:55,0
2022/7/1 20:00,0
2022/7/1 20:05,0
2022/7/1 20:10,0
2022/7/1 20:15,0
2022/7/1 20:20,0
2022/7/1 20:25,0
2022/7/1 20:30,0
2022/7/1 20:35,0
2022/7/1 20:40,0
2022/7/1 20:45,0
2022/7/1 20:50,0
2022/7/1 20:55,0
2022/7/1 21:00,0
2022/7/1 21:05,0
2022/7/1 21:10,0
2022/7/1 21:15,0
2022/7/1 21:20,0
2022/7/1 21:25,0
2022/7/1 21:30,0
2022/7/1 21:35,0
2022/7/1 21:40,0
2022/7/1 21:45,0
2022/7/1 21:50,0
2022/7/1 21:55,0
2022/7/1 22:00,0
2022/7/1 22:05,0
2022/7/1 22:10,0
2022/7/1 22:15,0
2022/7/1 22:20,0
2022/7/1 22:25,0
2022/7/1 22:30,0
2022/7/1 22:35,0
2022/7/1 22:40,0
2022/7/1 22:45,0
2022/7/1 22:50,0
2022/7/1 22:55,0
2022/7/1 23:00,0
2022/7/1 23:05,0
2022/7/1 23:10,0
2022/7/1 23:15,0
2022/7/1 23:20,0
2022/7/1 23:25,0
2022/7/1 23:30,0
2022/7/1 23:35,0
2022/7/1 23:40,0
2022/7/1 23:45,0
2022/7/1 23:50,0
2022/7/1 23:55,0
2022/7/2 0:00,0
2022/7/2 0:05,0
2022/7/2 0:10,0
2022/7/2 0:15,0
2022/7/2 0:20,0
2022/7/2 0:25,0
2022/7/2 0:30,0
2022/7/2 0:35,0
2022/7/2 0:40,0
2022/7/2 0:45,0
2022/7/2 0:50,0
2022/7/2 0:55,0
2022/7/2 1:00,0
2022/7/2 1:05,0
2022/7/2 1:10,0
2022/7/2 1:15,0
2022/7/2 1:20,0
2022/7/2 1:25,0
2022/7/2 1:30,0
2022/7/2 1:35,0
2022/7/2 1:40,0
2022/7/2 1:45,0
2022/7/2 1:50,0
2022/7/2 1:55,0
2022/7/2 2:00,0
2022/7/2 2:05,0
2022/7/2 2:10,0
2022/7/2 2:15,0
2022/7/2 2:20,0
2022/7/2 2:25,0
2022/7/2 2:30,0
2022/7/2 2:35,0
2022/7/2 2:40,0
2022/7/2 2:45,0
2022/7/2 2:50,0
2022/7/2 2:55,0
2022/7/2 3:00,0
2022/7/2 3:05,0
2022/7/2 3:10,0
2022/7/2 3:15,0
2022/7/2 3:20,0
2022/7/2 3:25,0
2022/7/2 3:30,0
2022/7/2 3:35,0
2022/7/2 3:40,0
2022/7/2 3:45,0
2022/7/2 3:50,0
2022/7/2 3:55,0
2022/7/2 4:00,0
2022/7/2 4:05,0
2022/7/2 4:10,0
2022/7/2 4:15,0
2022/7/2 4:20,0
2022/7/2 4:25,0
2022/7/2 4:30,0
2022/7/2 4:35,0
2022/7/2 4:40,0
2022/7/2 4:45,0
2022/7/2 4:50,0
2022/7/2 4:55,0
2022/7/2 5:00,0
2022/7/2 5:05,0
2022/7/2 5:10,0
2022/7/2 5:15,0
2022/7/2 5:20,0
2022/7/2 5:25,0
2022/7/2 5:30,0
2022/7/2 5:35,0
2022/7/2 5:40,0
2022/7/2 5:45,0
2022/7/2 5:50,0
2022/7/2 5:55,0
2022/7/2 6:00,0
2022/7/2 6:05,0
2022/7/2 6:10,0
2022/7/2 6:15,0
2022/7/2 6:20,0
2022/7/2 6:25,0
2022/7/2 6:30,0
2022/7/2 6:35,0
2022/7/2 6:40,0
2022/7/2 6:45,0
2022/7/2 6:50,0
2022/7/2 6:55,0
2022/7/2 7:00,0
2022/7/2 7:05,0
2022/7/2 7:10,0
2022/7/2 7:15,0
2022/7/2 7:20,0
2022/7/2 7:25,0
2022/7/2 7:30,0
2022/7/2 7:35,0
2022/7/2 7:40,0
2022/7/2 7:45,0
2022/7/2 7:50,0
2022/7/2 7:55,0
2022/7/2 8:00,0
2022/7/2 8:05,0
2022/7/2 8:10,0
2022/7/2 8:15,0
2022/7/2 8:20,0
2022/7/2 8:25,0
2022/7/2 8:30,0
2022/7/2 8:35,0
2022/7/2 8:40,0
2022/7/2 8:45,0
2022/7/2 8:50,0
2022/7/2 8:55,0
2022/7/2 9:00,
2022/7/2 9:05,19466.83902
2022/7/2 9:10,15457.06798
2022/7/2 9:15,-491.5182323
2022/7/2 9:20,9167.524727
2022/7/2 9:25,-382.3750202
2022/7/2 9:30,13606.08568
2022/7/2 9:35,0
2022/7/2 9:40,-299.1005158
2022/7/2 9:45,14606.22086
2022/7/2 9:50,-444.7442884
2022/7/2 9:55,7923.618753
2022/7/2 10:00,9480.400068
2022/7/2 10:05,-374.6027388
2022/7/2 10:10,11838.1273
2022/7/2 10:15,-514.9757123
2022/7/2 10:20,-338.1032223
2022/7/2 10:25,15085.68339
2022/7/2 10:30,-539.084362
2022/7/2 10:35,-360.1937462
2022/7/2 10:40,22696.55067
2022/7/2 10:45,16876.81586
2022/7/2 10:50,3733.666221
2022/7/2 10:55,7011.727724
2022/7/2 11:00,-564.1572215
2022/7/2 11:05,15113.89292
2022/7/2 11:10,-481.9166801
2022/7/2 11:15,-360.5429977
2022/7/2 11:20,13549.8607
2022/7/2 11:25,-383.0834424
2022/7/2 11:30,6214.012298
2022/7/2 11:35,11629.44657
2022/7/2 11:40,-399.0036848
2022/7/2 11:45,-295.658188
2022/7/2 11:50,21316.65829
2022/7/2 11:55,16082.44989
2022/7/2 12:00,17554.7514
2022/7/2 12:05,13134.27065
2022/7/2 12:10,12433.30712
2022/7/2 12:15,12752.8375
2022/7/2 12:20,14487.07063
2022/7/2 12:25,6772.401519
2022/7/2 12:30,-391.7847659
2022/7/2 12:35,-327.4690712
2022/7/2 12:40,-220.4226057
2022/7/2 12:45,-98.37267633
2022/7/2 12:50,7023.264787
2022/7/2 12:55,14108.72722
2022/7/2 13:00,-385.3786225
2022/7/2 13:05,-315.1154469
2022/7/2 13:10,
2022/7/2 13:15,12154.56881
2022/7/2 13:20,-349.6511122
2022/7/2 13:25,0
2022/7/2 13:30,0
2022/7/2 13:35,0
2022/7/2 13:40,0
2022/7/2 13:45,0
2022/7/2 13:50,0
2022/7/2 13:55,0
2022/7/2 14:00,0
2022/7/2 14:05,0
2022/7/2 14:10,0
2022/7/2 14:15,0
2022/7/2 14:20,0
2022/7/2 14:25,0
2022/7/2 14:30,0
2022/7/2 14:35,0
2022/7/2 14:40,0
2022/7/2 14:45,0
2022/7/2 14:50,0
2022/7/2 14:55,0
2022/7/2 15:00,0
2022/7/2 15:05,0
2022/7/2 15:10,0
2022/7/2 15:15,0
2022/7/2 15:20,0
2022/7/2 15:25,0
2022/7/2 15:30,10347.79486
2022/7/2 15:35,17455.35796
2022/7/2 15:40,10038.30402
2022/7/2 15:45,-441.4304257
2022/7/2 15:50,10970.25453
2022/7/2 15:55,21136.50934
2022/7/2 16:00,18093.32397
2022/7/2 16:05,-510.9128706
2022/7/2 16:10,18042.98525
2022/7/2 16:15,11225.53149
2022/7/2 16:20,-667.6285871
2022/7/2 16:25,9898.091066
2022/7/2 16:30,16956.61982
2022/7/2 16:35,18959.09404
2022/7/2 16:40,7498.993262
2022/7/2 16:45,20222.30218
2022/7/2 16:50,2141.307825
2022/7/2 16:55,15847.72056
2022/7/2 17:00,7800.566357
2022/7/2 17:05,-332.2777692
2022/7/2 17:10,21547.09748
2022/7/2 17:15,21815.09664
2022/7/2 17:20,3615.115972
2022/7/2 17:25,8018.624141
2022/7/2 17:30,-733.2918831
2022/7/2 17:35,0
2022/7/2 17:40,0
2022/7/2 17:45,0
2022/7/2 17:50,0
2022/7/2 17:55,0
2022/7/2 18:00,0
2022/7/2 18:05,0
2022/7/2 18:10,0
2022/7/2 18:15,0
2022/7/2 18:20,0
2022/7/2 18:25,15824.26545
2022/7/2 18:30,11662.65784
2022/7/2 18:35,-464.7953078
2022/7/2 18:40,17418.43771
2022/7/2 18:45,-700.5773695
2022/7/2 18:50,19084.60561
2022/7/2 18:55,7065.218045
2022/7/2 19:00,0
2022/7/2 19:05,0
2022/7/2 19:10,0
2022/7/2 19:15,0
2022/7/2 19:20,0
2022/7/2 19:25,0
2022/7/2 19:30,0
2022/7/2 19:35,0
2022/7/2 19:40,0
2022/7/2 19:45,0
2022/7/2 19:50,0
2022/7/2 19:55,0
2022/7/2 20:00,0
2022/7/2 20:05,0
2022/7/2 20:10,0
2022/7/2 20:15,0
2022/7/2 20:20,0
2022/7/2 20:25,0
2022/7/2 20:30,0
2022/7/2 20:35,0
2022/7/2 20:40,0
2022/7/2 20:45,0
2022/7/2 20:50,0
2022/7/2 20:55,0
2022/7/2 21:00,0
2022/7/2 21:05,0
2022/7/2 21:10,0
2022/7/2 21:15,0
2022/7/2 21:20,0
2022/7/2 21:25,0
2022/7/2 21:30,0
2022/7/2 21:35,0
2022/7/2 21:40,0
2022/7/2 21:45,0
2022/7/2 21:50,0
2022/7/2 21:55,0
2022/7/2 22:00,0
2022/7/2 22:05,0
2022/7/2 22:10,0
2022/7/2 22:15,0
2022/7/2 22:20,0
2022/7/2 22:25,0
2022/7/2 22:30,0
2022/7/2 22:35,0
2022/7/2 22:40,0
2022/7/2 22:45,0
2022/7/2 22:50,0
2022/7/2 22:55,0
2022/7/2 23:00,0
2022/7/2 23:05,0
2022/7/2 23:10,0
2022/7/2 23:15,0
2022/7/2 23:20,0
2022/7/2 23:25,0
2022/7/2 23:30,0
2022/7/2 23:35,0
2022/7/2 23:40,0
2022/7/2 23:45,0
2022/7/2 23:50,0
2022/7/2 23:55,0
2022/7/3 0:00,0
2022/7/3 0:05,0
2022/7/3 0:10,0
2022/7/3 0:15,0
2022/7/3 0:20,0
2022/7/3 0:25,0
2022/7/3 0:30,0
2022/7/3 0:35,0
2022/7/3 0:40,0
2022/7/3 0:45,0
2022/7/3 0:50,0
2022/7/3 0:55,0
2022/7/3 1:00,0
2022/7/3 1:05,0
2022/7/3 1:10,0
2022/7/3 1:15,0
2022/7/3 1:20,0
2022/7/3 1:25,0
2022/7/3 1:30,0
2022/7/3 1:35,0
2022/7/3 1:40,0
2022/7/3 1:45,0
2022/7/3 1:50,0
2022/7/3 1:55,0
2022/7/3 2:00,0
2022/7/3 2:05,0
2022/7/3 2:10,0
2022/7/3 2:15,0
2022/7/3 2:20,0
2022/7/3 2:25,0
2022/7/3 2:30,0
2022/7/3 2:35,0
2022/7/3 2:40,0
2022/7/3 2:45,0
2022/7/3 2:50,0
2022/7/3 2:55,0
2022/7/3 3:00,0
2022/7/3 3:05,0
2022/7/3 3:10,0
2022/7/3 3:15,0
2022/7/3 3:20,0
2022/7/3 3:25,0
2022/7/3 3:30,0
2022/7/3 3:35,0
2022/7/3 3:40,0
2022/7/3 3:45,0
2022/7/3 3:50,0
2022/7/3 3:55,0
2022/7/3 4:00,0
2022/7/3 4:05,0
2022/7/3 4:10,0
2022/7/3 4:15,0
2022/7/3 4:20,0
2022/7/3 4:25,0
2022/7/3 4:30,0
2022/7/3 4:35,0
2022/7/3 4:40,0
2022/7/3 4:45,0
2022/7/3 4:50,0
2022/7/3 4:55,0
2022/7/3 5:00,0
2022/7/3 5:05,0
2022/7/3 5:10,0
2022/7/3 5:15,0
2022/7/3 5:20,0
2022/7/3 5:25,0
2022/7/3 5:30,0
2022/7/3 5:35,0
2022/7/3 5:40,0
2022/7/3 5:45,0
2022/7/3 5:50,0
2022/7/3 5:55,0
2022/7/3 6:00,0
2022/7/3 6:05,0
2022/7/3 6:10,0
2022/7/3 6:15,0
2022/7/3 6:20,0
2022/7/3 6:25,0
2022/7/3 6:30,0
2022/7/3 6:35,0
2022/7/3 6:40,0
2022/7/3 6:45,0
2022/7/3 6:50,0
2022/7/3 6:55,0
2022/7/3 7:00,0
2022/7/3 7:05,0
2022/7/3 7:10,0
2022/7/3 7:15,0
2022/7/3 7:20,0
2022/7/3 7:25,0
2022/7/3 7:30,0
2022/7/3 7:35,0
2022/7/3 7:40,0
2022/7/3 7:45,0
2022/7/3 7:50,0
2022/7/3 7:55,0
2022/7/3 8:00,0
2022/7/3 8:05,0
2022/7/3 8:10,0
2022/7/3 8:15,0
2022/7/3 8:20,0
2022/7/3 8:25,0
2022/7/3 8:30,0
2022/7/3 8:35,0
2022/7/3 8:40,0
2022/7/3 8:45,0
2022/7/3 8:50,0
2022/7/3 8:55,0
2022/7/3 9:00,0
2022/7/3 9:05,0
2022/7/3 9:10,0
2022/7/3 9:15,0
2022/7/3 9:20,0
2022/7/3 9:25,0
2022/7/3 9:30,0
2022/7/3 9:35,0
2022/7/3 9:40,0
2022/7/3 9:45,0
2022/7/3 9:50,0
2022/7/3 9:55,0
2022/7/3 10:00,0
2022/7/3 10:05,0
2022/7/3 10:10,0
2022/7/3 10:15,0
2022/7/3 10:20,0
2022/7/3 10:25,0
2022/7/3 10:30,0
2022/7/3 10:35,0
2022/7/3 10:40,0
2022/7/3 10:45,0
2022/7/3 10:50,0
2022/7/3 10:55,0
2022/7/3 11:00,0
2022/7/3 11:05,0
2022/7/3 11:10,0
2022/7/3 11:15,0
2022/7/3 11:20,0
2022/7/3 11:25,0
2022/7/3 11:30,0
2022/7/3 11:35,18464.1152
2022/7/3 11:40,18816.79255
2022/7/3 11:45,8181.526032
2022/7/3 11:50,15307.41446
2022/7/3 11:55,8469.589953
2022/7/3 12:00,14531.30175
2022/7/3 12:05,14567.29788
2022/7/3 12:10,4169.402248
2022/7/3 12:15,18601.15426
2022/7/3 12:20,0
2022/7/3 12:25,12489.24139
2022/7/3 12:30,11532.07602
2022/7/3 12:35,-511.4370645
2022/7/3 12:40,-448.0405674
2022/7/3 12:45,-388.8180798
2022/7/3 12:50,17049.88297
2022/7/3 12:55,19538.04046
2022/7/3 13:00,19535.92567
2022/7/3 13:05,17062.27371
2022/7/3 13:10,13549.32563
2022/7/3 13:15,3316.896586
2022/7/3 13:20,12655.45338
2022/7/3 13:25,16472.34361
2022/7/3 13:30,1745.89691
2022/7/3 13:35,17848.81659
2022/7/3 13:40,0
2022/7/3 13:45,0
2022/7/3 13:50,15050.11541
2022/7/3 13:55,27586.10592
2022/7/3 14:00,255.8928164
2022/7/3 14:05,0
2022/7/3 14:10,0
2022/7/3 14:15,0
2022/7/3 14:20,0
2022/7/3 14:25,0
2022/7/3 14:30,0
2022/7/3 14:35,0
2022/7/3 14:40,0
2022/7/3 14:45,0
2022/7/3 14:50,0
2022/7/3 14:55,0
2022/7/3 15:00,0
2022/7/3 15:05,7666.39796
2022/7/3 15:10,22440.45698
2022/7/3 15:15,22798.00906
2022/7/3 15:20,9254.935332
2022/7/3 15:25,14217.88699
2022/7/3 15:30,23256.08246
2022/7/3 15:35,22891.25382
2022/7/3 15:40,3064.716608
2022/7/3 15:45,0
2022/7/3 15:50,0
2022/7/3 15:55,0
2022/7/3 16:00,0
2022/7/3 16:05,0
2022/7/3 16:10,0
2022/7/3 16:15,0
2022/7/3 16:20,0
2022/7/3 16:25,0
2022/7/3 16:30,0
2022/7/3 16:35,0
2022/7/3 16:40,0
2022/7/3 16:45,0
2022/7/3 16:50,0
2022/7/3 16:55,0
2022/7/3 17:00,0
2022/7/3 17:05,0
2022/7/3 17:10,0
2022/7/3 17:15,0
2022/7/3 17:20,0
2022/7/3 17:25,0
2022/7/3 17:30,0
2022/7/3 17:35,0
2022/7/3 17:40,0
2022/7/3 17:45,0
2022/7/3 17:50,0
2022/7/3 17:55,0
2022/7/3 18:00,0
2022/7/3 18:05,0
2022/7/3 18:10,0
2022/7/3 18:15,0
2022/7/3 18:20,0
2022/7/3 18:25,0
2022/7/3 18:30,0
2022/7/3 18:35,0
2022/7/3 18:40,0
2022/7/3 18:45,0
2022/7/3 18:50,0
2022/7/3 18:55,0
2022/7/3 19:00,0
2022/7/3 19:05,0
2022/7/3 19:10,0
2022/7/3 19:15,0
2022/7/3 19:20,0
2022/7/3 19:25,0
2022/7/3 19:30,0
2022/7/3 19:35,0
2022/7/3 19:40,0
2022/7/3 19:45,0
2022/7/3 19:50,0
2022/7/3 19:55,0
2022/7/3 20:00,0
2022/7/3 20:05,0
2022/7/3 20:10,0
2022/7/3 20:15,0
2022/7/3 20:20,0
2022/7/3 20:25,0
2022/7/3 20:30,0
2022/7/3 20:35,0
2022/7/3 20:40,0
2022/7/3 20:45,0
2022/7/3 20:50,0
2022/7/3 20:55,0
2022/7/3 21:00,0
2022/7/3 21:05,0
2022/7/3 21:10,0
2022/7/3 21:15,0
2022/7/3 21:20,0
2022/7/3 21:25,0
2022/7/3 21:30,0
2022/7/3 21:35,0
2022/7/3 21:40,0
2022/7/3 21:45,0
2022/7/3 21:50,0
2022/7/3 21:55,0
2022/7/3 22:00,0
2022/7/3 22:05,0
2022/7/3 22:10,0
2022/7/3 22:15,0
2022/7/3 22:20,0
2022/7/3 22:25,0
2022/7/3 22:30,0
2022/7/3 22:35,0
2022/7/3 22:40,0
2022/7/3 22:45,0
2022/7/3 22:50,0
2022/7/3 22:55,0
2022/7/3 23:00,0
2022/7/3 23:05,0
2022/7/3 23:10,0
2022/7/3 23:15,0
2022/7/3 23:20,0
2022/7/3 23:25,0
2022/7/3 23:30,0
2022/7/3 23:35,0
2022/7/3 23:40,0
2022/7/3 23:45,0
2022/7/3 23:50,0
2022/7/3 23:55,0
2022/7/4 0:00,0
2022/7/4 0:05,0
2022/7/4 0:10,0
2022/7/4 0:15,0
2022/7/4 0:20,0
2022/7/4 0:25,0
2022/7/4 0:30,0
2022/7/4 0:35,0
2022/7/4 0:40,0
2022/7/4 0:45,0
2022/7/4 0:50,0
2022/7/4 0:55,0
2022/7/4 1:00,0
2022/7/4 1:05,0
2022/7/4 1:10,0
2022/7/4 1:15,0
2022/7/4 1:20,0
2022/7/4 1:25,0
2022/7/4 1:30,0
2022/7/4 1:35,0
2022/7/4 1:40,0
2022/7/4 1:45,0
2022/7/4 1:50,0
2022/7/4 1:55,0
2022/7/4 2:00,0
2022/7/4 2:05,0
2022/7/4 2:10,0
2022/7/4 2:15,0
2022/7/4 2:20,0
2022/7/4 2:25,0
2022/7/4 2:30,0
2022/7/4 2:35,0
2022/7/4 2:40,0
2022/7/4 2:45,0
2022/7/4 2:50,0
2022/7/4 2:55,0
2022/7/4 3:00,0
2022/7/4 3:05,0
2022/7/4 3:10,0
2022/7/4 3:15,0
2022/7/4 3:20,0
2022/7/4 3:25,0
2022/7/4 3:30,0
2022/7/4 3:35,0
2022/7/4 3:40,0
2022/7/4 3:45,0
2022/7/4 3:50,0
2022/7/4 3:55,0
2022/7/4 4:00,0
2022/7/4 4:05,0
2022/7/4 4:10,0
2022/7/4 4:15,0
2022/7/4 4:20,0
2022/7/4 4:25,0
2022/7/4 4:30,0
2022/7/4 4:35,0
2022/7/4 4:40,0
2022/7/4 4:45,0
2022/7/4 4:50,0
2022/7/4 4:55,0
2022/7/4 5:00,0
2022/7/4 5:05,0
2022/7/4 5:10,0
2022/7/4 5:15,0
2022/7/4 5:20,0
2022/7/4 5:25,0
2022/7/4 5:30,0
2022/7/4 5:35,0
2022/7/4 5:40,0
2022/7/4 5:45,0
2022/7/4 5:50,0
2022/7/4 5:55,0
2022/7/4 6:00,0
2022/7/4 6:05,0
2022/7/4 6:10,0
2022/7/4 6:15,0
2022/7/4 6:20,0
2022/7/4 6:25,0
2022/7/4 6:30,0
2022/7/4 6:35,0
2022/7/4 6:40,0
2022/7/4 6:45,0
2022/7/4 6:50,0
2022/7/4 6:55,0
2022/7/4 7:00,0
2022/7/4 7:05,0
2022/7/4 7:10,0
2022/7/4 7:15,0
2022/7/4 7:20,0
2022/7/4 7:25,0
2022/7/4 7:30,0
2022/7/4 7:35,0
2022/7/4 7:40,0
2022/7/4 7:45,0
2022/7/4 7:50,0
2022/7/4 7:55,0
2022/7/4 8:00,0
2022/7/4 8:05,0
2022/7/4 8:10,0
2022/7/4 8:15,0
2022/7/4 8:20,0
2022/7/4 8:25,0
2022/7/4 8:30,0
2022/7/4 8:35,0
2022/7/4 8:40,0
2022/7/4 8:45,0
2022/7/4 8:50,0
2022/7/4 8:55,0
2022/7/4 9:00,0
2022/7/4 9:05,0
2022/7/4 9:10,0
2022/7/4 9:15,0
2022/7/4 9:20,0
2022/7/4 9:25,0
2022/7/4 9:30,0
2022/7/4 9:35,0
2022/7/4 9:40,0
2022/7/4 9:45,0
2022/7/4 9:50,0
2022/7/4 9:55,14060.21064
2022/7/4 10:00,19301.01421
2022/7/4 10:05,-523.564263
2022/7/4 10:10,11950.20354
2022/7/4 10:15,-365.1941112
2022/7/4 10:20,7914.632048
2022/7/4 10:25,8608.276958
2022/7/4 10:30,-326.5037558
2022/7/4 10:35,13183.8212
2022/7/4 10:40,9217.858384
2022/7/4 10:45,-309.0904086
2022/7/4 10:50,-313.7148728
2022/7/4 10:55,0
2022/7/4 11:00,0
2022/7/4 11:05,0
2022/7/4 11:10,0
2022/7/4 11:15,0
2022/7/4 11:20,0
2022/7/4 11:25,0
2022/7/4 11:30,0
2022/7/4 11:35,0
2022/7/4 11:40,0
2022/7/4 11:45,
2022/7/4 11:50,18946.29579
2022/7/4 11:55,22558.28665
2022/7/4 12:00,20797.36043
2022/7/4 12:05,-594.7960776
2022/7/4 12:10,0
2022/7/4 12:15,0
2022/7/4 12:20,0
2022/7/4 12:25,0
2022/7/4 12:30,10180.58372
2022/7/4 12:35,8260.222391
2022/7/4 12:40,-402.0945894
2022/7/4 12:45,-291.8307539
2022/7/4 12:50,-168.7133735
2022/7/4 12:55,
2022/7/4 13:00,
2022/7/4 13:05,
2022/7/4 13:10,
2022/7/4 13:15,7231.856088
2022/7/4 13:20,-442.7107029
2022/7/4 13:25,-366.2967176
2022/7/4 13:30,0
2022/7/4 13:35,0
2022/7/4 13:40,0
2022/7/4 13:45,14084.1636
2022/7/4 13:50,20539.56116
2022/7/4 13:55,21591.69096
2022/7/4 14:00,21834.76295
2022/7/4 14:05,-782.9226829
2022/7/4 14:10,17763.47664
2022/7/4 14:15,7820.185915
2022/7/4 14:20,6596.817485
2022/7/4 14:25,23513.39454
2022/7/4 14:30,6612.187623
2022/7/4 14:35,3554.308944
2022/7/4 14:40,0
2022/7/4 14:45,0
2022/7/4 14:50,0
2022/7/4 14:55,0
2022/7/4 15:00,0
2022/7/4 15:05,0
2022/7/4 15:10,0
2022/7/4 15:15,0
2022/7/4 15:20,0
2022/7/4 15:25,0
2022/7/4 15:30,0
2022/7/4 15:35,0
2022/7/4 15:40,0
2022/7/4 15:45,0
2022/7/4 15:50,0
2022/7/4 15:55,0
2022/7/4 16:00,0
2022/7/4 16:05,0
2022/7/4 16:10,0
2022/7/4 16:15,0
2022/7/4 16:20,0
2022/7/4 16:25,0
2022/7/4 16:30,0
2022/7/4 16:35,0
2022/7/4 16:40,0
2022/7/4 16:45,0
2022/7/4 16:50,0
2022/7/4 16:55,0
2022/7/4 17:00,0
2022/7/4 17:05,0
2022/7/4 17:10,0
2022/7/4 17:15,0
2022/7/4 17:20,0
2022/7/4 17:25,0
2022/7/4 17:30,0
2022/7/4 17:35,0
2022/7/4 17:40,0
2022/7/4 17:45,0
2022/7/4 17:50,0
2022/7/4 17:55,0
2022/7/4 18:00,0
2022/7/4 18:05,0
2022/7/4 18:10,0
2022/7/4 18:15,0
2022/7/4 18:20,0
2022/7/4 18:25,0
2022/7/4 18:30,0
2022/7/4 18:35,0
2022/7/4 18:40,0
2022/7/4 18:45,0
2022/7/4 18:50,0
2022/7/4 18:55,0
2022/7/4 19:00,0
2022/7/4 19:05,0
2022/7/4 19:10,0
2022/7/4 19:15,0
2022/7/4 19:20,0
2022/7/4 19:25,0
2022/7/4 19:30,0
2022/7/4 19:35,0
2022/7/4 19:40,0
2022/7/4 19:45,0
2022/7/4 19:50,0
2022/7/4 19:55,0
2022/7/4 20:00,0
2022/7/4 20:05,0
2022/7/4 20:10,0
2022/7/4 20:15,0
2022/7/4 20:20,0
2022/7/4 20:25,0
2022/7/4 20:30,0
2022/7/4 20:35,0
2022/7/4 20:40,0
2022/7/4 20:45,0
2022/7/4 20:50,0
2022/7/4 20:55,0
2022/7/4 21:00,0
2022/7/4 21:05,0
2022/7/4 21:10,0
2022/7/4 21:15,0
2022/7/4 21:20,0
2022/7/4 21:25,0
2022/7/4 21:30,0
2022/7/4 21:35,0
2022/7/4 21:40,0
2022/7/4 21:45,0
2022/7/4 21:50,0
2022/7/4 21:55,0
2022/7/4 22:00,0
2022/7/4 22:05,0
2022/7/4 22:10,0
2022/7/4 22:15,0
2022/7/4 22:20,0
2022/7/4 22:25,0
2022/7/4 22:30,0
2022/7/4 22:35,0
2022/7/4 22:40,0
2022/7/4 22:45,0
2022/7/4 22:50,0
2022/7/4 22:55,0
2022/7/4 23:00,0
2022/7/4 23:05,0
2022/7/4 23:10,0
2022/7/4 23:15,0
2022/7/4 23:20,0
2022/7/4 23:25,0
2022/7/4 23:30,0
2022/7/4 23:35,0
2022/7/4 23:40,0
2022/7/4 23:45,0
2022/7/4 23:50,0
2022/7/4 23:55,0
2022/7/5 0:00,0
2022/7/5 0:05,0
2022/7/5 0:10,0
2022/7/5 0:15,0
2022/7/5 0:20,0
2022/7/5 0:25,0
2022/7/5 0:30,0
2022/7/5 0:35,0
2022/7/5 0:40,0
2022/7/5 0:45,0
2022/7/5 0:50,0
2022/7/5 0:55,0
2022/7/5 1:00,0
2022/7/5 1:05,0
2022/7/5 1:10,0
2022/7/5 1:15,0
2022/7/5 1:20,0
2022/7/5 1:25,0
2022/7/5 1:30,0
2022/7/5 1:35,0
2022/7/5 1:40,0
2022/7/5 1:45,0
2022/7/5 1:50,0
2022/7/5 1:55,0
2022/7/5 2:00,0
2022/7/5 2:05,0
2022/7/5 2:10,0
2022/7/5 2:15,0
2022/7/5 2:20,0
2022/7/5 2:25,0
2022/7/5 2:30,0
2022/7/5 2:35,0
2022/7/5 2:40,0
2022/7/5 2:45,0
2022/7/5 2:50,0
2022/7/5 2:55,0
2022/7/5 3:00,0
2022/7/5 3:05,0
2022/7/5 3:10,0
2022/7/5 3:15,0
2022/7/5 3:20,0
2022/7/5 3:25,0
2022/7/5 3:30,0
2022/7/5 3:35,0
2022/7/5 3:40,0
2022/7/5 3:45,0
2022/7/5 3:50,0
2022/7/5 3:55,0
2022/7/5 4:00,0
2022/7/5 4:05,0
2022/7/5 4:10,0
2022/7/5 4:15,0
2022/7/5 4:20,0
2022/7/5 4:25,0
2022/7/5 4:30,0
2022/7/5 4:35,0
2022/7/5 4:40,0
2022/7/5 4:45,0
2022/7/5 4:50,0
2022/7/5 4:55,0
2022/7/5 5:00,0
2022/7/5 5:05,0
2022/7/5 5:10,0
2022/7/5 5:15,0
2022/7/5 5:20,0
2022/7/5 5:25,0
2022/7/5 5:30,0
2022/7/5 5:35,0
2022/7/5 5:40,0
2022/7/5 5:45,0
2022/7/5 5:50,0
2022/7/5 5:55,0
2022/7/5 6:00,0
2022/7/5 6:05,0
2022/7/5 6:10,0
2022/7/5 6:15,0
2022/7/5 6:20,0
2022/7/5 6:25,0
2022/7/5 6:30,0
2022/7/5 6:35,0
2022/7/5 6:40,0
2022/7/5 6:45,0
2022/7/5 6:50,0
2022/7/5 6:55,0
2022/7/5 7:00,0
2022/7/5 7:05,0
2022/7/5 7:10,0
2022/7/5 7:15,0
2022/7/5 7:20,0
2022/7/5 7:25,0
2022/7/5 7:30,0
2022/7/5 7:35,0
2022/7/5 7:40,0
2022/7/5 7:45,0
2022/7/5 7:50,0
2022/7/5 7:55,0
2022/7/5 8:00,0
2022/7/5 8:05,0
2022/7/5 8:10,0
2022/7/5 8:15,0
2022/7/5 8:20,0
2022/7/5 8:25,0
2022/7/5 8:30,0
2022/7/5 8:35,0
2022/7/5 8:40,0
2022/7/5 8:45,0
2022/7/5 8:50,0
2022/7/5 8:55,0
2022/7/5 9:00,0
2022/7/5 9:05,0
2022/7/5 9:10,0
2022/7/5 9:15,0
2022/7/5 9:20,0
2022/7/5 9:25,0
2022/7/5 9:30,0
2022/7/5 9:35,0
2022/7/5 9:40,0
2022/7/5 9:45,0
2022/7/5 9:50,0
2022/7/5 9:55,6125.027482
2022/7/5 10:00,18985.20394
2022/7/5 10:05,20152.65433
2022/7/5 10:10,14530.49597
2022/7/5 10:15,9237.70818
2022/7/5 10:20,25166.8534
2022/7/5 10:25,21883.15848
2022/7/5 10:30,18363.66497
2022/7/5 10:35,11439.7298
2022/7/5 10:40,-693.9620585
2022/7/5 10:45,12420.52778
2022/7/5 10:50,-606.3265167
2022/7/5 10:55,4736.948662
2022/7/5 11:00,9585.614916
2022/7/5 11:05,-570.6891872
2022/7/5 11:10,6238.370374
2022/7/5 11:15,11584.15624
2022/7/5 11:20,-607.7271275
2022/7/5 11:25,5140.798847
2022/7/5 11:30,15350.31117
2022/7/5 11:35,-643.8507908
2022/7/5 11:40,-586.4013933
2022/7/5 11:45,0
2022/7/5 11:50,0
2022/7/5 11:55,0
2022/7/5 12:00,0
2022/7/5 12:05,0
2022/7/5 12:10,0
2022/7/5 12:15,0
2022/7/5 12:20,0
2022/7/5 12:25,0
2022/7/5 12:30,6818.869364
2022/7/5 12:35,10237.64487
2022/7/5 12:40,-573.1612263
2022/7/5 12:45,-525.3590752
2022/7/5 12:50,-473.1147006
2022/7/5 12:55,-389.3180097
2022/7/5 13:00,-171.5712089
2022/7/5 13:05,0
2022/7/5 13:10,
2022/7/5 13:15,7573.478488
2022/7/5 13:20,14744.14059
2022/7/5 13:25,0
2022/7/5 13:30,0
2022/7/5 13:35,0
2022/7/5 13:40,0
2022/7/5 13:45,6256.389349
2022/7/5 13:50,18729.81548
2022/7/5 13:55,21533.34191
2022/7/5 14:00,22092.76168
2022/7/5 14:05,8887.007368
2022/7/5 14:10,10648.83589
2022/7/5 14:15,19824.60291
2022/7/5 14:20,17269.52088
2022/7/5 14:25,1811.694447
2022/7/5 14:30,27566.05068
2022/7/5 14:35,9720.083677
2022/7/5 14:40,7601.458701
2022/7/5 14:45,9383.7434
2022/7/5 14:50,6734.830049
2022/7/5 14:55,1852.522103
2022/7/5 15:00,16676.17397
2022/7/5 15:05,6694.699331
2022/7/5 15:10,5807.11987
2022/7/5 15:15,10126.78812
2022/7/5 15:20,0
2022/7/5 15:25,0
2022/7/5 15:30,0
2022/7/5 15:35,0
2022/7/5 15:40,0
2022/7/5 15:45,0
2022/7/5 15:50,0
2022/7/5 15:55,0
2022/7/5 16:00,0
2022/7/5 16:05,0
2022/7/5 16:10,0
2022/7/5 16:15,0
2022/7/5 16:20,0
2022/7/5 16:25,0
2022/7/5 16:30,0
2022/7/5 16:35,0
2022/7/5 16:40,0
2022/7/5 16:45,0
2022/7/5 16:50,0
2022/7/5 16:55,0
2022/7/5 17:00,0
2022/7/5 17:05,20116.42627
2022/7/5 17:10,16837.80981
2022/7/5 17:15,17426.32932
2022/7/5 17:20,12467.97821
2022/7/5 17:25,-687.5116693
2022/7/5 17:30,0
2022/7/5 17:35,0
2022/7/5 17:40,0
2022/7/5 17:45,0
2022/7/5 17:50,0
2022/7/5 17:55,11201.25781
2022/7/5 18:00,16996.14034
2022/7/5 18:05,17019.77194
2022/7/5 18:10,-663.5231311
2022/7/5 18:15,
2022/7/5 18:20,
2022/7/5 18:25,7067.991919
2022/7/5 18:30,18938.924
2022/7/5 18:35,-675.7485155
2022/7/5 18:40,-527.9001843
2022/7/5 18:45,17256.92679
2022/7/5 18:50,-738.4603923
2022/7/5 18:55,-552.4588197
2022/7/5 19:00,0
2022/7/5 19:05,0
2022/7/5 19:10,0
2022/7/5 19:15,0
2022/7/5 19:20,0
2022/7/5 19:25,0
2022/7/5 19:30,0
2022/7/5 19:35,0
2022/7/5 19:40,0
2022/7/5 19:45,0
2022/7/5 19:50,0
2022/7/5 19:55,0
2022/7/5 20:00,0
2022/7/5 20:05,0
2022/7/5 20:10,0
2022/7/5 20:15,0
2022/7/5 20:20,0
2022/7/5 20:25,0
2022/7/5 20:30,0
2022/7/5 20:35,0
2022/7/5 20:40,0
2022/7/5 20:45,0
2022/7/5 20:50,0
2022/7/5 20:55,0
2022/7/5 21:00,0
2022/7/5 21:05,0
2022/7/5 21:10,0
2022/7/5 21:15,0
2022/7/5 21:20,0
2022/7/5 21:25,0
2022/7/5 21:30,0
2022/7/5 21:35,0
2022/7/5 21:40,0
2022/7/5 21:45,0
2022/7/5 21:50,0
2022/7/5 21:55,0
2022/7/5 22:00,0
2022/7/5 22:05,0
2022/7/5 22:10,0
2022/7/5 22:15,0
2022/7/5 22:20,0
2022/7/5 22:25,0
2022/7/5 22:30,0
2022/7/5 22:35,0
2022/7/5 22:40,0
2022/7/5 22:45,0
2022/7/5 22:50,0
2022/7/5 22:55,0
2022/7/5 23:00,0
2022/7/5 23:05,0
2022/7/5 23:10,0
2022/7/5 23:15,0
2022/7/5 23:20,0
2022/7/5 23:25,0
2022/7/5 23:30,0
2022/7/5 23:35,0
2022/7/5 23:40,0
2022/7/5 23:45,0
2022/7/5 23:50,0
2022/7/5 23:55,0
2022/7/6 0:00,0
2022/7/6 0:05,0
2022/7/6 0:10,0
2022/7/6 0:15,0
2022/7/6 0:20,0
2022/7/6 0:25,0
2022/7/6 0:30,0
2022/7/6 0:35,0
2022/7/6 0:40,0
2022/7/6 0:45,0
2022/7/6 0:50,0
2022/7/6 0:55,0
2022/7/6 1:00,0
2022/7/6 1:05,0
2022/7/6 1:10,0
2022/7/6 1:15,0
2022/7/6 1:20,0
2022/7/6 1:25,0
2022/7/6 1:30,0
2022/7/6 1:35,0
2022/7/6 1:40,0
2022/7/6 1:45,0
2022/7/6 1:50,0
2022/7/6 1:55,0
2022/7/6 2:00,0
2022/7/6 2:05,0
2022/7/6 2:10,0
2022/7/6 2:15,0
2022/7/6 2:20,0
2022/7/6 2:25,0
2022/7/6 2:30,0
2022/7/6 2:35,0
2022/7/6 2:40,0
2022/7/6 2:45,0
2022/7/6 2:50,8161.559341
2022/7/6 2:55,14993.65401
2022/7/6 3:00,19479.18457
2022/7/6 3:05,18941.85435
2022/7/6 3:10,-650.1904569
2022/7/6 3:15,9264.757907
2022/7/6 3:20,6712.994744
2022/7/6 3:25,-433.3973567
2022/7/6 3:30,14645.16506
2022/7/6 3:35,0
2022/7/6 3:40,-401.8066322
2022/7/6 3:45,17592.56526
2022/7/6 3:50,-593.087947
2022/7/6 3:55,-454.5858376
2022/7/6 4:00,11346.48613
2022/7/6 4:05,-539.7826863
2022/7/6 4:10,-419.6621614
2022/7/6 4:15,17003.50207
2022/7/6 4:20,0
2022/7/6 4:25,0
2022/7/6 4:30,0
2022/7/6 4:35,0
2022/7/6 4:40,0
2022/7/6 4:45,0
2022/7/6 4:50,0
2022/7/6 4:55,0
2022/7/6 5:00,0
2022/7/6 5:05,0
2022/7/6 5:10,0
2022/7/6 5:15,0
2022/7/6 5:20,0
2022/7/6 5:25,0
2022/7/6 5:30,0
2022/7/6 5:35,0
2022/7/6 5:40,0
2022/7/6 5:45,0
2022/7/6 5:50,0
2022/7/6 5:55,0
2022/7/6 6:00,0
2022/7/6 6:05,0
2022/7/6 6:10,0
2022/7/6 6:15,0
2022/7/6 6:20,0
2022/7/6 6:25,0
2022/7/6 6:30,0
2022/7/6 6:35,0
2022/7/6 6:40,0
2022/7/6 6:45,0
2022/7/6 6:50,0
2022/7/6 6:55,0
2022/7/6 7:00,0
2022/7/6 7:05,0
2022/7/6 7:10,0
2022/7/6 7:15,0
2022/7/6 7:20,0
2022/7/6 7:25,0
2022/7/6 7:30,0
2022/7/6 7:35,0
2022/7/6 7:40,0
2022/7/6 7:45,0
2022/7/6 7:50,0
2022/7/6 7:55,0
2022/7/6 8:00,0
2022/7/6 8:05,0
2022/7/6 8:10,0
2022/7/6 8:15,9895.202013
2022/7/6 8:20,19068.02291
2022/7/6 8:25,28122.86407
2022/7/6 8:30,16410.01761
2022/7/6 8:35,5616.468586
2022/7/6 8:40,4057.857444
2022/7/6 8:45,-599.6142233
2022/7/6 8:50,11590.40467
2022/7/6 8:55,13036.51502
2022/7/6 9:00,-562.8258109
2022/7/6 9:05,11395.79806
2022/7/6 9:10,5454.40144
2022/7/6 9:15,-549.5356225
2022/7/6 9:20,14246.33282
2022/7/6 9:25,0
2022/7/6 9:30,0
2022/7/6 9:35,0
2022/7/6 9:40,0
2022/7/6 9:45,0
2022/7/6 9:50,0
2022/7/6 9:55,0
2022/7/6 10:00,0
2022/7/6 10:05,0
2022/7/6 10:10,0
2022/7/6 10:15,0
2022/7/6 10:20,0
2022/7/6 10:25,0
2022/7/6 10:30,0
2022/7/6 10:35,0
2022/7/6 10:40,0
2022/7/6 10:45,0
2022/7/6 10:50,0
2022/7/6 10:55,0
2022/7/6 11:00,0
2022/7/6 11:05,0
2022/7/6 11:10,0
2022/7/6 11:15,0
2022/7/6 11:20,0
2022/7/6 11:25,0
2022/7/6 11:30,0
2022/7/6 11:35,0
2022/7/6 11:40,0
2022/7/6 11:45,16873.99284
2022/7/6 11:50,18727.58533
2022/7/6 11:55,18491.52446
2022/7/6 12:00,6464.084569
2022/7/6 12:05,4925.386301
2022/7/6 12:10,24006.35892
2022/7/6 12:15,16138.98859
2022/7/6 12:20,-459.6643296
2022/7/6 12:25,-393.3909401
2022/7/6 12:30,12863.46103
2022/7/6 12:35,9192.298974
2022/7/6 12:40,-379.5165531
2022/7/6 12:45,-296.1648327
2022/7/6 12:50,-196.8660405
2022/7/6 12:55,0
2022/7/6 13:00,
2022/7/6 13:05,
2022/7/6 13:10,20371.91963
2022/7/6 13:15,-465.64019
2022/7/6 13:20,-310.3520838
2022/7/6 13:25,-219.6095164
2022/7/6 13:30,0
2022/7/6 13:35,
2022/7/6 13:40,0
2022/7/6 13:45,0
2022/7/6 13:50,0
2022/7/6 13:55,0
2022/7/6 14:00,0
2022/7/6 14:05,0
2022/7/6 14:10,0
2022/7/6 14:15,0
2022/7/6 14:20,0
2022/7/6 14:25,0
2022/7/6 14:30,0
2022/7/6 14:35,0
2022/7/6 14:40,0
2022/7/6 14:45,0
2022/7/6 14:50,0
2022/7/6 14:55,0
2022/7/6 15:00,0
2022/7/6 15:05,0
2022/7/6 15:10,0
2022/7/6 15:15,0
2022/7/6 15:20,0
2022/7/6 15:25,0
2022/7/6 15:30,0
2022/7/6 15:35,0
2022/7/6 15:40,0
2022/7/6 15:45,0
2022/7/6 15:50,0
2022/7/6 15:55,0
2022/7/6 16:00,0
2022/7/6 16:05,8675.048319
2022/7/6 16:10,18975.40612
2022/7/6 16:15,17563.11186
2022/7/6 16:20,0
2022/7/6 16:25,0
2022/7/6 16:30,0
2022/7/6 16:35,0
2022/7/6 16:40,0
2022/7/6 16:45,0
2022/7/6 16:50,0
2022/7/6 16:55,0
2022/7/6 17:00,0
2022/7/6 17:05,0
2022/7/6 17:10,0
2022/7/6 17:15,0
2022/7/6 17:20,0
2022/7/6 17:25,0
2022/7/6 17:30,0
2022/7/6 17:35,0
2022/7/6 17:40,0
2022/7/6 17:45,0
2022/7/6 17:50,0
2022/7/6 17:55,0
2022/7/6 18:00,0
2022/7/6 18:05,0
2022/7/6 18:10,0
2022/7/6 18:15,0
2022/7/6 18:20,0
2022/7/6 18:25,0
2022/7/6 18:30,0
2022/7/6 18:35,0
2022/7/6 18:40,0
2022/7/6 18:45,0
2022/7/6 18:50,0
2022/7/6 18:55,0
2022/7/6 19:00,0
2022/7/6 19:05,0
2022/7/6 19:10,0
2022/7/6 19:15,0
2022/7/6 19:20,0
2022/7/6 19:25,0
2022/7/6 19:30,0
2022/7/6 19:35,0
2022/7/6 19:40,0
2022/7/6 19:45,0
2022/7/6 19:50,0
2022/7/6 19:55,0
2022/7/6 20:00,0
2022/7/6 20:05,0
2022/7/6 20:10,0
2022/7/6 20:15,0
2022/7/6 20:20,0
2022/7/6 20:25,0
2022/7/6 20:30,0
2022/7/6 20:35,0
2022/7/6 20:40,0
2022/7/6 20:45,0
2022/7/6 20:50,0
2022/7/6 20:55,0
2022/7/6 21:00,0
2022/7/6 21:05,0
2022/7/6 21:10,0
2022/7/6 21:15,0
2022/7/6 21:20,0
2022/7/6 21:25,0
2022/7/6 21:30,0
2022/7/6 21:35,0
2022/7/6 21:40,0
2022/7/6 21:45,0
2022/7/6 21:50,0
2022/7/6 21:55,0
2022/7/6 22:00,0
2022/7/6 22:05,0
2022/7/6 22:10,0
2022/7/6 22:15,0
2022/7/6 22:20,0
2022/7/6 22:25,0
2022/7/6 22:30,0
2022/7/6 22:35,0
2022/7/6 22:40,0
2022/7/6 22:45,0
2022/7/6 22:50,0
2022/7/6 22:55,0
2022/7/6 23:00,0
2022/7/6 23:05,0
2022/7/6 23:10,0
2022/7/6 23:15,0
2022/7/6 23:20,0
2022/7/6 23:25,0
2022/7/6 23:30,0
2022/7/6 23:35,0
2022/7/6 23:40,0
2022/7/6 23:45,0
2022/7/6 23:50,0
2022/7/6 23:55,0
2022/7/7 0:00,0
2022/7/7 0:05,0
2022/7/7 0:10,0
2022/7/7 0:15,0
2022/7/7 0:20,0
2022/7/7 0:25,0
2022/7/7 0:30,0
2022/7/7 0:35,0
2022/7/7 0:40,0
2022/7/7 0:45,0
2022/7/7 0:50,0
2022/7/7 0:55,0
2022/7/7 1:00,0
2022/7/7 1:05,0
2022/7/7 1:10,0
2022/7/7 1:15,0
2022/7/7 1:20,0
2022/7/7 1:25,0
2022/7/7 1:30,0
2022/7/7 1:35,0
2022/7/7 1:40,0
2022/7/7 1:45,0
2022/7/7 1:50,0
2022/7/7 1:55,0
2022/7/7 2:00,0
2022/7/7 2:05,0
2022/7/7 2:10,0
2022/7/7 2:15,0
2022/7/7 2:20,0
2022/7/7 2:25,0
2022/7/7 2:30,0
2022/7/7 2:35,0
2022/7/7 2:40,0
2022/7/7 2:45,0
2022/7/7 2:50,0
2022/7/7 2:55,0
2022/7/7 3:00,0
2022/7/7 3:05,0
2022/7/7 3:10,0
2022/7/7 3:15,0
2022/7/7 3:20,0
2022/7/7 3:25,0
2022/7/7 3:30,0
2022/7/7 3:35,0
2022/7/7 3:40,0
2022/7/7 3:45,0
2022/7/7 3:50,0
2022/7/7 3:55,0
2022/7/7 4:00,0
2022/7/7 4:05,0
2022/7/7 4:10,0
2022/7/7 4:15,0
2022/7/7 4:20,0
2022/7/7 4:25,0
2022/7/7 4:30,0
2022/7/7 4:35,0
2022/7/7 4:40,0
2022/7/7 4:45,0
2022/7/7 4:50,0
2022/7/7 4:55,0
2022/7/7 5:00,0
2022/7/7 5:05,0
2022/7/7 5:10,0
2022/7/7 5:15,0
2022/7/7 5:20,0
2022/7/7 5:25,0
2022/7/7 5:30,0
2022/7/7 5:35,0
2022/7/7 5:40,0
2022/7/7 5:45,0
2022/7/7 5:50,0
2022/7/7 5:55,0
2022/7/7 6:00,0
2022/7/7 6:05,0
2022/7/7 6:10,0
2022/7/7 6:15,0
2022/7/7 6:20,0
2022/7/7 6:25,0
2022/7/7 6:30,0
2022/7/7 6:35,0
2022/7/7 6:40,0
2022/7/7 6:45,0
2022/7/7 6:50,0
2022/7/7 6:55,0
2022/7/7 7:00,0
2022/7/7 7:05,0
2022/7/7 7:10,0
2022/7/7 7:15,0
2022/7/7 7:20,0
2022/7/7 7:25,0
2022/7/7 7:30,0
2022/7/7 7:35,0
2022/7/7 7:40,0
2022/7/7 7:45,0
2022/7/7 7:50,0
2022/7/7 7:55,0
2022/7/7 8:00,0
2022/7/7 8:05,0
2022/7/7 8:10,0
2022/7/7 8:15,0
2022/7/7 8:20,0
2022/7/7 8:25,0
2022/7/7 8:30,0
2022/7/7 8:35,0
2022/7/7 8:40,0
2022/7/7 8:45,0
2022/7/7 8:50,0
2022/7/7 8:55,0
2022/7/7 9:00,0
2022/7/7 9:05,14291.36265
2022/7/7 9:10,20122.82005
2022/7/7 9:15,-678.5468199
2022/7/7 9:20,-564.0892705
2022/7/7 9:25,17269.48784
2022/7/7 9:30,-623.2655337
2022/7/7 9:35,-555.0017333
2022/7/7 9:40,-509.4408684
2022/7/7 9:45,17423.72915
2022/7/7 9:50,-685.6174125
2022/7/7 9:55,20490.92566
2022/7/7 10:00,0
2022/7/7 10:05,15079.35559
2022/7/7 10:10,12378.065
2022/7/7 10:15,5183.595629
2022/7/7 10:20,18975.55432
2022/7/7 10:25,24535.31288
2022/7/7 10:30,97.04537833
2022/7/7 10:35,0
2022/7/7 10:40,0
2022/7/7 10:45,0
2022/7/7 10:50,0
2022/7/7 10:55,0
2022/7/7 11:00,0
2022/7/7 11:05,0
2022/7/7 11:10,0
2022/7/7 11:15,0
2022/7/7 11:20,0
2022/7/7 11:25,0
2022/7/7 11:30,0
2022/7/7 11:35,0
2022/7/7 11:40,0
2022/7/7 11:45,0
2022/7/7 11:50,0
2022/7/7 11:55,0
2022/7/7 12:00,0
2022/7/7 12:05,0
2022/7/7 12:10,0
2022/7/7 12:15,0
2022/7/7 12:20,0
2022/7/7 12:25,0
2022/7/7 12:30,6676.466379
2022/7/7 12:35,18250.14273
2022/7/7 12:40,-785.5960116
2022/7/7 12:45,-617.2310848
2022/7/7 12:50,-593.9716235
2022/7/7 12:55,18971.54465
2022/7/7 13:00,5034.374077
2022/7/7 13:05,-543.1079998
2022/7/7 13:10,10786.63454
2022/7/7 13:15,0
2022/7/7 13:20,13293.69315
2022/7/7 13:25,-573.5811764
2022/7/7 13:30,8987.803974
2022/7/7 13:35,14197.799
2022/7/7 13:40,-575.61567
2022/7/7 13:45,20116.04944
2022/7/7 13:50,16674.01265
2022/7/7 13:55,20364.44358
2022/7/7 14:00,15165.09342
2022/7/7 14:05,5727.56174
2022/7/7 14:10,7064.263702
2022/7/7 14:15,13778.96618
2022/7/7 14:20,16715.3075
2022/7/7 14:25,5498.176636
2022/7/7 14:30,26723.26963
2022/7/7 14:35,16458.18006
2022/7/7 14:40,5602.857655
2022/7/7 14:45,11349.20638
2022/7/7 14:50,6591.039728
2022/7/7 14:55,0
2022/7/7 15:00,0
2022/7/7 15:05,0
2022/7/7 15:10,0
2022/7/7 15:15,0
2022/7/7 15:20,0
2022/7/7 15:25,0
2022/7/7 15:30,7735.536161
2022/7/7 15:35,14736.03405
2022/7/7 15:40,12413.66822
2022/7/7 15:45,-452.8931124
2022/7/7 15:50,8070.504281
2022/7/7 15:55,15345.72214
2022/7/7 16:00,15907.97833
2022/7/7 16:05,15951.80566
2022/7/7 16:10,21214.08317
2022/7/7 16:15,12368.1021
2022/7/7 16:20,14839.73341
2022/7/7 16:25,12417.36807
2022/7/7 16:30,9576.812621
2022/7/7 16:35,13031.99556
2022/7/7 16:40,10779.56321
2022/7/7 16:45,11930.51724
2022/7/7 16:50,14003.72444
2022/7/7 16:55,16481.0976
2022/7/7 17:00,18865.12399
2022/7/7 17:05,15958.10189
2022/7/7 17:10,10715.7772
2022/7/7 17:15,12824.30949
2022/7/7 17:20,13545.48879
2022/7/7 17:25,12028.25705
2022/7/7 17:30,5629.248441
2022/7/7 17:35,7101.902509
2022/7/7 17:40,11420.20477
2022/7/7 17:45,13329.36732
2022/7/7 17:50,7684.946379
2022/7/7 17:55,8198.875154
2022/7/7 18:00,20794.62063
2022/7/7 18:05,16244.16014
2022/7/7 18:10,6438.753044
2022/7/7 18:15,6463.091252
2022/7/7 18:20,8365.448247
2022/7/7 18:25,9749.289821
2022/7/7 18:30,9633.783143
2022/7/7 18:35,9393.161407
2022/7/7 18:40,10232.80462
2022/7/7 18:45,9116.535825
2022/7/7 18:50,891.6733835
2022/7/7 18:55,-407.7109768
2022/7/7 19:00,0
2022/7/7 19:05,0
2022/7/7 19:10,0
2022/7/7 19:15,0
2022/7/7 19:20,0
2022/7/7 19:25,0
2022/7/7 19:30,0
2022/7/7 19:35,0
2022/7/7 19:40,0
2022/7/7 19:45,0
2022/7/7 19:50,0
2022/7/7 19:55,0
2022/7/7 20:00,0
2022/7/7 20:05,0
2022/7/7 20:10,0
2022/7/7 20:15,0
2022/7/7 20:20,0
2022/7/7 20:25,0
2022/7/7 20:30,0
2022/7/7 20:35,0
2022/7/7 20:40,0
2022/7/7 20:45,0
2022/7/7 20:50,0
2022/7/7 20:55,0
2022/7/7 21:00,0
2022/7/7 21:05,0
2022/7/7 21:10,0
2022/7/7 21:15,0
2022/7/7 21:20,0
2022/7/7 21:25,0
2022/7/7 21:30,0
2022/7/7 21:35,0
2022/7/7 21:40,0
2022/7/7 21:45,0
2022/7/7 21:50,0
2022/7/7 21:55,0
2022/7/7 22:00,0
2022/7/7 22:05,0
2022/7/7 22:10,0
2022/7/7 22:15,0
2022/7/7 22:20,0
2022/7/7 22:25,0
2022/7/7 22:30,0
2022/7/7 22:35,0
2022/7/7 22:40,0
2022/7/7 22:45,0
2022/7/7 22:50,0
2022/7/7 22:55,0
2022/7/7 23:00,0
2022/7/7 23:05,0
2022/7/7 23:10,0
2022/7/7 23:15,0
2022/7/7 23:20,0
2022/7/7 23:25,0
2022/7/7 23:30,0
2022/7/7 23:35,0
2022/7/7 23:40,0
2022/7/7 23:45,0
2022/7/7 23:50,0
2022/7/7 23:55,0
2022/7/8 0:00,0
2022/7/8 0:05,0
2022/7/8 0:10,0
2022/7/8 0:15,0
2022/7/8 0:20,0
2022/7/8 0:25,0
2022/7/8 0:30,0
2022/7/8 0:35,0
2022/7/8 0:40,0
2022/7/8 0:45,0
2022/7/8 0:50,0
2022/7/8 0:55,0
2022/7/8 1:00,0
2022/7/8 1:05,0
2022/7/8 1:10,0
2022/7/8 1:15,0
2022/7/8 1:20,0
2022/7/8 1:25,0
2022/7/8 1:30,0
2022/7/8 1:35,0
2022/7/8 1:40,0
2022/7/8 1:45,0
2022/7/8 1:50,0
2022/7/8 1:55,0
2022/7/8 2:00,0
2022/7/8 2:05,0
2022/7/8 2:10,0
2022/7/8 2:15,0
2022/7/8 2:20,0
2022/7/8 2:25,0
2022/7/8 2:30,0
2022/7/8 2:35,0
2022/7/8 2:40,0
2022/7/8 2:45,0
2022/7/8 2:50,0
2022/7/8 2:55,0
2022/7/8 3:00,0
2022/7/8 3:05,0
2022/7/8 3:10,0
2022/7/8 3:15,0
2022/7/8 3:20,0
2022/7/8 3:25,0
2022/7/8 3:30,0
2022/7/8 3:35,0
2022/7/8 3:40,0
2022/7/8 3:45,0
2022/7/8 3:50,0
2022/7/8 3:55,0
2022/7/8 4:00,0
2022/7/8 4:05,0
2022/7/8 4:10,0
2022/7/8 4:15,0
2022/7/8 4:20,0
2022/7/8 4:25,0
2022/7/8 4:30,0
2022/7/8 4:35,0
2022/7/8 4:40,0
2022/7/8 4:45,0
2022/7/8 4:50,0
2022/7/8 4:55,0
2022/7/8 5:00,0
2022/7/8 5:05,0
2022/7/8 5:10,0
2022/7/8 5:15,0
2022/7/8 5:20,0
2022/7/8 5:25,0
2022/7/8 5:30,0
2022/7/8 5:35,0
2022/7/8 5:40,0
2022/7/8 5:45,0
2022/7/8 5:50,0
2022/7/8 5:55,0
2022/7/8 6:00,0
2022/7/8 6:05,0
2022/7/8 6:10,0
2022/7/8 6:15,0
2022/7/8 6:20,0
2022/7/8 6:25,0
2022/7/8 6:30,0
2022/7/8 6:35,0
2022/7/8 6:40,0
2022/7/8 6:45,0
2022/7/8 6:50,0
2022/7/8 6:55,0
2022/7/8 7:00,0
2022/7/8 7:05,0
2022/7/8 7:10,0
2022/7/8 7:15,0
2022/7/8 7:20,0
2022/7/8 7:25,0
2022/7/8 7:30,0
2022/7/8 7:35,0
2022/7/8 7:40,0
2022/7/8 7:45,0
2022/7/8 7:50,0
2022/7/8 7:55,0
2022/7/8 8:00,0
2022/7/8 8:05,0
2022/7/8 8:10,0
2022/7/8 8:15,0
2022/7/8 8:20,0
2022/7/8 8:25,0
2022/7/8 8:30,0
2022/7/8 8:35,0
2022/7/8 8:40,0
2022/7/8 8:45,0
2022/7/8 8:50,0
2022/7/8 8:55,0
2022/7/8 9:00,11905.37956
2022/7/8 9:05,20185.48926
2022/7/8 9:10,19970.24888
2022/7/8 9:15,16899.2345
2022/7/8 9:20,-651.1031201
2022/7/8 9:25,17723.51693
2022/7/8 9:30,0
2022/7/8 9:35,0
2022/7/8 9:40,0
2022/7/8 9:45,10923.57981
2022/7/8 9:50,18518.2091
2022/7/8 9:55,16880.80696
2022/7/8 10:00,19828.10534
2022/7/8 10:05,21247.43674
2022/7/8 10:10,2415.41534
2022/7/8 10:15,20092.87425
2022/7/8 10:20,20147.20757
2022/7/8 10:25,14333.3867
2022/7/8 10:30,0
2022/7/8 10:35,0
2022/7/8 10:40,0
2022/7/8 10:45,0
2022/7/8 10:50,0
2022/7/8 10:55,0
2022/7/8 11:00,0
2022/7/8 11:05,0
2022/7/8 11:10,0
2022/7/8 11:15,0
2022/7/8 11:20,0
2022/7/8 11:25,0
2022/7/8 11:30,0
2022/7/8 11:35,0
2022/7/8 11:40,12885.17159
2022/7/8 11:45,20189.14718
2022/7/8 11:50,17792.77166
2022/7/8 11:55,7548.584486
2022/7/8 12:00,8074.931089
2022/7/8 12:05,20087.76916
2022/7/8 12:10,26823.8557
2022/7/8 12:15,6616.102117
2022/7/8 12:20,0
2022/7/8 12:25,351.1898577
2022/7/8 12:30,14757.38678
2022/7/8 12:35,-774.2020123
2022/7/8 12:40,-689.4438886
2022/7/8 12:45,-665.0281263
2022/7/8 12:50,-640.6713257
2022/7/8 12:55,-615.7853061
2022/7/8 13:00,-550.1582489
2022/7/8 13:05,-434.1271796
2022/7/8 13:10,-246.4128316
2022/7/8 13:15,
2022/7/8 13:20,-99.94765263
2022/7/8 13:25,0
2022/7/8 13:30,0
2022/7/8 13:35,0
2022/7/8 13:40,0
2022/7/8 13:45,0
2022/7/8 13:50,
2022/7/8 13:55,17837.76782
2022/7/8 14:00,18748.23848
2022/7/8 14:05,17591.11299
2022/7/8 14:10,17194.52747
2022/7/8 14:15,11423.95612
2022/7/8 14:20,6685.881696
2022/7/8 14:25,19868.59091
2022/7/8 14:30,17524.57074
2022/7/8 14:35,0
2022/7/8 14:40,0
2022/7/8 14:45,0
2022/7/8 14:50,0
2022/7/8 14:55,0
2022/7/8 15:00,0
2022/7/8 15:05,0
2022/7/8 15:10,0
2022/7/8 15:15,0
2022/7/8 15:20,0
2022/7/8 15:25,0
2022/7/8 15:30,0
2022/7/8 15:35,0
2022/7/8 15:40,0
2022/7/8 15:45,0
2022/7/8 15:50,0
2022/7/8 15:55,0
2022/7/8 16:00,0
2022/7/8 16:05,6876.109011
2022/7/8 16:10,22834.85326
2022/7/8 16:15,22833.19521
2022/7/8 16:20,18370.4041
2022/7/8 16:25,5695.306641
2022/7/8 16:30,21463.83101
2022/7/8 16:35,21556.91575
2022/7/8 16:40,17692.14186
2022/7/8 16:45,1652.123941
2022/7/8 16:50,18740.39919
2022/7/8 16:55,2202.144903
2022/7/8 17:00,0
2022/7/8 17:05,0
2022/7/8 17:10,0
2022/7/8 17:15,0
2022/7/8 17:20,0
2022/7/8 17:25,0
2022/7/8 17:30,0
2022/7/8 17:35,0
2022/7/8 17:40,0
2022/7/8 17:45,0
2022/7/8 17:50,0
2022/7/8 17:55,0
2022/7/8 18:00,0
2022/7/8 18:05,0
2022/7/8 18:10,0
2022/7/8 18:15,0
2022/7/8 18:20,0
2022/7/8 18:25,0
2022/7/8 18:30,0
2022/7/8 18:35,0
2022/7/8 18:40,0
2022/7/8 18:45,0
2022/7/8 18:50,0
2022/7/8 18:55,0
2022/7/8 19:00,0
2022/7/8 19:05,0
2022/7/8 19:10,0
2022/7/8 19:15,0
2022/7/8 19:20,0
2022/7/8 19:25,0
2022/7/8 19:30,0
2022/7/8 19:35,0
2022/7/8 19:40,0
2022/7/8 19:45,0
2022/7/8 19:50,0
2022/7/8 19:55,0
2022/7/8 20:00,0
2022/7/8 20:05,0
2022/7/8 20:10,0
2022/7/8 20:15,0
2022/7/8 20:20,0
2022/7/8 20:25,0
2022/7/8 20:30,0
2022/7/8 20:35,0
2022/7/8 20:40,0
2022/7/8 20:45,0
2022/7/8 20:50,0
2022/7/8 20:55,0
2022/7/8 21:00,0
2022/7/8 21:05,0
2022/7/8 21:10,0
2022/7/8 21:15,0
2022/7/8 21:20,0
2022/7/8 21:25,0
2022/7/8 21:30,0
2022/7/8 21:35,0
2022/7/8 21:40,0
2022/7/8 21:45,0
2022/7/8 21:50,0
2022/7/8 21:55,0
2022/7/8 22:00,0
2022/7/8 22:05,0
2022/7/8 22:10,0
2022/7/8 22:15,0
2022/7/8 22:20,0
2022/7/8 22:25,0
2022/7/8 22:30,0
2022/7/8 22:35,0
2022/7/8 22:40,0
2022/7/8 22:45,0
2022/7/8 22:50,0
2022/7/8 22:55,0
2022/7/8 23:00,0
2022/7/8 23:05,0
2022/7/8 23:10,0
2022/7/8 23:15,0
2022/7/8 23:20,0
2022/7/8 23:25,0
2022/7/8 23:30,0
2022/7/8 23:35,0
2022/7/8 23:40,0
2022/7/8 23:45,0
2022/7/8 23:50,0
2022/7/8 23:55,0
2022/7/9 0:00,0
2022/7/9 0:05,0
2022/7/9 0:10,0
2022/7/9 0:15,0
2022/7/9 0:20,0
2022/7/9 0:25,0
2022/7/9 0:30,0
2022/7/9 0:35,0
2022/7/9 0:40,0
2022/7/9 0:45,0
2022/7/9 0:50,0
2022/7/9 0:55,0
2022/7/9 1:00,0
2022/7/9 1:05,0
2022/7/9 1:10,0
2022/7/9 1:15,0
2022/7/9 1:20,0
2022/7/9 1:25,0
2022/7/9 1:30,0
2022/7/9 1:35,0
2022/7/9 1:40,0
2022/7/9 1:45,0
2022/7/9 1:50,0
2022/7/9 1:55,0
2022/7/9 2:00,0
2022/7/9 2:05,0
2022/7/9 2:10,0
2022/7/9 2:15,0
2022/7/9 2:20,0
2022/7/9 2:25,0
2022/7/9 2:30,0
2022/7/9 2:35,0
2022/7/9 2:40,0
2022/7/9 2:45,0
2022/7/9 2:50,0
2022/7/9 2:55,0
2022/7/9 3:00,0
2022/7/9 3:05,0
2022/7/9 3:10,0
2022/7/9 3:15,0
2022/7/9 3:20,0
2022/7/9 3:25,0
2022/7/9 3:30,0
2022/7/9 3:35,0
2022/7/9 3:40,0
2022/7/9 3:45,0
2022/7/9 3:50,0
2022/7/9 3:55,0
2022/7/9 4:00,0
2022/7/9 4:05,0
2022/7/9 4:10,0
2022/7/9 4:15,0
2022/7/9 4:20,0
2022/7/9 4:25,0
2022/7/9 4:30,0
2022/7/9 4:35,0
2022/7/9 4:40,0
2022/7/9 4:45,0
2022/7/9 4:50,0
2022/7/9 4:55,0
2022/7/9 5:00,0
2022/7/9 5:05,0
2022/7/9 5:10,0
2022/7/9 5:15,0
2022/7/9 5:20,0
2022/7/9 5:25,0
2022/7/9 5:30,0
2022/7/9 5:35,0
2022/7/9 5:40,0
2022/7/9 5:45,0
2022/7/9 5:50,0
2022/7/9 5:55,0
2022/7/9 6:00,0
2022/7/9 6:05,0
2022/7/9 6:10,0
2022/7/9 6:15,0
2022/7/9 6:20,0
2022/7/9 6:25,0
2022/7/9 6:30,0
2022/7/9 6:35,0
2022/7/9 6:40,0
2022/7/9 6:45,0
2022/7/9 6:50,0
2022/7/9 6:55,0
2022/7/9 7:00,0
2022/7/9 7:05,0
2022/7/9 7:10,0
2022/7/9 7:15,0
2022/7/9 7:20,0
2022/7/9 7:25,0
2022/7/9 7:30,0
2022/7/9 7:35,0
2022/7/9 7:40,0
2022/7/9 7:45,0
2022/7/9 7:50,0
2022/7/9 7:55,0
2022/7/9 8:00,0
2022/7/9 8:05,0
2022/7/9 8:10,0
2022/7/9 8:15,0
2022/7/9 8:20,0
2022/7/9 8:25,0
2022/7/9 8:30,0
2022/7/9 8:35,0
2022/7/9 8:40,0
2022/7/9 8:45,0
2022/7/9 8:50,0
2022/7/9 8:55,0
2022/7/9 9:00,0
2022/7/9 9:05,0
2022/7/9 9:10,0
2022/7/9 9:15,0
2022/7/9 9:20,0
2022/7/9 9:25,0
2022/7/9 9:30,0
2022/7/9 9:35,0
2022/7/9 9:40,0
2022/7/9 9:45,0
2022/7/9 9:50,0
2022/7/9 9:55,0
2022/7/9 10:00,
2022/7/9 10:05,19083.40974
2022/7/9 10:10,17269.19925
2022/7/9 10:15,19882.10846
2022/7/9 10:20,21762.16932
2022/7/9 10:25,26695.35618
2022/7/9 10:30,24566.53979
2022/7/9 10:35,26596.21962
2022/7/9 10:40,27625.62435
2022/7/9 10:45,12694.65853
2022/7/9 10:50,9782.214627
2022/7/9 10:55,20287.85912
2022/7/9 11:00,11081.19724
2022/7/9 11:05,8733.486144
2022/7/9 11:10,15582.20306
2022/7/9 11:15,13512.38845
2022/7/9 11:20,4229.656009
2022/7/9 11:25,14101.17524
2022/7/9 11:30,16597.18026
2022/7/9 11:35,2564.224825
2022/7/9 11:40,17067.61543
2022/7/9 11:45,10139.91093
2022/7/9 11:50,14209.80848
2022/7/9 11:55,4436.288506
2022/7/9 12:00,-663.3550045
2022/7/9 12:05,0
2022/7/9 12:10,0
2022/7/9 12:15,0
2022/7/9 12:20,0
2022/7/9 12:25,0
2022/7/9 12:30,0
2022/7/9 12:35,7537.100167
2022/7/9 12:40,19647.61022
2022/7/9 12:45,-669.6891271
2022/7/9 12:50,-653.7280016
2022/7/9 12:55,-645.2007471
2022/7/9 13:00,-619.9762423
2022/7/9 13:05,-568.2514955
2022/7/9 13:10,-422.532649
2022/7/9 13:15,16352.54965
2022/7/9 13:20,4767.751041
2022/7/9 13:25,-661.6002947
2022/7/9 13:30,-693.9973023
2022/7/9 13:35,0
2022/7/9 13:40,0
2022/7/9 13:45,0
2022/7/9 13:50,0
2022/7/9 13:55,0
2022/7/9 14:00,0
2022/7/9 14:05,0
2022/7/9 14:10,0
2022/7/9 14:15,0
2022/7/9 14:20,0
2022/7/9 14:25,0
2022/7/9 14:30,0
2022/7/9 14:35,0
2022/7/9 14:40,0
2022/7/9 14:45,0
2022/7/9 14:50,0
2022/7/9 14:55,0
2022/7/9 15:00,0
2022/7/9 15:05,0
2022/7/9 15:10,0
2022/7/9 15:15,0
2022/7/9 15:20,0
2022/7/9 15:25,0
2022/7/9 15:30,0
2022/7/9 15:35,0
2022/7/9 15:40,0
2022/7/9 15:45,0
2022/7/9 15:50,0
2022/7/9 15:55,0
2022/7/9 16:00,0
2022/7/9 16:05,0
2022/7/9 16:10,0
2022/7/9 16:15,6412.71059
2022/7/9 16:20,5881.594087
2022/7/9 16:25,12108.45537
2022/7/9 16:30,6759.369135
2022/7/9 16:35,-734.6970476
2022/7/9 16:40,0
2022/7/9 16:45,0
2022/7/9 16:50,0
2022/7/9 16:55,0
2022/7/9 17:00,0
2022/7/9 17:05,0
2022/7/9 17:10,0
2022/7/9 17:15,0
2022/7/9 17:20,0
2022/7/9 17:25,0
2022/7/9 17:30,0
2022/7/9 17:35,0
2022/7/9 17:40,0
2022/7/9 17:45,0
2022/7/9 17:50,0
2022/7/9 17:55,0
2022/7/9 18:00,0
2022/7/9 18:05,0
2022/7/9 18:10,0
2022/7/9 18:15,0
2022/7/9 18:20,0
2022/7/9 18:25,0
2022/7/9 18:30,0
2022/7/9 18:35,0
2022/7/9 18:40,0
2022/7/9 18:45,0
2022/7/9 18:50,0
2022/7/9 18:55,0
2022/7/9 19:00,0
2022/7/9 19:05,0
2022/7/9 19:10,0
2022/7/9 19:15,0
2022/7/9 19:20,0
2022/7/9 19:25,0
2022/7/9 19:30,0
2022/7/9 19:35,0
2022/7/9 19:40,0
2022/7/9 19:45,0
2022/7/9 19:50,0
2022/7/9 19:55,
2022/7/9 20:00,0
2022/7/9 20:05,0
2022/7/9 20:10,0
2022/7/9 20:15,0
2022/7/9 20:20,0
2022/7/9 20:25,0
2022/7/9 20:30,0
2022/7/9 20:35,0
2022/7/9 20:40,0
2022/7/9 20:45,0
2022/7/9 20:50,0
2022/7/9 20:55,0
2022/7/9 21:00,0
2022/7/9 21:05,0
2022/7/9 21:10,0
2022/7/9 21:15,0
2022/7/9 21:20,0
2022/7/9 21:25,0
2022/7/9 21:30,0
2022/7/9 21:35,0
2022/7/9 21:40,0
2022/7/9 21:45,0
2022/7/9 21:50,0
2022/7/9 21:55,0
2022/7/9 22:00,0
2022/7/9 22:05,0
2022/7/9 22:10,0
2022/7/9 22:15,0
2022/7/9 22:20,0
2022/7/9 22:25,0
2022/7/9 22:30,0
2022/7/9 22:35,0
2022/7/9 22:40,0
2022/7/9 22:45,0
2022/7/9 22:50,0
2022/7/9 22:55,0
2022/7/9 23:00,0
2022/7/9 23:05,0
2022/7/9 23:10,0
2022/7/9 23:15,0
2022/7/9 23:20,0
2022/7/9 23:25,0
2022/7/9 23:30,0
2022/7/9 23:35,0
2022/7/9 23:40,0
2022/7/9 23:45,0
2022/7/9 23:50,0
2022/7/9 23:55,0
2022/7/10 0:00,0
2022/7/10 0:05,0
2022/7/10 0:10,0
2022/7/10 0:15,0
2022/7/10 0:20,0
2022/7/10 0:25,0
2022/7/10 0:30,0
2022/7/10 0:35,0
2022/7/10 0:40,0
2022/7/10 0:45,0
2022/7/10 0:50,0
2022/7/10 0:55,0
2022/7/10 1:00,0
2022/7/10 1:05,0
2022/7/10 1:10,0
2022/7/10 1:15,0
2022/7/10 1:20,0
2022/7/10 1:25,0
2022/7/10 1:30,0
2022/7/10 1:35,0
2022/7/10 1:40,0
2022/7/10 1:45,0
2022/7/10 1:50,0
2022/7/10 1:55,0
2022/7/10 2:00,0
2022/7/10 2:05,0
2022/7/10 2:10,0
2022/7/10 2:15,0
2022/7/10 2:20,0
2022/7/10 2:25,0
2022/7/10 2:30,0
2022/7/10 2:35,0
2022/7/10 2:40,0
2022/7/10 2:45,0
2022/7/10 2:50,0
2022/7/10 2:55,0
2022/7/10 3:00,0
2022/7/10 3:05,0
2022/7/10 3:10,0
2022/7/10 3:15,0
2022/7/10 3:20,0
2022/7/10 3:25,0
2022/7/10 3:30,0
2022/7/10 3:35,0
2022/7/10 3:40,0
2022/7/10 3:45,0
2022/7/10 3:50,0
2022/7/10 3:55,0
2022/7/10 4:00,0
2022/7/10 4:05,0
2022/7/10 4:10,0
2022/7/10 4:15,0
2022/7/10 4:20,0
2022/7/10 4:25,0
2022/7/10 4:30,0
2022/7/10 4:35,0
2022/7/10 4:40,0
2022/7/10 4:45,0
2022/7/10 4:50,0
2022/7/10 4:55,0
2022/7/10 5:00,0
2022/7/10 5:05,0
2022/7/10 5:10,0
2022/7/10 5:15,0
2022/7/10 5:20,0
2022/7/10 5:25,0
2022/7/10 5:30,0
2022/7/10 5:35,0
2022/7/10 5:40,0
2022/7/10 5:45,0
2022/7/10 5:50,0
2022/7/10 5:55,0
2022/7/10 6:00,0
2022/7/10 6:05,0
2022/7/10 6:10,0
2022/7/10 6:15,0
2022/7/10 6:20,0
2022/7/10 6:25,0
2022/7/10 6:30,0
2022/7/10 6:35,0
2022/7/10 6:40,0
2022/7/10 6:45,0
2022/7/10 6:50,0
2022/7/10 6:55,0
2022/7/10 7:00,0
2022/7/10 7:05,0
2022/7/10 7:10,0
2022/7/10 7:15,0
2022/7/10 7:20,0
2022/7/10 7:25,0
2022/7/10 7:30,0
2022/7/10 7:35,0
2022/7/10 7:40,0
2022/7/10 7:45,0
2022/7/10 7:50,0
2022/7/10 7:55,0
2022/7/10 8:00,0
2022/7/10 8:05,0
2022/7/10 8:10,0
2022/7/10 8:15,0
2022/7/10 8:20,0
2022/7/10 8:25,0
2022/7/10 8:30,0
2022/7/10 8:35,0
2022/7/10 8:40,0
2022/7/10 8:45,0
2022/7/10 8:50,0
2022/7/10 8:55,0
2022/7/10 9:00,0
2022/7/10 9:05,0
2022/7/10 9:10,0
2022/7/10 9:15,0
2022/7/10 9:20,0
2022/7/10 9:25,0
2022/7/10 9:30,0
2022/7/10 9:35,0
2022/7/10 9:40,0
2022/7/10 9:45,0
2022/7/10 9:50,0
2022/7/10 9:55,0
2022/7/10 10:00,0
2022/7/10 10:05,0
2022/7/10 10:10,0
2022/7/10 10:15,0
2022/7/10 10:20,0
2022/7/10 10:25,0
2022/7/10 10:30,0
2022/7/10 10:35,0
2022/7/10 10:40,0
2022/7/10 10:45,0
2022/7/10 10:50,0
2022/7/10 10:55,0
2022/7/10 11:00,0
2022/7/10 11:05,0
2022/7/10 11:10,0
2022/7/10 11:15,0
2022/7/10 11:20,0
2022/7/10 11:25,0
2022/7/10 11:30,0
2022/7/10 11:35,0
2022/7/10 11:40,0
2022/7/10 11:45,0
2022/7/10 11:50,0
2022/7/10 11:55,0
2022/7/10 12:00,0
2022/7/10 12:05,0
2022/7/10 12:10,0
2022/7/10 12:15,0
2022/7/10 12:20,0
2022/7/10 12:25,0
2022/7/10 12:30,0
2022/7/10 12:35,0
2022/7/10 12:40,0
2022/7/10 12:45,0
2022/7/10 12:50,0
2022/7/10 12:55,0
2022/7/10 13:00,0
2022/7/10 13:05,0
2022/7/10 13:10,0
2022/7/10 13:15,0
2022/7/10 13:20,0
2022/7/10 13:25,0
2022/7/10 13:30,0
2022/7/10 13:35,0
2022/7/10 13:40,0
2022/7/10 13:45,0
2022/7/10 13:50,0
2022/7/10 13:55,0
2022/7/10 14:00,0
2022/7/10 14:05,0
2022/7/10 14:10,0
2022/7/10 14:15,0
2022/7/10 14:20,0
2022/7/10 14:25,0
2022/7/10 14:30,0
2022/7/10 14:35,0
2022/7/10 14:40,0
2022/7/10 14:45,0
2022/7/10 14:50,0
2022/7/10 14:55,0
2022/7/10 15:00,0
2022/7/10 15:05,0
2022/7/10 15:10,0
2022/7/10 15:15,0
2022/7/10 15:20,0
2022/7/10 15:25,0
2022/7/10 15:30,0
2022/7/10 15:35,0
2022/7/10 15:40,0
2022/7/10 15:45,0
2022/7/10 15:50,0
2022/7/10 15:55,0
2022/7/10 16:00,0
2022/7/10 16:05,0
2022/7/10 16:10,0
2022/7/10 16:15,0
2022/7/10 16:20,0
2022/7/10 16:25,0
2022/7/10 16:30,0
2022/7/10 16:35,0
2022/7/10 16:40,0
2022/7/10 16:45,0
2022/7/10 16:50,0
2022/7/10 16:55,0
2022/7/10 17:00,0
2022/7/10 17:05,0
2022/7/10 17:10,0
2022/7/10 17:15,0
2022/7/10 17:20,0
2022/7/10 17:25,0
2022/7/10 17:30,0
2022/7/10 17:35,0
2022/7/10 17:40,0
2022/7/10 17:45,0
2022/7/10 17:50,0
2022/7/10 17:55,0
2022/7/10 18:00,0
2022/7/10 18:05,0
2022/7/10 18:10,0
2022/7/10 18:15,0
2022/7/10 18:20,0
2022/7/10 18:25,0
2022/7/10 18:30,0
2022/7/10 18:35,0
2022/7/10 18:40,0
2022/7/10 18:45,0
2022/7/10 18:50,0
2022/7/10 18:55,0
2022/7/10 19:00,0
2022/7/10 19:05,0
2022/7/10 19:10,0
2022/7/10 19:15,0
2022/7/10 19:20,0
2022/7/10 19:25,0
2022/7/10 19:30,0
2022/7/10 19:35,0
2022/7/10 19:40,0
2022/7/10 19:45,0
2022/7/10 19:50,0
2022/7/10 19:55,0
2022/7/10 20:00,0
2022/7/10 20:05,0
2022/7/10 20:10,0
2022/7/10 20:15,0
2022/7/10 20:20,0
2022/7/10 20:25,0
2022/7/10 20:30,0
2022/7/10 20:35,0
2022/7/10 20:40,0
2022/7/10 20:45,0
2022/7/10 20:50,0
2022/7/10 20:55,0
2022/7/10 21:00,0
2022/7/10 21:05,0
2022/7/10 21:10,0
2022/7/10 21:15,0
2022/7/10 21:20,0
2022/7/10 21:25,0
2022/7/10 21:30,0
2022/7/10 21:35,0
2022/7/10 21:40,0
2022/7/10 21:45,0
2022/7/10 21:50,0
2022/7/10 21:55,0
2022/7/10 22:00,0
2022/7/10 22:05,0
2022/7/10 22:10,0
2022/7/10 22:15,0
2022/7/10 22:20,0
2022/7/10 22:25,0
2022/7/10 22:30,0
2022/7/10 22:35,0
2022/7/10 22:40,0
2022/7/10 22:45,0
2022/7/10 22:50,0
2022/7/10 22:55,0
2022/7/10 23:00,0
2022/7/10 23:05,0
2022/7/10 23:10,0
2022/7/10 23:15,0
2022/7/10 23:20,0
2022/7/10 23:25,0
2022/7/10 23:30,0
2022/7/10 23:35,0
2022/7/10 23:40,0
2022/7/10 23:45,0
2022/7/10 23:50,0
2022/7/10 23:55,0
2022/7/11 0:00,0
2022/7/11 0:05,0
2022/7/11 0:10,0
2022/7/11 0:15,0
2022/7/11 0:20,0
2022/7/11 0:25,0
2022/7/11 0:30,0
2022/7/11 0:35,0
2022/7/11 0:40,0
2022/7/11 0:45,0
2022/7/11 0:50,0
2022/7/11 0:55,0
2022/7/11 1:00,0
2022/7/11 1:05,0
2022/7/11 1:10,0
2022/7/11 1:15,0
2022/7/11 1:20,0
2022/7/11 1:25,0
2022/7/11 1:30,0
2022/7/11 1:35,0
2022/7/11 1:40,0
2022/7/11 1:45,0
2022/7/11 1:50,0
2022/7/11 1:55,0
2022/7/11 2:00,0
2022/7/11 2:05,0
2022/7/11 2:10,0
2022/7/11 2:15,0
2022/7/11 2:20,0
2022/7/11 2:25,0
2022/7/11 2:30,0
2022/7/11 2:35,0
2022/7/11 2:40,0
2022/7/11 2:45,0
2022/7/11 2:50,0
2022/7/11 2:55,0
2022/7/11 3:00,0
2022/7/11 3:05,0
2022/7/11 3:10,0
2022/7/11 3:15,0
2022/7/11 3:20,0
2022/7/11 3:25,0
2022/7/11 3:30,0
2022/7/11 3:35,0
2022/7/11 3:40,0
2022/7/11 3:45,0
2022/7/11 3:50,0
2022/7/11 3:55,0
2022/7/11 4:00,0
2022/7/11 4:05,0
2022/7/11 4:10,0
2022/7/11 4:15,0
2022/7/11 4:20,0
2022/7/11 4:25,0
2022/7/11 4:30,0
2022/7/11 4:35,0
2022/7/11 4:40,0
2022/7/11 4:45,0
2022/7/11 4:50,0
2022/7/11 4:55,0
2022/7/11 5:00,0
2022/7/11 5:05,0
2022/7/11 5:10,0
2022/7/11 5:15,0
2022/7/11 5:20,0
2022/7/11 5:25,0
2022/7/11 5:30,0
2022/7/11 5:35,0
2022/7/11 5:40,0
2022/7/11 5:45,0
2022/7/11 5:50,0
2022/7/11 5:55,0
2022/7/11 6:00,0
2022/7/11 6:05,0
2022/7/11 6:10,0
2022/7/11 6:15,0
2022/7/11 6:20,0
2022/7/11 6:25,0
2022/7/11 6:30,0
2022/7/11 6:35,0
2022/7/11 6:40,0
2022/7/11 6:45,0
2022/7/11 6:50,0
2022/7/11 6:55,0
2022/7/11 7:00,0
2022/7/11 7:05,0
2022/7/11 7:10,0
2022/7/11 7:15,0
2022/7/11 7:20,0
2022/7/11 7:25,0
2022/7/11 7:30,0
2022/7/11 7:35,0
2022/7/11 7:40,0
2022/7/11 7:45,0
2022/7/11 7:50,0
2022/7/11 7:55,
2022/7/11 8:00,25406.22091
2022/7/11 8:05,20069.17097
2022/7/11 8:10,16520.13097
2022/7/11 8:15,-619.7027771
2022/7/11 8:20,7616.055732
2022/7/11 8:25,3059.64635
2022/7/11 8:30,0
2022/7/11 8:35,0
2022/7/11 8:40,0
2022/7/11 8:45,10072.83002
2022/7/11 8:50,16191.64152
2022/7/11 8:55,-687.9934601
2022/7/11 9:00,7459.475822
2022/7/11 9:05,8297.904774
2022/7/11 9:10,-593.4374036
2022/7/11 9:15,11835.65279
2022/7/11 9:20,4405.511042
2022/7/11 9:25,-579.3151848
2022/7/11 9:30,13433.17858
2022/7/11 9:35,0
2022/7/11 9:40,-572.1487872
2022/7/11 9:45,6486.552224
2022/7/11 9:50,11410.31328
2022/7/11 9:55,-592.0263546
2022/7/11 10:00,16098.04127
2022/7/11 10:05,-686.7206632
2022/7/11 10:10,6036.208456
2022/7/11 10:15,31895.37659
2022/7/11 10:20,5357.68646
2022/7/11 10:25,9974.44294
2022/7/11 10:30,8451.466639
2022/7/11 10:35,-687.1128863
2022/7/11 10:40,14620.23604
2022/7/11 10:45,9673.651885
2022/7/11 10:50,-632.4557758
2022/7/11 10:55,7094.454774
2022/7/11 11:00,14987.25163
2022/7/11 11:05,-573.2475399
2022/7/11 11:10,16527.73659
2022/7/11 11:15,-699.5498628
2022/7/11 11:20,4902.88641
2022/7/11 11:25,16320.77672
2022/7/11 11:30,-673.079637
2022/7/11 11:35,-487.7402588
2022/7/11 11:40,13775.43318
2022/7/11 11:45,-677.8978435
2022/7/11 11:50,-615.7309291
2022/7/11 11:55,15884.0647
2022/7/11 12:00,-712.5832806
2022/7/11 12:05,-624.835911
2022/7/11 12:10,9305.880505
2022/7/11 12:15,0
2022/7/11 12:20,0
2022/7/11 12:25,0
2022/7/11 12:30,0
2022/7/11 12:35,0
2022/7/11 12:40,0
2022/7/11 12:45,0
2022/7/11 12:50,0
2022/7/11 12:55,0
2022/7/11 13:00,0
2022/7/11 13:05,0
2022/7/11 13:10,0
2022/7/11 13:15,0
2022/7/11 13:20,0
2022/7/11 13:25,0
2022/7/11 13:30,0
2022/7/11 13:35,0
2022/7/11 13:40,0
2022/7/11 13:45,0
2022/7/11 13:50,0
2022/7/11 13:55,0
2022/7/11 14:00,8741.627922
2022/7/11 14:05,19676.22461
2022/7/11 14:10,20335.33814
2022/7/11 14:15,19724.32298
2022/7/11 14:20,8935.543002
2022/7/11 14:25,11949.70647
2022/7/11 14:30,18956.17885
2022/7/11 14:35,18202.55128
2022/7/11 14:40,17973.61236
2022/7/11 14:45,14431.59772
2022/7/11 14:50,0
2022/7/11 14:55,0
2022/7/11 15:00,0
2022/7/11 15:05,0
2022/7/11 15:10,0
2022/7/11 15:15,0
2022/7/11 15:20,0
2022/7/11 15:25,3438.210306
2022/7/11 15:30,23334.4183
2022/7/11 15:35,9395.06294
2022/7/11 15:40,17455.95658
2022/7/11 15:45,20476.27118
2022/7/11 15:50,19325.80364
2022/7/11 15:55,28834.80956
2022/7/11 16:00,12241.77069
2022/7/11 16:05,16195.94801
2022/7/11 16:10,13891.77083
2022/7/11 16:15,17499.74303
2022/7/11 16:20,11429.08231
2022/7/11 16:25,-916.5289131
2022/7/11 16:30,20161.46494
2022/7/11 16:35,-801.6718244
2022/7/11 16:40,7698.616075
2022/7/11 16:45,11294.06424
2022/7/11 16:50,-747.5658966
2022/7/11 16:55,14172.82099
2022/7/11 17:00,0
2022/7/11 17:05,5717.004651
2022/7/11 17:10,19122.82207
2022/7/11 17:15,-806.9455307
2022/7/11 17:20,5279.533255
2022/7/11 17:25,15266.41184
2022/7/11 17:30,0
2022/7/11 17:35,0
2022/7/11 17:40,0
2022/7/11 17:45,0
2022/7/11 17:50,0
2022/7/11 17:55,0
2022/7/11 18:00,0
2022/7/11 18:05,0
2022/7/11 18:10,0
2022/7/11 18:15,0
2022/7/11 18:20,0
2022/7/11 18:25,0
2022/7/11 18:30,8590.280515
2022/7/11 18:35,14243.99917
2022/7/11 18:40,0
2022/7/11 18:45,0
2022/7/11 18:50,0
2022/7/11 18:55,0
2022/7/11 19:00,0
2022/7/11 19:05,0
2022/7/11 19:10,0
2022/7/11 19:15,0
2022/7/11 19:20,0
2022/7/11 19:25,0
2022/7/11 19:30,0
2022/7/11 19:35,0
2022/7/11 19:40,0
2022/7/11 19:45,0
2022/7/11 19:50,0
2022/7/11 19:55,0
2022/7/11 20:00,16513.84777
2022/7/11 20:05,19409.80877
2022/7/11 20:10,17519.72582
2022/7/11 20:15,15847.52113
2022/7/11 20:20,6409.760126
2022/7/11 20:25,9907.054308
2022/7/11 20:30,0
2022/7/11 20:35,0
2022/7/11 20:40,0
2022/7/11 20:45,0
2022/7/11 20:50,0
2022/7/11 20:55,0
2022/7/11 21:00,0
2022/7/11 21:05,0
2022/7/11 21:10,0
2022/7/11 21:15,0
2022/7/11 21:20,0
2022/7/11 21:25,0
2022/7/11 21:30,0
2022/7/11 21:35,0
2022/7/11 21:40,0
2022/7/11 21:45,0
2022/7/11 21:50,0
2022/7/11 21:55,0
2022/7/11 22:00,0
2022/7/11 22:05,0
2022/7/11 22:10,0
2022/7/11 22:15,0
2022/7/11 22:20,0
2022/7/11 22:25,0
2022/7/11 22:30,0
2022/7/11 22:35,0
2022/7/11 22:40,0
2022/7/11 22:45,0
2022/7/11 22:50,0
2022/7/11 22:55,0
2022/7/11 23:00,0
2022/7/11 23:05,0
2022/7/11 23:10,0
2022/7/11 23:15,0
2022/7/11 23:20,0
2022/7/11 23:25,0
2022/7/11 23:30,0
2022/7/11 23:35,0
2022/7/11 23:40,0
2022/7/11 23:45,0
2022/7/11 23:50,0
2022/7/11 23:55,0
2022/7/12 0:00,0
2022/7/12 0:05,0
2022/7/12 0:10,0
2022/7/12 0:15,0
2022/7/12 0:20,0
2022/7/12 0:25,0
2022/7/12 0:30,0
2022/7/12 0:35,0
2022/7/12 0:40,0
2022/7/12 0:45,0
2022/7/12 0:50,0
2022/7/12 0:55,0
2022/7/12 1:00,0
2022/7/12 1:05,0
2022/7/12 1:10,0
2022/7/12 1:15,0
2022/7/12 1:20,0
2022/7/12 1:25,0
2022/7/12 1:30,0
2022/7/12 1:35,0
2022/7/12 1:40,0
2022/7/12 1:45,0
2022/7/12 1:50,0
2022/7/12 1:55,0
2022/7/12 2:00,0
2022/7/12 2:05,0
2022/7/12 2:10,0
2022/7/12 2:15,0
2022/7/12 2:20,0
2022/7/12 2:25,0
2022/7/12 2:30,0
2022/7/12 2:35,0
2022/7/12 2:40,0
2022/7/12 2:45,0
2022/7/12 2:50,0
2022/7/12 2:55,0
2022/7/12 3:00,0
2022/7/12 3:05,0
2022/7/12 3:10,0
2022/7/12 3:15,0
2022/7/12 3:20,0
2022/7/12 3:25,0
2022/7/12 3:30,0
2022/7/12 3:35,0
2022/7/12 3:40,0
2022/7/12 3:45,0
2022/7/12 3:50,0
2022/7/12 3:55,0
2022/7/12 4:00,0
2022/7/12 4:05,0
2022/7/12 4:10,0
2022/7/12 4:15,0
2022/7/12 4:20,0
2022/7/12 4:25,0
2022/7/12 4:30,0
2022/7/12 4:35,0
2022/7/12 4:40,0
2022/7/12 4:45,0
2022/7/12 4:50,0
2022/7/12 4:55,0
2022/7/12 5:00,0
2022/7/12 5:05,0
2022/7/12 5:10,0
2022/7/12 5:15,0
2022/7/12 5:20,0
2022/7/12 5:25,0
2022/7/12 5:30,0
2022/7/12 5:35,0
2022/7/12 5:40,0
2022/7/12 5:45,0
2022/7/12 5:50,0
2022/7/12 5:55,0
2022/7/12 6:00,0
2022/7/12 6:05,0
2022/7/12 6:10,0
2022/7/12 6:15,0
2022/7/12 6:20,0
2022/7/12 6:25,0
2022/7/12 6:30,0
2022/7/12 6:35,0
2022/7/12 6:40,0
2022/7/12 6:45,0
2022/7/12 6:50,0
2022/7/12 6:55,0
2022/7/12 7:00,0
2022/7/12 7:05,0
2022/7/12 7:10,0
2022/7/12 7:15,0
2022/7/12 7:20,0
2022/7/12 7:25,0
2022/7/12 7:30,0
2022/7/12 7:35,0
2022/7/12 7:40,0
2022/7/12 7:45,0
2022/7/12 7:50,0
2022/7/12 7:55,0
2022/7/12 8:00,0
2022/7/12 8:05,0
2022/7/12 8:10,0
2022/7/12 8:15,0
2022/7/12 8:20,0
2022/7/12 8:25,0
2022/7/12 8:30,0
2022/7/12 8:35,0
2022/7/12 8:40,0
2022/7/12 8:45,0
2022/7/12 8:50,0
2022/7/12 8:55,8818.72558
2022/7/12 9:00,21595.39109
2022/7/12 9:05,23650.7661
2022/7/12 9:10,23782.32306
2022/7/12 9:15,16303.93848
2022/7/12 9:20,-716.6253591
2022/7/12 9:25,6502.47163
2022/7/12 9:30,0
2022/7/12 9:35,0
2022/7/12 9:40,0
2022/7/12 9:45,0
2022/7/12 9:50,0
2022/7/12 9:55,0
2022/7/12 10:00,0
2022/7/12 10:05,0
2022/7/12 10:10,0
2022/7/12 10:15,0
2022/7/12 10:20,0
2022/7/12 10:25,0
2022/7/12 10:30,0
2022/7/12 10:35,0
2022/7/12 10:40,0
2022/7/12 10:45,0
2022/7/12 10:50,0
2022/7/12 10:55,0
2022/7/12 11:00,0
2022/7/12 11:05,14577.84776
2022/7/12 11:10,28801.94998
2022/7/12 11:15,2595.577812
2022/7/12 11:20,17415.4284
2022/7/12 11:25,0
2022/7/12 11:30,4689.416728
2022/7/12 11:35,15934.80944
2022/7/12 11:40,3681.779261
2022/7/12 11:45,15498.84489
2022/7/12 11:50,16401.11733
2022/7/12 11:55,16268.3302
2022/7/12 12:00,18328.89227
2022/7/12 12:05,8628.7256
2022/7/12 12:10,0
2022/7/12 12:15,0
2022/7/12 12:20,0
2022/7/12 12:25,3227.043281
2022/7/12 12:30,20831.21285
2022/7/12 12:35,20462.51545
2022/7/12 12:40,12539.70646
2022/7/12 12:45,10386.26585
2022/7/12 12:50,15783.89638
2022/7/12 12:55,-758.634166
2022/7/12 13:00,16439.12455
2022/7/12 13:05,10561.6933
2022/7/12 13:10,-734.1400388
2022/7/12 13:15,22021.01078
2022/7/12 13:20,-822.2334939
2022/7/12 13:25,-726.212726
2022/7/12 13:30,-696.1219507
2022/7/12 13:35,-673.2295837
2022/7/12 13:40,-648.5175094
2022/7/12 13:45,-560.5663486
2022/7/12 13:50,-398.1725979
2022/7/12 13:55,18184.04496
2022/7/12 14:00,9554.750582
2022/7/12 14:05,8349.011551
2022/7/12 14:10,13188.32496
2022/7/12 14:15,-856.6051337
2022/7/12 14:20,14900.18968
2022/7/12 14:25,6440.751697
2022/7/12 14:30,0
2022/7/12 14:35,0
2022/7/12 14:40,0
2022/7/12 14:45,0
2022/7/12 14:50,0
2022/7/12 14:55,0
2022/7/12 15:00,0
2022/7/12 15:05,0
2022/7/12 15:10,0
2022/7/12 15:15,0
2022/7/12 15:20,0
2022/7/12 15:25,0
2022/7/12 15:30,0
2022/7/12 15:35,0
2022/7/12 15:40,0
2022/7/12 15:45,0
2022/7/12 15:50,0
2022/7/12 15:55,0
2022/7/12 16:00,0
2022/7/12 16:05,0
2022/7/12 16:10,0
2022/7/12 16:15,0
2022/7/12 16:20,0
2022/7/12 16:25,0
2022/7/12 16:30,0
2022/7/12 16:35,0
2022/7/12 16:40,0
2022/7/12 16:45,0
2022/7/12 16:50,0
2022/7/12 16:55,0
2022/7/12 17:00,0
2022/7/12 17:05,0
2022/7/12 17:10,0
2022/7/12 17:15,9080.715638
2022/7/12 17:20,22076.3899
2022/7/12 17:25,23494.86835
2022/7/12 17:30,26782.98828
2022/7/12 17:35,14962.25867
2022/7/12 17:40,15800.0546
2022/7/12 17:45,17414.26665
2022/7/12 17:50,21294.69299
2022/7/12 17:55,18309.16872
2022/7/12 18:00,-987.815666
2022/7/12 18:05,0
2022/7/12 18:10,0
2022/7/12 18:15,0
2022/7/12 18:20,0
2022/7/12 18:25,0
2022/7/12 18:30,0
2022/7/12 18:35,0
2022/7/12 18:40,0
2022/7/12 18:45,0
2022/7/12 18:50,0
2022/7/12 18:55,0
2022/7/13 8:15,0
2022/7/13 8:20,0
2022/7/13 8:25,0
2022/7/13 8:30,0
2022/7/13 8:35,0
2022/7/13 8:40,0
2022/7/13 8:45,0
2022/7/13 8:50,0
2022/7/13 8:55,0
2022/7/13 9:00,0
2022/7/13 9:05,0
2022/7/13 9:10,0
2022/7/13 9:15,0
2022/7/13 9:20,0
2022/7/13 9:25,0
2022/7/13 9:30,0
2022/7/13 9:35,0
2022/7/13 9:40,0
2022/7/13 9:45,0
2022/7/13 9:50,0
2022/7/13 9:55,0
2022/7/13 10:00,0
2022/7/13 10:05,0
2022/7/13 10:10,0
2022/7/13 10:15,0
2022/7/13 10:20,0
2022/7/13 10:25,0
2022/7/13 10:30,0
2022/7/13 10:35,0
2022/7/13 10:40,0
2022/7/13 10:45,0
2022/7/13 10:50,0
2022/7/13 10:55,0
2022/7/13 11:00,0
2022/7/13 11:05,0
2022/7/13 11:10,0
2022/7/13 11:15,0
2022/7/13 11:20,0
2022/7/13 11:25,0
2022/7/13 11:30,0
2022/7/13 11:35,0
2022/7/13 11:40,0
2022/7/13 11:45,0
2022/7/13 11:50,0
2022/7/13 11:55,12638.38681
2022/7/13 12:00,21577.75086
2022/7/13 12:05,13019.12779
2022/7/13 12:10,11105.21925
2022/7/13 12:15,18962.25367
2022/7/13 12:20,19611.36153
2022/7/13 12:25,2815.870653
2022/7/13 12:30,17546.15239
2022/7/13 12:35,8193.546907
2022/7/13 12:40,-740.0107035
2022/7/13 12:45,-667.5917924
2022/7/13 12:50,-704.8979936
2022/7/13 12:55,-629.8396262
2022/7/13 13:00,0
2022/7/13 13:05,0
2022/7/13 13:10,0
2022/7/13 13:15,
2022/7/13 13:20,
2022/7/13 13:25,32932.05002
2022/7/13 13:30,34571.9101
2022/7/13 13:35,35705.37779
2022/7/13 13:40,36431.25451
2022/7/13 13:45,39258.02466
2022/7/13 13:50,42919.08936
2022/7/13 13:55,43736.96808
2022/7/13 14:00,35511.34147
2022/7/13 14:05,30132.50509
2022/7/13 14:10,29317.45547
2022/7/13 14:15,27434.65775
2022/7/13 14:20,28256.38827
2022/7/13 14:25,24711.74591
2022/7/13 14:30,23991.83594
2022/7/13 14:35,23395.99729
2022/7/13 14:40,22238.89174
2022/7/13 14:45,19456.59169
2022/7/13 14:50,16351.54677
2022/7/13 14:55,15474.51163
2022/7/13 15:00,16963.08991
2022/7/13 15:05,15479.46707
2022/7/13 15:10,15146.89382
2022/7/13 15:15,19096.35103
2022/7/13 15:20,36707.09824
2022/7/13 15:25,25524.23658
2022/7/13 15:30,27019.82497
2022/7/13 15:35,22645.18065
2022/7/13 15:40,19838.78784
2022/7/13 15:45,15631.76292
2022/7/13 15:50,12988.95855
2022/7/13 15:55,19837.22247
2022/7/13 16:00,22051.69812
2022/7/13 16:05,22532.6481
2022/7/13 16:10,23587.97932
2022/7/13 16:15,25823.83956
2022/7/13 16:20,27493.77699
2022/7/13 16:25,35508.50274
2022/7/13 16:30,39595.89598
2022/7/13 16:35,32853.70647
2022/7/13 16:40,28159.55554
2022/7/13 16:45,23943.19795
2022/7/13 16:50,22369.48193
2022/7/13 16:55,15398.30349
2022/7/13 17:00,14178.03818
2022/7/13 17:05,16028.5893
2022/7/13 17:10,17388.66016
2022/7/13 17:15,18988.66215
2022/7/13 17:20,16634.42583
2022/7/13 17:25,10007.24691
2022/7/13 17:30,23650.36611
2022/7/13 17:35,23582.84786
2022/7/13 17:40,21177.02371
2022/7/13 17:45,18765.12676
2022/7/13 17:50,15790.47118
2022/7/13 17:55,15354.66374
2022/7/13 18:00,11347.02707
2022/7/13 18:05,11693.81309
2022/7/13 18:10,10591.50691
2022/7/13 18:15,13954.98906
2022/7/13 18:20,9828.026822
2022/7/13 18:25,11959.46931
2022/7/13 18:30,9285.325606
2022/7/13 18:35,13971.29323
2022/7/13 18:40,13399.69461
2022/7/13 18:45,8258.063421
2022/7/13 18:50,10512.61434
2022/7/13 18:55,27412.29244
2022/7/13 19:00,17303.26937
2022/7/13 19:05,0
2022/7/13 19:10,0
2022/7/13 19:15,0
2022/7/13 19:20,0
2022/7/13 19:25,0
2022/7/13 19:30,0
2022/7/13 19:35,0
2022/7/13 19:40,15675.60491
2022/7/13 19:45,17483.30299
2022/7/13 19:50,13484.40997
2022/7/13 19:55,0
2022/7/13 20:00,0
2022/7/13 20:05,0
2022/7/13 20:10,0
2022/7/13 20:15,0
2022/7/13 20:20,0
2022/7/13 20:25,0
2022/7/13 20:30,0
2022/7/13 20:35,0
2022/7/13 20:40,0
2022/7/13 20:45,0
2022/7/13 20:50,0
2022/7/13 20:55,0
2022/7/13 21:00,0
2022/7/13 21:05,0
2022/7/13 21:10,0
2022/7/13 21:15,0
2022/7/13 21:20,0
2022/7/13 21:25,0
2022/7/13 21:30,0
2022/7/13 21:35,0
2022/7/13 21:40,0
2022/7/13 21:45,0
2022/7/13 21:50,0
2022/7/13 21:55,0
2022/7/13 22:00,0
2022/7/13 22:05,0
2022/7/13 22:10,0
2022/7/13 22:15,0
2022/7/13 22:20,0
2022/7/13 22:25,0
2022/7/13 22:30,0
2022/7/13 22:35,0
2022/7/13 22:40,0
2022/7/13 22:45,0
2022/7/13 22:50,0
2022/7/13 22:55,0
2022/7/13 23:00,0
2022/7/13 23:05,0
2022/7/13 23:10,0
2022/7/13 23:15,0
2022/7/13 23:20,0
2022/7/13 23:25,0
2022/7/13 23:30,0
2022/7/13 23:35,0
2022/7/13 23:40,0
2022/7/13 23:45,0
2022/7/13 23:50,0
2022/7/13 23:55,0
2022/7/14 0:00,0
2022/7/14 0:05,0
2022/7/14 0:10,0
2022/7/14 0:15,0
2022/7/14 0:20,0
2022/7/14 0:25,0
2022/7/14 0:30,0
2022/7/14 0:35,0
2022/7/14 0:40,0
2022/7/14 0:45,0
2022/7/14 0:50,0
2022/7/14 0:55,0
2022/7/14 1:00,0
2022/7/14 1:05,0
2022/7/14 1:10,0
2022/7/14 1:15,0
2022/7/14 1:20,0
2022/7/14 1:25,0
2022/7/14 1:30,0
2022/7/14 1:35,0
2022/7/14 1:40,0
2022/7/14 1:45,0
2022/7/14 1:50,0
2022/7/14 1:55,0
2022/7/14 2:00,0
2022/7/14 2:05,0
2022/7/14 2:10,0
2022/7/14 2:15,0
2022/7/14 2:20,0
2022/7/14 2:25,0
2022/7/14 2:30,0
2022/7/14 2:35,0
2022/7/14 2:40,0
2022/7/14 2:45,0
2022/7/14 2:50,0
2022/7/14 2:55,0
2022/7/14 3:00,0
2022/7/14 3:05,0
2022/7/14 3:10,0
2022/7/14 3:15,0
2022/7/14 3:20,0
2022/7/14 3:25,0
2022/7/14 3:30,0
2022/7/14 3:35,0
2022/7/14 3:40,0
2022/7/14 3:45,0
2022/7/14 3:50,0
2022/7/14 3:55,0
2022/7/14 4:00,0
2022/7/14 4:05,0
2022/7/14 4:10,0
2022/7/14 4:15,0
2022/7/14 4:20,0
2022/7/14 4:25,0
2022/7/14 4:30,0
2022/7/14 4:35,0
2022/7/14 4:40,0
2022/7/14 4:45,0
2022/7/14 4:50,0
2022/7/14 4:55,0
2022/7/14 5:00,0
2022/7/14 5:05,0
2022/7/14 5:10,0
2022/7/14 5:15,0
2022/7/14 5:20,0
2022/7/14 5:25,0
2022/7/14 5:30,0
2022/7/14 5:35,0
2022/7/14 5:40,0
2022/7/14 5:45,0
2022/7/14 5:50,0
2022/7/14 5:55,0
2022/7/14 6:00,0
2022/7/14 6:05,0
2022/7/14 6:10,0
2022/7/14 6:15,0
2022/7/14 6:20,0
2022/7/14 6:25,0
2022/7/14 6:30,0
2022/7/14 6:35,0
2022/7/14 6:40,0
2022/7/14 6:45,0
2022/7/14 6:50,0
2022/7/14 6:55,0
2022/7/14 7:00,0
2022/7/14 7:05,0
2022/7/14 7:10,0
2022/7/14 7:15,0
2022/7/14 7:20,0
2022/7/14 7:25,0
2022/7/14 7:30,0
2022/7/14 7:35,0
2022/7/14 7:40,0
2022/7/14 7:45,0
2022/7/14 7:50,0
2022/7/14 7:55,0
2022/7/14 8:00,0
2022/7/14 8:05,0
2022/7/14 8:10,0
2022/7/14 8:15,0
2022/7/14 8:20,0
2022/7/14 8:25,0
2022/7/14 8:30,0
2022/7/14 8:35,0
2022/7/14 8:40,0
2022/7/14 8:45,0
2022/7/14 8:50,0
2022/7/14 8:55,0
2022/7/14 9:00,0
2022/7/14 9:05,0
2022/7/14 9:10,0
2022/7/14 9:15,0
2022/7/14 9:20,0
2022/7/14 9:25,0
2022/7/14 9:30,0
2022/7/14 9:35,0
2022/7/14 9:40,
2022/7/14 9:45,20300.99552
2022/7/14 9:50,20865.3848
2022/7/14 9:55,20924.15536
2022/7/14 10:00,13717.49207
2022/7/14 10:05,5767.77509
2022/7/14 10:10,17329.35775
2022/7/14 10:15,16555.1684
2022/7/14 10:20,17083.34936
2022/7/14 10:25,18051.08529
2022/7/14 10:30,1481.538661
2022/7/14 10:35,17128.37526
2022/7/14 10:40,6542.640508
2022/7/14 10:45,3792.866519
2022/7/14 10:50,10952.96474
2022/7/14 10:55,0
2022/7/14 11:00,0
2022/7/14 11:05,0
2022/7/14 11:10,0
2022/7/14 11:15,0
2022/7/14 11:20,0
2022/7/14 11:25,0
2022/7/14 11:30,0
2022/7/14 11:35,0
2022/7/14 11:40,0
2022/7/14 11:45,0
2022/7/14 11:50,0
2022/7/14 11:55,20769.89926
2022/7/14 12:00,19199.06541
2022/7/14 12:05,18895.47458
2022/7/14 12:10,19343.12854
2022/7/14 12:15,6776.748267
2022/7/14 12:20,12826.79846
2022/7/14 12:25,6725.040894
2022/7/14 12:30,12973.41923
2022/7/14 12:35,28936.00682
2022/7/14 12:40,14042.11733
2022/7/14 12:45,1488.24529
2022/7/14 12:50,14624.43115
2022/7/14 12:55,995.4793485
2022/7/14 13:00,-778.6225787
2022/7/14 13:05,-757.5333
2022/7/14 13:10,-731.1370728
2022/7/14 13:15,-717.258478
2022/7/14 13:20,-659.8096473
2022/7/14 13:25,-550.2098044
2022/7/14 13:30,-485.5659934
2022/7/14 13:35,0
2022/7/14 13:40,0
2022/7/14 13:45,0
2022/7/14 13:50,0
2022/7/14 13:55,0
2022/7/14 14:00,0
2022/7/14 14:05,0
2022/7/14 14:10,0
2022/7/14 14:15,0
2022/7/14 14:20,0
2022/7/14 14:25,0
2022/7/14 14:30,0
2022/7/14 14:35,0
2022/7/14 14:40,0
2022/7/14 14:45,0
2022/7/14 14:50,0
2022/7/14 14:55,0
2022/7/14 15:00,0
2022/7/14 15:05,0
2022/7/14 15:10,0
2022/7/14 15:15,0
2022/7/14 15:20,0
2022/7/14 15:25,0
2022/7/14 15:30,0
2022/7/14 15:35,0
2022/7/14 15:40,0
2022/7/14 15:45,0
2022/7/14 15:50,0
2022/7/14 15:55,0
2022/7/14 16:00,0
2022/7/14 16:05,0
2022/7/14 16:10,0
2022/7/14 16:15,0
2022/7/14 16:20,0
2022/7/14 16:25,0
2022/7/14 16:30,0
2022/7/14 16:35,0
2022/7/14 16:40,0
2022/7/14 16:45,0
2022/7/14 16:50,0
2022/7/14 16:55,0
2022/7/14 17:00,0
2022/7/14 17:05,0
2022/7/14 17:10,0
2022/7/14 17:15,0
2022/7/14 17:20,0
2022/7/14 17:25,0
2022/7/14 17:30,0
2022/7/14 17:35,0
2022/7/14 17:40,0
2022/7/14 17:45,0
2022/7/14 17:50,0
2022/7/14 17:55,0
2022/7/14 18:00,0
2022/7/14 18:05,0
2022/7/14 18:10,0
2022/7/14 18:15,0
2022/7/14 18:20,0
2022/7/14 18:25,0
2022/7/14 18:30,0
2022/7/14 18:35,0
2022/7/14 18:40,0
2022/7/14 18:45,0
2022/7/14 18:50,0
2022/7/14 18:55,0
2022/7/14 19:00,0
2022/7/14 19:05,0
2022/7/14 19:10,0
2022/7/14 19:15,0
2022/7/14 19:20,0
2022/7/14 19:25,0
2022/7/14 19:30,0
2022/7/14 19:35,0
2022/7/14 19:40,0
2022/7/14 19:45,0
2022/7/14 19:50,0
2022/7/14 19:55,0
2022/7/14 20:00,0
2022/7/14 20:05,0
2022/7/14 20:10,0
2022/7/14 20:15,0
2022/7/14 20:20,0
2022/7/14 20:25,0
2022/7/14 20:30,0
2022/7/14 20:35,0
2022/7/14 20:40,0
2022/7/14 20:45,0
2022/7/14 20:50,0
2022/7/14 20:55,0
2022/7/14 21:00,0
2022/7/14 21:05,0
2022/7/14 21:10,0
2022/7/14 21:15,0
2022/7/14 21:20,0
2022/7/14 21:25,0
2022/7/14 21:30,0
2022/7/14 21:35,0
2022/7/14 21:40,0
2022/7/14 21:45,0
2022/7/14 21:50,0
2022/7/14 21:55,0
2022/7/14 22:00,0
2022/7/14 22:05,0
2022/7/14 22:10,0
2022/7/14 22:15,0
2022/7/14 22:20,0
2022/7/14 22:25,0
2022/7/14 22:30,0
2022/7/14 22:35,0
2022/7/14 22:40,0
2022/7/14 22:45,0
2022/7/14 22:50,0
2022/7/14 22:55,0
2022/7/14 23:00,0
2022/7/14 23:05,0
2022/7/14 23:10,0
2022/7/14 23:15,0
2022/7/14 23:20,0
2022/7/14 23:25,0
2022/7/14 23:30,0
2022/7/14 23:35,0
2022/7/14 23:40,0
2022/7/14 23:45,0
2022/7/14 23:50,0
2022/7/14 23:55,0
2022/7/15 0:00,0
2022/7/15 0:05,0
2022/7/15 0:10,0
2022/7/15 0:15,0
2022/7/15 0:20,0
2022/7/15 0:25,0
2022/7/15 0:30,0
2022/7/15 0:35,0
2022/7/15 0:40,0
2022/7/15 0:45,0
2022/7/15 0:50,0
2022/7/15 0:55,0
2022/7/15 1:00,0
2022/7/15 1:05,0
2022/7/15 1:10,0
2022/7/15 1:15,0
2022/7/15 1:20,0
2022/7/15 1:25,0
2022/7/15 1:30,0
2022/7/15 1:35,0
2022/7/15 1:40,0
2022/7/15 1:45,0
2022/7/15 1:50,0
2022/7/15 1:55,0
2022/7/15 2:00,0
2022/7/15 2:05,0
2022/7/15 2:10,0
2022/7/15 2:15,0
2022/7/15 2:20,0
2022/7/15 2:25,0
2022/7/15 2:30,0
2022/7/15 2:35,0
2022/7/15 2:40,0
2022/7/15 2:45,0
2022/7/15 2:50,0
2022/7/15 2:55,0
2022/7/15 3:00,0
2022/7/15 3:05,0
2022/7/15 3:10,0
2022/7/15 3:15,0
2022/7/15 3:20,0
2022/7/15 3:25,0
2022/7/15 3:30,0
2022/7/15 3:35,0
2022/7/15 3:40,0
2022/7/15 3:45,0
2022/7/15 3:50,0
2022/7/15 3:55,0
2022/7/15 4:00,0
2022/7/15 4:05,0
2022/7/15 4:10,0
2022/7/15 4:15,0
2022/7/15 4:20,0
2022/7/15 4:25,0
2022/7/15 4:30,0
2022/7/15 4:35,0
2022/7/15 4:40,0
2022/7/15 4:45,0
2022/7/15 4:50,0
2022/7/15 4:55,0
2022/7/15 5:00,0
2022/7/15 5:05,0
2022/7/15 5:10,0
2022/7/15 5:15,0
2022/7/15 5:20,0
2022/7/15 5:25,0
2022/7/15 5:30,0
2022/7/15 5:35,0
2022/7/15 5:40,0
2022/7/15 5:45,0
2022/7/15 5:50,0
2022/7/15 5:55,0
2022/7/15 6:00,0
2022/7/15 6:05,0
2022/7/15 6:10,0
2022/7/15 6:15,0
2022/7/15 6:20,0
2022/7/15 6:25,0
2022/7/15 6:30,0
2022/7/15 6:35,0
2022/7/15 6:40,0
2022/7/15 6:45,0
2022/7/15 6:50,0
2022/7/15 6:55,0
2022/7/15 7:00,0
2022/7/15 7:05,0
2022/7/15 7:10,0
2022/7/15 7:15,0
2022/7/15 7:20,0
2022/7/15 7:25,0
2022/7/15 7:30,0
2022/7/15 7:35,0
2022/7/15 7:40,0
2022/7/15 7:45,0
2022/7/15 7:50,0
2022/7/15 7:55,0
2022/7/15 8:00,0
2022/7/15 8:05,0
2022/7/15 8:10,0
2022/7/15 8:15,0
2022/7/15 8:20,0
2022/7/15 8:25,0
2022/7/15 8:30,0
2022/7/15 8:35,0
2022/7/15 8:40,0
2022/7/15 8:45,0
2022/7/15 8:50,0
2022/7/15 8:55,11990.68676
2022/7/15 9:00,19091.9152
2022/7/15 9:05,21619.00091
2022/7/15 9:10,22678.48065
2022/7/15 9:15,8118.832635
2022/7/15 9:20,15634.70062
2022/7/15 9:25,19522.40313
2022/7/15 9:30,16714.16392
2022/7/15 9:35,15275.05031
2022/7/15 9:40,7449.401482
2022/7/15 9:45,13876.46198
2022/7/15 9:50,4862.281947
2022/7/15 9:55,18286.23374
2022/7/15 10:00,24266.52347
2022/7/15 10:05,15056.60771
2022/7/15 10:10,20601.42837
2022/7/15 10:15,16664.92913
2022/7/15 10:20,15419.06311
2022/7/15 10:25,7349.696976
2022/7/15 10:30,-731.2516249
2022/7/15 10:35,15742.02645
2022/7/15 10:40,5045.946026
2022/7/15 10:45,4084.856447
2022/7/15 10:50,13847.51256
2022/7/15 10:55,-800.109024
2022/7/15 11:00,9459.876123
2022/7/15 11:05,13251.68819
2022/7/15 11:10,-729.257251
2022/7/15 11:15,17205.33719
2022/7/15 11:20,23137.78548
2022/7/15 11:25,993.1275309
2022/7/15 11:30,0
2022/7/15 11:35,0
2022/7/15 11:40,0
2022/7/15 11:45,11166.2681
2022/7/15 11:50,9536.259867
2022/7/15 11:55,-793.1437404
2022/7/15 12:00,12944.95755
2022/7/15 12:05,10005.67392
2022/7/15 12:10,-752.0717861
2022/7/15 12:15,6602.678738
2022/7/15 12:20,0
2022/7/15 12:25,0
2022/7/15 12:30,0
2022/7/15 12:35,-635.4242691
2022/7/15 12:40,16211.50652
2022/7/15 12:45,12099.63546
2022/7/15 12:50,-928.161175
2022/7/15 12:55,-793.473045
2022/7/15 13:00,-816.5895333
2022/7/15 13:05,4653.110813
2022/7/15 13:10,7899.941274
2022/7/15 13:15,-835.3805284
2022/7/15 13:20,-828.9780697
2022/7/15 13:25,11383.13134
2022/7/15 13:30,7263.287389
2022/7/15 13:35,0
2022/7/15 13:40,0
2022/7/15 13:45,0
2022/7/15 13:50,0
2022/7/15 13:55,0
2022/7/15 14:00,-771.3856805
2022/7/15 14:05,8759.455839
2022/7/15 14:10,20389.42482
2022/7/15 14:15,23063.94389
2022/7/15 14:20,13878.40053
2022/7/15 14:25,5104.665285
2022/7/15 14:30,11920.41537
2022/7/15 14:35,0
2022/7/15 14:40,0
2022/7/15 14:45,0
2022/7/15 14:50,0
2022/7/15 14:55,0
2022/7/15 15:00,0
2022/7/15 15:05,0
2022/7/15 15:10,0
2022/7/15 15:15,0
2022/7/15 15:20,0
2022/7/15 15:25,0
2022/7/15 15:30,0
2022/7/15 15:35,0
2022/7/15 15:40,
2022/7/15 15:45,18631.40411
2022/7/15 15:50,20932.45369
2022/7/15 15:55,-745.4919722
2022/7/15 16:00,17540.60015
2022/7/15 16:05,-678.5642432
2022/7/15 16:10,15965.40098
2022/7/15 16:15,3753.349081
2022/7/15 16:20,7192.834813
2022/7/15 16:25,16171.74749
2022/7/15 16:30,0
2022/7/15 16:35,13440.31892
2022/7/15 16:40,6024.575393
2022/7/15 16:45,-488.993832
2022/7/15 16:50,0
2022/7/15 16:55,0
2022/7/15 17:00,0
2022/7/15 17:05,0
2022/7/15 17:10,0
2022/7/15 17:15,0
2022/7/15 17:20,0
2022/7/15 17:25,0
2022/7/15 17:30,0
2022/7/15 17:35,0
2022/7/15 17:40,0
2022/7/15 17:45,0
2022/7/15 17:50,0
2022/7/15 17:55,0
2022/7/15 18:00,0
2022/7/15 18:05,0
2022/7/15 18:10,0
2022/7/15 18:15,0
2022/7/15 18:20,0
2022/7/15 18:25,0
2022/7/15 18:30,0
2022/7/15 18:35,0
2022/7/15 18:40,0
2022/7/15 18:45,0
2022/7/15 18:50,0
2022/7/15 18:55,0
2022/7/15 19:00,0
2022/7/15 19:05,0
2022/7/15 19:10,0
2022/7/15 19:15,0
2022/7/15 19:20,0
2022/7/15 19:25,0
2022/7/15 19:30,0
2022/7/15 19:35,0
2022/7/15 19:40,0
2022/7/15 19:45,0
2022/7/15 19:50,0
2022/7/15 19:55,0
2022/7/15 20:00,0
2022/7/15 20:05,0
2022/7/15 20:10,0
2022/7/15 20:15,0
2022/7/15 20:20,0
2022/7/15 20:25,0
2022/7/15 20:30,0
2022/7/15 20:35,0
2022/7/15 20:40,0
2022/7/15 20:45,0
2022/7/15 20:50,0
2022/7/15 20:55,0
2022/7/15 21:00,0
2022/7/15 21:05,0
2022/7/15 21:10,0
2022/7/15 21:15,0
2022/7/15 21:20,0
2022/7/15 21:25,0
2022/7/15 21:30,0
2022/7/15 21:35,0
2022/7/15 21:40,0
2022/7/15 21:45,0
2022/7/15 21:50,0
2022/7/15 21:55,0
2022/7/15 22:00,0
2022/7/15 22:05,0
2022/7/15 22:10,0
2022/7/15 22:15,0
2022/7/15 22:20,0
2022/7/15 22:25,0
2022/7/15 22:30,0
2022/7/15 22:35,0
2022/7/15 22:40,0
2022/7/15 22:45,0
2022/7/15 22:50,0
2022/7/15 22:55,0
2022/7/15 23:00,0
2022/7/15 23:05,0
2022/7/15 23:10,0
2022/7/15 23:15,0
2022/7/15 23:20,0
2022/7/15 23:25,0
2022/7/15 23:30,0
2022/7/15 23:35,0
2022/7/15 23:40,0
2022/7/15 23:45,0
2022/7/15 23:50,0
2022/7/15 23:55,0
2022/7/16 0:00,0
2022/7/16 0:05,0
2022/7/16 0:10,0
2022/7/16 0:15,0
2022/7/16 0:20,0
2022/7/16 0:25,0
2022/7/16 0:30,0
2022/7/16 0:35,0
2022/7/16 0:40,0
2022/7/16 0:45,0
2022/7/16 0:50,0
2022/7/16 0:55,0
2022/7/16 1:00,0
2022/7/16 1:05,0
2022/7/16 1:10,0
2022/7/16 1:15,0
2022/7/16 1:20,0
2022/7/16 1:25,0
2022/7/16 1:30,0
2022/7/16 1:35,0
2022/7/16 1:40,0
2022/7/16 1:45,0
2022/7/16 1:50,0
2022/7/16 1:55,0
2022/7/16 2:00,0
2022/7/16 2:05,0
2022/7/16 2:10,0
2022/7/16 2:15,0
2022/7/16 2:20,0
2022/7/16 2:25,0
2022/7/16 2:30,0
2022/7/16 2:35,0
2022/7/16 2:40,0
2022/7/16 2:45,0
2022/7/16 2:50,0
2022/7/16 2:55,0
2022/7/16 3:00,0
2022/7/16 3:05,0
2022/7/16 3:10,0
2022/7/16 3:15,0
2022/7/16 3:20,0
2022/7/16 3:25,0
2022/7/16 3:30,0
2022/7/16 3:35,0
2022/7/16 3:40,0
2022/7/16 3:45,0
2022/7/16 3:50,0
2022/7/16 3:55,0
2022/7/16 4:00,0
2022/7/16 4:05,0
2022/7/16 4:10,0
2022/7/16 4:15,0
2022/7/16 4:20,0
2022/7/16 4:25,0
2022/7/16 4:30,0
2022/7/16 4:35,0
2022/7/16 4:40,0
2022/7/16 4:45,0
2022/7/16 4:50,0
2022/7/16 4:55,0
2022/7/16 5:00,0
2022/7/16 5:05,0
2022/7/16 5:10,0
2022/7/16 5:15,0
2022/7/16 5:20,0
2022/7/16 5:25,0
2022/7/16 5:30,0
2022/7/16 5:35,0
2022/7/16 5:40,0
2022/7/16 5:45,0
2022/7/16 5:50,0
2022/7/16 5:55,0
2022/7/16 6:00,0
2022/7/16 6:05,0
2022/7/16 6:10,0
2022/7/16 6:15,0
2022/7/16 6:20,0
2022/7/16 6:25,0
2022/7/16 6:30,0
2022/7/16 6:35,0
2022/7/16 6:40,0
2022/7/16 6:45,0
2022/7/16 6:50,0
2022/7/16 6:55,0
2022/7/16 7:00,0
2022/7/16 7:05,0
2022/7/16 7:10,0
2022/7/16 7:15,0
2022/7/16 7:20,0
2022/7/16 7:25,0
2022/7/16 7:30,0
2022/7/16 7:35,0
2022/7/16 7:40,0
2022/7/16 7:45,0
2022/7/16 7:50,0
2022/7/16 7:55,0
2022/7/16 8:00,0
2022/7/16 8:05,0
2022/7/16 8:10,0
2022/7/16 8:15,0
2022/7/16 8:20,0
2022/7/16 8:25,0
2022/7/16 8:30,17224.88752
2022/7/16 8:35,16388.15764
2022/7/16 8:40,18157.46476
2022/7/16 8:45,0
2022/7/16 8:50,0
2022/7/16 8:55,0
2022/7/16 9:00,0
2022/7/16 9:05,0
2022/7/16 9:10,0
2022/7/16 9:15,0
2022/7/16 9:20,0
2022/7/16 9:25,0
2022/7/16 9:30,0
2022/7/16 9:35,0
2022/7/16 9:40,0
2022/7/16 9:45,0
2022/7/16 9:50,0
2022/7/16 9:55,0
2022/7/16 10:00,0
2022/7/16 10:05,0
2022/7/16 10:10,0
2022/7/16 10:15,0
2022/7/16 10:20,0
2022/7/16 10:25,0
2022/7/16 10:30,0
2022/7/16 10:35,0
2022/7/16 10:40,0
2022/7/16 10:45,0
2022/7/16 10:50,0
2022/7/16 10:55,0
2022/7/16 11:00,0
2022/7/16 11:05,0
2022/7/16 11:10,0
2022/7/16 11:15,0
2022/7/16 11:20,0
2022/7/16 11:25,0
2022/7/16 11:30,0
2022/7/16 11:35,0
2022/7/16 11:40,0
2022/7/16 11:45,0
2022/7/16 11:50,0
2022/7/16 11:55,0
2022/7/16 12:00,0
2022/7/16 12:05,0
2022/7/16 12:10,0
2022/7/16 12:15,0
2022/7/16 12:20,0
2022/7/16 12:25,0
2022/7/16 12:30,0
2022/7/16 12:35,0
2022/7/16 12:40,0
2022/7/16 12:45,0
2022/7/16 12:50,0
2022/7/16 12:55,0
2022/7/16 13:00,0
2022/7/16 13:05,0
2022/7/16 13:10,0
2022/7/16 13:15,0
2022/7/16 13:20,0
2022/7/16 13:25,0
2022/7/16 13:30,0
2022/7/16 13:35,0
2022/7/16 13:40,0
2022/7/16 13:45,0
2022/7/16 13:50,0
2022/7/16 13:55,0
2022/7/16 14:00,0
2022/7/16 14:05,0
2022/7/16 14:10,0
2022/7/16 14:15,0
2022/7/16 14:20,0
2022/7/16 14:25,0
2022/7/16 14:30,0
2022/7/16 14:35,0
2022/7/16 14:40,0
2022/7/16 14:45,0
2022/7/16 14:50,0
2022/7/16 14:55,0
2022/7/16 15:00,0
2022/7/16 15:05,0
2022/7/16 15:10,0
2022/7/16 15:15,0
2022/7/16 15:20,0
2022/7/16 15:25,0
2022/7/16 15:30,0
2022/7/16 15:35,0
2022/7/16 15:40,0
2022/7/16 15:45,0
2022/7/16 15:50,0
2022/7/16 15:55,0
2022/7/16 16:00,0
2022/7/16 16:05,0
2022/7/16 16:10,0
2022/7/16 16:15,0
2022/7/16 16:20,0
2022/7/16 16:25,0
2022/7/16 16:30,0
2022/7/16 16:35,0
2022/7/16 16:40,0
2022/7/16 16:45,0
2022/7/16 16:50,0
2022/7/16 16:55,0
2022/7/16 17:00,0
2022/7/16 17:05,0
2022/7/16 17:10,0
2022/7/16 17:15,0
2022/7/16 17:20,0
2022/7/16 17:25,0
2022/7/16 17:30,0
2022/7/16 17:35,0
2022/7/16 17:40,0
2022/7/16 17:45,0
2022/7/16 17:50,0
2022/7/16 17:55,0
2022/7/16 18:00,0
2022/7/16 18:05,0
2022/7/16 18:10,0
2022/7/16 18:15,0
2022/7/16 18:20,0
2022/7/16 18:25,0
2022/7/16 18:30,0
2022/7/16 18:35,0
2022/7/16 18:40,0
2022/7/16 18:45,0
2022/7/16 18:50,0
2022/7/16 18:55,0
2022/7/16 19:00,0
2022/7/16 19:05,0
2022/7/16 19:10,0
2022/7/16 19:15,0
2022/7/16 19:20,0
2022/7/16 19:25,0
2022/7/16 19:30,0
2022/7/16 19:35,0
2022/7/16 19:40,0
2022/7/16 19:45,0
2022/7/16 19:50,0
2022/7/16 19:55,0
2022/7/16 20:00,0
2022/7/16 20:05,0
2022/7/16 20:10,0
2022/7/16 20:15,0
2022/7/16 20:20,0
2022/7/16 20:25,0
2022/7/16 20:30,0
2022/7/16 20:35,0
2022/7/16 20:40,0
2022/7/16 20:45,0
2022/7/16 20:50,0
2022/7/16 20:55,0
2022/7/16 21:00,0
2022/7/16 21:05,0
2022/7/16 21:10,0
2022/7/16 21:15,0
2022/7/16 21:20,0
2022/7/16 21:25,0
2022/7/16 21:30,0
2022/7/16 21:35,0
2022/7/16 21:40,0
2022/7/16 21:45,0
2022/7/16 21:50,0
2022/7/16 21:55,0
2022/7/16 22:00,0
2022/7/16 22:05,0
2022/7/16 22:10,0
2022/7/16 22:15,0
2022/7/16 22:20,0
2022/7/16 22:25,0
2022/7/16 22:30,0
2022/7/16 22:35,0
2022/7/16 22:40,0
2022/7/16 22:45,0
2022/7/16 22:50,0
2022/7/16 22:55,0
2022/7/16 23:00,0
2022/7/16 23:05,0
2022/7/16 23:10,0
2022/7/16 23:15,0
2022/7/16 23:20,0
2022/7/16 23:25,0
2022/7/16 23:30,0
2022/7/16 23:35,0
2022/7/16 23:40,0
2022/7/16 23:45,0
2022/7/16 23:50,0
2022/7/16 23:55,0
2022/7/17 0:00,0
2022/7/17 0:05,0
2022/7/17 0:10,0
2022/7/17 0:15,0
2022/7/17 0:20,0
2022/7/17 0:25,0
2022/7/17 0:30,0
2022/7/17 0:35,0
2022/7/17 0:40,0
2022/7/17 0:45,0
2022/7/17 0:50,0
2022/7/17 0:55,0
2022/7/17 1:00,0
2022/7/17 1:05,0
2022/7/17 1:10,0
2022/7/17 1:15,0
2022/7/17 1:20,0
2022/7/17 1:25,0
2022/7/17 1:30,0
2022/7/17 1:35,0
2022/7/17 1:40,0
2022/7/17 1:45,0
2022/7/17 1:50,0
2022/7/17 1:55,0
2022/7/17 2:00,0
2022/7/17 2:05,0
2022/7/17 2:10,0
2022/7/17 2:15,0
2022/7/17 2:20,0
2022/7/17 2:25,0
2022/7/17 2:30,0
2022/7/17 2:35,0
2022/7/17 2:40,0
2022/7/17 2:45,0
2022/7/17 2:50,0
2022/7/17 2:55,0
2022/7/17 3:00,0
2022/7/17 3:05,0
2022/7/17 3:10,0
2022/7/17 3:15,0
2022/7/17 3:20,0
2022/7/17 3:25,0
2022/7/17 3:30,0
2022/7/17 3:35,0
2022/7/17 3:40,0
2022/7/17 3:45,0
2022/7/17 3:50,0
2022/7/17 3:55,0
2022/7/17 4:00,0
2022/7/17 4:05,0
2022/7/17 4:10,0
2022/7/17 4:15,0
2022/7/17 4:20,0
2022/7/17 4:25,0
2022/7/17 4:30,0
2022/7/17 4:35,0
2022/7/17 4:40,0
2022/7/17 4:45,0
2022/7/17 4:50,0
2022/7/17 4:55,0
2022/7/17 5:00,0
2022/7/17 5:05,0
2022/7/17 5:10,0
2022/7/17 5:15,0
2022/7/17 5:20,0
2022/7/17 5:25,0
2022/7/17 5:30,0
2022/7/17 5:35,0
2022/7/17 5:40,0
2022/7/17 5:45,0
2022/7/17 5:50,0
2022/7/17 5:55,0
2022/7/17 6:00,0
2022/7/17 6:05,0
2022/7/18 8:00,0
2022/7/18 8:05,0
2022/7/18 8:10,0
2022/7/18 8:15,0
2022/7/18 8:20,0
2022/7/18 8:25,0
2022/7/18 8:30,0
2022/7/18 8:35,0
2022/7/18 8:40,0
2022/7/18 8:45,0
2022/7/18 8:50,0
2022/7/18 8:55,20013.55598
2022/7/18 9:00,22068.89067
2022/7/18 9:05,21470.21042
2022/7/18 9:10,9419.224375
2022/7/18 9:15,15396.92176
2022/7/18 9:20,28607.10747
2022/7/18 9:25,30084.73395
2022/7/18 9:30,27635.90414
2022/7/18 9:35,22548.15914
2022/7/18 9:40,4889.880616
2022/7/18 9:45,8115.362397
2022/7/18 9:50,10915.2643
2022/7/18 9:55,15755.03689
2022/7/18 10:00,20785.42527
2022/7/18 10:05,25140.34872
2022/7/18 10:10,21396.28894
2022/7/18 10:15,12333.05264
2022/7/18 10:20,11438.96891
2022/7/18 10:25,6041.841538
2022/7/18 10:30,5536.345773
2022/7/18 10:35,16101.61999
2022/7/18 10:40,-866.3209608
2022/7/18 10:45,9737.902631
2022/7/18 10:50,15889.67527
2022/7/18 10:55,-874.1908486
2022/7/18 11:00,12819.42759
2022/7/18 11:05,14105.91999
2022/7/18 11:10,-624.1702203
2022/7/18 11:15,16960.71433
2022/7/18 11:20,8535.650283
2022/7/18 11:25,-719.7422094
2022/7/18 11:30,0
2022/7/18 11:35,4826.10891
2022/7/18 11:40,18040.85709
2022/7/18 11:45,15825.65742
2022/7/18 11:50,-839.0883014
2022/7/18 11:55,18211.00698
2022/7/18 12:00,15124.89649
2022/7/18 12:05,16359.17593
2022/7/18 12:10,17244.53039
2022/7/18 12:15,5018.234208
2022/7/18 12:20,20282.762
2022/7/18 12:25,19995.00825
2022/7/18 12:30,12640.34719
2022/7/18 12:35,10453.09482
2022/7/18 12:40,5655.60695
2022/7/18 12:45,15052.34008
2022/7/18 12:50,3202.920435
2022/7/18 12:55,-820.7083296
2022/7/18 13:00,-848.8628521
2022/7/18 13:05,8233.345448
2022/7/18 13:10,4033.778719
2022/7/18 13:15,-797.8643887
2022/7/18 13:20,-806.0645271
2022/7/18 13:25,9607.539504
2022/7/18 13:30,6709.438125
2022/7/18 13:35,0
2022/7/18 13:40,0
2022/7/18 13:45,-673.107163
2022/7/18 13:50,0
2022/7/18 13:55,0
2022/7/18 14:00,0
2022/7/18 14:05,0
2022/7/18 14:10,0
2022/7/18 14:15,0
2022/7/18 14:20,0
2022/7/18 14:25,0
2022/7/18 14:30,0
2022/7/18 14:35,0
2022/7/18 14:40,0
2022/7/18 14:45,0
2022/7/18 14:50,0
2022/7/18 14:55,
2022/7/18 15:00,10314.49409
2022/7/18 15:05,21739.49521
2022/7/18 15:10,21847.63049
2022/7/18 15:15,20691.7831
2022/7/18 15:20,6422.886421
2022/7/18 15:25,14615.77526
2022/7/18 15:30,17870.71909
2022/7/18 15:35,17651.85939
2022/7/18 15:40,0
2022/7/18 15:45,0
2022/7/18 15:50,0
2022/7/18 15:55,0
2022/7/18 16:00,8422.229907
2022/7/18 16:05,24497.08013
2022/7/18 16:10,27586.95326
2022/7/18 16:15,20099.15239
2022/7/18 16:20,17173.46801
2022/7/18 16:25,10854.64414
2022/7/18 16:30,13788.89999
2022/7/18 16:35,14745.71524
2022/7/18 16:40,14765.78935
2022/7/18 16:45,31172.42551
2022/7/18 16:50,8267.824869
2022/7/18 16:55,13798.6017
2022/7/18 17:00,14607.4899
2022/7/18 17:05,12548.76199
2022/7/18 17:10,3291.234681
2022/7/18 17:15,-639.298169
2022/7/18 17:20,11050.82188
2022/7/18 17:25,-787.7666036
2022/7/18 17:30,13588.6603
2022/7/18 17:35,11837.59116
2022/7/18 17:40,4170.854969
2022/7/18 17:45,17232.80123
2022/7/18 17:50,-867.5318673
2022/7/18 17:55,5482.816004
2022/7/18 18:00,11791.54675
2022/7/18 18:05,-711.829528
2022/7/18 18:10,18049.2425
2022/7/18 18:15,-840.7115738
2022/7/18 18:20,9903.703688
2022/7/18 18:25,10358.76526
2022/7/18 18:30,-734.864505
2022/7/18 18:35,17433.82369
2022/7/18 18:40,6744.644143
2022/7/18 18:45,5587.211476
2022/7/18 18:50,25912.3483
2022/7/18 18:55,3009.767431
2022/7/18 19:00,2727.32933
2022/7/18 19:05,0
2022/7/18 19:10,0
2022/7/18 19:15,0
2022/7/18 19:20,0
2022/7/18 19:25,0
2022/7/18 19:30,0
2022/7/18 19:35,0
2022/7/18 19:40,0
2022/7/18 19:45,0
2022/7/18 19:50,0
2022/7/18 19:55,0
2022/7/18 20:00,0
2022/7/18 20:05,0
2022/7/18 20:10,0
2022/7/18 20:15,0
2022/7/18 20:20,0
2022/7/18 20:25,0
2022/7/18 20:30,0
2022/7/18 20:35,0
2022/7/18 20:40,0
2022/7/18 20:45,0
2022/7/18 20:50,0
2022/7/18 20:55,0
2022/7/18 21:00,0
2022/7/18 21:05,0
2022/7/18 21:10,0
2022/7/18 21:15,0
2022/7/18 21:20,0
2022/7/18 21:25,0
2022/7/18 21:30,0
2022/7/18 21:35,0
2022/7/18 21:40,0
2022/7/18 21:45,0
2022/7/18 21:50,0
2022/7/18 21:55,0
2022/7/18 22:00,0
2022/7/18 22:05,0
2022/7/18 22:10,0
2022/7/18 22:15,0
2022/7/18 22:20,0
2022/7/18 22:25,0
2022/7/18 22:30,0
2022/7/18 22:35,0
2022/7/18 22:40,0
2022/7/18 22:45,0
2022/7/18 22:50,0
2022/7/18 22:55,0
2022/7/18 23:00,0
2022/7/18 23:05,0
2022/7/18 23:10,0
2022/7/18 23:15,0
2022/7/18 23:20,0
2022/7/18 23:25,0
2022/7/18 23:30,0
2022/7/18 23:35,0
2022/7/18 23:40,0
2022/7/18 23:45,0
2022/7/18 23:50,0
2022/7/18 23:55,0
2022/7/19 0:00,0
2022/7/19 0:05,0
2022/7/19 0:10,0
2022/7/19 0:15,0
2022/7/19 0:20,0
2022/7/19 0:25,0
2022/7/19 0:30,0
2022/7/19 0:35,0
2022/7/19 0:40,0
2022/7/19 0:45,0
2022/7/19 0:50,0
2022/7/19 0:55,0
2022/7/19 1:00,0
2022/7/19 1:05,0
2022/7/19 1:10,0
2022/7/19 1:15,0
2022/7/19 1:20,0
2022/7/19 1:25,0
2022/7/19 1:30,0
2022/7/19 1:35,0
2022/7/19 1:40,0
2022/7/19 1:45,0
2022/7/19 1:50,0
2022/7/19 1:55,0
2022/7/19 2:00,0
2022/7/19 2:05,0
2022/7/19 2:10,0
2022/7/19 2:15,0
2022/7/19 2:20,0
2022/7/19 2:25,0
2022/7/19 2:30,0
2022/7/19 2:35,0
2022/7/19 2:40,0
2022/7/19 2:45,0
2022/7/19 2:50,0
2022/7/19 2:55,0
2022/7/19 3:00,0
2022/7/19 3:05,0
2022/7/19 3:10,0
2022/7/19 3:15,0
2022/7/19 3:20,0
2022/7/19 3:25,0
2022/7/19 3:30,0
2022/7/19 3:35,0
2022/7/19 3:40,0
2022/7/19 3:45,0
2022/7/19 3:50,0
2022/7/19 3:55,0
2022/7/19 4:00,0
2022/7/19 4:05,0
2022/7/19 4:10,0
2022/7/19 4:15,0
2022/7/19 4:20,0
2022/7/19 4:25,0
2022/7/19 4:30,0
2022/7/19 4:35,0
2022/7/19 4:40,0
2022/7/19 4:45,0
2022/7/19 4:50,0
2022/7/19 4:55,0
2022/7/19 5:00,0
2022/7/19 5:05,0
2022/7/19 5:10,0
2022/7/19 5:15,0
2022/7/19 5:20,0
2022/7/19 5:25,0
2022/7/19 5:30,0
2022/7/19 5:35,0
2022/7/19 5:40,0
2022/7/19 5:45,0
2022/7/19 5:50,0
2022/7/19 5:55,0
2022/7/19 6:00,0
2022/7/19 6:05,0
2022/7/19 6:10,0
2022/7/19 6:15,0
2022/7/19 6:20,0
2022/7/19 6:25,0
2022/7/19 6:30,0
2022/7/19 6:35,0
2022/7/19 6:40,0
2022/7/19 6:45,0
2022/7/19 6:50,0
2022/7/19 6:55,0
2022/7/19 7:00,0
2022/7/19 7:05,0
2022/7/19 7:10,0
2022/7/19 7:15,0
2022/7/19 7:20,0
2022/7/19 7:25,0
2022/7/19 7:30,0
2022/7/19 7:35,0
2022/7/19 7:40,0
2022/7/19 7:45,0
2022/7/19 7:50,0
2022/7/19 7:55,0
2022/7/19 8:00,0
2022/7/19 8:05,0
2022/7/19 8:10,0
2022/7/19 8:15,0
2022/7/19 8:20,0
2022/7/19 8:25,0
2022/7/19 8:30,0
2022/7/19 8:35,0
2022/7/19 8:40,0
2022/7/19 8:45,0
2022/7/19 8:50,0
2022/7/19 8:55,0
2022/7/19 9:00,0
2022/7/19 9:05,0
2022/7/19 9:10,0
2022/7/19 9:15,0
2022/7/19 9:20,0
2022/7/19 9:25,0
2022/7/19 9:30,0
2022/7/19 9:35,0
2022/7/19 9:40,0
2022/7/19 9:45,0
2022/7/19 9:50,0
2022/7/19 9:55,0
2022/7/19 10:00,0
2022/7/19 10:05,0
2022/7/19 10:10,0
2022/7/19 10:15,-108.5357962
2022/7/19 10:20,19332.46512
2022/7/19 10:25,19047.08621
2022/7/19 10:30,2367.896871
2022/7/19 10:35,25073.63326
2022/7/19 10:40,33398.84761
2022/7/19 10:45,30657.1946
2022/7/19 10:50,24364.56813
2022/7/19 10:55,20887.93452
2022/7/19 11:00,19434.8099
2022/7/19 11:05,23526.62559
2022/7/19 11:10,17093.15437
2022/7/19 11:15,-1022.572075
2022/7/19 11:20,19139.13538
2022/7/19 11:25,8996.947489
2022/7/19 11:30,-697.5808559
2022/7/19 11:35,0
2022/7/19 11:40,4562.603668
2022/7/19 11:45,18955.01177
2022/7/19 11:50,21720.77614
2022/7/19 11:55,22005.69198
2022/7/19 12:00,20408.53464
2022/7/19 12:05,18872.75538
2022/7/19 12:10,17344.99868
2022/7/19 12:15,5454.01257
2022/7/19 12:20,0
2022/7/19 12:25,5851.082213
2022/7/19 12:30,20529.88465
2022/7/19 12:35,27605.39507
2022/7/19 12:40,19708.65217
2022/7/19 12:45,14856.4888
2022/7/19 12:50,-856.0950235
2022/7/19 12:55,-744.3215848
2022/7/19 13:00,-701.2271809
2022/7/19 13:05,-606.3141733
2022/7/19 13:10,-494.5676163
2022/7/19 13:15,-336.5366261
2022/7/19 13:20,
2022/7/19 13:25,0
2022/7/19 13:30,0
2022/7/19 13:35,0
2022/7/19 13:40,0
2022/7/19 13:45,0
2022/7/19 13:50,9434.70525
2022/7/19 13:55,21839.12726
2022/7/19 14:00,23098.45544
2022/7/19 14:05,24003.14
2022/7/19 14:10,22505.01428
2022/7/19 14:15,0
2022/7/19 14:20,8999.480687
2022/7/19 14:25,12259.56502
2022/7/19 14:30,0
2022/7/19 14:35,0
2022/7/19 14:40,1859.355344
2022/7/19 14:45,20598.97939
2022/7/19 14:50,24132.45638
2022/7/19 14:55,23934.27862
2022/7/19 15:00,-967.9238302
2022/7/19 15:05,18414.88222
2022/7/19 15:10,4549.230361
2022/7/19 15:15,15967.96305
2022/7/19 15:20,17925.33597
2022/7/19 15:25,4794.05085
2022/7/19 15:30,17462.02769
2022/7/19 15:35,-896.2348644
2022/7/19 15:40,19968.36241
2022/7/19 15:45,24300.24155
2022/7/19 15:50,8704.611195
2022/7/19 15:55,13470.25068
2022/7/19 16:00,8463.973707
2022/7/19 16:05,12163.36274
2022/7/19 16:10,-891.1530951
2022/7/19 16:15,20322.27893
2022/7/19 16:20,0
2022/7/19 16:25,8976.524249
2022/7/19 16:30,15169.23306
2022/7/19 16:35,4446.696344
2022/7/19 16:40,18046.12726
2022/7/19 16:45,-861.4088504
2022/7/19 16:50,20544.27177
2022/7/19 16:55,23259.82544
2022/7/19 17:00,20091.13444
2022/7/19 17:05,16314.08546
2022/7/19 17:10,14516.03883
2022/7/19 17:15,20369.1496
2022/7/19 17:20,14932.4863
2022/7/19 17:25,16062.03428
2022/7/19 17:30,15328.45232
2022/7/19 17:35,16486.13264
2022/7/19 17:40,21020.97457
2022/7/19 17:45,28374.79668
2022/7/19 17:50,14957.93358
2022/7/19 17:55,15545.23201
2022/7/19 18:00,18055.32975
2022/7/19 18:05,18117.79363
2022/7/19 18:10,15034.27644
2022/7/19 18:15,13822.81456
2022/7/19 18:20,-805.2242084
2022/7/19 18:25,18033.3149
2022/7/19 18:30,-885.8614336
2022/7/19 18:35,9786.474465
2022/7/19 18:40,9264.548419
2022/7/19 18:45,4270.670766
2022/7/19 18:50,14418.74593
2022/7/19 18:55,-846.990921
2022/7/19 19:00,0
2022/7/19 19:05,0
2022/7/19 19:10,0
2022/7/19 19:15,0
2022/7/19 19:20,0
2022/7/19 19:25,0
2022/7/19 19:30,0
2022/7/19 19:35,0
2022/7/19 19:40,0
2022/7/19 19:45,0
2022/7/19 19:50,0
2022/7/19 19:55,0
2022/7/19 20:00,0
2022/7/19 20:05,0
2022/7/19 20:10,0
2022/7/19 20:15,0
2022/7/19 20:20,0
2022/7/19 20:25,0
2022/7/19 20:30,0
2022/7/19 20:35,0
2022/7/19 20:40,0
2022/7/19 20:45,0
2022/7/19 20:50,0
2022/7/19 20:55,0
2022/7/19 21:00,0
2022/7/19 21:05,0
2022/7/19 21:10,0
2022/7/19 21:15,0
2022/7/19 21:20,0
2022/7/19 21:25,0
2022/7/19 21:30,0
2022/7/19 21:35,0
2022/7/19 21:40,0
2022/7/19 21:45,0
2022/7/19 21:50,0
2022/7/19 21:55,0
2022/7/19 22:00,0
2022/7/19 22:05,0
2022/7/19 22:10,0
2022/7/19 22:15,0
2022/7/19 22:20,0
2022/7/19 22:25,0
2022/7/19 22:30,0
2022/7/19 22:35,0
2022/7/19 22:40,0
2022/7/19 22:45,0
2022/7/19 22:50,0
2022/7/19 22:55,0
2022/7/19 23:00,0
2022/7/19 23:05,0
2022/7/19 23:10,0
2022/7/19 23:15,0
2022/7/19 23:20,0
2022/7/19 23:25,0
2022/7/19 23:30,0
2022/7/19 23:35,0
2022/7/19 23:40,0
2022/7/19 23:45,0
2022/7/19 23:50,0
2022/7/19 23:55,0
2022/7/20 0:00,0
2022/7/20 0:05,0
2022/7/20 0:10,0
2022/7/20 0:15,0
2022/7/20 0:20,0
2022/7/20 0:25,0
2022/7/20 0:30,0
2022/7/20 0:35,0
2022/7/20 0:40,0
2022/7/20 0:45,0
2022/7/20 0:50,0
2022/7/20 0:55,0
2022/7/20 1:00,0
2022/7/20 1:05,0
2022/7/20 1:10,0
2022/7/20 1:15,0
2022/7/20 1:20,0
2022/7/20 1:25,0
2022/7/20 1:30,0
2022/7/20 1:35,0
2022/7/20 1:40,0
2022/7/20 1:45,0
2022/7/20 1:50,0
2022/7/20 1:55,0
2022/7/20 2:00,0
2022/7/20 2:05,0
2022/7/20 2:10,0
2022/7/20 2:15,0
2022/7/20 2:20,0
2022/7/20 2:25,0
2022/7/20 2:30,0
2022/7/20 2:35,0
2022/7/20 2:40,0
2022/7/20 2:45,0
2022/7/20 2:50,0
2022/7/20 2:55,0
2022/7/20 3:00,0
2022/7/20 3:05,0
2022/7/20 3:10,0
2022/7/20 3:15,0
2022/7/20 3:20,0
2022/7/20 3:25,0
2022/7/20 3:30,0
2022/7/20 3:35,0
2022/7/20 3:40,0
2022/7/20 3:45,0
2022/7/20 3:50,0
2022/7/20 3:55,0
2022/7/20 4:00,0
2022/7/20 4:05,0
2022/7/20 4:10,0
2022/7/20 4:15,0
2022/7/20 4:20,0
2022/7/20 4:25,0
2022/7/20 4:30,0
2022/7/20 4:35,0
2022/7/20 4:40,0
2022/7/20 4:45,0
2022/7/20 4:50,0
2022/7/20 4:55,0
2022/7/20 5:00,0
2022/7/20 5:05,0
2022/7/20 5:10,0
2022/7/20 5:15,0
2022/7/20 5:20,0
2022/7/20 5:25,0
2022/7/20 5:30,0
2022/7/20 5:35,0
2022/7/20 5:40,0
2022/7/20 5:45,0
2022/7/20 5:50,0
2022/7/20 5:55,0
2022/7/20 6:00,0
2022/7/20 6:05,0
2022/7/20 6:10,0
2022/7/20 6:15,0
2022/7/20 6:20,0
2022/7/20 6:25,0
2022/7/20 6:30,0
2022/7/20 6:35,0
2022/7/20 6:40,0
2022/7/20 6:45,0
2022/7/20 6:50,0
2022/7/20 6:55,0
2022/7/20 7:00,0
2022/7/20 7:05,0
2022/7/20 7:10,0
2022/7/20 7:15,0
2022/7/20 7:20,0
2022/7/20 7:25,0
2022/7/20 7:30,0
2022/7/20 7:35,0
2022/7/20 7:40,0
2022/7/20 7:45,0
2022/7/20 7:50,0
2022/7/20 7:55,0
2022/7/20 8:00,0
2022/7/20 8:05,0
2022/7/20 8:10,0
2022/7/20 8:15,0
2022/7/20 8:20,0
2022/7/20 8:25,0
2022/7/20 8:30,0
2022/7/20 8:35,0
2022/7/20 8:40,0
2022/7/20 8:45,0
2022/7/20 8:50,0
2022/7/20 8:55,0
2022/7/20 9:00,0
2022/7/20 9:05,0
2022/7/20 9:10,0
2022/7/20 9:15,0
2022/7/20 9:20,0
2022/7/20 9:25,0
2022/7/20 9:30,0
2022/7/20 9:35,14976.04477
2022/7/20 9:40,23545.18663
2022/7/20 9:45,27112.99674
2022/7/20 9:50,14503.11182
2022/7/20 9:55,-797.1294507
2022/7/20 10:00,12110.86136
2022/7/20 10:05,16521.85332
2022/7/20 10:10,-686.959593
2022/7/20 10:15,0
2022/7/20 10:20,0
2022/7/20 10:25,0
2022/7/20 10:30,0
2022/7/20 10:35,0
2022/7/20 10:40,0
2022/7/20 10:45,0
2022/7/20 10:50,0
2022/7/20 10:55,0
2022/7/20 11:00,0
2022/7/20 11:05,0
2022/7/20 11:10,0
2022/7/20 11:15,0
2022/7/20 11:20,0
2022/7/20 11:25,0
2022/7/20 11:30,0
2022/7/20 11:35,0
2022/7/20 11:40,0
2022/7/20 11:45,9096.824113
2022/7/20 11:50,22678.80962
2022/7/20 11:55,25046.13964
2022/7/20 12:00,27478.16825
2022/7/20 12:05,19717.18
2022/7/20 12:10,14275.98182
2022/7/20 12:15,16433.09681
2022/7/20 12:20,19620.90426
2022/7/20 12:25,18937.96529
2022/7/20 12:30,15633.27339
2022/7/20 12:35,5047.272447
2022/7/20 12:40,0
2022/7/20 12:45,7847.640368
2022/7/20 12:50,20164.86089
2022/7/20 12:55,8562.808122
2022/7/20 13:00,-747.5043312
2022/7/20 13:05,-785.4290271
2022/7/20 13:10,-770.2488036
2022/7/20 13:15,-747.2984006
2022/7/20 13:20,-657.9037464
2022/7/20 13:25,-596.3730869
2022/7/20 13:30,-431.7080241
2022/7/20 13:35,0
2022/7/20 13:40,0
2022/7/20 13:45,0
2022/7/20 13:50,0
2022/7/20 13:55,0
2022/7/20 14:00,
2022/7/20 14:05,22278.86478
2022/7/20 14:10,22559.27122
2022/7/20 14:15,-990.427704
2022/7/20 14:20,17981.00107
2022/7/20 14:25,7126.866614
2022/7/20 14:30,10655.172
2022/7/20 14:35,20744.7228
2022/7/20 14:40,0
2022/7/20 14:45,4488.06821
2022/7/20 14:50,19313.3751
2022/7/20 14:55,-764.9638371
2022/7/20 15:00,17355.85133
2022/7/20 15:05,8376.354513
2022/7/20 15:10,-694.4485179
2022/7/20 15:15,20551.02143
2022/7/20 15:20,-792.2110101
2022/7/20 15:25,16460.67551
2022/7/20 15:30,16257.40622
2022/7/20 15:35,-769.8030768
2022/7/20 15:40,17394.6768
2022/7/20 15:45,16929.97075
2022/7/20 15:50,-917.9207128
2022/7/20 15:55,9330.951642
2022/7/20 16:00,12011.99287
2022/7/20 16:05,4683.863799
2022/7/20 16:10,-801.5113782
2022/7/20 16:15,3406.746139
2022/7/20 16:20,0
2022/7/20 16:25,0
2022/7/20 16:30,0
2022/7/20 16:35,0
2022/7/20 16:40,0
2022/7/20 16:45,0
2022/7/20 16:50,0
2022/7/20 16:55,0
2022/7/20 17:00,0
2022/7/20 17:05,0
2022/7/20 17:10,0
2022/7/20 17:15,0
2022/7/20 17:20,0
2022/7/20 17:25,0
2022/7/20 17:30,0
2022/7/20 17:35,0
2022/7/20 17:40,0
2022/7/20 17:45,0
2022/7/20 17:50,0
2022/7/20 17:55,0
2022/7/20 18:00,0
2022/7/20 18:05,0
2022/7/20 18:10,0
2022/7/20 18:15,0
2022/7/20 18:20,0
2022/7/20 18:25,0
2022/7/20 18:30,0
2022/7/20 18:35,0
2022/7/20 18:40,0
2022/7/20 18:45,15444.15825
2022/7/20 18:50,20630.44867
2022/7/20 18:55,3242.647354
2022/7/20 19:00,11786.27439
2022/7/20 19:05,18931.08782
2022/7/20 19:10,7838.820391
2022/7/20 19:15,13192.55123
2022/7/20 19:20,19116.41175
2022/7/20 19:25,-736.8112525
2022/7/20 19:30,19884.62118
2022/7/20 19:35,8545.414331
2022/7/20 19:40,15253.16786
2022/7/20 19:45,20381.46306
2022/7/20 19:50,10745.49387
2022/7/20 19:55,19166.59979
2022/7/20 20:00,5797.423812
2022/7/20 20:05,10842.41627
2022/7/20 20:10,15456.38873
2022/7/20 20:15,-654.5834058
2022/7/20 20:20,25979.14128
2022/7/20 20:25,11511.2265
2022/7/20 20:30,11109.76552
2022/7/20 20:35,12327.00323
2022/7/20 20:40,4072.875215
2022/7/20 20:45,12454.17499
2022/7/20 20:50,10315.00733
2022/7/20 20:55,0
2022/7/20 21:00,0
2022/7/20 21:05,0
2022/7/20 21:10,0
2022/7/20 21:15,0
2022/7/20 21:20,0
2022/7/20 21:25,0
2022/7/20 21:30,0
2022/7/20 21:35,0
2022/7/20 21:40,0
2022/7/20 21:45,0
2022/7/20 21:50,0
2022/7/20 21:55,0
2022/7/20 22:00,0
2022/7/20 22:05,0
2022/7/20 22:10,0
2022/7/20 22:15,0
2022/7/20 22:20,0
2022/7/20 22:25,0
2022/7/20 22:30,0
2022/7/20 22:35,0
2022/7/20 22:40,0
2022/7/20 22:45,0
2022/7/20 22:50,0
2022/7/20 22:55,0
2022/7/20 23:00,0
2022/7/20 23:05,0
2022/7/20 23:10,0
2022/7/20 23:15,0
2022/7/20 23:20,0
2022/7/20 23:25,0
2022/7/20 23:30,0
2022/7/20 23:35,0
2022/7/20 23:40,0
2022/7/20 23:45,0
2022/7/20 23:50,0
2022/7/20 23:55,0
2022/7/21 0:00,0
2022/7/21 0:05,0
2022/7/21 0:10,0
2022/7/21 0:15,0
2022/7/21 0:20,0
2022/7/21 0:25,0
2022/7/21 0:30,0
2022/7/21 0:35,0
2022/7/21 0:40,0
2022/7/21 0:45,0
2022/7/21 0:50,0
2022/7/21 0:55,0
2022/7/21 1:00,0
2022/7/21 1:05,0
2022/7/21 1:10,0
2022/7/21 1:15,0
2022/7/21 1:20,0
2022/7/21 1:25,0
2022/7/21 1:30,0
2022/7/21 1:35,0
2022/7/21 1:40,0
2022/7/21 1:45,0
2022/7/21 1:50,0
2022/7/21 1:55,0
2022/7/21 2:00,0
2022/7/21 2:05,0
2022/7/21 2:10,0
2022/7/21 2:15,0
2022/7/21 2:20,0
2022/7/21 2:25,0
2022/7/21 2:30,0
2022/7/21 2:35,0
2022/7/21 2:40,0
2022/7/21 2:45,0
2022/7/21 2:50,0
2022/7/21 2:55,0
2022/7/21 3:00,0
2022/7/21 3:05,0
2022/7/21 3:10,0
2022/7/21 3:15,0
2022/7/21 3:20,0
2022/7/21 3:25,0
2022/7/21 3:30,0
2022/7/21 3:35,0
2022/7/21 3:40,0
2022/7/21 3:45,0
2022/7/21 3:50,0
2022/7/21 3:55,0
2022/7/21 4:00,0
2022/7/21 4:05,0
2022/7/21 4:10,0
2022/7/21 4:15,0
2022/7/21 4:20,0
2022/7/21 4:25,0
2022/7/21 4:30,0
2022/7/21 4:35,0
2022/7/21 4:40,0
2022/7/21 4:45,0
2022/7/21 4:50,0
2022/7/21 4:55,0
2022/7/21 5:00,0
2022/7/21 5:05,0
2022/7/21 5:10,0
2022/7/21 5:15,0
2022/7/21 5:20,0
2022/7/21 5:25,0
2022/7/21 5:30,0
2022/7/21 5:35,0
2022/7/21 5:40,0
2022/7/21 5:45,0
2022/7/21 5:50,0
2022/7/21 5:55,0
2022/7/21 6:00,0
2022/7/21 6:05,0
2022/7/21 6:10,0
2022/7/21 6:15,0
2022/7/21 6:20,0
2022/7/21 6:25,0
2022/7/21 6:30,0
2022/7/21 6:35,0
2022/7/21 6:40,0
2022/7/21 6:45,0
2022/7/21 6:50,0
2022/7/21 6:55,0
2022/7/21 7:00,0
2022/7/21 7:05,0
2022/7/21 7:10,0
2022/7/21 7:15,0
2022/7/21 7:20,0
2022/7/21 7:25,0
2022/7/21 7:30,0
2022/7/21 7:35,0
2022/7/21 7:40,0
2022/7/21 7:45,0
2022/7/21 7:50,0
2022/7/21 7:55,0
2022/7/21 8:00,0
2022/7/21 8:05,0
2022/7/21 8:10,0
2022/7/21 8:15,0
2022/7/21 8:20,0
2022/7/21 8:25,0
2022/7/21 8:30,0
2022/7/21 8:35,0
2022/7/21 8:40,0
2022/7/21 8:45,0
2022/7/21 8:50,0
2022/7/21 8:55,0
2022/7/21 9:00,0
2022/7/21 9:05,0
2022/7/21 9:10,0
2022/7/21 9:15,0
2022/7/21 9:20,0
2022/7/21 9:25,0
2022/7/21 9:30,0
2022/7/21 9:35,0
2022/7/21 9:40,11286.79
2022/7/21 9:45,22024.72942
2022/7/21 9:50,25100.24805
2022/7/21 9:55,21567.5778
2022/7/21 10:00,22289.0654
2022/7/21 10:05,28729.40251
2022/7/21 10:10,26211.95077
2022/7/21 10:15,3773.337813
2022/7/21 10:20,0
2022/7/21 10:25,5273.520692
2022/7/21 10:30,24794.87697
2022/7/21 10:35,0
2022/7/21 10:40,0
2022/7/21 10:45,0
2022/7/21 10:50,0
2022/7/21 10:55,0
2022/7/21 11:00,0
2022/7/21 11:05,4022.00851
2022/7/21 11:10,23951.1205
2022/7/21 11:15,17362.7484
2022/7/21 11:20,19185.04574
2022/7/21 11:25,30138.91665
2022/7/21 11:30,14002.33949
2022/7/21 11:35,17812.47108
2022/7/21 11:40,17644.39774
2022/7/21 11:45,29322.55447
2022/7/21 11:50,28569.607
2022/7/21 11:55,24446.95975
2022/7/21 12:00,23319.5962
2022/7/21 12:05,19721.67394
2022/7/21 12:10,26551.92991
2022/7/21 12:15,26393.94401
2022/7/21 12:20,14072.56411
2022/7/21 12:25,0
2022/7/21 12:30,-733.1117072
2022/7/21 12:35,25101.04271
2022/7/21 12:40,34402.49012
2022/7/21 12:45,32073.13802
2022/7/21 12:50,23215.89088
2022/7/21 12:55,23545.72169
2022/7/21 13:00,18560.64967
2022/7/21 13:05,32373.57864
2022/7/21 13:10,23285.14707
2022/7/21 13:15,21555.34002
2022/7/21 13:20,23617.28806
2022/7/21 13:25,18632.60423
2022/7/21 13:30,22134.62473
2022/7/21 13:35,18304.137
2022/7/21 13:40,17601.08965
2022/7/21 13:45,17851.26854
2022/7/21 13:50,20419.01224
2022/7/21 13:55,20297.09861
2022/7/21 14:00,23444.92534
2022/7/21 14:05,33520.6121
2022/7/21 14:10,33352.43074
2022/7/21 14:15,32357.67555
2022/7/21 14:20,26929.99459
2022/7/21 14:25,25879.23573
2022/7/21 14:30,24589.10706
2022/7/21 14:35,24510.35953
2022/7/21 14:40,27387.93139
2022/7/21 14:45,24898.7312
2022/7/21 14:50,19382.52286
2022/7/21 14:55,17858.47721
2022/7/21 15:00,20891.20409
2022/7/21 15:05,20562.95508
2022/7/21 15:10,18108.69763
2022/7/21 15:15,21922.13357
2022/7/21 15:20,23940.44422
2022/7/21 15:25,23155.28634
2022/7/21 15:30,31000.90756
2022/7/21 15:35,17217.24363
2022/7/21 15:40,16859.62874
2022/7/21 15:45,13648.091
2022/7/21 15:50,16014.45477
2022/7/21 15:55,9830.38166
2022/7/21 16:00,14359.3493
2022/7/21 16:05,16078.54891
2022/7/21 16:10,15922.19841
2022/7/21 16:15,18305.10716
2022/7/21 16:20,15658.19923
2022/7/21 16:25,17129.46063
2022/7/21 16:30,19364.8176
2022/7/21 16:35,21752.12099
2022/7/21 16:40,19322.78208
2022/7/21 16:45,17432.02174
2022/7/21 16:50,20897.12747
2022/7/21 16:55,24931.3345
2022/7/21 17:00,17424.72798
2022/7/21 17:05,26923.62834
2022/7/21 17:10,16349.88709
2022/7/21 17:15,19340.25178
2022/7/21 17:20,19180.43714
2022/7/21 17:25,18846.91346
2022/7/21 17:30,15980.03191
2022/7/21 17:35,22361.16584
2022/7/21 17:40,18879.2206
2022/7/21 17:45,15100.01478
2022/7/21 17:50,17319.27439
2022/7/21 17:55,13050.38346
2022/7/21 18:00,14641.02463
2022/7/21 18:05,20678.35587
2022/7/21 18:10,18877.62007
2022/7/21 18:15,24008.66766
2022/7/21 18:20,24718.45404
2022/7/21 18:25,27970.28747
2022/7/21 18:30,26566.85429
2022/7/21 18:35,17738.66126
2022/7/21 18:40,18509.47364
2022/7/21 18:45,20527.4696
2022/7/21 18:50,15844.3115
2022/7/21 18:55,22930.00891
2022/7/21 19:00,0
2022/7/21 19:05,0
2022/7/21 19:10,0
2022/7/21 19:15,0
2022/7/21 19:20,0
2022/7/21 19:25,0
2022/7/21 19:30,0
2022/7/21 19:35,0
2022/7/21 19:40,
2022/7/21 19:45,20877.53742
2022/7/21 19:50,22047.40163
2022/7/21 19:55,21774.82906
2022/7/21 20:00,19790.56946
2022/7/21 20:05,0
2022/7/21 20:10,0
2022/7/21 20:15,0
2022/7/21 20:20,0
2022/7/21 20:25,0
2022/7/21 20:30,0
2022/7/21 20:35,0
2022/7/21 20:40,0
2022/7/21 20:45,0
2022/7/21 20:50,0
2022/7/21 20:55,0
2022/7/21 21:00,0
2022/7/21 21:05,0
2022/7/21 21:10,0
2022/7/21 21:15,0
2022/7/21 21:20,0
2022/7/21 21:25,0
2022/7/21 21:30,0
2022/7/21 21:35,0
2022/7/21 21:40,0
2022/7/21 21:45,0
2022/7/21 21:50,0
2022/7/21 21:55,0
2022/7/21 22:00,0
2022/7/21 22:05,0
2022/7/21 22:10,0
2022/7/21 22:15,0
2022/7/21 22:20,0
2022/7/21 22:25,0
2022/7/21 22:30,0
2022/7/21 22:35,0
2022/7/21 22:40,0
2022/7/21 22:45,0
2022/7/21 22:50,0
2022/7/21 22:55,0
2022/7/21 23:00,0
2022/7/21 23:05,0
2022/7/21 23:10,0
2022/7/21 23:15,0
2022/7/21 23:20,0
2022/7/21 23:25,0
2022/7/21 23:30,0
2022/7/21 23:35,0
2022/7/21 23:40,0
2022/7/21 23:45,0
2022/7/21 23:50,0
2022/7/21 23:55,0
2022/7/22 0:00,0
2022/7/22 0:05,0
2022/7/22 0:10,0
2022/7/22 0:15,0
2022/7/22 0:20,0
2022/7/22 0:25,0
2022/7/22 0:30,0
2022/7/22 0:35,0
2022/7/22 0:40,0
2022/7/22 0:45,0
2022/7/22 0:50,0
2022/7/22 0:55,0
2022/7/22 1:00,0
2022/7/22 1:05,0
2022/7/22 1:10,0
2022/7/22 1:15,0
2022/7/22 1:20,0
2022/7/22 1:25,0
2022/7/22 1:30,0
2022/7/22 1:35,0
2022/7/22 1:40,0
2022/7/22 1:45,0
2022/7/22 1:50,0
2022/7/22 1:55,0
2022/7/22 2:00,0
2022/7/22 2:05,0
2022/7/22 2:10,0
2022/7/22 2:15,0
2022/7/22 2:20,0
2022/7/22 2:25,0
2022/7/22 2:30,0
2022/7/22 2:35,0
2022/7/22 2:40,0
2022/7/22 2:45,0
2022/7/22 2:50,0
2022/7/22 2:55,0
2022/7/22 3:00,0
2022/7/22 3:05,0
2022/7/22 3:10,0
2022/7/22 3:15,0
2022/7/22 3:20,0
2022/7/22 3:25,0
2022/7/22 3:30,0
2022/7/22 3:35,0
2022/7/22 3:40,0
2022/7/22 3:45,0
2022/7/22 3:50,0
2022/7/22 3:55,0
2022/7/22 4:00,0
2022/7/22 4:05,0
2022/7/22 4:10,0
2022/7/22 4:15,0
2022/7/22 4:20,0
2022/7/22 4:25,0
2022/7/22 4:30,0
2022/7/22 4:35,0
2022/7/22 4:40,0
2022/7/22 4:45,0
2022/7/22 4:50,0
2022/7/22 4:55,0
2022/7/22 5:00,0
2022/7/22 5:05,0
2022/7/22 5:10,0
2022/7/22 5:15,0
2022/7/22 5:20,0
2022/7/22 5:25,0
2022/7/22 5:30,0
2022/7/22 5:35,0
2022/7/22 5:40,0
2022/7/22 5:45,0
2022/7/22 5:50,0
2022/7/22 5:55,0
2022/7/22 6:00,0
2022/7/22 6:05,0
2022/7/22 6:10,0
2022/7/22 6:15,0
2022/7/22 6:20,0
2022/7/22 6:25,0
2022/7/22 6:30,0
2022/7/22 6:35,0
2022/7/22 6:40,0
2022/7/22 6:45,0
2022/7/22 6:50,0
2022/7/22 6:55,0
2022/7/22 7:00,0
2022/7/22 7:05,0
2022/7/22 7:10,0
2022/7/22 7:15,0
2022/7/22 7:20,0
2022/7/22 7:25,0
2022/7/22 7:30,0
2022/7/22 7:35,0
2022/7/22 7:40,0
2022/7/22 7:45,0
2022/7/22 7:50,0
2022/7/22 7:55,0
2022/7/22 8:00,0
2022/7/22 8:05,0
2022/7/22 8:10,0
2022/7/22 8:15,0
2022/7/22 8:20,0
2022/7/22 8:25,0
2022/7/22 8:30,0
2022/7/22 8:35,0
2022/7/22 8:40,0
2022/7/22 8:45,0
2022/7/22 8:50,0
2022/7/22 8:55,0
2022/7/22 9:00,0
2022/7/22 9:05,0
2022/7/22 9:10,0
2022/7/22 9:15,0
2022/7/22 9:20,0
2022/7/22 9:25,0
2022/7/22 9:30,0
2022/7/22 9:35,0
2022/7/22 9:40,0
2022/7/22 9:45,0
2022/7/22 9:50,0
2022/7/22 9:55,0
2022/7/22 10:00,0
2022/7/22 10:05,0
2022/7/22 10:10,0
2022/7/22 10:15,0
2022/7/22 10:20,0
2022/7/22 10:25,0
2022/7/22 10:30,0
2022/7/22 10:35,0
2022/7/22 10:40,0
2022/7/22 10:45,0
2022/7/22 10:50,0
2022/7/22 10:55,0
2022/7/22 11:00,0
2022/7/22 11:05,0
2022/7/22 11:10,0
2022/7/22 11:15,0
2022/7/22 11:20,0
2022/7/22 11:25,0
2022/7/22 11:30,0
2022/7/22 11:35,0
2022/7/22 11:40,0
2022/7/22 11:45,0
2022/7/22 11:50,0
2022/7/22 11:55,0
2022/7/22 12:00,0
2022/7/22 12:05,9107.764501
2022/7/22 12:10,22950.92771
2022/7/22 12:15,25384.99764
2022/7/22 12:20,19962.46935
2022/7/22 12:25,15416.39485
2022/7/22 12:30,23155.59311
2022/7/22 12:35,11809.77474
2022/7/22 12:40,-934.4900084
2022/7/22 12:45,17448.77456
2022/7/22 12:50,20876.22763
2022/7/22 12:55,16927.6205
2022/7/22 13:00,17028.13529
2022/7/22 13:05,20148.65713
2022/7/22 13:10,19615.34002
2022/7/22 13:15,17179.5635
2022/7/22 13:20,17006.11184
2022/7/22 13:25,5208.054649
2022/7/22 13:30,0
2022/7/22 13:35,0
2022/7/22 13:40,0
2022/7/22 13:45,0
2022/7/22 13:50,0
2022/7/22 13:55,0
2022/7/22 14:00,0
2022/7/22 14:05,0
2022/7/22 14:10,0
2022/7/22 14:15,0
2022/7/22 14:20,0
2022/7/22 14:25,0
2022/7/22 14:30,0
2022/7/22 14:35,0
2022/7/22 14:40,0
2022/7/22 14:45,0
2022/7/22 14:50,0
2022/7/22 14:55,0
2022/7/22 15:00,0
2022/7/22 15:05,0
2022/7/22 15:10,8937.037925
2022/7/22 15:15,6908.954044
2022/7/22 15:20,4666.438471
2022/7/22 15:25,21145.10217
2022/7/22 15:30,26322.45265
2022/7/22 15:35,6392.742537
2022/7/22 15:40,17450.92464
2022/7/22 15:45,19679.93064
2022/7/22 15:50,3550.556687
2022/7/22 15:55,14640.96481
2022/7/22 16:00,-927.1235706
2022/7/22 16:05,24174.81584
2022/7/22 16:10,21961.24049
2022/7/22 16:15,7107.645222
2022/7/22 16:20,12787.42057
2022/7/22 16:25,6781.824159
2022/7/22 16:30,6645.69244
2022/7/22 16:35,18138.64724
2022/7/22 16:40,0
2022/7/22 16:45,17278.30539
2022/7/22 16:50,0
2022/7/22 16:55,5383.831483
2022/7/22 17:00,19362.1184
2022/7/22 17:05,-906.1824384
2022/7/22 17:10,17966.21769
2022/7/22 17:15,5612.591485
2022/7/22 17:20,4659.153954
2022/7/22 17:25,12232.72733
2022/7/22 17:30,-844.1530113
2022/7/22 17:35,23163.02408
2022/7/22 17:40,17286.46113
2022/7/22 17:45,5202.354667
2022/7/22 17:50,36545.59594
2022/7/22 17:55,-1068.713296
2022/7/22 18:00,18613.64791
2022/7/22 18:05,9541.175589
2022/7/22 18:10,4401.473585
2022/7/22 18:15,19740.06939
2022/7/22 18:20,-894.2600904
2022/7/22 18:25,12278.05131
2022/7/22 18:30,0
2022/7/22 18:35,3468.391456
2022/7/22 18:40,19101.94079
2022/7/22 18:45,-873.65608
2022/7/22 18:50,7766.103339
2022/7/22 18:55,2766.148576
2022/7/22 19:00,0
2022/7/22 19:05,0
2022/7/22 19:10,0
2022/7/22 19:15,0
2022/7/22 19:20,0
2022/7/22 19:25,0
2022/7/22 19:30,0
2022/7/22 19:35,0
2022/7/22 19:40,0
2022/7/22 19:45,0
2022/7/22 19:50,0
2022/7/22 19:55,0
2022/7/22 20:00,0
2022/7/22 20:05,0
2022/7/22 20:10,0
2022/7/22 20:15,0
2022/7/22 20:20,0
2022/7/22 20:25,0
2022/7/22 20:30,0
2022/7/22 20:35,0
2022/7/22 20:40,0
2022/7/22 20:45,0
2022/7/22 20:50,0
2022/7/22 20:55,0
2022/7/22 21:00,0
2022/7/22 21:05,0
2022/7/22 21:10,0
2022/7/22 21:15,0
2022/7/22 21:20,0
2022/7/22 21:25,0
2022/7/22 21:30,0
2022/7/22 21:35,0
2022/7/22 21:40,0
2022/7/22 21:45,0
2022/7/22 21:50,0
2022/7/22 21:55,0
2022/7/22 22:00,0
2022/7/22 22:05,0
2022/7/22 22:10,0
2022/7/22 22:15,0
2022/7/22 22:20,0
2022/7/22 22:25,0
2022/7/22 22:30,0
2022/7/22 22:35,0
2022/7/22 22:40,0
2022/7/22 22:45,0
2022/7/22 22:50,0
2022/7/22 22:55,0
2022/7/22 23:00,0
2022/7/22 23:05,0
2022/7/22 23:10,0
2022/7/22 23:15,0
2022/7/22 23:20,0
2022/7/22 23:25,0
2022/7/22 23:30,0
2022/7/22 23:35,0
2022/7/22 23:40,0
2022/7/22 23:45,0
2022/7/22 23:50,0
2022/7/22 23:55,0
2022/7/23 0:00,0
2022/7/23 0:05,0
2022/7/23 0:10,0
2022/7/23 0:15,0
2022/7/23 0:20,0
2022/7/23 0:25,0
2022/7/23 0:30,0
2022/7/23 0:35,0
2022/7/23 0:40,0
2022/7/23 0:45,0
2022/7/23 0:50,0
2022/7/23 0:55,0
2022/7/23 1:00,0
2022/7/23 1:05,0
2022/7/23 1:10,0
2022/7/23 1:15,0
2022/7/23 1:20,0
2022/7/23 1:25,0
2022/7/23 1:35,0
2022/7/23 1:40,0
2022/7/23 1:45,0
2022/7/23 1:50,0
2022/7/23 1:55,0
2022/7/23 2:00,0
2022/7/23 2:05,0
2022/7/23 2:10,0
2022/7/23 2:15,0
2022/7/23 2:20,0
2022/7/23 2:25,0
2022/7/23 2:30,0
2022/7/23 2:35,0
2022/7/23 2:40,0
2022/7/23 2:45,0
2022/7/23 2:50,0
2022/7/23 2:55,0
2022/7/23 3:00,0
2022/7/23 3:05,0
2022/7/23 3:10,0
2022/7/23 3:15,0
2022/7/23 3:20,0
2022/7/23 3:25,0
2022/7/23 3:30,0
2022/7/23 3:35,0
2022/7/23 3:40,0
2022/7/23 3:45,0
2022/7/23 3:50,0
2022/7/23 3:55,0
2022/7/23 4:00,0
2022/7/23 4:05,0
2022/7/23 4:10,0
2022/7/23 4:15,0
2022/7/23 4:20,0
2022/7/23 4:25,0
2022/7/23 4:30,0
2022/7/23 4:35,0
2022/7/23 4:40,0
2022/7/23 4:45,0
2022/7/23 4:50,0
2022/7/23 4:55,0
2022/7/23 5:00,0
2022/7/23 5:05,0
2022/7/23 5:10,0
2022/7/23 5:15,0
2022/7/23 5:20,0
2022/7/23 5:25,0
2022/7/23 5:30,0
2022/7/23 5:35,0
2022/7/23 5:40,0
2022/7/23 5:45,0
2022/7/23 5:50,0
2022/7/23 5:55,0
2022/7/23 6:00,0
2022/7/23 6:05,0
2022/7/23 6:10,0
2022/7/23 6:15,0
2022/7/23 6:20,0
2022/7/23 6:25,0
2022/7/23 6:30,0
2022/7/23 6:35,0
2022/7/23 6:40,0
2022/7/23 6:45,0
2022/7/23 6:50,0
2022/7/23 6:55,0
2022/7/23 7:00,0
2022/7/23 7:05,0
2022/7/23 7:10,0
2022/7/23 7:15,0
2022/7/23 7:20,0
2022/7/23 7:25,0
2022/7/23 7:30,0
2022/7/23 7:35,0
2022/7/23 7:40,0
2022/7/23 7:45,0
2022/7/23 7:50,0
2022/7/23 7:55,0
2022/7/23 8:00,0
2022/7/23 8:05,0
2022/7/23 8:10,0
2022/7/23 8:15,0
2022/7/23 8:20,0
2022/7/23 8:25,0
2022/7/23 8:30,0
2022/7/23 8:35,0
2022/7/23 8:40,0
2022/7/23 8:45,0
2022/7/23 8:50,0
2022/7/23 8:55,0
2022/7/23 9:00,0
2022/7/23 9:05,0
2022/7/23 9:10,0
2022/7/23 9:15,0
2022/7/23 9:20,0
2022/7/23 9:25,0
2022/7/23 9:30,0
2022/7/23 9:35,0
2022/7/23 9:40,0
2022/7/23 9:45,0
2022/7/23 9:50,0
2022/7/23 9:55,0
2022/7/23 10:00,0
2022/7/23 10:05,0
2022/7/23 10:10,0
2022/7/23 10:15,0
2022/7/23 10:20,0
2022/7/23 10:25,0
2022/7/23 10:30,0
2022/7/23 10:35,0
2022/7/23 10:40,0
2022/7/23 10:45,0
2022/7/23 10:50,0
2022/7/23 10:55,0
2022/7/23 11:00,0
2022/7/23 11:05,0
2022/7/23 11:10,0
2022/7/23 11:15,0
2022/7/23 11:20,0
2022/7/23 11:25,0
2022/7/23 11:30,0
2022/7/23 11:35,0
2022/7/23 11:40,0
2022/7/23 11:45,0
2022/7/23 11:50,0
2022/7/23 11:55,0
2022/7/23 12:00,0
2022/7/23 12:05,0
2022/7/23 12:10,0
2022/7/23 12:15,0
2022/7/23 12:20,0
2022/7/23 12:25,0
2022/7/23 12:30,0
2022/7/23 12:35,17759.04299
2022/7/23 12:40,24994.37032
2022/7/23 12:45,25634.00064
2022/7/23 12:50,14919.17317
2022/7/23 12:55,17380.03486
2022/7/23 13:00,4325.003446
2022/7/23 13:05,23405.52789
2022/7/23 13:10,23247.35165
2022/7/23 13:15,22141.75136
2022/7/23 13:20,23739.22922
2022/7/23 13:25,5802.830326
2022/7/23 13:30,24820.40345
2022/7/23 13:35,18402.23295
2022/7/23 13:40,5130.062569
2022/7/23 13:45,4799.037918
2022/7/23 13:50,0
2022/7/23 13:55,0
2022/7/23 14:00,0
2022/7/23 14:05,0
2022/7/23 14:10,0
2022/7/23 14:15,0
2022/7/23 14:20,0
2022/7/23 14:25,0
2022/7/23 14:30,0
2022/7/23 14:35,0
2022/7/23 14:40,0
2022/7/23 14:45,0
2022/7/23 14:50,0
2022/7/23 14:55,-779.0190406
2022/7/23 15:00,20706.34411
2022/7/23 15:05,27626.94863
2022/7/23 15:10,25656.61258
2022/7/23 15:15,21129.85813
2022/7/23 15:20,20588.48565
2022/7/23 15:25,22647.99935
2022/7/23 15:30,22250.90265
2022/7/23 15:35,20452.48552
2022/7/23 15:40,13928.17148
2022/7/23 15:45,0
2022/7/23 15:50,0
2022/7/23 15:55,2102.339473
2022/7/23 16:00,15562.48589
2022/7/23 16:05,23712.83121
2022/7/23 16:10,0
2022/7/23 16:15,-933.5872608
2022/7/23 16:20,-912.7715605
2022/7/23 16:25,-946.8810175
2022/7/23 16:30,3634.541776
2022/7/23 16:35,22128.58507
2022/7/23 16:40,25778.38776
2022/7/23 16:45,6265.408289
2022/7/23 16:50,0
2022/7/23 16:55,0
2022/7/23 17:00,0
2022/7/23 17:05,16053.9028
2022/7/23 17:10,23996.78809
2022/7/23 17:15,23898.53141
2022/7/23 17:20,20797.2939
2022/7/23 17:25,16923.57458
2022/7/23 17:30,-990.6745846
2022/7/23 17:35,-935.6265941
2022/7/23 17:40,-927.4269231
2022/7/23 17:45,-970.1901764
2022/7/23 17:50,-951.1965001
2022/7/23 17:55,-933.9977001
2022/7/23 18:00,-924.4131655
2022/7/23 18:05,0
2022/7/23 18:10,0
2022/7/23 18:15,0
2022/7/23 18:20,0
2022/7/23 18:25,0
2022/7/23 18:30,0
2022/7/23 18:35,0
2022/7/23 18:40,0
2022/7/23 18:45,0
2022/7/23 18:50,0
2022/7/23 18:55,0
2022/7/23 19:00,0
2022/7/23 19:05,0
2022/7/23 19:10,0
2022/7/23 19:15,0
2022/7/23 19:20,0
2022/7/23 19:25,0
2022/7/23 19:30,0
2022/7/23 19:35,0
2022/7/23 19:40,0
2022/7/23 19:45,0
2022/7/23 19:50,0
2022/7/23 19:55,0
2022/7/23 20:00,0
2022/7/23 20:05,0
2022/7/23 20:10,0
2022/7/23 20:15,0
2022/7/23 20:20,0
2022/7/23 20:25,0
2022/7/23 20:30,0
2022/7/23 20:35,0
2022/7/23 20:40,0
2022/7/23 20:45,0
2022/7/23 20:50,0
2022/7/23 20:55,0
2022/7/23 21:00,0
2022/7/23 21:05,0
2022/7/23 21:10,0
2022/7/23 21:15,0
2022/7/23 21:20,0
2022/7/23 21:25,0
2022/7/23 21:30,0
2022/7/23 21:35,0
2022/7/23 21:40,0
2022/7/23 21:45,0
2022/7/23 21:50,0
2022/7/23 21:55,0
2022/7/23 22:00,0
2022/7/23 22:05,0
2022/7/23 22:10,0
2022/7/23 22:15,0
2022/7/23 22:20,0
2022/7/23 22:25,0
2022/7/23 22:30,0
2022/7/23 22:35,0
2022/7/23 22:40,0
2022/7/23 22:45,0
2022/7/23 22:50,0
2022/7/23 22:55,0
2022/7/23 23:00,0
2022/7/23 23:05,0
2022/7/23 23:10,0
2022/7/23 23:15,0
2022/7/23 23:20,0
2022/7/23 23:25,0
2022/7/23 23:30,0
2022/7/23 23:35,0
2022/7/23 23:40,0
2022/7/23 23:45,0
2022/7/23 23:50,0
2022/7/23 23:55,0
2022/7/24 0:00,0
2022/7/24 0:05,0
2022/7/24 0:10,0
2022/7/24 0:15,0
2022/7/24 0:20,0
2022/7/24 0:25,0
2022/7/24 0:30,0
2022/7/24 0:35,0
2022/7/24 0:40,0
2022/7/24 0:45,0
2022/7/24 0:50,0
2022/7/24 0:55,0
2022/7/24 1:00,0
2022/7/24 1:05,0
2022/7/24 1:10,0
2022/7/24 1:15,0
2022/7/24 1:20,0
2022/7/24 1:25,0
2022/7/24 1:30,0
2022/7/24 1:35,0
2022/7/24 1:40,0
2022/7/24 1:45,0
2022/7/24 1:50,0
2022/7/24 1:55,0
2022/7/24 2:00,0
2022/7/24 2:05,0
2022/7/24 2:10,0
2022/7/24 2:15,0
2022/7/24 2:20,0
2022/7/24 2:25,0
2022/7/24 2:30,0
2022/7/24 2:35,0
2022/7/24 2:40,0
2022/7/24 2:45,0
2022/7/24 2:50,0
2022/7/24 2:55,0
2022/7/24 3:00,0
2022/7/24 3:05,0
2022/7/24 3:10,0
2022/7/24 3:15,0
2022/7/24 3:20,0
2022/7/24 3:25,0
2022/7/24 3:30,0
2022/7/24 3:35,0
2022/7/24 3:40,0
2022/7/24 3:45,0
2022/7/24 3:50,0
2022/7/24 3:55,0
2022/7/24 4:00,0
2022/7/24 4:05,0
2022/7/24 4:10,0
2022/7/24 4:15,0
2022/7/24 4:20,0
2022/7/24 4:25,0
2022/7/24 4:30,0
2022/7/24 4:35,0
2022/7/24 4:40,0
2022/7/24 4:45,0
2022/7/24 4:50,0
2022/7/24 4:55,0
2022/7/24 5:00,0
2022/7/24 5:05,0
2022/7/24 5:10,0
2022/7/24 5:15,0
2022/7/24 5:20,0
2022/7/24 5:25,0
2022/7/24 5:30,0
2022/7/24 5:35,0
2022/7/24 5:40,0
2022/7/24 5:45,0
2022/7/24 5:50,0
2022/7/24 5:55,0
2022/7/24 6:00,0
2022/7/24 6:05,0
2022/7/24 6:10,0
2022/7/24 6:15,0
2022/7/24 6:20,0
2022/7/24 6:25,0
2022/7/24 6:30,0
2022/7/24 6:35,0
2022/7/24 6:40,0
2022/7/24 6:45,0
2022/7/24 6:50,0
2022/7/24 6:55,0
2022/7/24 7:00,0
2022/7/24 7:05,0
2022/7/24 7:10,0
2022/7/24 7:15,0
2022/7/24 7:20,0
2022/7/24 7:25,0
2022/7/24 7:30,0
2022/7/24 7:35,0
2022/7/24 7:40,0
2022/7/24 7:45,0
2022/7/24 7:50,0
2022/7/24 7:55,0
2022/7/24 8:00,0
2022/7/24 8:05,0
2022/7/24 8:10,0
2022/7/24 8:15,0
2022/7/24 8:20,0
2022/7/24 8:25,0
2022/7/24 8:30,0
2022/7/24 8:35,0
2022/7/24 8:40,0
2022/7/24 8:45,0
2022/7/24 8:50,0
2022/7/24 8:55,0
2022/7/24 9:00,0
2022/7/24 9:05,0
2022/7/24 9:10,0
2022/7/24 9:15,0
2022/7/24 9:20,0
2022/7/24 9:25,0
2022/7/24 9:30,0
2022/7/24 9:35,0
2022/7/24 9:40,0
2022/7/24 9:45,0
2022/7/24 9:50,0
2022/7/24 9:55,0
2022/7/24 10:00,0
2022/7/24 10:05,0
2022/7/24 10:10,0
2022/7/24 10:15,0
2022/7/24 10:20,0
2022/7/24 10:25,0
2022/7/24 10:30,0
2022/7/24 10:35,0
2022/7/24 10:40,0
2022/7/24 10:45,0
2022/7/24 10:50,0
2022/7/24 10:55,0
2022/7/24 11:00,0
2022/7/24 11:05,0
2022/7/24 11:10,0
2022/7/24 11:15,0
2022/7/24 11:20,0
2022/7/24 11:25,0
2022/7/24 11:30,0
2022/7/24 11:35,0
2022/7/24 11:40,0
2022/7/24 11:45,23322.76548
2022/7/24 11:50,25404.28604
2022/7/24 11:55,20413.17013
2022/7/24 12:00,-689.0658547
2022/7/24 12:05,19962.28334
2022/7/24 12:10,0
2022/7/24 12:15,20281.09514
2022/7/24 12:20,8570.282797
2022/7/24 12:25,-824.2470609
2022/7/24 12:30,0
2022/7/24 12:35,0
2022/7/24 12:40,0
2022/7/24 12:45,0
2022/7/24 12:50,0
2022/7/24 12:55,0
2022/7/24 13:00,0
2022/7/24 13:05,0
2022/7/24 13:10,0
2022/7/24 13:15,0
2022/7/24 13:20,0
2022/7/24 13:25,0
2022/7/24 13:30,0
2022/7/24 13:35,0
2022/7/24 13:40,0
2022/7/24 13:45,0
2022/7/24 13:50,0
2022/7/24 13:55,0
2022/7/24 14:00,0
2022/7/24 14:05,0
2022/7/24 14:10,0
2022/7/24 14:15,0
2022/7/24 14:20,0
2022/7/24 14:25,0
2022/7/24 14:30,0
2022/7/24 14:35,0
2022/7/24 14:40,0
2022/7/24 14:45,0
2022/7/24 14:50,0
2022/7/24 14:55,0
2022/7/24 15:00,0
2022/7/24 15:05,0
2022/7/24 15:10,0
2022/7/24 15:15,0
2022/7/24 15:20,0
2022/7/24 15:25,0
2022/7/24 15:30,0
2022/7/24 15:35,0
2022/7/24 15:40,0
2022/7/24 15:45,0
2022/7/24 15:50,0
2022/7/24 15:55,0
2022/7/24 16:00,0
2022/7/24 16:05,0
2022/7/24 16:10,0
2022/7/24 16:15,0
2022/7/24 16:20,0
2022/7/24 16:25,0
2022/7/24 16:30,0
2022/7/24 16:35,0
2022/7/24 16:40,0
2022/7/24 16:45,0
2022/7/24 16:50,0
2022/7/24 16:55,0
2022/7/24 17:00,0
2022/7/24 17:05,0
2022/7/24 17:10,0
2022/7/24 17:15,0
2022/7/24 17:20,0
2022/7/24 17:25,0
2022/7/24 17:30,0
2022/7/24 17:35,0
2022/7/24 17:40,0
2022/7/24 17:45,0
2022/7/24 17:50,0
2022/7/24 17:55,0
2022/7/24 18:00,0
2022/7/24 18:05,0
2022/7/24 18:10,0
2022/7/24 18:15,0
2022/7/24 18:20,0
2022/7/24 18:25,0
2022/7/24 18:30,0
2022/7/24 18:35,0
2022/7/24 18:40,0
2022/7/24 18:45,0
2022/7/24 18:50,0
2022/7/24 18:55,0
2022/7/24 19:00,0
2022/7/24 19:05,0
2022/7/24 19:10,0
2022/7/24 19:15,0
2022/7/24 19:20,0
2022/7/24 19:25,0
2022/7/24 19:30,0
2022/7/24 19:35,0
2022/7/24 19:40,0
2022/7/24 19:45,0
2022/7/24 19:50,0
2022/7/24 19:55,0
2022/7/24 20:00,0
2022/7/24 20:05,0
2022/7/24 20:10,0
2022/7/24 20:15,0
2022/7/24 20:20,0
2022/7/24 20:25,0
2022/7/24 20:30,0
2022/7/24 20:35,0
2022/7/24 20:40,0
2022/7/24 20:45,0
2022/7/24 20:50,0
2022/7/24 20:55,0
2022/7/24 21:00,0
2022/7/24 21:05,0
2022/7/24 21:10,0
2022/7/24 21:15,0
2022/7/24 23:40,0
2022/7/25 8:15,23726.88017
2022/7/25 8:20,30153.11814
2022/7/25 8:25,14689.62665
2022/7/25 8:30,0
2022/7/25 8:35,0
2022/7/25 8:40,0
2022/7/25 8:45,0
2022/7/25 8:50,4751.684536
2022/7/25 8:55,24657.23254
2022/7/25 9:00,25366.18455
2022/7/25 9:05,14667.56288
2022/7/25 9:10,18560.53538
2022/7/25 9:15,26674.67906
2022/7/25 9:20,15040.12228
2022/7/25 9:25,11728.34848
2022/7/25 9:30,23449.15944
2022/7/25 9:35,31219.61882
2022/7/25 9:40,24386.57996
2022/7/25 9:45,23300.94366
2022/7/25 9:50,26881.95408
2022/7/25 9:55,21566.34309
2022/7/25 10:00,16677.33622
2022/7/25 10:05,22226.03267
2022/7/25 10:10,18709.64389
2022/7/25 10:15,12476.93865
2022/7/25 10:20,7528.524867
2022/7/25 10:25,20615.22316
2022/7/25 10:30,-921.7511024
2022/7/25 10:35,17703.74907
2022/7/25 10:40,16024.98711
2022/7/25 10:45,-779.7331398
2022/7/25 10:50,18937.64669
2022/7/25 10:55,-888.9563959
2022/7/25 11:00,14962.96522
2022/7/25 11:05,19750.9073
2022/7/25 11:10,4341.040319
2022/7/25 11:15,13086.39939
2022/7/25 11:20,4947.180518
2022/7/25 11:25,17782.04765
2022/7/25 11:30,-1009.786813
2022/7/25 11:35,7462.80757
2022/7/25 11:40,12413.53003
2022/7/25 11:45,4308.995884
2022/7/25 11:50,27581.75506
2022/7/25 11:55,18821.16756
2022/7/25 12:00,-872.2962636
2022/7/25 12:05,19584.23123
2022/7/25 12:10,16870.4583
2022/7/25 12:15,-809.8662609
2022/7/25 12:20,18778.57256
2022/7/25 12:25,21652.46963
2022/7/25 12:30,24010.00846
2022/7/25 12:35,14458.19756
2022/7/25 12:40,-903.5163106
2022/7/25 12:45,-909.6018812
2022/7/25 12:50,16914.12686
2022/7/25 12:55,-947.4423298
2022/7/25 13:00,15126.91671
2022/7/25 13:05,16366.95638
2022/7/25 13:10,7793.381953
2022/7/25 13:15,13474.42832
2022/7/25 13:20,4660.106832
2022/7/25 13:25,12853.20123
2022/7/25 13:30,0
2022/7/25 13:35,0
2022/7/25 13:40,0
2022/7/25 13:45,0
2022/7/25 13:50,0
2022/7/25 13:55,18633.35143
2022/7/25 14:00,27943.70805
2022/7/25 14:05,29035.08513
2022/7/25 14:10,27548.09575
2022/7/25 14:15,28478.1488
2022/7/25 14:20,24351.84071
2022/7/25 14:25,22264.88131
2022/7/25 14:30,26839.80327
2022/7/25 14:35,-1224.386569
2022/7/25 14:40,16994.24321
2022/7/25 14:45,21686.1526
2022/7/25 14:50,4664.898656
2022/7/25 14:55,16656.21017
2022/7/25 15:00,18804.15571
2022/7/25 15:05,5456.347255
2022/7/25 15:10,20514.39317
2022/7/25 15:15,-1152.013317
2022/7/25 15:20,23360.27589
2022/7/25 15:25,31247.7045
2022/7/25 15:30,1611.026601
2022/7/25 15:35,22546.60817
2022/7/25 15:40,28753.43939
2022/7/25 15:45,-1180.015547
2022/7/25 15:50,21204.809
2022/7/25 15:55,19873.15264
2022/7/25 16:00,4388.65333
2022/7/25 16:05,21842.6349
2022/7/25 16:10,20236.57815
2022/7/25 16:15,-1084.024813
2022/7/25 16:20,25906.48711
2022/7/25 16:25,10176.31242
2022/7/25 16:30,17739.41089
2022/7/25 16:35,6624.980308
2022/7/25 16:40,21308.91142
2022/7/25 16:45,-931.28084
2022/7/25 16:50,17252.80316
2022/7/25 16:55,11912.48475
2022/7/25 17:00,13902.18882
2022/7/25 17:05,23694.2994
2022/7/25 17:10,4245.828048
2022/7/25 17:15,21485.82062
2022/7/25 17:20,3531.202676
2022/7/25 17:25,7278.041422
2022/7/25 17:30,17329.85597
2022/7/25 17:35,-919.6993911
2022/7/25 17:40,19149.09119
2022/7/25 17:45,-1061.213547
2022/7/25 17:50,18649.0869
2022/7/25 17:55,13791.14475
2022/7/25 18:00,11217.15874
2022/7/25 18:05,24803.41872
2022/7/25 18:10,2303.853137
2022/7/25 18:15,21021.67871
2022/7/25 18:20,9598.288224
2022/7/25 18:25,17716.14439
2022/7/25 18:30,9184.949657
2022/7/25 18:35,6137.083985
2022/7/25 18:40,20766.9356
2022/7/25 18:45,5399.772333
2022/7/25 18:50,15723.34728
2022/7/25 18:55,8837.043417
2022/7/25 19:00,0
2022/7/25 19:05,0
2022/7/25 19:10,0
2022/7/25 19:15,0
2022/7/25 19:20,0
2022/7/25 19:25,0
2022/7/25 19:30,0
2022/7/25 19:35,0
2022/7/25 19:40,0
2022/7/25 19:45,0
2022/7/25 19:50,0
2022/7/25 19:55,0
2022/7/25 20:00,0
2022/7/25 20:05,0
2022/7/25 20:10,0
2022/7/25 20:15,0
2022/7/25 20:20,0
2022/7/25 20:25,0
2022/7/25 20:30,0
2022/7/25 20:35,0
2022/7/25 20:40,0
2022/7/25 20:45,0
2022/7/25 20:50,0
2022/7/25 20:55,0
2022/7/25 21:00,0
2022/7/25 21:05,0
2022/7/25 21:10,0
2022/7/25 21:15,0
2022/7/25 21:20,0
2022/7/25 21:25,0
2022/7/25 21:30,0
2022/7/25 21:35,0
2022/7/25 21:40,0
2022/7/25 21:45,0
2022/7/25 21:50,0
2022/7/25 21:55,0
2022/7/25 22:00,0
2022/7/25 22:05,0
2022/7/25 22:10,0
2022/7/25 22:15,0
2022/7/25 22:20,0
2022/7/25 22:25,0
2022/7/25 22:30,0
2022/7/25 22:35,0
2022/7/25 22:40,0
2022/7/25 22:45,0
2022/7/25 22:50,0
2022/7/25 22:55,0
2022/7/25 23:00,0
2022/7/25 23:05,0
2022/7/25 23:10,0
2022/7/25 23:15,0
2022/7/25 23:20,0
2022/7/25 23:25,0
2022/7/25 23:30,0
2022/7/25 23:35,0
2022/7/25 23:40,0
2022/7/25 23:45,0
2022/7/25 23:50,0
2022/7/25 23:55,0
2022/7/26 0:00,0
2022/7/26 0:05,0
2022/7/26 0:10,0
2022/7/26 0:15,0
2022/7/26 0:20,0
2022/7/26 0:25,0
2022/7/26 0:30,0
2022/7/26 0:35,0
2022/7/26 0:40,0
2022/7/26 0:45,0
2022/7/26 0:50,0
2022/7/26 0:55,0
2022/7/26 1:00,0
2022/7/26 1:05,0
2022/7/26 1:10,0
2022/7/26 1:15,0
2022/7/26 1:20,0
2022/7/26 1:25,0
2022/7/26 1:30,0
2022/7/26 1:35,0
2022/7/26 1:40,0
2022/7/26 1:45,0
2022/7/26 1:50,0
2022/7/26 1:55,0
2022/7/26 2:00,0
2022/7/26 2:05,0
2022/7/26 2:10,0
2022/7/26 2:15,0
2022/7/26 2:20,0
2022/7/26 2:25,0
2022/7/26 2:30,0
2022/7/26 2:35,0
2022/7/26 2:40,0
2022/7/26 2:45,0
2022/7/26 2:50,0
2022/7/26 2:55,0
2022/7/26 3:00,0
2022/7/26 3:05,0
2022/7/26 3:10,0
2022/7/26 3:15,0
2022/7/26 3:20,0
2022/7/26 3:25,0
2022/7/26 3:30,0
2022/7/26 3:35,0
2022/7/26 3:40,0
2022/7/26 3:45,0
2022/7/26 3:50,0
2022/7/26 3:55,0
2022/7/26 4:00,0
2022/7/26 4:05,0
2022/7/26 4:10,0
2022/7/26 4:15,0
2022/7/26 4:20,0
2022/7/26 4:25,0
2022/7/26 4:30,0
2022/7/26 4:35,0
2022/7/26 4:40,0
2022/7/26 4:45,0
2022/7/26 4:50,0
2022/7/26 4:55,0
2022/7/26 5:00,0
2022/7/26 5:05,0
2022/7/26 5:10,0
2022/7/26 5:15,0
2022/7/26 5:20,0
2022/7/26 5:25,0
2022/7/26 5:30,0
2022/7/26 5:35,0
2022/7/26 5:40,0
2022/7/26 5:45,0
2022/7/26 5:50,0
2022/7/26 5:55,0
2022/7/26 6:00,0
2022/7/26 6:05,0
2022/7/26 6:10,0
2022/7/26 6:15,0
2022/7/26 6:20,0
2022/7/26 6:25,0
2022/7/26 6:30,0
2022/7/26 6:35,0
2022/7/26 6:40,0
2022/7/26 6:45,0
2022/7/26 6:50,0
2022/7/26 6:55,0
2022/7/26 7:00,0
2022/7/26 7:05,0
2022/7/26 7:10,0
2022/7/26 7:15,0
2022/7/26 7:20,0
2022/7/26 7:25,0
2022/7/26 7:30,0
2022/7/26 7:35,0
2022/7/26 7:40,0
2022/7/26 7:45,0
2022/7/26 7:50,0
2022/7/26 7:55,0
2022/7/26 8:00,0
2022/7/26 8:05,17554.16933
2022/7/26 8:10,28332.60594
2022/7/26 8:15,22861.35715
2022/7/26 8:20,38728.58896
2022/7/26 8:25,39617.55814
2022/7/26 8:30,28249.98251
2022/7/26 8:35,28575.55472
2022/7/26 8:40,25476.75158
2022/7/26 8:45,20175.88397
2022/7/26 8:50,5922.911729
2022/7/26 8:55,21242.35011
2022/7/26 9:00,22201.34587
2022/7/26 9:05,0
2022/7/26 9:10,21785.08186
2022/7/26 9:15,8372.543419
2022/7/26 9:20,13186.23051
2022/7/26 9:25,21232.77849
2022/7/26 9:30,6131.851683
2022/7/26 9:35,17493.38898
2022/7/26 9:40,17868.86835
2022/7/26 9:45,14123.1603
2022/7/26 9:50,20392.40893
2022/7/26 9:55,-863.9315249
2022/7/26 10:00,19558.18747
2022/7/26 10:05,26453.26609
2022/7/26 10:10,12816.45997
2022/7/26 10:15,14131.77522
2022/7/26 10:20,9569.59292
2022/7/26 10:25,0
2022/7/26 10:30,0
2022/7/26 10:35,0
2022/7/26 10:40,0
2022/7/26 10:45,0
2022/7/26 10:50,0
2022/7/26 10:55,0
2022/7/26 11:00,0
2022/7/26 11:05,0
2022/7/26 11:10,0
2022/7/26 11:15,0
2022/7/26 11:20,0
2022/7/26 11:25,0
2022/7/26 11:30,0
2022/7/26 11:35,0
2022/7/26 11:40,0
2022/7/26 11:45,0
2022/7/26 11:50,0
2022/7/26 11:55,0
2022/7/26 12:00,
2022/7/26 12:05,20607.2102
2022/7/26 12:10,25440.22903
2022/7/26 12:15,9836.849853
2022/7/26 12:20,0
2022/7/26 12:25,0
2022/7/26 12:30,0
2022/7/26 12:35,0
2022/7/26 12:40,13331.98129
2022/7/26 12:45,5740.318931
2022/7/26 12:50,-776.0509995
2022/7/26 12:55,-806.719829
2022/7/26 13:00,8159.615092
2022/7/26 13:05,19862.01002
2022/7/26 13:10,-764.2648184
2022/7/26 13:15,-776.0920013
2022/7/26 13:20,5324.511752
2022/7/26 13:25,18098.23125
2022/7/26 13:30,0
2022/7/26 13:35,0
2022/7/26 13:40,0
2022/7/26 13:45,0
2022/7/26 13:50,0
2022/7/26 13:55,0
2022/7/26 14:00,0
2022/7/26 14:05,0
2022/7/26 14:10,0
2022/7/26 14:15,0
2022/7/26 14:20,0
2022/7/26 14:25,0
2022/7/26 14:30,0
2022/7/26 14:35,0
2022/7/26 14:40,
2022/7/26 14:45,24227.04181
2022/7/26 14:50,28960.61781
2022/7/26 14:55,32281.11144
2022/7/26 15:00,29165.22659
2022/7/26 15:05,15821.13332
2022/7/26 15:10,4303.919746
2022/7/26 15:15,21936.99031
2022/7/26 15:20,18667.16195
2022/7/26 15:25,20632.93376
2022/7/26 15:30,20384.41008
2022/7/26 15:35,18808.09061
2022/7/26 15:40,21195.80422
2022/7/26 15:45,17891.99095
2022/7/26 15:50,22134.21845
2022/7/26 15:55,4467.076581
2022/7/26 16:00,24428.21267
2022/7/26 16:05,14039.45106
2022/7/26 16:10,1699.565275
2022/7/26 16:15,19681.72572
2022/7/26 16:20,13151.50611
2022/7/26 16:25,4642.428989
2022/7/26 16:30,17037.97186
2022/7/26 16:35,-1017.227414
2022/7/26 16:40,12104.28573
2022/7/26 16:45,25002.94815
2022/7/26 16:50,12668.7862
2022/7/26 16:55,11971.95573
2022/7/26 17:00,12105.18506
2022/7/26 17:05,8043.650677
2022/7/26 17:10,4896.010518
2022/7/26 17:15,3004.257086
2022/7/26 17:20,3874.113926
2022/7/26 17:25,18456.25078
2022/7/26 17:30,20497.3945
2022/7/26 17:35,20295.90803
2022/7/26 17:40,3304.862307
2022/7/26 17:45,17982.11776
2022/7/26 17:50,15709.0262
2022/7/26 17:55,0
2022/7/26 18:00,0
2022/7/26 18:05,0
2022/7/26 18:10,0
2022/7/26 18:15,0
2022/7/26 18:20,0
2022/7/26 18:25,13923.76266
2022/7/26 18:30,22776.15631
2022/7/26 18:35,20371.99713
2022/7/26 18:40,4095.803652
2022/7/26 18:45,19592.52286
2022/7/26 18:50,9020.273493
2022/7/26 18:55,-661.503564
2022/7/26 19:00,0
2022/7/26 19:05,0
2022/7/26 19:10,0
2022/7/26 19:15,0
2022/7/26 19:20,0
2022/7/26 19:25,0
2022/7/26 19:30,0
2022/7/26 19:35,0
2022/7/26 19:40,0
2022/7/26 19:45,0
2022/7/26 19:50,0
2022/7/26 19:55,0
2022/7/26 20:00,0
2022/7/26 20:05,0
2022/7/26 20:10,0
2022/7/26 20:15,0
2022/7/26 20:20,0
2022/7/26 20:25,0
2022/7/26 20:30,0
2022/7/26 20:35,0
2022/7/26 20:40,0
2022/7/26 20:45,0
2022/7/26 20:50,0
2022/7/26 20:55,0
2022/7/26 21:00,0
2022/7/26 21:05,0
2022/7/26 21:10,0
2022/7/26 21:15,0
2022/7/26 21:20,0
2022/7/26 21:25,0
2022/7/26 21:30,0
2022/7/26 21:35,0
2022/7/26 21:40,0
2022/7/26 21:45,0
2022/7/26 21:50,0
2022/7/26 21:55,0
2022/7/26 22:00,0
2022/7/26 22:05,0
2022/7/26 22:10,0
2022/7/26 22:15,0
2022/7/26 22:20,0
2022/7/26 22:25,0
2022/7/26 22:30,0
2022/7/26 22:35,0
2022/7/26 22:40,0
2022/7/26 22:45,0
2022/7/26 22:50,0
2022/7/26 22:55,0
2022/7/26 23:00,0
2022/7/26 23:05,0
2022/7/26 23:10,0
2022/7/26 23:15,0
2022/7/26 23:20,0
2022/7/26 23:25,0
2022/7/26 23:30,0
2022/7/26 23:35,0
2022/7/26 23:40,0
2022/7/26 23:45,0
2022/7/26 23:50,0
2022/7/26 23:55,0
2022/7/27 0:00,0
2022/7/27 0:05,0
2022/7/27 0:10,0
2022/7/27 0:15,0
2022/7/27 0:20,0
2022/7/27 0:25,0
2022/7/27 0:30,0
2022/7/27 0:35,0
2022/7/27 0:40,0
2022/7/27 0:45,0
2022/7/27 0:50,0
2022/7/27 0:55,0
2022/7/27 1:00,0
2022/7/27 1:05,0
2022/7/27 1:10,0
2022/7/27 1:15,0
2022/7/27 1:20,0
2022/7/27 1:25,0
2022/7/27 1:30,0
2022/7/27 1:35,0
2022/7/27 1:40,0
2022/7/27 1:45,0
2022/7/27 1:50,0
2022/7/27 1:55,0
2022/7/27 2:00,0
2022/7/27 2:05,0
2022/7/27 2:10,0
2022/7/27 2:15,0
2022/7/27 2:20,0
2022/7/27 2:25,0
2022/7/27 2:30,0
2022/7/27 2:35,0
2022/7/27 2:40,0
2022/7/27 2:45,0
2022/7/27 2:50,0
2022/7/27 2:55,0
2022/7/27 3:00,0
2022/7/27 3:05,0
2022/7/27 3:10,0
2022/7/27 3:15,0
2022/7/27 3:20,0
2022/7/27 3:25,0
2022/7/27 3:30,0
2022/7/27 3:35,0
2022/7/27 3:40,0
2022/7/27 3:45,0
2022/7/27 3:50,0
2022/7/27 3:55,0
2022/7/27 4:00,0
2022/7/27 4:05,0
2022/7/27 4:10,0
2022/7/27 4:15,0
2022/7/27 4:20,0
2022/7/27 4:25,0
2022/7/27 4:30,0
2022/7/27 4:35,0
2022/7/27 4:40,0
2022/7/27 4:45,0
2022/7/27 4:50,0
2022/7/27 4:55,0
2022/7/27 5:00,0
2022/7/27 5:05,0
2022/7/27 5:10,0
2022/7/27 5:15,0
2022/7/27 5:20,0
2022/7/27 5:25,0
2022/7/27 5:30,0
2022/7/27 5:35,0
2022/7/27 5:40,0
2022/7/27 5:45,0
2022/7/27 5:50,0
2022/7/27 5:55,0
2022/7/27 6:00,0
2022/7/27 6:05,0
2022/7/27 6:10,0
2022/7/27 6:15,0
2022/7/27 6:20,0
2022/7/27 6:25,0
2022/7/27 6:30,0
2022/7/27 6:35,0
2022/7/27 6:40,0
2022/7/27 6:45,0
2022/7/27 6:50,0
2022/7/27 6:55,0
2022/7/27 7:00,0
2022/7/27 7:05,0
2022/7/27 7:10,0
2022/7/27 7:15,0
2022/7/27 7:20,0
2022/7/27 7:25,0
2022/7/27 7:30,0
2022/7/27 7:35,0
2022/7/27 7:40,0
2022/7/27 7:45,0
2022/7/27 7:50,0
2022/7/27 7:55,0
2022/7/27 8:00,0
2022/7/27 8:05,0
2022/7/27 8:10,0
2022/7/27 8:15,0
2022/7/27 8:20,0
2022/7/27 8:25,0
2022/7/27 8:30,0
2022/7/27 8:35,0
2022/7/27 8:40,0
2022/7/27 8:45,0
2022/7/27 8:50,0
2022/7/27 8:55,0
2022/7/27 9:00,0
2022/7/27 9:05,0
2022/7/27 9:10,0
2022/7/27 9:15,0
2022/7/27 9:20,0
2022/7/27 9:25,0
2022/7/27 9:30,0
2022/7/27 9:35,0
2022/7/27 9:40,0
2022/7/27 9:45,0
2022/7/27 9:50,0
2022/7/27 9:55,16796.42894
2022/7/27 10:00,20009.0169
2022/7/27 10:05,27539.79514
2022/7/27 10:10,23814.49339
2022/7/27 10:15,29072.22919
2022/7/27 10:20,15935.93192
2022/7/27 10:25,2538.846047
2022/7/27 10:30,13276.4277
2022/7/27 10:35,0
2022/7/27 10:40,0
2022/7/27 10:45,0
2022/7/27 10:50,0
2022/7/27 10:55,0
2022/7/27 11:00,0
2022/7/27 11:05,0
2022/7/27 11:10,0
2022/7/27 11:15,0
2022/7/27 11:20,0
2022/7/27 11:25,0
2022/7/27 11:30,0
2022/7/27 11:35,0
2022/7/27 11:40,0
2022/7/27 11:45,18660.37419
2022/7/27 11:50,20994.92
2022/7/27 11:55,23277.56221
2022/7/27 12:00,0
2022/7/27 12:05,0
2022/7/27 12:10,0
2022/7/27 12:15,0
2022/7/27 12:20,0
2022/7/27 12:25,12917.56534
2022/7/27 12:30,21805.42505
2022/7/27 12:35,18200.56276
2022/7/27 12:40,-1006.443069
2022/7/27 12:45,-799.6227218
2022/7/27 12:50,-883.000102
2022/7/27 12:55,15100.81805
2022/7/27 13:00,-886.1999404
2022/7/27 13:05,-806.4400991
2022/7/27 13:10,7613.900663
2022/7/27 13:15,3441.343839
2022/7/27 13:20,-765.2075488
2022/7/27 13:25,4427.917253
2022/7/27 13:30,16896.64252
2022/7/27 13:35,-795.1824411
2022/7/27 13:40,20050.83233
2022/7/27 13:45,23757.87769
2022/7/27 13:50,19093.39929
2022/7/27 13:55,21069.49497
2022/7/27 14:00,20017.57549
2022/7/27 14:05,26304.02777
2022/7/27 14:10,11345.9017
2022/7/27 14:15,14691.22859
2022/7/27 14:20,18598.82781
2022/7/27 14:25,20349.17071
2022/7/27 14:30,18656.34879
2022/7/27 14:35,11177.98751
2022/7/27 14:40,11144.27837
2022/7/27 14:45,13156.26519
2022/7/27 14:50,13288.57597
2022/7/27 14:55,-1120.46119
2022/7/27 15:00,5344.396294
2022/7/27 15:05,17115.98466
2022/7/27 15:10,19708.71142
2022/7/27 15:15,-985.6102421
2022/7/27 15:20,17536.67448
2022/7/27 15:25,14379.20291
2022/7/27 15:30,-1078.219739
2022/7/27 15:35,17263.58262
2022/7/27 15:40,17471.3183
2022/7/27 15:45,8663.401115
2022/7/27 15:50,17159.18267
2022/7/27 15:55,18300.86845
2022/7/27 16:00,15997.85203
2022/7/27 16:05,3846.459717
2022/7/27 16:10,21470.54837
2022/7/27 16:15,16110.89967
2022/7/27 16:20,-946.0908641
2022/7/27 16:25,16174.9738
2022/7/27 16:30,17439.94849
2022/7/27 16:35,3016.947018
2022/7/27 16:40,16303.46819
2022/7/27 16:45,15620.61935
2022/7/27 16:50,-952.1777849
2022/7/27 16:55,15234.52181
2022/7/27 17:00,17606.9894
2022/7/27 17:05,-915.5785466
2022/7/27 17:10,17868.05911
2022/7/27 17:15,14946.68095
2022/7/27 17:20,0
2022/7/27 17:25,0
2022/7/27 17:30,0
2022/7/27 17:35,0
2022/7/27 17:40,0
2022/7/27 17:45,0
2022/7/27 17:50,0
2022/7/27 17:55,0
2022/7/27 18:00,0
2022/7/27 18:05,0
2022/7/27 18:10,0
2022/7/27 18:15,0
2022/7/27 18:20,0
2022/7/27 18:25,0
2022/7/27 18:30,0
2022/7/27 18:35,0
2022/7/27 18:40,0
2022/7/27 18:45,0
2022/7/27 18:50,0
2022/7/27 18:55,0
2022/7/27 19:00,0
2022/7/27 19:05,0
2022/7/27 19:10,0
2022/7/27 19:15,0
2022/7/27 19:20,0
2022/7/27 19:25,0
2022/7/27 19:30,0
2022/7/27 19:35,0
2022/7/27 19:40,0
2022/7/27 19:45,0
2022/7/27 19:50,0
2022/7/27 19:55,0
2022/7/27 20:00,0
2022/7/27 20:05,0
2022/7/27 20:10,0
2022/7/27 20:15,0
2022/7/27 20:20,0
2022/7/27 20:25,0
2022/7/27 20:30,0
2022/7/27 20:35,0
2022/7/27 20:40,0
2022/7/27 20:45,0
2022/7/27 20:50,0
2022/7/27 20:55,0
2022/7/27 21:00,0
2022/7/27 21:05,0
2022/7/27 21:10,0
2022/7/27 21:15,0
2022/7/27 21:20,0
2022/7/27 21:25,0
2022/7/27 21:30,0
2022/7/27 21:35,0
2022/7/27 21:40,0
2022/7/27 21:45,0
2022/7/27 21:50,0
2022/7/27 21:55,0
2022/7/27 22:00,0
2022/7/27 22:05,0
2022/7/27 22:10,0
2022/7/27 22:15,0
2022/7/27 22:20,0
2022/7/27 22:25,0
2022/7/27 22:30,0
2022/7/27 22:35,0
2022/7/27 22:40,0
2022/7/27 22:45,0
2022/7/27 22:50,0
2022/7/27 22:55,0
2022/7/27 23:00,0
2022/7/27 23:05,0
2022/7/27 23:10,0
2022/7/27 23:15,0
2022/7/27 23:20,0
2022/7/27 23:25,0
2022/7/27 23:30,0
2022/7/27 23:35,0
2022/7/27 23:40,0
2022/7/27 23:45,0
2022/7/27 23:50,0
2022/7/27 23:55,0
2022/7/28 0:00,20413.48745
2022/7/28 0:05,45999.64304
2022/7/28 0:10,60229.56285
2022/7/28 0:15,58445.92887
2022/7/28 0:20,57714.91973
2022/7/28 0:25,58373.83736
2022/7/28 0:30,51132.19277
2022/7/28 0:35,26868.98574
2022/7/28 0:40,46284.83465
2022/7/28 0:45,25720.84115
2022/7/28 0:50,36430.00282
2022/7/28 0:55,25974.00343
2022/7/28 1:00,38393.89708
2022/7/28 1:05,32932.15043
2022/7/28 1:10,32687.68594
2022/7/28 1:15,33280.04747
2022/7/28 1:20,27361.47782
2022/7/28 1:25,33756.98888
2022/7/28 1:30,24312.22064
2022/7/28 1:35,35472.73703
2022/7/28 1:40,30320.21764
2022/7/28 1:45,31133.09349
2022/7/28 1:50,31378.41144
2022/7/28 1:55,30076.62954
2022/7/28 2:00,37265.30541
2022/7/28 2:05,29443.15697
2022/7/28 2:10,31364.81459
2022/7/28 2:15,36378.08674
2022/7/28 2:20,27627.66768
2022/7/28 2:25,43440.85531
2022/7/28 2:30,25922.08719
2022/7/28 2:35,35081.20535
2022/7/28 2:40,26130.87888
2022/7/28 2:45,35196.63461
2022/7/28 2:50,31333.31407
2022/7/28 2:55,27718.58198
2022/7/28 3:00,37243.69704
2022/7/28 3:05,21776.95414
2022/7/28 3:10,28642.65767
2022/7/28 3:15,34841.23352
2022/7/28 3:20,19456.15544
2022/7/28 3:25,35193.19157
2022/7/28 3:30,28555.18672
2022/7/28 3:35,14531.99325
2022/7/28 3:40,37977.28177
2022/7/28 3:45,13235.12523
2022/7/28 3:50,36440.32378
2022/7/28 3:55,15272.37539
2022/7/28 4:00,21703.19144
2022/7/28 4:05,35208.74384
2022/7/28 4:10,14948.9988
2022/7/28 4:15,34733.52218
2022/7/28 4:20,15606.82826
2022/7/28 4:25,35408.86857
2022/7/28 4:30,27577.5926
2022/7/28 4:35,21830.51299
2022/7/28 4:40,45789.86929
2022/7/28 4:45,22192.85038
2022/7/28 4:50,28932.26022
2022/7/28 4:55,19551.33601
2022/7/28 5:00,31752.39025
2022/7/28 5:05,21888.34837
2022/7/28 5:10,40702.90103
2022/7/28 5:15,19144.82557
2022/7/28 5:20,28432.81773
2022/7/28 5:25,22343.93886
2022/7/28 5:30,18659.39048
2022/7/28 5:35,33039.31143
2022/7/28 5:40,25225.6301
2022/7/28 5:45,19202.11545
2022/7/28 5:50,15932.46114
2022/7/28 5:55,22992.78033
2022/7/28 6:00,21476.24435
2022/7/28 6:05,39890.92041
2022/7/28 6:10,23403.706
2022/7/28 6:15,30721.68118
2022/7/28 6:20,23664.53525
2022/7/28 6:25,24377.15715
2022/7/28 6:30,23183.05108
2022/7/28 6:35,31624.62692
2022/7/28 6:40,15214.53763
2022/7/28 6:45,32290.80651
2022/7/28 6:50,14978.15709
2022/7/28 6:55,27602.2265
2022/7/28 7:00,19029.75114
2022/7/28 7:05,21853.80112
2022/7/28 7:10,24145.24133
2022/7/28 7:15,19575.49955
2022/7/28 7:20,25252.26637
2022/7/28 7:25,23068.44097
2022/7/28 7:30,22054.84296
2022/7/28 7:35,41636.90086
2022/7/28 7:40,18274.03722
2022/7/28 7:45,33041.10874
2022/7/28 7:50,16255.72787
2022/7/28 7:55,24032.66373
2022/7/28 8:00,24092.58621
2022/7/28 8:05,28676.20008
2022/7/28 8:10,34788.98625
2022/7/28 8:15,32697.13453
2022/7/28 8:20,26866.70305
2022/7/28 8:25,42338.24672
2022/7/28 8:30,30617.36749
2022/7/28 8:35,29157.93423
2022/7/28 8:40,32198.39944
2022/7/28 8:45,29436.40018
2022/7/28 8:50,29547.53334
2022/7/28 8:55,34485.8798
2022/7/28 9:00,29772.32664
2022/7/28 9:05,35333.47107
2022/7/28 9:10,37418.83969
2022/7/28 9:15,37096.47082
2022/7/28 9:20,38139.21227
2022/7/28 9:25,39098.57142
2022/7/28 9:30,39220.93109
2022/7/28 9:35,38458.26849
2022/7/28 9:40,43100.87731
2022/7/28 9:45,37937.9989
2022/7/28 9:50,41895.97177
2022/7/28 9:55,45323.02547
2022/7/28 10:00,36397.34573
2022/7/28 10:05,42110.89197
2022/7/28 10:10,41382.34762
2022/7/28 10:15,38260.96632
2022/7/28 10:20,37265.96835
2022/7/28 10:25,38590.33349
2022/7/28 10:30,35791.43888
2022/7/28 10:35,32466.74554
2022/7/28 10:40,34072.89889
2022/7/28 10:45,42146.81289
2022/7/28 10:50,33958.6241
2022/7/28 10:55,38427.13854
2022/7/28 11:00,33501.02317
2022/7/28 11:05,36674.03259
2022/7/28 11:10,35140.38616
2022/7/28 11:15,33295.88363
2022/7/28 11:20,32825.27222
2022/7/28 11:25,25838.71257
2022/7/28 11:30,20723.16913
2022/7/28 11:35,34211.20061
2022/7/28 11:40,39023.39059
2022/7/28 11:45,40864.29685
2022/7/28 11:50,36586.77242
2022/7/28 11:55,33435.23277
2022/7/28 12:00,37769.85814
2022/7/28 12:05,21347.94509
2022/7/28 12:10,34311.29922
2022/7/28 12:15,18646.10752
2022/7/28 12:20,21359.22448
2022/7/28 12:25,21161.04201
2022/7/28 12:30,25512.442
2022/7/28 12:35,29104.75656
2022/7/28 12:40,31106.58014
2022/7/28 12:45,21894.98464
2022/7/28 12:50,28286.17806
2022/7/28 12:55,26189.67157
2022/7/28 13:00,35623.50553
2022/7/28 13:05,29939.09394
2022/7/28 13:10,31696.32723
2022/7/28 13:15,35622.09643
2022/7/28 13:20,30426.04245
2022/7/28 13:25,30691.12168
2022/7/28 13:30,27558.309
2022/7/28 13:35,30201.07889
2022/7/28 13:40,29740.85483
2022/7/28 13:45,29992.85644
2022/7/28 13:50,29020.67022
2022/7/28 13:55,40082.14549
2022/7/28 14:00,40761.11072
2022/7/28 14:05,33056.99696
2022/7/28 14:10,33231.11962
2022/7/28 14:15,38962.60788
2022/7/28 14:20,32044.55485
2022/7/28 14:25,36212.73252
2022/7/28 14:30,32195.9344
2022/7/28 14:35,35495.45995
2022/7/28 14:40,25301.53362
2022/7/28 14:45,27983.59138
2022/7/28 14:50,28960.25254
2022/7/28 14:55,28078.65477
2022/7/28 15:00,33044.25976
2022/7/28 15:05,33070.07899
2022/7/28 15:10,35041.28651
2022/7/28 15:15,36278.6007
2022/7/28 15:20,41158.44125
2022/7/28 15:25,34356.4195
2022/7/28 15:30,40595.62012
2022/7/28 15:35,39104.61139
2022/7/28 15:40,38784.91146
2022/7/28 15:45,37332.89975
2022/7/28 15:50,38359.99616
2022/7/28 15:55,35080.79659
2022/7/28 16:00,29995.06207
2022/7/28 16:05,29972.2671
2022/7/28 16:10,30957.14058
2022/7/28 16:15,32865.14361
2022/7/28 16:20,35351.15404
2022/7/28 16:25,36693.70218
2022/7/28 16:30,30339.33573
2022/7/28 16:35,30784.75304
2022/7/28 16:40,30512.35203
2022/7/28 16:45,25603.88093
2022/7/28 16:50,30687.30673
2022/7/28 16:55,27830.07517
2022/7/28 17:00,31859.49736
2022/7/28 17:05,29877.79443
2022/7/28 17:10,29319.30098
2022/7/28 17:15,32869.88538
2022/7/28 17:20,24883.2176
2022/7/28 17:25,32802.99922
2022/7/28 17:30,30410.26502
2022/7/28 17:35,28246.85724
2022/7/28 17:40,23359.53321
2022/7/28 17:45,31273.56819
2022/7/28 17:50,29010.52197
2022/7/28 17:55,31483.50295
2022/7/28 18:25,6593.873904
2022/7/28 18:30,0
2022/7/28 18:35,0
2022/7/28 18:40,0
2022/7/28 18:45,0
2022/7/28 18:50,0
2022/7/28 18:55,0
2022/7/28 19:20,0
2022/7/28 19:25,0
2022/7/28 19:30,0
2022/7/28 19:35,0
2022/7/28 19:40,0
2022/7/28 19:45,0
2022/7/28 19:50,0
2022/7/28 19:55,0
2022/7/28 20:00,0
2022/7/28 20:05,0
2022/7/28 20:10,0
2022/7/28 20:15,0
2022/7/28 20:20,0
2022/7/28 20:25,0
2022/7/28 20:30,0
2022/7/28 20:35,0
2022/7/28 20:40,0
2022/7/28 20:45,0
2022/7/28 20:50,0
2022/7/28 20:55,0
2022/7/28 21:00,0
2022/7/28 21:05,0
2022/7/28 21:10,0
2022/7/28 21:15,0
2022/7/28 21:20,0
2022/7/28 21:25,0
2022/7/28 21:30,0
2022/7/28 21:35,0
2022/7/28 21:40,0
2022/7/28 21:45,0
2022/7/28 21:50,0
2022/7/28 21:55,0
2022/7/28 22:00,0
2022/7/28 22:05,0
2022/7/28 22:10,0
2022/7/28 22:15,0
2022/7/28 22:20,0
2022/7/28 22:25,0
2022/7/28 22:30,0
2022/7/28 22:35,0
2022/7/28 22:40,0
2022/7/28 22:45,0
2022/7/28 22:50,0
2022/7/28 22:55,0
2022/7/28 23:00,0
2022/7/28 23:05,0
2022/7/28 23:10,0
2022/7/28 23:15,0
2022/7/28 23:20,0
2022/7/28 23:25,0
2022/7/28 23:30,0
2022/7/28 23:35,0
2022/7/28 23:40,0
2022/7/28 23:45,0
2022/7/28 23:50,0
2022/7/28 23:55,0
2022/7/29 0:00,21258.21889
2022/7/29 0:05,47811.98393
2022/7/29 0:10,60226.72952
2022/7/29 0:15,62659.68206
2022/7/29 0:20,47522.17401
2022/7/29 0:25,44077.9114
2022/7/29 0:30,40587.86618
2022/7/29 0:35,42780.38163
2022/7/29 0:40,37203.90695
2022/7/29 0:45,38106.29728
2022/7/29 0:50,31685.99644
2022/7/29 0:55,42034.11344
2022/7/29 1:00,32233.54957
2022/7/29 1:05,36781.11822
2022/7/29 1:10,34087.31073
2022/7/29 1:15,35239.19939
2022/7/29 1:20,37444.28391
2022/7/29 1:25,33256.4502
2022/7/29 1:30,33336.75952
2022/7/29 1:35,31999.82053
2022/7/29 1:40,31835.51738
2022/7/29 1:45,33871.16875
2022/7/29 1:50,29676.52011
2022/7/29 1:55,27366.44541
2022/7/29 2:00,27065.89337
2022/7/29 2:05,29562.00848
2022/7/29 2:10,26378.94968
2022/7/29 2:15,40983.39924
2022/7/29 2:20,30924.54353
2022/7/29 2:25,36230.18862
2022/7/29 2:30,24940.52512
2022/7/29 2:35,28439.51512
2022/7/29 2:40,26150.00893
2022/7/29 16:25,24380.93598
2022/7/29 16:30,28300.19311
2022/7/29 16:35,25584.75876
2022/7/29 16:40,31398.92351
2022/7/29 16:45,31813.28346
2022/7/29 16:50,25696.13568
2022/7/29 16:55,35016.97048
2022/7/29 17:00,23676.25042
2022/7/29 17:05,25394.93523
2022/7/29 17:10,25093.98848
2022/7/29 17:15,27967.6971
2022/7/29 17:20,17173.1568
2022/7/29 17:25,28579.43174
2022/7/29 17:30,23561.96714
2022/7/29 17:35,28464.5463
2022/7/29 17:40,20702.91608
2022/7/29 17:45,30619.64613
2022/7/29 17:50,21162.37031
2022/7/29 17:55,25616.6039
2022/7/29 18:00,26213.75261
2022/7/29 18:05,25189.25668
2022/7/29 18:10,24720.39765
2022/7/29 18:15,22461.69581
2022/7/29 18:20,29739.75183
2022/7/29 18:25,22440.35948
2022/7/29 18:30,26747.25768
2022/7/29 18:35,24151.97151
2022/7/29 18:40,24469.9697
2022/7/29 18:45,27749.07368
2022/7/29 18:50,29510.71631
2022/7/29 18:55,21708.43158
2022/7/29 19:00,0
2022/7/29 19:05,4189.461102
2022/7/29 19:10,15702.75317
2022/7/29 19:15,22091.52152
2022/7/29 19:20,30598.70352
2022/7/29 19:25,14401.61551
2022/7/29 19:30,-885.4578284
2022/7/29 19:35,11192.7224
2022/7/29 19:40,-828.9492341
2022/7/29 19:45,-791.9281426
2022/7/29 19:50,-818.3643812
2022/7/29 19:55,5309.928351
2022/7/29 20:00,8938.934243
2022/7/29 20:05,-709.1164692
2022/7/29 20:10,-706.795978
2022/7/29 20:15,11992.12661
2022/7/29 20:20,-814.9645763
2022/7/29 20:25,-713.0343006
2022/7/29 21:40,0
2022/7/29 21:45,0
2022/7/29 21:50,0
2022/7/29 21:55,0
2022/7/29 22:00,0
2022/7/29 22:05,0
2022/7/29 22:10,0
2022/7/29 22:15,0
2022/7/29 22:20,0
2022/7/29 22:25,0
2022/7/29 22:30,0
2022/7/29 22:35,0
2022/7/29 22:40,0
2022/7/29 22:45,0
2022/7/29 22:50,0
2022/7/29 22:55,0
2022/7/29 23:00,0
2022/7/29 23:05,0
2022/7/29 23:10,0
2022/7/29 23:15,0
2022/7/29 23:20,0
2022/7/29 23:25,0
2022/7/29 23:30,0
2022/7/29 23:35,0
2022/7/29 23:40,0
2022/7/29 23:45,0
2022/7/29 23:50,0
2022/7/29 23:55,0
2022/7/30 0:00,20071.88706
2022/7/30 0:05,45276.94232
2022/7/30 0:10,58687.27643
2022/7/30 0:15,61154.62086
2022/7/30 0:20,42753.07755
2022/7/30 0:25,41662.29627
2022/7/30 0:30,40724.15059
2022/7/30 0:35,37080.98127
2022/7/30 0:40,38491.1145
2022/7/30 0:45,29256.82429
2022/7/30 0:50,30072.36294
2022/7/30 0:55,22179.3428
2022/7/30 1:00,34390.25446
2022/7/30 1:05,27346.17764
2022/7/30 1:10,28372.2073
2022/7/30 1:15,30902.43621
2022/7/30 1:20,27604.82488
2022/7/30 1:25,19686.25948
2022/7/30 1:30,21744.80613
2022/7/30 1:35,35658.02374
2022/7/30 1:40,21403.72495
2022/7/30 1:45,31294.04353
2022/7/30 1:50,24232.91596
2022/7/30 1:55,31500.60243
2022/7/30 2:00,30153.57302
2022/7/30 2:05,31949.11729
2022/7/30 2:10,27286.74334
2022/7/30 2:15,12491.83173
2022/7/30 2:20,40179.31322
2022/7/30 2:25,20196.2745
2022/7/30 2:30,23329.02114
2022/7/30 2:35,33929.38155
2022/7/30 2:40,20420.77808
2022/7/30 2:45,36700.5206
2022/7/30 2:50,19762.40786
2022/7/30 2:55,20154.7728
2022/7/30 3:00,24991.86437
2022/7/30 3:05,18854.72577
2022/7/30 3:10,27501.01264
2022/7/30 3:15,31084.94496
2022/7/30 3:20,21047.22026
2022/7/30 3:25,44422.01467
2022/7/30 3:30,17227.08482
2022/7/30 3:35,14385.09745
2022/7/30 3:40,20630.07057
2022/7/30 3:45,31895.48902
2022/7/30 3:50,21908.61
2022/7/30 3:55,18384.58384
2022/7/30 4:00,25599.05046
2022/7/30 4:05,29965.09063
2022/7/30 4:10,19406.24661
2022/7/30 4:15,18611.68278
2022/7/30 4:20,20861.98493
2022/7/30 4:25,17084.02678
2022/7/30 4:30,35750.6252
2022/7/30 4:35,12153.86746
2022/7/30 4:40,11432.60916
2022/7/30 4:45,36009.41116
2022/7/30 4:50,26184.89994
2022/7/30 4:55,38046.57286
2022/7/30 5:00,17648.30933
2022/7/30 5:05,23537.27356
2022/7/30 5:10,19862.52772
2022/7/30 5:15,17913.47903
2022/7/30 5:20,40175.89428
2022/7/30 5:25,19736.3721
2022/7/30 5:30,14281.04939
2022/7/30 5:35,31363.84345
2022/7/30 5:40,22882.01318
2022/7/30 5:45,25630.65955
2022/7/30 5:50,21685.46734
2022/7/30 5:55,16539.73972
2022/7/30 6:00,27883.61596
2022/7/30 6:05,19183.98994
2022/7/30 6:10,37886.98744
2022/7/30 6:15,21985.81911
2022/7/30 6:20,27112.90035
2022/7/30 6:25,20072.66498
2022/7/30 6:30,20597.97879
2022/7/30 6:35,25549.55532
2022/7/30 6:40,21510.71165
2022/7/30 6:45,22778.58444
2022/7/30 6:50,27115.64743
2022/7/30 6:55,24882.7584
2022/7/30 7:00,22916.01746
2022/7/30 7:05,31205.04227
2022/7/30 7:10,20190.42512
2022/7/30 7:15,22149.38935
2022/7/30 7:20,30511.97291
2022/7/30 7:25,19095.15819
2022/7/30 7:30,29725.21027
2022/7/30 7:35,21437.63017
2022/7/30 7:40,21289.04933
2022/7/30 7:45,35327.79387
2022/7/30 7:50,32252.7179
2022/7/30 7:55,19306.03098
2022/7/30 8:00,22736.50002
2022/7/30 8:05,24894.89714
2022/7/30 8:10,31156.91321
2022/7/30 8:15,24538.37155
2022/7/30 8:20,27550.56894
2022/7/30 8:25,18251.70695
2022/7/30 8:30,26086.01285
2022/7/30 8:35,27722.28646
2022/7/30 8:40,20584.17479
2022/7/30 8:45,28989.77209
2022/7/30 8:50,19012.67521
2022/7/30 8:55,24680.52989
2022/7/30 9:00,29533.60719
2022/7/30 9:05,12749.79685
2022/7/30 9:10,29228.98582
2022/7/30 9:15,24368.2199
2022/7/30 9:20,21427.47798
2022/7/30 9:25,29769.50616
2022/7/30 9:30,21838.68301
2022/7/30 9:35,32114.99764
2022/7/30 9:40,20590.29152
2022/7/30 9:45,26860.29213
2022/7/30 9:50,21691.98637
2022/7/30 9:55,24587.26092
2022/7/30 10:00,36578.44329
2022/7/30 10:05,25156.09822
2022/7/30 10:10,36174.22302
2022/7/30 10:15,13380.95718
2022/7/30 10:20,32383.83895
2022/7/30 10:25,27833.94051
2022/7/30 10:30,21359.75085
2022/7/30 10:35,17220.72712
2022/7/30 10:40,23053.75948
2022/7/30 10:45,28579.49154
2022/7/30 10:50,44697.29213
2022/7/30 10:55,20531.57471
2022/7/30 11:00,42662.47113
2022/7/30 11:05,22745.6159
2022/7/30 11:10,25639.3655
2022/7/30 11:15,37312.47959
2022/7/30 11:20,22778.65075
2022/7/30 11:25,31245.62154
2022/7/30 11:30,25665.58735
2022/7/30 11:35,24215.60295
2022/7/30 11:40,24403.90452
2022/7/30 11:45,30017.77003
2022/7/30 11:50,27916.41806
2022/7/30 11:55,30983.55278
2022/7/30 12:00,29470.27185
2022/7/30 12:05,24112.32925
2022/7/30 12:10,36178.57814
2022/7/30 12:15,25476.73782
2022/7/30 12:20,28297.04827
2022/7/30 12:25,31678.63165
2022/7/30 12:30,29221.63314
2022/7/30 12:35,37962.02154
2022/7/30 12:40,23464.30352
2022/7/30 12:45,28061.35389
2022/7/30 12:50,18281.18391
2022/7/30 12:55,22286.40657
2022/7/30 13:00,32010.17239
2022/7/30 13:05,17885.72341
2022/7/30 13:10,18986.353
2022/7/30 13:15,16601.9681
2022/7/30 13:20,24700.44818
2022/7/30 13:25,20938.33685
2022/7/30 13:30,16403.44146
2022/7/30 13:35,23863.78332
2022/7/30 13:40,14456.95892
2022/7/30 13:45,24092.60694
2022/7/30 13:50,16352.67909
2022/7/30 13:55,16969.86637
2022/7/30 14:00,27108.3351
2022/7/30 14:05,18319.51659
2022/7/30 14:10,24814.9715
2022/7/30 14:15,19086.46658
2022/7/30 14:20,15404.806
2022/7/30 14:25,21084.89755
2022/7/30 14:30,19672.51534
2022/7/30 14:35,18126.09495
2022/7/30 14:40,17925.96549
2022/7/30 14:45,14653.75678
2022/7/30 14:50,18581.9399
2022/7/30 14:55,30766.978
2022/7/30 15:00,1843.875824
2022/7/30 15:05,17797.39008
2022/7/30 15:10,18373.7099
2022/7/30 15:15,19986.10178
2022/7/30 15:20,10636.92712
2022/7/30 15:25,20085.95345
2022/7/30 15:30,10977.32793
2022/7/30 15:35,15384.01413
2022/7/30 15:40,15885.93003
2022/7/30 15:45,15401.4238
2022/7/30 15:50,8082.689229
2022/7/30 15:55,17762.40425
2022/7/30 16:00,11235.32674
2022/7/30 16:05,11425.84499
2022/7/30 16:10,17079.51558
2022/7/30 16:15,7515.999076
2022/7/30 16:20,18717.73222
2022/7/30 16:25,16426.19284
2022/7/30 16:30,18478.65232
2022/7/30 16:35,18525.37481
2022/7/30 16:40,12213.93493
2022/7/30 16:45,19921.6294
2022/7/30 16:50,12206.93517
2022/7/30 16:55,15022.23297
2022/7/30 17:00,21972.94645
2022/7/30 17:05,15269.72453
2022/7/30 17:10,7536.258339
2022/7/30 17:15,19662.34298
2022/7/30 17:20,11296.31081
2022/7/30 17:25,14481.44082
2022/7/30 17:30,22640.2964
2022/7/30 17:35,15846.80834
2022/7/30 17:40,14909.22891
2022/7/30 17:45,18977.4366
2022/7/30 17:50,11477.48904
2022/7/30 17:55,8777.69991
2022/7/30 18:00,15315.79372
2022/7/30 18:05,9025.32429
2022/7/30 18:10,17099.82809
2022/7/30 18:15,18064.69429
2022/7/30 18:20,22126.30391
2022/7/30 18:25,6698.168175
2022/7/30 18:30,20008.337
2022/7/30 18:35,18759.37823
2022/7/30 18:40,10704.87457
2022/7/30 18:45,20268.55808
2022/7/30 18:50,10653.90472
2022/7/30 18:55,11617.37159
2022/7/30 19:00,4924.075106
2022/7/30 19:05,0
2022/7/30 19:10,0
2022/7/30 19:15,0
2022/7/30 19:20,0
2022/7/30 19:25,0
2022/7/30 19:30,0
2022/7/30 19:35,0
2022/7/30 19:40,0
2022/7/30 19:45,0
2022/7/30 19:50,0
2022/7/30 19:55,0
2022/7/30 20:00,0
2022/7/30 20:05,0
2022/7/30 20:10,0
2022/7/30 20:15,0
2022/7/30 20:20,0
2022/7/30 20:25,0
2022/7/30 20:30,0
2022/7/30 20:35,0
2022/7/30 20:40,0
2022/7/30 20:45,0
2022/7/30 20:50,0
2022/7/30 20:55,0
2022/7/30 21:00,0
2022/7/30 21:05,0
2022/7/30 21:10,0
2022/7/30 21:15,0
2022/7/30 21:20,0
2022/7/30 21:25,0
2022/7/30 21:30,0
2022/7/30 21:35,0
2022/7/30 21:40,0
2022/7/30 21:45,0
2022/7/30 21:50,0
2022/7/30 21:55,0
2022/7/30 22:00,0
2022/7/30 22:05,0
2022/7/30 22:10,0
2022/7/30 22:15,0
2022/7/30 22:20,0
2022/7/30 22:25,0
2022/7/30 22:30,0
2022/7/30 22:35,0
2022/7/30 22:40,0
2022/7/30 22:45,0
2022/7/30 22:50,0
2022/7/30 22:55,0
2022/7/30 23:00,0
2022/7/30 23:05,0
2022/7/30 23:10,0
2022/7/30 23:15,0
2022/7/30 23:20,0
2022/7/30 23:25,0
2022/7/30 23:30,0
2022/7/30 23:35,0
2022/7/30 23:40,0
2022/7/30 23:45,0
2022/7/30 23:50,0
2022/7/30 23:55,0
2022/7/31 0:00,15424.4014
2022/7/31 0:05,39696.6041
2022/7/31 0:10,48566.51048
2022/7/31 0:15,29464.8059
2022/7/31 0:20,24214.75223
2022/7/31 0:25,27134.26717
2022/7/31 0:30,25542.41852
2022/7/31 0:35,20686.01384
2022/7/31 0:40,22864.43066
2022/7/31 0:45,25650.84072
2022/7/31 0:50,19014.59092
2022/7/31 0:55,18273.6579
2022/7/31 1:00,7621.236092
2022/7/31 1:05,25665.55544
2022/7/31 1:10,17064.61819
2022/7/31 1:15,15085.70261
2022/7/31 1:20,24494.87543
2022/7/31 1:25,7211.339264
2022/7/31 1:30,36976.64289
2022/7/31 1:35,19487.94954
2022/7/31 1:40,13246.36483
2022/7/31 1:45,24067.58904
2022/7/31 1:50,19724.95896
2022/7/31 1:55,15865.84452
2022/7/31 2:00,14288.90285
2022/7/31 2:05,7656.014558
2022/7/31 2:10,22562.06693
2022/7/31 2:15,9332.654731
2022/7/31 2:20,16309.89839
2022/7/31 2:25,15790.93669
2022/7/31 2:30,18817.17793
2022/7/31 2:35,9585.73983
2022/7/31 2:40,19788.64124
2022/7/31 2:45,19918.27894
2022/7/31 2:50,19939.00065
2022/7/31 2:55,14086.83853
2022/7/31 3:00,32247.31093
2022/7/31 3:05,20331.12315
2022/7/31 3:10,16180.69156
2022/7/31 3:15,14551.19217
2022/7/31 3:20,21260.19238
2022/7/31 3:25,13452.35993
2022/7/31 3:30,21729.33752
2022/7/31 3:35,5680.310505
2022/7/31 3:40,19747.74549
2022/7/31 3:45,20163.84076
2022/7/31 3:50,12033.69797
2022/7/31 3:55,18567.71053
2022/7/31 4:00,5875.269785
2022/7/31 4:05,21280.9224
2022/7/31 4:10,21317.95338
2022/7/31 4:15,17726.51057
2022/7/31 4:20,23740.89697
2022/7/31 4:25,22027.92771
2022/7/31 4:30,30801.47921
2022/7/31 4:35,5823.911768
2022/7/31 4:40,16656.58156
2022/7/31 4:45,15488.13065
2022/7/31 4:50,24649.35722
2022/7/31 4:55,18427.71229
2022/7/31 5:00,18955.99062
2022/7/31 5:05,20899.3884
2022/7/31 5:10,12786.19969
2022/7/31 5:15,25198.68755
2022/7/31 5:20,17059.69781
2022/7/31 5:25,13043.84457
2022/7/31 5:30,28998.83332
2022/7/31 5:35,13147.84301
2022/7/31 5:40,19823.87035
2022/7/31 5:45,17957.45443
2022/7/31 5:50,20826.10363
2022/7/31 5:55,21964.45727
2022/7/31 6:00,19547.33003
2022/7/31 6:05,29043.47461
2022/7/31 6:10,14864.13951
2022/7/31 6:15,18474.35051
2022/7/31 6:20,10168.94532
2022/7/31 6:25,23412.95673
2022/7/31 6:30,18886.58912
2022/7/31 6:35,19270.0361
2022/7/31 6:40,22683.48278
2022/7/31 6:45,7431.005918
2022/7/31 6:50,28438.67917
2022/7/31 6:55,19120.82425
2022/7/31 7:00,17989.30057
2022/7/31 7:05,22825.44785
2022/7/31 7:10,17525.57971
2022/7/31 7:15,8813.116635
2022/7/31 7:20,23037.33771
2022/7/31 7:25,10800.46533
2022/7/31 7:30,28027.20245
2022/7/31 7:35,13334.90374
2022/7/31 7:40,26261.72107
2022/7/31 7:45,8847.844173
2022/7/31 7:50,18423.21917
2022/7/31 7:55,19795.84346
2022/7/31 8:00,15459.74942
2022/7/31 8:05,14661.91121
2022/7/31 8:10,14637.00826
2022/7/31 8:15,16695.98911
2022/7/31 8:20,18117.39711
2022/7/31 8:25,16598.74972
2022/7/31 8:30,15106.57378
2022/7/31 8:35,24879.68213
2022/7/31 8:40,12628.81263
2022/7/31 8:45,14845.00165
2022/7/31 8:50,20395.74169
2022/7/31 8:55,14813.53566
2022/7/31 9:00,15088.95701
2022/7/31 9:05,20710.83183
2022/7/31 9:10,31521.36054
2022/7/31 9:15,3934.211037
2022/7/31 9:20,18508.73799
2022/7/31 9:25,15593.50195
2022/7/31 9:30,12542.46864
2022/7/31 9:35,14363.86509
2022/7/31 9:40,14297.53367
2022/7/31 9:45,14772.51535
2022/7/31 9:50,6245.910836
2022/7/31 9:55,20354.73705
2022/7/31 10:00,7550.053764
2022/7/31 10:05,19426.35981
2022/7/31 10:10,19737.33147
2022/7/31 10:15,14308.96608
2022/7/31 10:20,20597.28582
2022/7/31 10:25,17806.31876
2022/7/31 10:30,16570.24348
2022/7/31 10:35,15854.57071
2022/7/31 10:40,35203.48002
2022/7/31 10:45,9414.803411
2022/7/31 10:50,24790.77493
2022/7/31 10:55,12221.69344
2022/7/31 11:00,22214.47473
2022/7/31 11:05,12997.12659
2022/7/31 11:10,20876.48304
2022/7/31 11:15,19657.59655
2022/7/31 11:20,23220.66798
2022/7/31 11:25,20902.22401
2022/7/31 11:30,16934.81846
2022/7/31 11:35,27652.53229
2022/7/31 11:40,9884.014102
2022/7/31 11:45,13458.73274
2022/7/31 11:50,17202.64851
2022/7/31 11:55,16681.56205
2022/7/31 12:00,21291.07272
2022/7/31 12:05,10555.91675
2022/7/31 12:10,21172.86175
2022/7/31 12:15,23943.08052
2022/7/31 12:20,25229.93869
2022/7/31 12:25,29937.72743
2022/7/31 12:30,7993.834077
2022/7/31 12:35,18218.49724
2022/7/31 12:40,26593.87905
2022/7/31 12:45,25583.40749
2022/7/31 12:50,9229.604727
2022/7/31 12:55,21823.40101
2022/7/31 13:00,15276.31167
2022/7/31 13:05,23589.3851
2022/7/31 13:10,19647.7367
2022/7/31 13:15,12876.70561
2022/7/31 13:20,25326.05465
2022/7/31 13:25,27813.2229
2022/7/31 13:30,25184.50201
2022/7/31 13:35,10927.5782
2022/7/31 13:40,23026.96926
2022/7/31 13:45,25459.20908
2022/7/31 13:50,24503.22337
2022/7/31 13:55,19383.82841
2022/7/31 14:00,13732.65705
2022/7/31 14:05,14451.096
2022/7/31 14:10,26770.83163
2022/7/31 14:15,7737.13165
2022/7/31 14:20,14646.75528
2022/7/31 14:25,17022.9359
2022/7/31 14:30,24478.57992
2022/7/31 14:35,4315.627295
2022/7/31 14:40,25950.327
2022/7/31 14:45,12863.39657
2022/7/31 14:50,15053.40373
2022/7/31 14:55,17085.56963
2022/7/31 15:00,27027.76542
2022/7/31 15:05,18586.80809
2022/7/31 15:10,23093.26582
2022/7/31 15:15,13727.80231
2022/7/31 15:20,19114.20558
2022/7/31 15:25,29029.37468
2022/7/31 15:30,18698.26631
2022/7/31 15:35,19690.72366
2022/7/31 15:40,15858.49965
2022/7/31 15:45,18321.5068
2022/7/31 15:50,21837.8156
2022/7/31 15:55,11320.689
2022/7/31 16:00,16445.94232
2022/7/31 16:05,15633.74413
2022/7/31 16:10,21229.26079
2022/7/31 16:15,22628.47501
2022/7/31 16:20,21260.97448
2022/7/31 16:25,19108.29952
2022/7/31 16:30,23423.24776
2022/7/31 16:35,18576.87483
2022/7/31 16:40,21166.03848
2022/7/31 16:45,11048.94602
2022/7/31 16:50,21537.19478
2022/7/31 16:55,9073.860278
2022/7/31 17:00,19687.83775
2022/7/31 17:05,29721.75793
2022/7/31 17:10,18000.25369
2022/7/31 17:15,17965.58926
2022/7/31 17:20,24677.18168
2022/7/31 17:25,17185.21759
2022/7/31 17:30,12164.19363
2022/7/31 17:35,25468.79777
2022/7/31 17:40,15794.5752
2022/7/31 17:45,33970.13251
2022/7/31 17:50,14749.10008
2022/7/31 17:55,17140.72792
2022/7/31 18:00,21150.32474
2022/7/31 18:05,17923.47969
2022/7/31 18:10,16392.62522
2022/7/31 18:15,26141.63961
2022/7/31 18:20,14264.34573
2022/7/31 18:25,13289.34978
2022/7/31 18:30,27711.87051
2022/7/31 18:35,8569.808448
2022/7/31 18:40,17571.81673
2022/7/31 18:45,11818.70969
2022/7/31 18:50,29134.20481
2022/7/31 18:55,3916.181162
2022/7/31 19:00,0
2022/7/31 19:05,0
2022/7/31 19:10,0
2022/7/31 19:15,0
2022/7/31 19:20,0
2022/7/31 19:25,0
2022/7/31 19:30,0
2022/7/31 19:35,0
2022/7/31 19:40,0
2022/7/31 19:45,0
2022/7/31 19:50,0
2022/7/31 19:55,0
2022/7/31 20:00,0
2022/7/31 20:05,0
2022/7/31 20:10,0
2022/7/31 20:15,0
2022/7/31 20:20,0
2022/7/31 20:25,0
2022/7/31 20:30,0
2022/7/31 20:35,0
2022/7/31 20:40,0
2022/7/31 20:45,0
2022/7/31 20:50,0
2022/7/31 20:55,0
2022/7/31 21:00,0
2022/7/31 21:05,0
2022/7/31 21:10,0
2022/7/31 21:15,0
2022/7/31 21:20,0
2022/7/31 21:25,0
2022/7/31 21:30,0
2022/7/31 21:35,0
2022/7/31 21:40,0
2022/7/31 21:45,0
2022/7/31 21:50,0
2022/7/31 21:55,0
2022/7/31 22:00,0
2022/7/31 22:05,0
2022/7/31 22:10,0
2022/7/31 22:15,0
2022/7/31 22:20,0
2022/7/31 22:25,0
2022/7/31 22:30,0
2022/7/31 22:35,0
2022/7/31 22:40,0
2022/7/31 22:45,0
2022/7/31 22:50,0
2022/7/31 22:55,0
2022/7/31 23:00,0
2022/7/31 23:05,0
2022/7/31 23:10,0
2022/7/31 23:15,0
2022/7/31 23:20,0
2022/7/31 23:25,0
2022/7/31 23:30,0
2022/7/31 23:35,0
2022/7/31 23:40,0
2022/7/31 23:45,0
2022/7/31 23:50,0
2022/7/31 23:55,0
2022/8/1 0:00,0
2022/8/1 0:05,0
2022/8/1 0:10,0
2022/8/1 0:15,0
2022/8/1 0:20,0
2022/8/1 0:25,0
2022/8/1 0:30,0
2022/8/1 0:35,0
2022/8/1 0:40,0
2022/8/1 0:45,0
2022/8/1 0:50,0
2022/8/1 0:55,0
2022/8/1 1:00,0
2022/8/1 1:05,0
2022/8/1 1:10,0
2022/8/1 1:15,0
2022/8/1 1:20,0
2022/8/1 1:25,0
2022/8/1 1:30,0
2022/8/1 1:35,0
2022/8/1 1:40,0
2022/8/1 1:45,0
2022/8/1 1:50,0
2022/8/1 1:55,0
2022/8/1 2:00,0
2022/8/1 2:05,0
2022/8/1 2:10,0
2022/8/1 2:15,0
2022/8/1 2:20,0
2022/8/1 2:25,0
2022/8/1 2:30,0
2022/8/1 2:35,0
2022/8/1 2:40,0
2022/8/1 2:45,0
2022/8/1 2:50,0
2022/8/1 2:55,0
2022/8/1 3:00,0
2022/8/1 3:05,0
2022/8/1 3:10,0
2022/8/1 3:15,0
2022/8/1 3:20,0
2022/8/1 3:25,0
2022/8/1 3:30,0
2022/8/1 3:35,0
2022/8/1 3:40,0
2022/8/1 3:45,0
2022/8/1 3:50,0
2022/8/1 3:55,0
2022/8/1 4:00,0
2022/8/1 4:05,0
2022/8/1 4:10,0
2022/8/1 4:15,0
2022/8/1 4:20,0
2022/8/1 4:25,0
2022/8/1 4:30,0
2022/8/1 4:35,0
2022/8/1 4:40,0
2022/8/1 4:45,0
2022/8/1 4:50,0
2022/8/1 4:55,0
2022/8/1 5:00,0
2022/8/1 5:05,0
2022/8/1 5:10,0
2022/8/1 5:15,0
2022/8/1 5:20,0
2022/8/1 5:25,0
2022/8/1 5:30,0
2022/8/1 5:35,0
2022/8/1 5:40,0
2022/8/1 5:45,0
2022/8/1 5:50,0
2022/8/1 5:55,0
2022/8/1 6:00,0
2022/8/1 6:05,0
2022/8/1 6:10,0
2022/8/1 6:15,0
2022/8/1 6:20,0
2022/8/1 6:25,0
2022/8/1 6:30,0
2022/8/1 6:35,0
2022/8/1 6:40,0
2022/8/1 6:45,0
2022/8/1 6:50,0
2022/8/1 6:55,0
2022/8/1 7:00,0
2022/8/1 7:05,0
2022/8/1 7:10,0
2022/8/1 7:15,0
2022/8/1 7:20,0
2022/8/1 7:25,0
2022/8/1 7:30,0
2022/8/1 7:35,0
2022/8/1 7:40,0
2022/8/1 7:45,0
2022/8/1 7:50,0
2022/8/1 7:55,0
2022/9/9 8:00,0
2022/9/9 8:05,0
2022/9/9 8:10,0
2022/9/9 8:15,0
2022/9/9 8:20,0
2022/9/9 8:25,11199.42777
2022/9/9 8:30,1917.3218
2022/9/9 8:35,-1076.310247
2022/9/9 8:40,-1433.530131
2022/9/9 8:45,857.7043911
2022/9/9 8:50,7017.591108
2022/9/9 8:55,25369.81802
2022/9/9 9:00,19077.2315
2022/9/9 9:05,17954.92804
2022/9/9 9:10,16622.44053
2022/9/9 9:15,15156.15093
2022/9/9 9:20,11333.71094
2022/9/9 9:25,7858.285303
2022/9/9 9:30,8359.123345
2022/9/9 9:35,8062.788565
2022/9/9 9:40,7649.193016
2022/9/9 9:45,5015.976656
2022/9/9 9:50,1846.58199
2022/9/9 9:55,-1105.814802
2022/9/9 10:00,-1903.414658
2022/9/9 10:05,-2740.138062
2022/9/9 10:10,-3238.033747
2022/9/9 10:15,-3613.952545
2022/9/9 10:20,-4163.543119
2022/9/9 10:25,-4375.051376
2022/9/9 10:30,-4728.888731
2022/9/9 10:35,-1059.747583
2022/9/9 10:40,4033.698806
2022/9/9 10:45,2533.762859
2022/9/9 10:50,1047.806992
2022/9/9 10:55,-752.6662539
2022/9/9 11:00,8272.542675
2022/9/9 11:05,12957.38173
2022/9/9 11:10,10737.63896
2022/9/9 11:15,10558.97454
2022/9/9 11:20,7987.451465
2022/9/9 11:25,7904.213093
2022/9/9 11:30,12343.08384
2022/9/9 11:35,17890.82308
2022/9/9 11:40,14782.63999
2022/9/9 11:45,20055.48775
2022/9/9 11:50,19700.67496
2022/9/9 11:55,19366.69099
2022/9/9 12:00,18365.5701
2022/9/9 12:05,10249.45185
2022/9/9 12:10,14008.32718
2022/9/9 12:15,15769.3554
2022/9/9 12:20,14343.46294
2022/9/9 12:25,16329.48517
2022/9/9 12:30,14263.46793
2022/9/9 12:35,11717.45017
2022/9/9 12:40,8285.765724
2022/9/9 12:45,5904.774594
2022/9/9 12:50,19239.63779
2022/9/9 12:55,998.735382
2022/9/9 13:00,3606.501576
2022/9/9 13:05,826.735342
2022/9/9 13:10,2577.593123
2022/9/9 13:15,10295.6712
2022/9/9 13:20,12005.65116
2022/9/9 13:25,7896.885019
2022/9/9 13:30,12577.4609
2022/9/9 13:35,14623.49829
2022/9/9 13:40,14650.62753
2022/9/9 13:45,13279.39911
2022/9/9 13:50,16031.35919
2022/9/9 13:55,10794.71862
2022/9/9 14:00,11799.87352
2022/9/9 14:05,8638.323831
2022/9/9 14:10,3833.196061
2022/9/9 14:15,-614.4499294
2022/9/9 14:20,-1906.379358
2022/9/9 14:25,-1020.763789
2022/9/9 14:30,-957.5965258
2022/9/9 14:35,-928.4720102
2022/9/9 14:40,-909.533548
2022/9/9 14:45,-896.121443
2022/9/9 14:50,-881.8707543
2022/9/9 14:55,4483.17378
2022/9/9 15:00,7660.513283
2022/9/9 15:05,0
2022/9/9 15:10,0
2022/9/9 15:15,0
2022/9/9 15:20,0
2022/9/9 15:25,14643.19543
2022/9/9 15:30,26987.01734
2022/9/9 15:35,29721.48748
2022/9/9 15:40,4639.877934
2022/9/9 15:45,18221.34548
2022/9/9 15:50,9341.48033
2022/9/9 15:55,-690.2180662
2022/9/9 16:00,-729.6119145
2022/9/9 16:05,-645.3194394
2022/9/9 16:10,17181.18946
2022/9/9 16:15,-718.849967
2022/9/9 16:20,13485.10918
2022/9/9 16:25,20754.49303
2022/9/9 16:30,-718.4127241
2022/9/9 16:35,0
2022/9/9 16:40,0
2022/9/9 16:45,0
2022/9/9 16:50,0
2022/9/9 16:55,0
2022/9/9 17:00,0
2022/9/9 17:05,0
2022/9/9 17:10,0
2022/9/9 17:15,0
2022/9/9 17:20,0
2022/9/9 17:25,0
2022/9/9 17:30,0
2022/9/9 17:35,0
2022/9/9 17:40,0
2022/9/9 17:45,0
2022/9/9 17:50,0
2022/9/9 17:55,0
2022/9/9 18:00,0
2022/9/9 18:05,0
2022/9/9 18:10,0
2022/9/9 18:15,0
2022/9/9 18:20,0
2022/9/9 18:25,0
2022/9/9 18:30,0
2022/9/9 18:35,0
2022/9/9 18:40,0
2022/9/9 18:45,0
2022/9/9 18:50,0
2022/9/9 18:55,0
2022/9/9 19:00,0
2022/9/9 19:05,0
2022/9/9 19:10,0
2022/9/9 19:15,0
2022/9/9 19:20,0
2022/9/9 19:25,0
2022/9/9 19:30,0
2022/9/9 19:35,0
2022/9/9 19:40,0
2022/9/9 19:45,0
2022/9/9 19:50,0
2022/9/9 19:55,0
2022/9/9 20:00,0
2022/9/9 20:05,0
2022/9/9 20:10,0
2022/9/9 20:15,0
2022/9/9 20:20,0
2022/9/9 20:25,0
2022/9/9 20:30,0
2022/9/9 20:35,0
2022/9/9 20:40,0
2022/9/9 20:45,0
2022/9/9 20:50,0
2022/9/9 20:55,0
2022/9/9 21:00,0
2022/9/9 21:05,0
2022/9/9 21:10,0
2022/9/9 21:15,0
2022/9/9 21:20,0
2022/9/9 21:25,0
2022/9/9 21:30,0
2022/9/9 21:35,0
2022/9/9 21:40,0
2022/9/9 21:45,0
2022/9/9 21:50,0
2022/9/9 21:55,0
2022/9/9 22:00,0
2022/9/9 22:05,0
2022/9/9 22:10,0
2022/9/9 22:15,0
2022/9/9 22:20,0
2022/9/9 22:25,0
2022/9/9 22:30,0
2022/9/9 22:35,0
2022/9/9 22:40,0
2022/9/9 22:45,0
2022/9/9 22:50,0
2022/9/9 22:55,0
2022/9/9 23:00,0
2022/9/9 23:05,0
2022/9/9 23:10,0
2022/9/9 23:15,0
2022/9/9 23:20,0
2022/9/9 23:25,0
2022/9/9 23:30,0
2022/9/9 23:35,0
2022/9/9 23:40,0
2022/9/9 23:45,0
2022/9/9 23:50,0
2022/9/9 23:55,0
2022/9/10 0:00,0
2022/9/10 0:05,0
2022/9/10 0:10,0
2022/9/10 0:15,0
2022/9/10 0:20,0
2022/9/10 0:25,0
2022/9/10 0:30,0
2022/9/10 0:35,0
2022/9/10 0:40,0
2022/9/10 0:45,0
2022/9/10 0:50,0
2022/9/10 0:55,0
2022/9/10 1:00,0
2022/9/10 1:05,0
2022/9/10 1:10,0
2022/9/10 1:15,0
2022/9/10 1:20,0
2022/9/10 1:25,0
2022/9/10 1:30,0
2022/9/10 1:35,0
2022/9/10 1:40,0
2022/9/10 1:45,0
2022/9/10 1:50,0
2022/9/10 1:55,0
2022/9/10 2:00,0
2022/9/10 2:05,0
2022/9/10 2:10,0
2022/9/10 2:15,0
2022/9/10 2:20,0
2022/9/10 2:25,0
2022/9/10 2:30,0
2022/9/10 2:35,0
2022/9/10 2:40,0
2022/9/10 2:45,0
2022/9/10 2:50,0
2022/9/10 2:55,0
2022/9/10 3:00,0
2022/9/10 3:05,0
2022/9/10 3:10,0
2022/9/10 3:15,0
2022/9/10 3:20,0
2022/9/10 3:25,0
2022/9/10 3:30,0
2022/9/10 3:35,0
2022/9/10 3:40,0
2022/9/10 3:45,0
2022/9/10 3:50,0
2022/9/10 3:55,0
2022/9/10 4:00,0
2022/9/10 4:05,0
2022/9/10 4:10,0
2022/9/10 4:15,0
2022/9/10 4:20,0
2022/9/10 4:25,0
2022/9/10 4:30,0
2022/9/10 4:35,0
2022/9/10 4:40,0
2022/9/10 4:45,0
2022/9/10 4:50,0
2022/9/10 4:55,0
2022/9/10 5:00,0
2022/9/10 5:05,0
2022/9/10 5:10,0
2022/9/10 5:15,0
2022/9/10 5:20,0
2022/9/10 5:25,0
2022/9/10 5:30,0
2022/9/10 5:35,0
2022/9/10 5:40,0
2022/9/10 5:45,0
2022/9/10 5:50,0
2022/9/10 5:55,0
2022/9/10 6:00,0
2022/9/10 6:05,0
2022/9/10 6:10,0
2022/9/10 6:15,0
2022/9/10 6:20,0
2022/9/10 6:25,0
2022/9/10 6:30,0
2022/9/10 6:35,0
2022/9/10 6:40,0
2022/9/10 6:45,0
2022/9/10 6:50,0
2022/9/10 6:55,0
2022/9/10 7:00,0
2022/9/10 7:05,0
2022/9/10 7:10,0
2022/9/10 7:15,0
2022/9/10 7:20,0
2022/9/10 7:25,0
2022/9/10 7:30,0
2022/9/10 7:35,0
2022/9/10 7:40,0
2022/9/10 7:45,0
2022/9/10 7:50,0
2022/9/10 7:55,0
2022/9/10 8:00,0
2022/9/10 8:05,0
2022/9/10 8:10,0
2022/9/10 8:15,0
2022/9/10 8:20,0
2022/9/10 8:25,0
2022/9/10 8:30,0
2022/9/10 8:35,0
2022/9/10 8:40,0
2022/9/10 8:45,0
2022/9/10 8:50,0
2022/9/10 8:55,0
2022/9/10 9:00,0
2022/9/10 9:05,0
2022/9/10 9:10,0
2022/9/10 9:15,0
2022/9/10 9:20,0
2022/9/10 9:25,0
2022/9/10 9:30,0
2022/9/10 9:35,0
2022/9/10 9:40,0
2022/9/10 9:45,0
2022/9/10 9:50,0
2022/9/10 9:55,0
2022/9/10 10:00,0
2022/9/10 10:05,0
2022/9/10 10:10,0
2022/9/10 10:15,0
2022/9/10 10:20,0
2022/9/10 10:25,0
2022/9/10 10:30,0
2022/9/10 10:35,0
2022/9/10 10:40,0
2022/9/10 10:45,0
2022/9/10 10:50,0
2022/9/10 10:55,0
2022/9/10 11:00,0
2022/9/10 11:05,0
2022/9/10 11:10,0
2022/9/10 11:15,0
2022/9/10 11:20,0
2022/9/10 11:25,0
2022/9/10 11:30,0
2022/9/10 11:35,0
2022/9/10 11:40,0
2022/9/10 11:45,0
2022/9/10 11:50,0
2022/9/10 11:55,0
2022/9/10 12:00,0
2022/9/10 12:05,0
2022/9/10 12:10,0
2022/9/10 12:15,0
2022/9/10 12:20,0
2022/9/10 12:25,0
2022/9/10 12:30,0
2022/9/10 12:35,0
2022/9/10 12:40,0
2022/9/10 12:45,0
2022/9/10 12:50,0
2022/9/10 12:55,0
2022/9/10 13:00,0
2022/9/10 13:05,0
2022/9/10 13:10,0
2022/9/10 13:15,0
2022/9/10 13:20,0
2022/9/10 13:25,0
2022/9/10 13:30,0
2022/9/10 13:35,0
2022/9/10 13:40,0
2022/9/10 13:45,0
2022/9/10 13:50,0
2022/9/10 13:55,0
2022/9/10 14:00,0
2022/9/10 14:05,0
2022/9/10 14:10,0
2022/9/10 14:15,0
2022/9/10 14:20,0
2022/9/10 14:25,0
2022/9/10 14:30,0
2022/9/10 14:35,0
2022/9/10 14:40,0
2022/9/10 14:45,0
2022/9/10 14:50,0
2022/9/10 14:55,0
2022/9/10 15:00,0
2022/9/10 15:05,0
2022/9/10 15:10,0
2022/9/10 15:15,0
2022/9/10 15:20,0
2022/9/10 15:25,0
2022/9/10 15:30,0
2022/9/10 15:35,0
2022/9/10 15:40,0
2022/9/10 15:45,0
2022/9/10 15:50,0
2022/9/10 15:55,0
2022/9/10 16:00,0
2022/9/10 16:05,0
2022/9/10 16:10,0
2022/9/10 16:15,0
2022/9/10 16:20,0
2022/9/10 16:25,0
2022/9/10 16:30,0
2022/9/10 16:35,0
2022/9/10 16:40,0
2022/9/10 16:45,0
2022/9/10 16:50,0
2022/9/10 16:55,0
2022/9/10 17:00,0
2022/9/10 17:05,0
2022/9/10 17:10,0
2022/9/10 17:15,0
2022/9/10 17:20,0
2022/9/10 17:25,0
2022/9/10 17:30,0
2022/9/10 17:35,0
2022/9/10 17:40,0
2022/9/10 17:45,0
2022/9/10 17:50,0
2022/9/10 17:55,0
2022/9/10 18:00,0
2022/9/10 18:05,0
2022/9/10 18:10,0
2022/9/10 18:15,0
2022/9/10 18:20,0
2022/9/10 18:25,0
2022/9/10 18:30,0
2022/9/10 18:35,0
2022/9/10 18:40,0
2022/9/10 18:45,0
2022/9/10 18:50,0
2022/9/10 18:55,0
2022/9/10 19:00,0
2022/9/10 19:05,0
2022/9/10 19:10,0
2022/9/10 19:15,0
2022/9/10 19:20,0
2022/9/10 19:25,0
2022/9/10 19:30,0
2022/9/10 19:35,0
2022/9/10 19:40,0
2022/9/10 19:45,0
2022/9/10 19:50,0
2022/9/10 19:55,0
2022/9/10 20:00,0
2022/9/10 20:05,0
2022/9/10 20:10,0
2022/9/10 20:15,0
2022/9/10 20:20,0
2022/9/10 20:25,0
2022/9/10 20:30,0
2022/9/10 20:35,0
2022/9/10 20:40,0
2022/9/10 20:45,0
2022/9/10 20:50,0
2022/9/10 20:55,0
2022/9/10 21:00,0
2022/9/10 21:05,0
2022/9/10 21:10,0
2022/9/10 21:15,0
2022/9/10 21:20,0
2022/9/10 21:25,0
2022/9/10 21:30,0
2022/9/10 21:35,0
2022/9/10 21:40,0
2022/9/10 21:45,0
2022/9/10 21:50,0
2022/9/10 21:55,0
2022/9/10 22:00,0
2022/9/10 22:05,0
2022/9/10 22:10,0
2022/9/10 22:15,0
2022/9/10 22:20,0
2022/9/10 22:25,0
2022/9/10 22:30,0
2022/9/10 22:35,0
2022/9/10 22:40,0
2022/9/10 22:45,0
2022/9/10 22:50,0
2022/9/10 22:55,0
2022/9/10 23:00,0
2022/9/10 23:05,0
2022/9/10 23:10,0
2022/9/10 23:15,0
2022/9/10 23:20,0
2022/9/10 23:25,0
2022/9/10 23:30,0
2022/9/10 23:35,0
2022/9/10 23:40,0
2022/9/10 23:45,0
2022/9/10 23:50,0
2022/9/10 23:55,0
2022/9/11 0:00,0
2022/9/11 0:05,0
2022/9/11 0:10,0
2022/9/11 0:15,0
2022/9/11 0:20,0
2022/9/11 0:25,0
2022/9/11 0:30,0
2022/9/11 0:35,0
2022/9/11 0:40,0
2022/9/11 0:45,0
2022/9/11 0:50,0
2022/9/11 0:55,0
2022/9/11 1:00,0
2022/9/11 1:05,0
2022/9/11 1:10,0
2022/9/11 1:15,0
2022/9/11 1:20,0
2022/9/11 1:25,0
2022/9/11 1:30,0
2022/9/11 1:35,0
2022/9/11 1:40,0
2022/9/11 1:45,0
2022/9/11 1:50,0
2022/9/11 1:55,0
2022/9/11 2:00,0
2022/9/11 2:05,0
2022/9/11 2:10,0
2022/9/11 2:15,0
2022/9/11 2:20,0
2022/9/11 2:25,0
2022/9/11 2:30,0
2022/9/11 2:35,0
2022/9/11 2:40,0
2022/9/11 2:45,0
2022/9/11 2:50,0
2022/9/11 2:55,0
2022/9/11 3:00,0
2022/9/11 3:05,0
2022/9/11 3:10,0
2022/9/11 3:15,0
2022/9/11 3:20,0
2022/9/11 3:25,0
2022/9/11 3:30,0
2022/9/11 3:35,0
2022/9/11 3:40,0
2022/9/11 3:45,0
2022/9/11 3:50,0
2022/9/11 3:55,0
2022/9/11 4:00,0
2022/9/11 4:05,0
2022/9/11 4:10,0
2022/9/11 4:15,0
2022/9/11 4:20,0
2022/9/11 4:25,0
2022/9/11 4:30,0
2022/9/11 4:35,0
2022/9/11 4:40,0
2022/9/11 4:45,0
2022/9/11 4:50,0
2022/9/11 4:55,0
2022/9/11 5:00,0
2022/9/11 5:05,0
2022/9/11 5:10,0
2022/9/11 5:15,0
2022/9/11 5:20,0
2022/9/11 5:25,0
2022/9/11 5:30,0
2022/9/11 5:35,0
2022/9/11 5:40,0
2022/9/11 5:45,0
2022/9/11 5:50,0
2022/9/11 5:55,0
2022/9/11 6:00,0
2022/9/11 6:05,0
2022/9/11 6:10,0
2022/9/11 6:15,0
2022/9/11 6:20,0
2022/9/11 6:25,0
2022/9/11 6:30,0
2022/9/11 6:35,0
2022/9/11 6:40,0
2022/9/11 6:45,0
2022/9/11 6:50,0
2022/9/11 6:55,0
2022/9/11 7:00,0
2022/9/11 7:05,0
2022/9/11 7:10,0
2022/9/11 7:15,0
2022/9/11 7:20,0
2022/9/11 7:25,0
2022/9/11 7:30,0
2022/9/11 7:35,0
2022/9/11 7:40,0
2022/9/11 7:45,0
2022/9/11 7:50,0
2022/9/11 7:55,0
2022/9/11 8:00,0
2022/9/11 8:05,0
2022/9/11 8:10,0
2022/9/11 8:15,0
2022/9/11 8:20,0
2022/9/11 8:25,0
2022/9/11 8:30,0
2022/9/11 8:35,0
2022/9/11 8:40,0
2022/9/11 8:45,0
2022/9/11 8:50,0
2022/9/11 8:55,0
2022/9/11 9:00,0
2022/9/11 9:05,0
2022/9/11 9:10,0
2022/9/11 9:15,0
2022/9/11 9:20,0
2022/9/11 9:25,0
2022/9/11 9:30,0
2022/9/11 9:35,0
2022/9/11 9:40,0
2022/9/11 9:45,0
2022/9/11 9:50,0
2022/9/11 9:55,0
2022/9/11 10:00,0
2022/9/11 10:05,0
2022/9/11 10:10,0
2022/9/11 10:15,0
2022/9/11 10:20,0
2022/9/11 10:25,0
2022/9/11 10:30,0
2022/9/11 10:35,0
2022/9/11 10:40,0
2022/9/11 10:45,0
2022/9/11 10:50,0
2022/9/11 10:55,0
2022/9/11 11:00,0
2022/9/11 11:05,0
2022/9/11 11:10,0
2022/9/11 11:15,0
2022/9/11 11:20,0
2022/9/11 11:25,0
2022/9/11 11:30,0
2022/9/11 11:35,0
2022/9/11 11:40,0
2022/9/11 11:45,0
2022/9/11 11:50,0
2022/9/11 11:55,0
2022/9/11 12:00,0
2022/9/11 12:05,0
2022/9/11 12:10,0
2022/9/11 12:15,0
2022/9/11 12:20,0
2022/9/11 12:25,0
2022/9/11 12:30,0
2022/9/11 12:35,0
2022/9/11 12:40,0
2022/9/11 12:45,0
2022/9/11 12:50,0
2022/9/11 12:55,0
2022/9/11 13:00,0
2022/9/11 13:05,0
2022/9/11 13:10,0
2022/9/11 13:15,0
2022/9/11 13:20,0
2022/9/11 13:25,0
2022/9/11 13:30,0
2022/9/11 13:35,0
2022/9/11 13:40,0
2022/9/11 13:45,0
2022/9/11 13:50,0
2022/9/11 13:55,0
2022/9/11 14:00,0
2022/9/11 14:05,0
2022/9/11 14:10,0
2022/9/11 14:15,0
2022/9/11 14:20,0
2022/9/11 14:25,0
2022/9/11 14:30,0
2022/9/11 14:35,0
2022/9/11 14:40,0
2022/9/11 14:45,0
2022/9/11 14:50,0
2022/9/11 14:55,0
2022/9/11 15:00,0
2022/9/11 15:05,0
2022/9/11 15:10,0
2022/9/11 15:15,0
2022/9/11 15:20,0
2022/9/11 15:25,0
2022/9/11 15:30,0
2022/9/11 15:35,0
2022/9/11 15:40,0
2022/9/11 15:45,0
2022/9/11 15:50,0
2022/9/11 15:55,0
2022/9/11 16:00,0
2022/9/11 16:05,0
2022/9/11 16:10,0
2022/9/11 16:15,0
2022/9/11 16:20,0
2022/9/11 16:25,0
2022/9/11 16:30,0
2022/9/11 16:35,0
2022/9/11 16:40,0
2022/9/11 16:45,0
2022/9/11 16:50,0
2022/9/11 16:55,0
2022/9/11 17:00,0
2022/9/11 17:05,0
2022/9/11 17:10,0
2022/9/11 17:15,0
2022/9/11 17:20,0
2022/9/11 17:25,0
2022/9/11 17:30,0
2022/9/11 17:35,0
2022/9/11 17:40,0
2022/9/11 17:45,0
2022/9/11 17:50,0
2022/9/11 17:55,0
2022/9/11 18:00,0
2022/9/11 18:05,0
2022/9/11 18:10,0
2022/9/11 18:15,0
2022/9/11 18:20,0
2022/9/11 18:25,0
2022/9/11 18:30,0
2022/9/11 18:35,0
2022/9/11 18:40,0
2022/9/11 18:45,0
2022/9/11 18:50,0
2022/9/11 18:55,0
2022/9/11 19:00,0
2022/9/11 19:05,0
2022/9/11 19:10,0
2022/9/11 19:15,0
2022/9/11 19:20,0
2022/9/11 19:25,0
2022/9/11 19:30,0
2022/9/11 19:35,0
2022/9/11 19:40,0
2022/9/11 19:45,0
2022/9/11 19:50,0
2022/9/11 19:55,0
2022/9/11 20:00,0
2022/9/11 20:05,0
2022/9/11 20:10,0
2022/9/11 20:15,0
2022/9/11 20:20,0
2022/9/11 20:25,0
2022/9/11 20:30,0
2022/9/11 20:35,0
2022/9/11 20:40,0
2022/9/11 20:45,0
2022/9/11 20:50,0
2022/9/11 20:55,0
2022/9/11 21:00,0
2022/9/11 21:05,0
2022/9/11 21:10,0
2022/9/11 21:20,0
2022/9/11 21:25,0
2022/9/11 21:30,0
2022/9/11 21:35,0
2022/9/11 21:40,0
2022/9/11 21:45,0
2022/9/11 21:50,0
2022/9/11 21:55,0
2022/9/11 22:00,0
2022/9/11 22:05,0
2022/9/11 22:10,0
2022/9/11 22:15,0
2022/9/11 22:20,0
2022/9/11 22:25,0
2022/9/11 22:30,0
2022/9/11 22:35,0
2022/9/11 22:40,0
2022/9/11 22:45,0
2022/9/11 22:50,0
2022/9/11 22:55,0
2022/9/11 23:00,0
2022/9/11 23:05,0
2022/9/11 23:10,0
2022/9/11 23:15,0
2022/9/11 23:20,0
2022/9/11 23:25,0
2022/9/11 23:30,0
2022/9/11 23:35,0
2022/9/11 23:40,0
2022/9/11 23:45,0
2022/9/11 23:50,0
2022/9/11 23:55,0
2022/9/12 0:00,0
2022/9/12 0:05,0
2022/9/12 0:10,0
2022/9/12 0:15,0
2022/9/12 0:20,0
2022/9/12 0:25,0
2022/9/12 0:30,0
2022/9/12 0:35,0
2022/9/12 0:40,0
2022/9/12 0:45,0
2022/9/12 0:50,0
2022/9/12 0:55,0
2022/9/12 1:00,0
2022/9/12 1:05,0
2022/9/12 1:10,0
2022/9/12 1:15,0
2022/9/12 1:20,0
2022/9/12 1:25,0
2022/9/12 1:30,0
2022/9/12 1:35,0
2022/9/12 1:40,0
2022/9/12 1:45,0
2022/9/12 1:50,0
2022/9/12 1:55,0
2022/9/12 2:00,0
2022/9/12 2:05,0
2022/9/12 2:10,0
2022/9/12 2:15,0
2022/9/12 2:20,0
2022/9/12 2:25,0
2022/9/12 2:30,0
2022/9/12 2:35,0
2022/9/12 2:40,0
2022/9/12 2:45,0
2022/9/12 2:50,0
2022/9/12 2:55,0
2022/9/12 3:00,0
2022/9/12 3:05,0
2022/9/12 3:10,0
2022/9/12 3:15,0
2022/9/12 3:20,0
2022/9/12 3:25,0
2022/9/12 3:30,0
2022/9/12 3:35,0
2022/9/12 3:40,0
2022/9/12 3:45,0
2022/9/12 3:50,0
2022/9/12 3:55,0
2022/9/12 4:00,0
2022/9/12 4:05,0
2022/9/12 4:10,0
2022/9/12 4:15,0
2022/9/12 4:20,0
2022/9/12 4:25,0
2022/9/12 4:30,0
2022/9/12 4:35,0
2022/9/12 4:40,0
2022/9/12 4:45,0
2022/9/12 4:50,0
2022/9/12 4:55,0
2022/9/12 5:00,0
2022/9/12 5:05,0
2022/9/12 5:10,0
2022/9/12 5:15,0
2022/9/12 5:20,0
2022/9/12 5:25,0
2022/9/12 5:30,0
2022/9/12 5:35,0
2022/9/12 5:40,0
2022/9/12 5:45,0
2022/9/12 5:50,0
2022/9/12 5:55,0
2022/9/12 6:00,0
2022/9/12 6:05,0
2022/9/12 6:10,0
2022/9/12 6:15,0
2022/9/12 6:20,0
2022/9/12 6:25,0
2022/9/12 6:30,0
2022/9/12 6:35,0
2022/9/12 6:40,0
2022/9/12 6:45,0
2022/9/12 6:50,0
2022/9/12 6:55,0
2022/9/12 7:00,0
2022/9/12 7:05,0
2022/9/12 7:10,0
2022/9/12 7:15,0
2022/9/12 7:20,0
2022/9/12 7:25,0
2022/9/12 7:30,0
2022/9/12 7:35,0
2022/9/12 7:40,0
2022/9/12 7:45,0
2022/9/12 7:50,0
2022/9/12 7:55,0
2022/9/12 8:00,0
2022/9/12 8:05,0
2022/9/12 8:10,0
2022/9/12 8:15,0
2022/9/12 8:20,0
2022/9/12 8:25,0
2022/9/12 8:30,0
2022/9/12 8:35,0
2022/9/12 8:40,10763.7965
2022/9/12 8:45,27309.74206
2022/9/12 8:50,0
2022/9/12 8:55,0
2022/9/12 9:00,0
2022/9/12 9:05,0
2022/9/12 9:10,0
2022/9/12 9:15,0
2022/9/12 9:20,0
2022/9/12 9:25,0
2022/9/12 9:30,0
2022/9/12 9:35,0
2022/9/12 9:40,0
2022/9/12 9:45,0
2022/9/12 9:50,0
2022/9/12 9:55,0
2022/9/12 10:00,0
2022/9/12 10:05,0
2022/9/12 10:10,0
2022/9/12 10:15,0
2022/9/12 10:20,0
2022/9/12 10:25,0
2022/9/12 10:30,0
2022/9/12 10:35,0
2022/9/12 10:40,0
2022/9/12 10:45,0
2022/9/12 10:50,0
2022/9/12 10:55,0
2022/9/12 11:00,0
2022/9/12 11:05,0
2022/9/12 11:10,0
2022/9/12 11:15,0
2022/9/12 11:20,0
2022/9/12 11:25,0
2022/9/12 11:30,0
2022/9/12 11:35,0
2022/9/12 11:40,0
2022/9/12 11:45,0
2022/9/12 11:50,0
2022/9/12 11:55,0
2022/9/12 12:00,0
2022/9/12 12:05,0
2022/9/12 12:10,0
2022/9/12 12:15,0
2022/9/12 12:20,0
2022/9/12 12:25,0
2022/9/12 12:30,0
2022/9/12 12:35,0
2022/9/12 12:40,0
2022/9/12 12:45,0
2022/9/12 12:50,0
2022/9/12 12:55,0
2022/9/12 13:00,0
2022/9/12 13:05,0
2022/9/12 13:10,0
2022/9/12 13:15,0
2022/9/12 13:20,0
2022/9/12 13:25,0
2022/9/12 13:30,0
2022/9/12 13:35,0
2022/9/12 13:40,0
2022/9/12 13:45,0
2022/9/12 13:50,0
2022/9/12 13:55,0
2022/9/12 14:00,0
2022/9/12 14:05,0
2022/9/12 14:10,0
2022/9/12 14:15,0
2022/9/12 14:20,0
2022/9/12 14:25,0
2022/9/12 14:30,0
2022/9/12 14:35,0
2022/9/12 14:40,0
2022/9/12 14:45,0
2022/9/12 14:50,0
2022/9/12 14:55,0
2022/9/12 15:00,0
2022/9/12 15:05,0
2022/9/12 15:10,0
2022/9/12 15:15,0
2022/9/12 15:20,0
2022/9/12 15:25,0
2022/9/12 15:30,0
2022/9/12 15:35,0
2022/9/12 15:40,0
2022/9/12 15:45,0
2022/9/12 15:50,0
2022/9/12 15:55,0
2022/9/12 16:00,0
2022/9/12 16:05,0
2022/9/12 16:10,0
2022/9/12 16:15,0
2022/9/12 16:20,0
2022/9/12 16:25,0
2022/9/12 16:30,0
2022/9/12 16:35,0
2022/9/12 16:40,0
2022/9/12 16:45,0
2022/9/12 16:50,0
2022/9/12 16:55,0
2022/9/12 17:00,0
2022/9/12 17:05,0
2022/9/12 17:10,0
2022/9/12 17:15,0
2022/9/12 17:20,0
2022/9/12 17:25,0
2022/9/12 17:30,0
2022/9/12 17:35,0
2022/9/12 17:40,0
2022/9/12 17:45,0
2022/9/12 17:50,0
2022/9/12 17:55,0
2022/9/12 18:00,0
2022/9/12 18:05,0
2022/9/12 18:10,0
2022/9/12 18:15,0
2022/9/12 18:20,0
2022/9/12 18:25,0
2022/9/12 18:30,0
2022/9/12 18:35,0
2022/9/12 18:40,0
2022/9/12 18:45,0
2022/9/12 18:50,0
2022/9/12 18:55,0
2022/9/12 19:00,0
2022/9/12 19:05,0
2022/9/12 19:10,0
2022/9/12 19:15,0
2022/9/12 19:20,0
2022/9/12 19:25,0
2022/9/12 19:30,0
2022/9/12 19:35,0
2022/9/12 19:40,0
2022/9/12 19:45,0
2022/9/12 19:50,0
2022/9/12 19:55,0
2022/9/12 20:00,0
2022/9/12 20:05,0
2022/9/12 20:10,0
2022/9/12 20:15,0
2022/9/12 20:20,0
2022/9/12 20:30,0
2022/9/12 20:35,0
2022/9/12 20:40,0
2022/9/12 20:45,0
2022/9/12 20:50,0
2022/9/12 21:25,0
2022/9/12 21:40,0
2022/9/12 21:45,0
2022/9/12 21:50,0
2022/9/12 21:55,0
2022/9/12 22:00,0
2022/9/12 22:05,0
2022/9/12 22:10,0
2022/9/12 22:15,0
2022/9/12 22:20,0
2022/9/12 22:25,0
2022/9/12 22:30,0
2022/9/12 22:35,0
2022/9/12 22:40,0
2022/9/12 22:45,0
2022/9/12 22:50,0
2022/9/12 22:55,0
2022/9/12 23:00,0
2022/9/12 23:05,0
2022/9/12 23:10,0
2022/9/12 23:15,0
2022/9/12 23:20,0
2022/9/12 23:25,0
2022/9/12 23:30,0
2022/9/12 23:35,0
2022/9/12 23:40,0
2022/9/12 23:45,0
2022/9/12 23:50,0
2022/9/12 23:55,0
2022/9/13 0:00,0
2022/9/13 0:05,0
2022/9/13 0:10,0
2022/9/13 0:15,0
2022/9/13 0:20,0
2022/9/13 0:25,0
2022/9/13 0:30,0
2022/9/13 0:35,0
2022/9/13 0:40,0
2022/9/13 0:45,0
2022/9/13 0:50,0
2022/9/13 0:55,0
2022/9/13 1:00,0
2022/9/13 1:05,0
2022/9/13 1:10,0
2022/9/13 1:15,0
2022/9/13 1:20,0
2022/9/13 1:25,0
2022/9/13 1:30,0
2022/9/13 1:35,0
2022/9/13 1:40,0
2022/9/13 1:45,0
2022/9/13 1:50,0
2022/9/13 1:55,0
2022/9/13 2:00,0
2022/9/13 2:05,0
2022/9/13 2:10,0
2022/9/13 2:15,0
2022/9/13 2:20,0
2022/9/13 2:25,0
2022/9/13 2:30,0
2022/9/13 2:35,0
2022/9/13 2:40,0
2022/9/13 2:45,0
2022/9/13 2:50,0
2022/9/13 2:55,0
2022/9/13 3:00,0
2022/9/13 3:05,0
2022/9/13 3:10,0
2022/9/13 3:15,0
2022/9/13 3:20,0
2022/9/13 3:25,0
2022/9/13 3:30,0
2022/9/13 3:35,0
2022/9/13 3:40,0
2022/9/13 3:45,0
2022/9/13 3:50,0
2022/9/13 3:55,0
2022/9/13 4:00,0
2022/9/13 4:05,0
2022/9/13 4:10,0
2022/9/13 4:15,0
2022/9/13 4:20,0
2022/9/13 4:25,0
2022/9/13 4:30,0
2022/9/13 4:35,0
2022/9/13 4:40,0
2022/9/13 4:45,0
2022/9/13 4:50,0
2022/9/13 4:55,0
2022/9/13 5:00,0
2022/9/13 5:05,0
2022/9/13 5:10,0
2022/9/13 5:15,0
2022/9/13 5:20,0
2022/9/13 5:25,0
2022/9/13 5:30,0
2022/9/13 5:35,0
2022/9/13 5:40,0
2022/9/13 5:45,0
2022/9/13 5:50,0
2022/9/13 5:55,0
2022/9/13 6:00,0
2022/9/13 6:05,0
2022/9/13 6:10,0
2022/9/13 6:15,0
2022/9/13 6:20,0
2022/9/13 6:25,0
2022/9/13 6:30,0
2022/9/13 6:35,0
2022/9/13 6:40,0
2022/9/13 6:45,0
2022/9/13 6:50,0
2022/9/13 6:55,0
2022/9/13 7:00,0
2022/9/13 7:05,0
2022/9/13 7:10,0
2022/9/13 7:15,0
2022/9/13 7:20,0
2022/9/13 7:25,0
2022/9/13 7:30,0
2022/9/13 7:35,0
2022/9/13 7:40,0
2022/9/13 7:45,0
2022/9/13 7:50,0
2022/9/13 7:55,0
2022/9/13 8:00,0
2022/9/13 8:05,0
2022/9/13 8:10,0
2022/9/13 8:15,0
2022/9/13 8:20,0
2022/9/13 8:25,0
2022/9/13 8:30,0
2022/9/13 8:35,0
2022/9/13 8:40,0
2022/9/13 8:45,0
2022/9/13 8:50,0
2022/9/13 8:55,0
2022/9/13 9:00,0
2022/9/13 9:05,0
2022/9/13 9:10,0
2022/9/13 9:15,0
2022/9/13 9:20,0
2022/9/13 9:25,0
2022/9/13 9:30,0
2022/9/13 9:35,0
2022/9/13 9:40,0
2022/9/13 9:45,0
2022/9/13 9:50,0
2022/9/13 9:55,0
2022/9/13 10:00,0
2022/9/13 10:05,0
2022/9/13 10:10,0
2022/9/13 10:15,0
2022/9/13 10:20,0
2022/9/13 10:25,0
2022/9/13 10:30,0
2022/9/13 10:35,0
2022/9/13 10:40,0
2022/9/13 10:45,0
2022/9/13 10:50,-1032.849662
2022/9/13 10:55,0
2022/9/13 11:00,0
2022/9/13 11:05,0
2022/9/13 11:10,0
2022/9/13 11:15,0
2022/9/13 11:20,0
2022/9/13 11:25,0
2022/9/13 11:30,0
2022/9/13 11:35,0
2022/9/13 11:40,0
2022/9/13 11:45,9032.166731
2022/9/13 11:50,20779.99745
2022/9/13 11:55,23625.73151
2022/9/13 12:00,-691.2210222
2022/9/13 12:05,21008.40845
2022/9/13 12:10,-879.729024
2022/9/13 12:15,22188.27955
2022/9/13 12:20,21232.47727
2022/9/13 12:25,-744.6927474
2022/9/13 12:30,18995.33062
2022/9/13 12:35,-897.4928887
2022/9/13 12:40,0
2022/9/13 12:45,0
2022/9/13 12:50,0
2022/9/13 12:55,0
2022/9/13 13:00,0
2022/9/13 13:05,0
2022/9/13 13:10,0
2022/9/13 13:15,0
2022/9/13 13:20,0
2022/9/13 13:25,0
2022/9/13 13:30,0
2022/9/13 13:35,0
2022/9/13 13:40,0
2022/9/13 13:45,0
2022/9/13 13:50,0
2022/9/13 13:55,0
2022/9/13 14:00,0
2022/9/13 14:05,0
2022/9/13 14:10,0
2022/9/13 14:15,0
2022/9/13 14:20,0
2022/9/13 14:25,0
2022/9/13 14:30,0
2022/9/13 14:35,0
2022/9/13 14:40,0
2022/9/13 14:45,0
2022/9/13 14:50,0
2022/9/13 14:55,0
2022/9/13 15:00,0
2022/9/13 15:05,0
2022/9/13 15:10,0
2022/9/13 15:15,0
2022/9/13 15:20,0
2022/9/13 15:25,0
2022/9/13 15:30,0
2022/9/13 15:35,0
2022/9/13 15:40,21931.70141
2022/9/13 15:45,33804.34478
2022/9/13 15:50,23555.25686
2022/9/13 15:55,10070.69428
2022/9/13 16:00,18141.07138
2022/9/13 16:05,28545.57691
2022/9/13 16:10,-931.3244614
2022/9/13 16:15,20525.72727
2022/9/13 16:20,22492.34886
2022/9/13 16:25,18873.27856
2022/9/13 16:30,25091.83069
2022/9/13 16:35,-902.3053633
2022/9/13 16:40,23148.51603
2022/9/13 16:45,6844.795299
2022/9/13 16:50,11561.96543
2022/9/13 16:55,10327.41509
2022/9/13 17:00,0
2022/9/13 17:05,0
2022/9/13 17:10,0
2022/9/13 17:15,0
2022/9/13 17:20,0
2022/9/13 17:25,0
2022/9/13 17:30,0
2022/9/13 17:35,0
2022/9/13 17:40,0
2022/9/13 17:45,0
2022/9/13 17:50,0
2022/9/13 17:55,0
2022/9/13 18:00,0
2022/9/13 18:05,0
2022/9/13 18:10,0
2022/9/13 18:15,0
2022/9/13 18:20,0
2022/9/13 18:25,0
2022/9/13 18:30,0
2022/9/13 18:35,0
2022/9/13 18:40,0
2022/9/13 18:45,0
2022/9/13 18:50,0
2022/9/13 18:55,11860.87135
2022/9/13 19:00,9308.353881
2022/9/13 19:05,0
2022/9/13 19:10,0
2022/9/13 19:15,0
2022/9/13 19:20,0
2022/9/13 19:25,0
2022/9/13 19:30,0
2022/9/13 19:35,0
2022/9/13 19:40,0
2022/9/13 19:45,0
2022/9/13 19:50,0
2022/9/13 19:55,0
2022/9/13 20:00,0
2022/9/13 20:05,0
2022/9/13 20:10,0
2022/9/13 20:15,0
2022/9/13 20:20,0
2022/9/13 20:25,0
2022/9/13 20:30,0
2022/9/13 20:35,0
2022/9/13 20:40,0
2022/9/13 20:45,0
2022/9/13 20:50,0
2022/9/13 20:55,0
2022/9/13 21:00,0
2022/9/13 21:05,0
2022/9/13 21:10,0
2022/9/13 21:15,0
2022/9/13 21:20,0
2022/9/13 21:25,0
2022/9/13 21:30,0
2022/9/13 21:35,0
2022/9/13 21:40,0
2022/9/13 21:45,0
2022/9/13 21:50,0
2022/9/13 21:55,0
2022/9/13 22:00,0
2022/9/13 22:05,0
2022/9/13 22:10,0
2022/9/13 22:15,0
2022/9/13 22:20,0
2022/9/13 22:25,0
2022/9/13 22:30,0
2022/9/13 22:35,0
2022/9/13 22:40,0
2022/9/13 22:45,0
2022/9/13 22:50,0
2022/9/13 22:55,0
2022/9/13 23:00,0
2022/9/13 23:05,0
2022/9/13 23:10,0
2022/9/13 23:15,0
2022/9/13 23:20,0
2022/9/13 23:25,0
2022/9/13 23:30,0
2022/9/13 23:35,0
2022/9/13 23:40,0
2022/9/13 23:45,0
2022/9/13 23:50,0
2022/9/13 23:55,0
2022/9/14 0:00,0
2022/9/14 0:05,0
2022/9/14 0:10,0
2022/9/14 0:15,0
2022/9/14 0:20,0
2022/9/14 0:25,0
2022/9/14 0:30,0
2022/9/14 0:35,0
2022/9/14 0:40,0
2022/9/14 0:45,0
2022/9/14 0:50,0
2022/9/14 0:55,0
2022/9/14 1:00,0
2022/9/14 1:05,0
2022/9/14 1:10,0
2022/9/14 1:15,0
2022/9/14 1:20,0
2022/9/14 1:25,0
2022/9/14 1:30,0
2022/9/14 1:35,0
2022/9/14 1:40,0
2022/9/14 1:45,0
2022/9/14 1:50,0
2022/9/14 1:55,0
2022/9/14 2:00,0
2022/9/14 2:05,0
2022/9/14 2:10,0
2022/9/14 2:15,0
2022/9/14 2:20,0
2022/9/14 2:25,0
2022/9/14 2:30,0
2022/9/14 2:35,0
2022/9/14 2:40,0
2022/9/14 2:45,0
2022/9/14 2:50,0
2022/9/14 2:55,0
2022/9/14 3:00,0
2022/9/14 3:05,0
2022/9/14 3:10,0
2022/9/14 3:15,0
2022/9/14 3:20,0
2022/9/14 3:25,0
2022/9/14 3:30,0
2022/9/14 3:35,0
2022/9/14 3:40,0
2022/9/14 3:45,0
2022/9/14 3:50,0
2022/9/14 3:55,0
2022/9/14 4:00,0
2022/9/14 4:05,0
2022/9/14 4:10,0
2022/9/14 4:15,0
2022/9/14 4:20,0
2022/9/14 4:25,0
2022/9/14 4:30,0
2022/9/14 4:35,0
2022/9/14 4:40,0
2022/9/14 4:45,0
2022/9/14 4:50,0
2022/9/14 4:55,0
2022/9/14 5:00,0
2022/9/14 5:05,0
2022/9/14 5:10,0
2022/9/14 5:15,0
2022/9/14 5:20,0
2022/9/14 5:25,0
2022/9/14 5:30,0
2022/9/14 5:35,0
2022/9/14 5:40,0
2022/9/14 5:45,0
2022/9/14 5:50,0
2022/9/14 5:55,0
2022/9/14 6:00,0
2022/9/14 6:05,0
2022/9/14 6:10,0
2022/9/14 6:15,0
2022/9/14 6:20,0
2022/9/14 6:25,0
2022/9/14 6:30,0
2022/9/14 6:35,0
2022/9/14 6:40,0
2022/9/14 6:45,0
2022/9/14 6:50,0
2022/9/14 6:55,0
2022/9/14 7:00,0
2022/9/14 7:05,0
2022/9/14 7:10,0
2022/9/14 7:15,0
2022/9/14 7:20,0
2022/9/14 7:25,0
2022/9/14 7:30,0
2022/9/14 7:35,0
2022/9/14 7:40,0
2022/9/14 7:45,0
2022/9/14 7:50,0
2022/9/14 7:55,
2022/9/14 8:00,21087.99402
2022/9/14 8:05,29950.13207
2022/9/14 8:10,-967.7723923
2022/9/14 8:15,7813.148895
2022/9/14 8:20,8737.760566
2022/9/14 8:25,6161.696153
2022/9/14 8:30,17424.55622
2022/9/14 8:35,15614.83865
2022/9/14 8:40,-744.3209294
2022/9/14 8:45,0
2022/9/14 8:50,0
2022/9/14 8:55,0
2022/9/14 9:00,0
2022/9/14 9:05,0
2022/9/14 9:10,0
2022/9/14 9:15,0
2022/9/14 9:20,0
2022/9/14 9:25,7812.339908
2022/9/14 9:30,19997.92131
2022/9/14 9:35,10357.10605
2022/9/14 9:40,6374.738102
2022/9/14 9:45,8800.804297
2022/9/14 9:50,17373.04448
2022/9/14 9:55,12665.5754
2022/9/14 10:00,18074.77041
2022/9/14 10:05,12336.62524
2022/9/14 10:10,12841.44171
2022/9/14 10:15,13917.30959
2022/9/14 10:20,13746.97869
2022/9/14 10:25,14331.75662
2022/9/14 10:30,13599.59973
2022/9/14 10:35,14334.19266
2022/9/14 10:40,12386.28397
2022/9/14 10:45,14172.76067
2022/9/14 10:50,13956.04739
2022/9/14 10:55,12980.59881
2022/9/14 11:00,13993.19814
2022/9/14 11:05,15299.00494
2022/9/14 11:10,13218.06315
2022/9/14 11:15,13148.30825
2022/9/14 11:20,13574.99841
2022/9/14 11:25,13736.16327
2022/9/14 11:30,13568.13718
2022/9/14 11:35,15409.60599
2022/9/14 11:40,10333.88943
2022/9/14 11:45,15484.42376
2022/9/14 11:50,19495.75259
2022/9/14 11:55,9812.792247
2022/9/14 12:00,8303.763314
2022/9/14 12:05,12345.48999
2022/9/14 12:10,10750.94168
2022/9/14 12:15,14777.89946
2022/9/14 12:20,13539.80497
2022/9/14 12:25,13545.9301
2022/9/14 12:30,13798.87644
2022/9/14 12:35,14000.81292
2022/9/14 12:40,11492.23042
2022/9/14 12:45,13468.4479
2022/9/14 12:50,15084.83856
2022/9/14 12:55,14410.78649
2022/9/14 13:00,0
2022/9/14 13:05,0
2022/9/14 13:10,5439.303765
2022/9/14 13:15,6714.451218
2022/9/14 13:20,-1857.027063
2022/9/14 13:25,-6263.794238
2022/9/14 13:30,-6662.156271
2022/9/14 13:35,-7353.944503
2022/9/14 13:40,-8375.247085
2022/9/14 13:45,-8802.521002
2022/9/14 13:50,-9226.281769
2022/9/14 13:55,-8845.388411
2022/9/14 14:00,-8842.647101
2022/9/14 14:05,-9219.259816
2022/9/14 14:10,-5036.567181
2022/9/14 14:15,-1224.726636
2022/9/14 14:20,-2401.843065
2022/9/14 14:25,-2644.961084
2022/9/14 14:30,-3271.627159
2022/9/14 14:35,-4140.599279
2022/9/14 14:40,-4607.727156
2022/9/14 14:45,-4997.848539
2022/9/14 14:50,17270.62156
2022/9/14 14:55,4319.952785
2022/9/14 15:00,1238.231165
2022/9/14 15:05,7382.474468
2022/9/14 15:10,15158.21446
2022/9/14 15:15,11734.39438
2022/9/14 15:20,11429.19463
2022/9/14 15:25,14928.48451
2022/9/14 15:30,11265.91527
2022/9/14 15:35,11767.37785
2022/9/14 15:40,11748.70216
2022/9/14 15:45,12841.94661
2022/9/14 15:50,15054.17462
2022/9/14 15:55,14677.78471
2022/9/14 16:00,17117.48138
2022/9/14 16:05,10910.63915
2022/9/14 16:10,6620.205672
2022/9/14 16:15,11291.57877
2022/9/14 16:20,11972.71122
2022/9/14 16:25,14848.53398
2022/9/14 16:30,13560.45722
2022/9/14 16:35,15762.20812
2022/9/14 16:40,16330.72475
2022/9/14 16:45,15023.05904
2022/9/14 16:50,14375.64701
2022/9/14 16:55,11850.515
2022/9/14 17:00,3582.420368
2022/9/14 17:05,-3614.076622
2022/9/14 17:10,-7618.472581
2022/9/14 17:15,-9559.069499
2022/9/14 17:20,-10211.62297
2022/9/14 17:25,-10811.83334
2022/9/14 17:30,-10970.92855
2022/9/14 17:35,-7594.999004
2022/9/14 17:40,1075.918725
2022/9/14 17:45,-2488.856867
2022/9/14 17:50,-3711.770751
2022/9/14 17:55,-6283.260717
2022/9/14 18:00,-8014.466908
2022/9/14 18:05,-7976.02507
2022/9/14 18:10,-8012.735507
2022/9/14 18:15,-8423.57599
2022/9/14 18:20,-8497.675808
2022/9/14 18:25,-8847.162596
2022/9/14 18:30,-9342.873723
2022/9/14 18:35,-9428.53954
2022/9/14 18:40,-7655.570106
2022/9/14 18:45,-1343.236295
2022/9/14 18:50,11100.51043
2022/9/14 18:55,21085.55369
2022/9/14 19:00,0
2022/9/14 19:05,10830.78696
2022/9/14 19:10,18537.39817
2022/9/14 19:15,18256.39947
2022/9/14 19:20,8997.595804
2022/9/14 19:25,19915.20476
2022/9/14 19:30,-800.6684546
2022/9/14 19:35,13225.02303
2022/9/14 19:40,11492.95146
2022/9/14 19:45,7828.738987
2022/9/14 19:50,19522.73011
2022/9/14 19:55,19940.04936
2022/9/14 20:00,-567.2051388
2022/9/14 20:05,15964.06874
2022/9/14 20:10,0
2022/9/14 20:15,10825.1623
2022/9/14 20:20,10207.37746
2022/9/14 20:25,3045.337411
2022/9/14 20:30,18304.0829
2022/9/14 20:35,18639.54028
2022/9/14 20:40,-690.1501324
2022/9/14 20:45,0
2022/9/14 20:50,0
2022/9/14 20:55,0
2022/9/14 21:00,0
2022/9/14 21:05,0
2022/9/14 21:10,0
2022/9/14 21:15,0
2022/9/14 21:20,0
2022/9/14 21:25,0
2022/9/14 21:30,0
2022/9/14 21:35,0
2022/9/14 21:40,0
2022/9/14 21:45,0
2022/9/14 21:50,0
2022/9/14 21:55,0
2022/9/14 22:00,0
2022/9/14 22:05,0
2022/9/14 22:10,0
2022/9/14 22:15,0
2022/9/14 22:20,0
2022/9/14 22:25,0
2022/9/14 22:30,0
2022/9/14 22:35,0
2022/9/14 22:40,0
2022/9/14 22:45,0
2022/9/14 22:50,0
2022/9/14 22:55,0
2022/9/14 23:00,0
2022/9/14 23:05,0
2022/9/14 23:10,0
2022/9/14 23:15,0
2022/9/14 23:20,0
2022/9/14 23:25,0
2022/9/14 23:30,0
2022/9/14 23:35,0
2022/9/14 23:40,0
2022/9/14 23:45,0
2022/9/14 23:50,0
2022/9/14 23:55,0
2022/9/15 0:00,0
2022/9/15 0:05,0
2022/9/15 0:10,0
2022/9/15 0:15,0
2022/9/15 0:20,0
2022/9/15 0:25,0
2022/9/15 0:30,0
2022/9/15 0:35,0
2022/9/15 0:40,0
2022/9/15 0:45,0
2022/9/15 0:50,0
2022/9/15 0:55,0
2022/9/15 1:00,0
2022/9/15 1:05,0
2022/9/15 1:10,0
2022/9/15 1:15,0
2022/9/15 1:20,0
2022/9/15 1:25,0
2022/9/15 1:30,0
2022/9/15 1:35,0
2022/9/15 1:40,0
2022/9/15 1:45,0
2022/9/15 1:50,0
2022/9/15 1:55,0
2022/9/15 2:00,0
2022/9/15 2:05,0
2022/9/15 2:10,0
2022/9/15 2:15,0
2022/9/15 2:20,0
2022/9/15 2:25,0
2022/9/15 2:30,0
2022/9/15 2:35,0
2022/9/15 2:40,0
2022/9/15 2:45,0
2022/9/15 2:50,0
2022/9/15 2:55,0
2022/9/15 3:00,0
2022/9/15 3:05,0
2022/9/15 3:10,0
2022/9/15 3:15,0
2022/9/15 3:20,0
2022/9/15 3:25,0
2022/9/15 3:30,0
2022/9/15 3:35,0
2022/9/15 3:40,0
2022/9/15 3:45,0
2022/9/15 3:50,0
2022/9/15 3:55,0
2022/9/15 4:00,0
2022/9/15 4:05,0
2022/9/15 4:10,0
2022/9/15 4:15,0
2022/9/15 4:20,0
2022/9/15 4:25,0
2022/9/15 4:30,0
2022/9/15 4:35,0
2022/9/15 4:40,0
2022/9/15 4:45,0
2022/9/15 4:50,0
2022/9/15 4:55,0
2022/9/15 5:00,0
2022/9/15 5:05,0
2022/9/15 5:10,0
2022/9/15 5:15,0
2022/9/15 5:20,0
2022/9/15 5:25,0
2022/9/15 5:30,0
2022/9/15 5:35,0
2022/9/15 5:40,0
2022/9/15 5:45,0
2022/9/15 5:50,0
2022/9/15 5:55,0
2022/9/15 6:00,0
2022/9/15 6:05,0
2022/9/15 6:10,0
2022/9/15 6:15,0
2022/9/15 6:20,0
2022/9/15 6:25,0
2022/9/15 6:30,0
2022/9/15 6:35,0
2022/9/15 6:40,0
2022/9/15 6:45,0
2022/9/15 6:50,0
2022/9/15 6:55,0
2022/9/15 7:00,0
2022/9/15 7:05,0
2022/9/15 7:10,0
2022/9/15 7:15,0
2022/9/15 7:20,0
2022/9/15 7:25,0
2022/9/15 7:30,0
2022/9/15 7:35,0
2022/9/15 7:40,0
2022/9/15 7:45,0
2022/9/15 7:50,0
2022/9/15 7:55,0
2022/9/15 8:00,0
2022/9/15 8:05,13522.04628
2022/9/15 8:10,16276.39447
2022/9/15 8:15,0
2022/9/15 8:20,0
2022/9/15 8:25,0
2022/9/15 8:30,18239.7895
2022/9/15 8:35,21183.47061
2022/9/15 8:40,5385.95565
2022/9/15 8:45,18118.72093
2022/9/15 8:50,0
2022/9/15 8:55,0
2022/9/15 9:00,0
2022/9/15 9:05,0
2022/9/15 9:10,0
2022/9/15 9:15,0
2022/9/15 9:20,0
2022/9/15 9:25,0
2022/9/15 9:30,0
2022/9/15 9:35,0
2022/9/15 9:40,0
2022/9/15 9:45,-628.3403893
2022/9/15 9:50,15189.98623
2022/9/15 9:55,22593.60675
2022/9/15 10:00,6971.568447
2022/9/15 10:05,10721.43601
2022/9/15 10:10,13471.59837
2022/9/15 10:15,-475.1140992
2022/9/15 10:20,20066.82456
2022/9/15 10:25,-834.4863899
2022/9/15 10:30,19365.19985
2022/9/15 10:35,11888.14964
2022/9/15 10:40,-761.4563611
2022/9/15 10:45,19448.42734
2022/9/15 10:50,13639.49483
2022/9/15 10:55,-448.961451
2022/9/15 11:00,8935.660011
2022/9/15 11:05,0
2022/9/15 11:10,17474.98442
2022/9/15 11:15,-769.7318311
2022/9/15 11:20,9960.798272
2022/9/15 11:30,-436.9680895
2022/9/15 11:35,25048.88433
2022/9/15 11:40,10681.87758
2022/9/15 11:45,0
2022/9/15 11:50,0
2022/9/15 11:55,0
2022/9/15 12:00,0
2022/9/15 12:05,0
2022/9/15 12:10,0
2022/9/15 12:15,0
2022/9/15 12:20,0
2022/9/15 12:25,0
2022/9/15 12:30,5277.837355
2022/9/15 12:35,18571.02851
2022/9/15 12:40,13275.25287
2022/9/15 12:45,-745.6789828
2022/9/15 12:50,5465.138386
2022/9/15 12:55,13986.76618
2022/9/15 13:00,-839.8517939
2022/9/15 13:05,9526.025518
2022/9/15 13:10,11931.87438
2022/9/15 13:15,-798.0856147
2022/9/15 13:20,11541.02141
2022/9/15 13:25,-856.8230256
2022/9/15 13:30,-699.3282691
2022/9/15 13:35,0
2022/9/15 13:40,0
2022/9/15 13:45,0
2022/9/15 13:50,0
2022/9/15 13:55,0
2022/9/15 14:00,8750.930519
2022/9/15 14:05,24836.26905
2022/9/15 14:10,11459.63882
2022/9/15 14:15,4900.769357
2022/9/15 14:20,23586.93105
2022/9/15 14:25,-920.4208151
2022/9/15 14:30,12126.80973
2022/9/15 14:35,9499.205443
2022/9/15 14:40,-826.7571693
2022/9/15 14:45,17505.22044
2022/9/15 14:50,-954.6529362
2022/9/15 14:55,-779.9027306
2022/9/15 15:00,19770.51348
2022/9/15 15:05,18681.46734
2022/9/15 15:10,13343.83388
2022/9/15 15:15,21041.83732
2022/9/15 15:20,5030.19875
2022/9/15 15:25,19089.24771
2022/9/15 15:30,-915.9152216
2022/9/15 15:35,8048.624678
2022/9/15 15:40,13124.02643
2022/9/15 15:45,-847.2666117
2022/9/15 15:50,19185.93176
2022/9/15 15:55,31255.98586
2022/9/15 16:00,2833.108125
2022/9/15 16:05,14408.14613
2022/9/15 16:10,7529.24526
2022/9/15 16:15,19824.0962
2022/9/15 16:20,5549.623408
2022/9/15 16:25,-700.7321149
2022/9/15 16:30,22504.35797
2022/9/15 16:35,-892.2341446
2022/9/15 16:40,13785.22369
2022/9/15 16:45,8782.738045
2022/9/15 16:50,0
2022/9/15 16:55,0
2022/9/15 17:00,0
2022/9/15 17:05,0
2022/9/15 17:10,0
2022/9/15 17:15,0
2022/9/15 17:20,0
2022/9/15 17:25,0
2022/9/15 17:30,0
2022/9/15 17:35,0
2022/9/15 17:40,0
2022/9/15 17:45,0
2022/9/15 17:50,0
2022/9/15 17:55,0
2022/9/15 18:00,0
2022/9/15 18:05,0
2022/9/15 18:10,0
2022/9/15 18:15,0
2022/9/15 18:20,0
2022/9/15 18:25,0
2022/9/15 18:30,0
2022/9/15 18:35,0
2022/9/15 18:40,0
2022/9/15 18:45,0
2022/9/15 18:50,0
2022/9/15 18:55,0
2022/9/15 19:00,0
2022/9/15 19:05,0
2022/9/15 19:10,0
2022/9/15 19:15,0
2022/9/15 19:20,0
2022/9/15 19:25,0
2022/9/15 19:30,0
2022/9/15 19:35,0
2022/9/15 19:40,0
2022/9/15 19:45,0
2022/9/15 19:50,0
2022/9/15 19:55,0
2022/9/15 20:00,0
2022/9/15 20:05,0
2022/9/15 20:10,0
2022/9/15 20:15,0
2022/9/15 20:20,0
2022/9/15 20:25,0
2022/9/15 20:30,0
2022/9/15 20:35,0
2022/9/15 20:40,0
2022/9/15 20:45,0
2022/9/15 20:50,0
2022/9/15 20:55,0
2022/9/15 21:00,0
2022/9/15 21:05,0
2022/9/15 21:10,0
2022/9/15 21:15,0
2022/9/15 21:20,0
2022/9/15 21:25,0
2022/9/15 21:30,0
2022/9/15 21:35,0
2022/9/15 21:40,0
2022/9/15 21:45,0
2022/9/15 21:50,0
2022/9/15 21:55,0
2022/9/15 22:00,0
2022/9/15 22:05,0
2022/9/15 22:10,0
2022/9/15 22:15,0
2022/9/15 22:20,0
2022/9/15 22:25,0
2022/9/15 22:30,0
2022/9/15 22:35,0
2022/9/15 22:40,0
2022/9/15 22:45,0
2022/9/15 22:50,0
2022/9/15 22:55,0
2022/9/15 23:00,0
2022/9/15 23:05,0
2022/9/15 23:10,0
2022/9/15 23:15,0
2022/9/15 23:20,0
2022/9/15 23:25,0
2022/9/15 23:30,0
2022/9/15 23:35,0
2022/9/15 23:40,0
2022/9/15 23:45,0
2022/9/15 23:50,0
2022/9/15 23:55,0
2022/9/16 0:00,0
2022/9/16 0:05,0
2022/9/16 0:10,0
2022/9/16 0:15,0
2022/9/16 0:20,0
2022/9/16 0:25,0
2022/9/16 0:30,0
2022/9/16 0:35,0
2022/9/16 0:40,0
2022/9/16 0:45,0
2022/9/16 0:50,0
2022/9/16 0:55,0
2022/9/16 1:00,0
2022/9/16 1:05,0
2022/9/16 1:10,0
2022/9/16 1:15,0
2022/9/16 1:20,0
2022/9/16 1:25,0
2022/9/16 1:30,0
2022/9/16 1:35,0
2022/9/16 1:40,0
2022/9/16 1:45,0
2022/9/16 1:50,0
2022/9/16 1:55,0
2022/9/16 2:00,0
2022/9/16 2:05,0
2022/9/16 2:10,0
2022/9/16 2:15,0
2022/9/16 2:20,0
2022/9/16 2:25,0
2022/9/16 2:30,0
2022/9/16 2:35,0
2022/9/16 2:40,0
2022/9/16 2:45,0
2022/9/16 2:50,0
2022/9/16 2:55,0
2022/9/16 3:00,0
2022/9/16 3:05,0
2022/9/16 3:10,0
2022/9/16 3:15,0
2022/9/16 3:20,0
2022/9/16 3:25,0
2022/9/16 3:30,0
2022/9/16 3:35,0
2022/9/16 3:40,0
2022/9/16 3:45,0
2022/9/16 3:50,0
2022/9/16 3:55,0
2022/9/16 4:00,0
2022/9/16 4:05,0
2022/9/16 4:10,0
2022/9/16 4:15,0
2022/9/16 4:20,0
2022/9/16 4:25,0
2022/9/16 4:30,0
2022/9/16 4:35,0
2022/9/16 4:40,0
2022/9/16 4:45,0
2022/9/16 4:50,0
2022/9/16 4:55,0
2022/9/16 5:00,0
2022/9/16 5:05,0
2022/9/16 5:10,0
2022/9/16 5:15,0
2022/9/16 5:20,0
2022/9/16 5:25,0
2022/9/16 5:30,0
2022/9/16 5:35,0
2022/9/16 5:40,0
2022/9/16 5:45,0
2022/9/16 5:50,0
2022/9/16 5:55,0
2022/9/16 6:00,0
2022/9/16 6:05,0
2022/9/16 6:10,0
2022/9/16 6:15,0
2022/9/16 6:20,0
2022/9/16 6:25,0
2022/9/16 6:30,0
2022/9/16 6:35,0
2022/9/16 6:40,0
2022/9/16 6:45,0
2022/9/16 6:50,0
2022/9/16 6:55,0
2022/9/16 7:00,0
2022/9/16 7:05,0
2022/9/16 7:10,0
2022/9/16 7:15,0
2022/9/16 7:20,0
2022/9/16 7:25,22456.00292
2022/9/16 7:30,10670.58219
2022/9/16 7:35,-318.5426399
2022/9/16 7:40,-6140.88101
2022/9/16 7:45,-5932.344446
2022/9/16 7:50,74.31840177
2022/9/16 7:55,-5979.896698
2022/9/16 8:00,-8203.047307
2022/9/16 8:05,-8037.665131
2022/9/16 8:10,-6740.710627
2022/9/16 8:15,-6571.628376
2022/9/16 8:20,-6287.281309
2022/9/16 8:25,-3413.92563
2022/9/16 8:30,4681.731316
2022/9/16 8:35,5479.961139
2022/9/16 8:40,2050.239712
2022/9/16 8:45,2788.190097
2022/9/16 8:50,431.1640213
2022/9/16 8:55,-2355.650605
2022/9/16 9:00,14735.57924
2022/9/16 9:05,7663.109715
2022/9/16 9:10,0
2022/9/16 9:15,20615.95557
2022/9/16 9:20,25329.00986
2022/9/16 9:25,27069.38319
2022/9/16 9:30,29084.2357
2022/9/16 9:35,30369.29322
2022/9/16 9:40,36364.89885
2022/9/16 9:45,41689.9838
2022/9/16 9:50,44674.87834
2022/9/16 9:55,0
2022/9/16 10:00,0
2022/9/16 10:05,11777.20288
2022/9/16 10:10,40003.37761
2022/9/16 10:15,50743.88976
2022/9/16 10:20,53676.34129
2022/9/16 10:25,55153.75434
2022/9/16 10:30,58733.12737
2022/9/16 10:35,58997.99885
2022/9/16 10:40,58704.9032
2022/9/16 10:45,47831.25488
2022/9/16 10:50,47478.41571
2022/9/16 10:55,47087.8472
2022/9/16 11:00,48544.13513
2022/9/16 11:05,44796.08995
2022/9/16 11:10,41852.20046
2022/9/16 11:15,40891.17209
2022/9/16 11:20,45114.03516
2022/9/16 11:25,48663.01178
2022/9/16 11:30,50923.10106
2022/9/16 11:35,50187.11307
2022/9/16 11:40,47321.37169
2022/9/16 11:45,41115.27645
2022/9/16 11:50,39798.00726
2022/9/16 11:55,39556.24446
2022/9/16 12:00,38240.13705
2022/9/16 12:05,41810.0506
2022/9/16 12:10,37190.6623
2022/9/16 12:15,31951.33582
2022/9/16 12:20,30250.51521
2022/9/16 12:25,29683.82427
2022/9/16 12:30,29506.14422
2022/9/16 12:35,36290.50636
2022/9/16 12:40,34911.61036
2022/9/16 12:45,42550.79457
2022/9/16 12:50,45869.64356
2022/9/16 12:55,46463.98138
2022/9/16 13:00,49234.2821
2022/9/16 13:05,49895.48625
2022/9/16 13:10,49357.89387
2022/9/16 13:15,49429.31609
2022/9/16 13:20,42788.94979
2022/9/16 13:25,0
2022/9/16 13:30,-739.3729356
2022/9/16 13:35,26763.7651
2022/9/16 13:40,42201.80247
2022/9/16 13:45,44325.64197
2022/9/16 13:50,40143.07397
2022/9/16 13:55,43154.05118
2022/9/16 14:00,42858.1032
2022/9/16 14:05,39148.40013
2022/9/16 14:10,32834.74998
2022/9/16 14:15,27358.4843
2022/9/16 14:20,26463.45975
2022/9/16 14:25,27312.00177
2022/9/16 14:30,26705.2788
2022/9/16 14:35,25607.35288
2022/9/16 14:40,28460.5123
2022/9/16 14:45,26764.35125
2022/9/16 14:50,28615.77425
2022/9/16 14:55,28582.19026
2022/9/16 15:00,27578.90472
2022/9/16 15:05,27088.59876
2022/9/16 15:10,26754.89842
2022/9/16 15:15,27026.20039
2022/9/16 15:20,29249.22374
2022/9/16 15:25,15280.89215
2022/9/16 15:30,12524.07542
2022/9/16 15:35,12578.68197
2022/9/16 15:40,14570.36126
2022/9/16 15:45,16204.58332
2022/9/16 15:50,16013.27792
2022/9/16 15:55,17659.51558
2022/9/16 16:00,17595.64645
2022/9/16 16:05,22844.5743
2022/9/16 16:35,30379.06819
2022/9/16 16:40,16313.65704
2022/9/16 16:45,21226.71506
2022/9/16 16:50,15106.0013
2022/9/16 16:55,20194.98007
2022/9/16 17:00,23486.62682
2022/9/16 17:05,24308.81699
2022/9/16 17:10,23215.91854
2022/9/16 17:15,22864.26975
2022/9/16 17:20,29061.84376
2022/9/16 17:25,18068.22864
2022/9/16 17:30,21166.48931
2022/9/16 17:35,15107.04225
2022/9/16 17:40,15522.23927
2022/9/16 17:45,25625.17148
2022/9/16 17:50,21762.16879
2022/9/16 17:55,19685.40137
2022/9/16 18:00,38140.82692
2022/9/16 18:05,16092.90472
2022/9/16 18:10,21160.72254
2022/9/16 18:15,24016.58502
2022/9/16 18:20,14310.76679
2022/9/16 18:25,20654.34157
2022/9/16 18:30,23387.30169
2022/9/16 18:35,23711.02545
2022/9/16 18:40,19638.37474
2022/9/16 18:45,18882.7738
2022/9/16 18:50,18564.59382
2022/9/16 18:55,20878.79168
2022/9/16 19:00,0
2022/9/16 19:05,0
2022/9/16 19:10,0
2022/9/16 19:15,0
2022/9/16 19:20,0
2022/9/16 19:25,0
2022/9/16 19:30,0
2022/9/16 19:35,0
2022/9/16 19:40,0
2022/9/16 19:45,0
2022/9/16 19:50,0
2022/9/16 19:55,0
2022/9/16 20:00,0
2022/9/16 20:05,0
2022/9/16 20:10,0
2022/9/16 20:15,0
2022/9/16 20:20,0
2022/9/16 20:25,0
2022/9/16 20:30,0
2022/9/16 20:35,0
2022/9/16 20:40,0
2022/9/16 20:45,0
2022/9/16 20:50,0
2022/9/16 20:55,0
2022/9/16 21:00,0
2022/9/16 21:05,0
2022/9/16 21:10,0
2022/9/16 21:15,0
2022/9/16 21:20,0
2022/9/16 21:25,0
2022/9/16 21:30,0
2022/9/16 21:35,0
2022/9/16 21:40,0
2022/9/16 21:45,0
2022/9/16 21:50,0
2022/9/16 21:55,0
2022/9/16 22:00,0
2022/9/16 22:05,0
2022/9/16 22:10,0
2022/9/16 22:15,0
2022/9/16 22:20,0
2022/9/16 22:25,0
2022/9/16 22:30,0
2022/9/16 22:35,0
2022/9/16 22:40,0
2022/9/16 22:45,0
2022/9/16 22:50,0
2022/9/16 22:55,0
2022/9/16 23:00,0
2022/9/16 23:05,0
2022/9/16 23:10,0
2022/9/16 23:15,0
2022/9/16 23:20,0
2022/9/16 23:25,0
2022/9/16 23:30,0
2022/9/16 23:35,0
2022/9/16 23:40,0
2022/9/16 23:45,0
2022/9/16 23:50,0
2022/9/16 23:55,0
2022/9/17 0:00,0
2022/9/17 0:05,0
2022/9/17 0:10,0
2022/9/17 0:15,0
2022/9/17 0:20,0
2022/9/17 0:25,0
2022/9/17 0:30,0
2022/9/17 0:35,0
2022/9/17 0:40,0
2022/9/17 0:45,0
2022/9/17 0:50,0
2022/9/17 0:55,0
2022/9/17 1:00,0
,
,
,
,
,
,
,
,
,
,
,
,
,
,
,
,
,
,
,
,
,
,
,
,
,
,
,
,
,
,
,
,
,
,
,
,
,
,
,
,
,
,
,
,
,
,
,
,
,
,
,
,
,
,
,
,
,
,
,
,
,
,
,
,
,
,
,
,
,
,
,
,
,
,
,
,
,
,
,
,
,
,
,
,
,
,
,
,
,
,
,
,
,
,
,
,
,
,
,
,
,
,
,
,
,
,
,
,
,
,
,
,
,
,
,
,
,
,
,
,
,
,
,
,
,
,
,
,
,
,
,
,
,
,
,
,
,
,
,
,
,
,
,
,
,
,
,
,
,
,
,
,
,
,
,
,
,
,
,
,
,
,
,
,
,
,
,
,
,
,
,
,
,
,
,
,
,
,
,
,
,
,
,
,
,
,
,
,
,
,
,
,
,
,
,
,
,
,
,
,
,
,
,
,
,
,
,
,
,
,
,
,
,
,
,
,
,
,
,
,
,
,
,
,
,
,
,
,
,
,
,
,
,
,
,
,
,
,
,
,
,
,
,
,
,
,
,
,
,
,
,
,
,
,
,
,
,
,
,
,
,
,
,
,
,
,
,
,
,
,
,
,
,
,
,
,
,
,
,
,
,
,
,
,
,
,
,
,
,
,
,
,
,
,
,
,
,
,
,
,
,
,
,
,
,
,
,
,
,
,
,
,
,
,
,
,
,
,
,
,
,
,
,
,
,
,
,
,
,
,
,
,
,
,
,
,
,
,
,
,
,
,
,
,
,
,
,
,
,
,
,
,
,
,
,
,
,
,
,
,
,
,
,
,
,
,
,
,
,
,
,
,
,
,
,
,
,
,
,
,
,
,
,
,
,
,
,
,
,
,
,
,
,
,
,
,
,
,
,
,
,
,
,
,
,
,
,
,
,
,
,
,
,
,
,
,
,
,
,
,
,
,
,
,
,
,
,
,
,
,
,
,
,
,
,
,
,
,
,
,
,
,
,
,
,
,
,
,
,
,
,
,
,
,
,
,
,
,
,
,
,
,
,
,
,
,
,
,
,
,
,
,
,
,
,
,
,
,
,
,
,
,
,
,
,
,
,
,
,
,
,
,
,
,
,
,
,
,
,
,
,
,
,
,
,
,
,
,
,
,
,
,
,
,
,
,
,
,
,
,
,
,
,
,
,
,
,
,
,
,
,
,
,
,
,
,
,
,
,
,
,
,
,
,
,
,
,
,
,
,
,
,
,
,
,
,
,
,
,
,
,
,
,
,
,
,
,
,
,
,
,
,
,
,
,
,
,
,
,
,
,
,
,
,
,
,
,
,
,
,
,
,
,
,
,
,
,
,
,
,
,
,
,
,
,
,
,
,
,
,
,
,
,
,
,
,
,
,
,
,
,
,
,
,
,
,
,
,
,
,
,
,
,
,
,
,
,
,
,
,
,
,
,
,
,
,
,
,
,
,
,
,
,
,
,
,
,
,
,
,
,
,
,
,
,
,
,
,
,
,
,
,
,
,
,
,
,
,
,
,
,
,
,
,
,
,
,
,
,
,
,
,
,
,
,
,
,
,
,
,
,
,
,
,
,
,
,
,
,
,
,
,
,
,
,
,
,
,
,
,
,
,
,
,
,
,
,
,
,
,
,
,
,
,
,
,
,
,
,
,
,
,
,
,
,
,
,
,
,
,
,
,
,
,
,
,
,
,
,
,
,
,
,
,
,
,
,
,
,
,
,
,
,
,
,
,
,
,
,
,
,
,
,
,
,
,
,
,
,
,
,
,
,
,
,
,
,
,
,
,
,
,
,
,
,
,
,
,
,
,
,
,
,
,
,
,
,
,
,
,
,
,
,
,
,
,
,
,
,
,
,
,
,
,
,
,
,
,
,
,
,
,
,
,
,
,
,
,
,
,
,
,
,
,
,
,
,
,
,
,
,
,
,
,
,
,
,
,
,
,
,
,
,
,
,
,
,
,
,
,
,
,
,
,
,
,
,
,
,
,
,
,
,
,
,
,
,
,
,
,
,
,
,
,
,
,
,
,
,
,
,
,
,
,
,
,
,
,
,
,
,
,
,
,
,
,
,
,
,
,
,
,
,
,
,
,
,
,
,
,
,
,
,
,
,
,
,
,
,
,
,
,
,
,
,
,
,
,
,
,
,
,
,
,
,
,
,
,
,
,
,
,
,
,
,
,
,
,
,
,
,
,
,
,
,
,
,
,
,
,
,
,
,
,
,
,
,
,
,
,
,
,
,
,
,
,
,
,
,
,
,
,
,
,
,
,
,
,
,
,
,
,
,
,
,
,
,
,
,
,
,
,
,
,
,
,
,
,
,
,
,
,
,
,
,
,
,
,
,
,
,
,
,
,
,
,
,
,
,
,
,
,
,
,
,
,
,
,
,
,
,
,
,
,
,
,
,
,
,
,
,
,
,
,
,
,
,
,
,
,
,
,
,
,
,
,
,
,
,
,
,
,
,
,
,
,
,
,
,
,
,
,
,
,
,
,
,
,
,
,
,
,
,
,
,
,
,
,
,
,
,
,
,
,
,
,
,
,
,
,
,
,
,
,
,
,
,
,
,
,
,
,
,
,
,
,
,
,
,
,
,
,
,
,
,
,
,
,
,
,
,
,
,
,
,
,
,
,
,
,
,
,
,
,
,
,
,
,
,
,
,
,
,
,
,
,
,
,
,
,
,
,
,
,
,
,
,
,
,
,
,
,
,
,
,
,
,
,
,
,
,
,
,
,
,
,
,
,
,
,
,
,
,
,
,
,
,
,
,
,
,
,
,
,
,
,
,
,
,
,
,
,
,
,
,
,
,
,
,
,
,
,
,
,
,
,
,
,
,
,
,
,
,
,
,
,
,
,
,
,
,
,
,
,
,
,
,
,
,
,
,
,
,
,
,
,
,
,
,
,
,
,
,
,
,
,
,
,
,
,
,
,
,
,
,
,
,
,
,
,
,
,
,
,
,
,
,
,
,
,
,
,
,
,
,
,
,
,
,
,
,
,
,
,
,
,
,
,
,
,
,
,
,
,
,
,
,
,
,
,
,
,
,
,
,
,
,
,
,
,
,
,
,
,
,
,
,
,
,
,
,
,
,
,
,
,
,
,
,
,
,
,
,
,
,
,
,
,
,
,
,
,
,
,
,
,
,
,
,
,
,
,
,
,
,
,
,
,
,
,
,
,
,
,
,
,
,
,
,
,
,
,
,
,
,
,
,
,
,
,
,
,
,
,
,
,
,
,
,
,
,
,
,
,
,
,
,
,
,
,
,
,
,
,
,
,
,
,
,
,
,
,
,
,
,
,
,
,
,
,
,
,
,
,
,
,
,
,
,
,
,
,
,
,
,
,
,
,
,
,
,
,
,
,
,
,
,
,
,
,
,
,
,
,
,
,
,
,
,
,
,
,
,
,
,
,
,
,
,
,
,
,
,
,
,
,
,
,
,
,
,
,
,
,
,
,
,
,
,
,
,
,
,
,
,
,
,
,
,
,
,
,
,
,
,
,
,
,
,
,
,
,
,
,
,
,
,
,
,
,
,
,
,
,
,
,
,
,
,
,
,
,
,
,
,
,
,
,
,
,
,
,
,
,
,
,
,
,
,
,
,
,
,
,
,
,
,
,
,
,
,
,
,
,
,
,
,
,
,
,
,
,
,
,
,
,
,
,
,
,
,
,
,
,
,
,
,
,
,
,
,
,
,
,
,
,
,
,
,
,
,
,
,
,
,
,
,
,
,
,
,
,
,
,
,
,
,
,
,
,
,
,
,
,
,
,
,
,
,
,
,
,
,
,
,
,
,
,
,
,
,
,
,
,
,
,
,
,
,
,
,
,
,
,
,
,
,
,
,
,
,
,
,
,
,
,
,
,
,
,
,
,
,
,
,
,
,
,
,
,
,
,
,
,
,
,
,
,
,
,
,
,
,
,
,
,
,
,
,
,
,
,
,
,
,
,
,
,
,
,
,
,
,
,
,
,
,
,
,
,
,
,
,
,
,
,
,
,
,
,
,
,
,
,
,
,
,
,
,
,
,
,
,
,
,
,
,
,
,
,
,
,
,
,
,
,
,
,
,
,
,
,
,
,
,
,
,
,
,
,
,
,
,
,
,
,
,
,
,
,
,
,
,
,
,
,
,
,
,
,
,
,
,
,
,
,
,
,
,
,
,
,
,
,
,
,
,
,
,
,
,
,
,
,
,
,
,
,
,
,
,
,
,
,
,
,
,
,
,
,
,
,
,
,
,
,
,
,
,
,
,
,
,
,
,
,
,
,
,
,
,
,
,
,
,
,
,
,
,
,
,
,
,
,
,
,
,
,
,
,
,
,
,
,
,
,
,
,
,
,
,
,
,
,
,
,
,
,
,
,
,
,
,
,
,
,
,
,
,
,
,
,
,
,
,
,
,
,
,
,
,
,
,
,
,
,
,
,
,
,
,
,
,
,
,
,
,
,
,
,
,
,
,
,
,
,
,
,
,
,
,
,
,
,
,
,
,
,
,
,
,
,
,
,
,
,
,
,
,
,
,
,
,
,
,
,
,
,
,
,
,
,
,
,
,
,
,
,
,
,
,
,
,
,
,
,
,
,
,
,
,
,
,
,
,
,
,
,
,
,
,
,
,
,
,
,
,
,
,
,
,
,
,
,
,
,
,
,
,
,
,
,
,
,
,
,
,
,
,
,
,
,
,
,
,
,
,
,
,
,
,
,
,
,
,
,
,
,
,
,
,
,
,
,
,
,
,
,
,
,
,
,
,
,
,
,
,
,
,
,
,
,
,
,
,
,
,
,
,
,
,
,
,
,
,
,
,
,
,
,
,
,
,
,
,
,
,
,
,
,
,
,
,
,
,
,
,
,
,
,
,
,
,
,
,
,
,
,
,
,
,
,
,
,
,
,
,
,
,
,
,
,
,
,
,
,
,
,
,
,
,
,
,
,
,
,
,
,
,
,
,
,
,
,
,
,
,
,
,
,
,
,
,
,
,
,
,
,
,
,
,
,
,
,
,
,
,
,
,
,
,
,
,
,
,
,
,
,
,
,
,
,
,
,
,
,
,
,
,
,
,
,
,
,
,
,
,
,
,
,
,
,
,
,
,
,
,
,
,
,
,
,
,
,
,
,
,
,
,
,
,
,
,
,
,
,
,
,
,
,
,
,
,
,
,
,
,
,
,
,
,
,
,
,
,
,
,
,
,
,
,
,
,
,
,
,
,
,
,
,
,
,
,
,
,
,
,
,
,
,
,
,
,
,
,
,
,
,
,
,
,
,
,
,
,
,
,
,
,
,
,
,
,
,
,
,
,
,
,
,
,
,
,
,
,
,
,
,
,
,
,
,
,
,
,
,
,
,
,
,
,
,
,
,
,
,
,
,
,
,
,
,
,
,
,
,
,
,
,
,
,
,
,
,
,
,
,
,
,
,
,
,
,
,
,
,
,
,
,
,
,
,
,
,
,
,
,
,
,
,
,
,
,
,
,
,
,
,
,
,
,
,
,
,
,
,
,
,
,
,
,
,
,
,
,
,
,
,
,
,
,
,
,
,
,
,
,
,
,
,
,
,
,
,
,
,
,
,
,
,
,
,
,
,
,
,
,
,
,
,
,
,
,
,
,
,
,
,
,
,
,
,
,
,
,
,
,
,
,
,
,
,
,
,
,
,
,
,
,
,
,
,
,
,
,
,
,
,
,
,
,
,
,
,
,
,
,
,
,
,
,
,
,
,
,
,
,
,
,
,
,
,
,
,
,
,
,
,
,
,
,
,
,
,
,
,
,
,
,
,
,
,
,
,
,
,
,
,
,
,
,
,
,
,
,
,
,
,
,
,
,
,
,
,
,
,
,
,
,
,
,
,
,
,
,
,
,
,
,
,
,
,
,
,
,
,
,
,
,
,
,
,
,
,
,
,
,
,
,
,
,
,
,
,
,
,
,
,
,
,
,
,
,
,
,
,
,
,
,
,
,
,
,
,
,
,
,
,
,
,
,
,
,
,
,
,
,
,
,
,
,
,
,
,
,
,
,
,
,
,
,
,
,
,
,
,
,
,
,
,
,
,
,
,
,
,
,
,
,
,
,
,
,
,
,
,
,
,
,
,
,
,
,
,
,
,
,
,
,
,
,
,
,
,
,
,
,
,
,
,
,
,
,
,
,
,
,
,
,
,
,
,
,
,
,
,
,
,
,
,
,
,
,
,
,
,
,
,
,
,
,
,
,
,
,
,
,
,
,
,
,
,
,
,
,
,
,
,
,
,
,
,
,
,
,
,
,
,
,
,
,
,
,
,
,
,
,
,
,
,
,
,
,
,
,
,
,
,
,
,
,
,
,
,
,
,
,
,
,
,
,
,
,
,
,
,
,
,
,
,
,
,
,
,
,
,
,
,
,
,
,
,
,
,
,
,
,
,
,
,
,
,
,
,
,
,
,
,
,
,
,
,
,
,
,
,
,
,
,
,
,
,
,
,
,
,
,
,
,
,
,
,
,
,
,
,
,
,
,
,
,
,
,
,
,
,
,
,
,
,
,
,
,
,
,
,
,
,
,
,
,
,
,
,
,
,
,
,
,
,
,
,
,
,
,
,
,
,
,
,
,
,
,
,
,
,
,
,
,
,
,
,
,
,
,
,
,
,
,
,
,
,
,
,
,
,
,
,
,
,
,
,
,
,
,
,
,
,
,
,
,
,
,
,
,
,
,
,
,
,
,
,
,
,
,
,
,
,
,
,
,
,
,
,
,
,
,
,
,
,
,
,
,
,
,
,
,
,
,
,
,
,
,
,
,
,
,
,
,
,
,
,
,
,
,
,
,
,
,
,
,
,
,
,
,
,
,
,
,
,
,
,
,
,
,
,
,
,
,
,
,
,
,
,
,
,
,
,
,
,
,
,
,
,
,
,
,
,
,
,
,
,
,
,
,
,
,
,
,
,
,
,
,
,
,
,
,
,
,
,
,
,
,
,
,
,
,
,
,
,
,
,
,
,
,
,
,
,
,
,
,
,
,
,
,
,
,
,
,
,
,
,
,
,
,
,
,
,
,
,
,
,
,
,
,
,
,
,
,
,
,
,
,
,
,
,
,
,
,
,
,
,
,
,
,
,
,
,
,
,
,
,
,
,
,
,
,
,
,
,
,
,
,
,
,
,
,
,
,
,
,
,
,
,
,
,
,
,
,
,
,
,
,
,
,
,
,
,
,
,
,
,
,
,
,
,
,
,
,
,
,
,
,
,
,
,
,
,
,
,
,
,
,
,
,
,
,
,
,
,
,
,
,
,
,
,
,
,
,
,
,
,
,
,
,
,
,
,
,
,
,
,
,
,
,
,
,
,
,
,
,
,
,
,
,
,
,
,
,
,
,
,
,
,
,
,
,
,
,
,
,
,
,
,
,
,
,
,
,
,
,
,
,
,
,
,
,
,
,
,
,
,
,
,
,
,
,
,
,
,
,
,
,
,
,
,
,
,
,
,
,
,
,
,
,
,
,
,
,
,
,
,
,
,
,
,
,
,
,
,
,
,
,
,
,
,
,
,
,
,
,
,
,
,
,
,
,
,
,
,
,
,
,
,
,
,
,
,
,
,
,
,
,
,
,
,
,
,
,
,
,
,
,
,
,
,
,
,
,
,
,
,
,
,
,
,
,
,
,
,
,
,
,
,
,
,
,
,
,
,
,
,
,
,
,
,
,
,
,
,
,
,
,
,
,
,
,
,
,
,
,
,
,
,
,
,
,
,
,
,
,
,
,
,
,
,
,
,
,
,
,
,
,
,
,
,
,
,
,
,
,
,
,
,
,
,
,
,
,
,
,
,
,
,
,
,
,
,
,
,
,
,
,
,
,
,
,
,
,
,
,
,
,
,
,
,
,
,
,
,
,
,
,
,
,
,
,
,
,
,
,
,
,
,
,
,
,
,
,
,
,
,
,
,
,
,
,
,
,
,
,
,
,
,
,
,
,
,
,
,
,
,
,
,
,
,
,
,
,
,
,
,
,
,
,
,
,
,
,
,
,
,
,
,
,
,
,
,
,
,
,
,
,
,
,
,
,
,
,
,
,
,
,
,
,
,
,
,
,
,
,
,
,
,
,
,
,
,
,
,
,
,
,
,
,
,
,
,
,
,
,
,
,
,
,
,
,
,
,
,
,
,
,
,
,
,
,
,
,
,
,
,
,
,
,
,
,
,
,
,
,
,
,
,
,
,
,
,
,
,
,
,
,
,
,
,
,
,
,
,
,
,
,
,
,
,
,
,
,
,
,
,
,
,
,
,
,
,
,
,
,
,
,
,
,
,
,
,
,
,
,
,
,
,
,
,
,
,
,
,
,
,
,
,
,
,
,
,
,
,
,
,
,
,
,
,
,
,
,
,
,
,
,
,
,
,
,
,
,
,
,
,
,
,
,
,
,
,
,
,
,
,
,
,
,
,
,
,
,
,
,
,
,
,
,
,
,
,
,
,
,
,
,
,
,
,
,
,
,
,
,
,
,
,
,
,
,
,
,
,
,
,
,
,
,
,
,
,
,
,
,
,
,
,
,
,
,
,
,
,
,
,
,
,
,
,
,
,
,
,
,
,
,
,
,
,
,
,
,
,
,
,
,
,
,
,
,
,
,
,
,
,
,
,
,
,
,
,
,
,
,
,
,
,
,
,
,
,
,
,
,
,
,
,
,
,
,
,
,
,
,
,
,
,
,
,
,
,
,
,
,
,
,
,
,
,
,
,
,
,
,
,
,
,
,
,
,
,
,
,
,
,
,
,
,
,
,
,
,
,
,
,
,
,
,
,
,
,
,
,
,
,
,
,
,
,
,
,
,
,
,
,
,
,
,
,
,
,
,
,
,
,
,
,
,
,
,
,
,
,
,
,
,
,
,
,
,
,
,
,
,
,
,
,
,
,
,
,
,
,
,
,
,
,
,
,
,
,
,
,
,
,
,
,
,
,
,
,
,
,
,
,
,
,
,
,
,
,
,
,
,
,
,
,
,
,
,
,
,
,
,
,
,
,
,
,
,
,
,
,
,
,
,
,
,
,
,
,
,
,
,
,
,
,
,
,
,
,
,
,
,
,
,
,
,
,
,
,
,
,
,
,
,
,
,
,
,
,
,
,
,
,
,
,
,
,
,
,
,
,
,
,
,
,
,
,
,
,
,
,
,
,
,
,
,
,
,
,
,
,
,
,
,
,
,
,
,
,
,
,
,
,
,
,
,
,
,
,
,
,
,
,
,
,
,
,
,
,
,
,
,
,
,
,
,
,
,
,
,
,
,
,
,
,
,
,
,
,
,
,
,
,
,
,
,
,
,
,
,
,
,
,
,
,
,
,
,
,
,
,
,
,
,
,
,
,
,
,
,
,
,
,
,
,
,
,
,
,
,
,
,
,
,
,
,
,
,
,
,
,
,
,
,
,
,
,
,
,
,
,
,
,
,
,
,
,
,
,
,
,
,
,
,
,
,
,
,
,
,
,
,
,
,
,
,
,
,
,
,
,
,
,
,
,
,
,
,
,
,
,
,
,
,
,
,
,
,
,
,
,
,
,
,
,
,
,
,
,
,
,
,
,
,
,
,
,
,
,
,
,
,
,
,
,
,
,
,
,
,
,
,
,
,
,
,
,
,
,
,
,
,
,
,
,
,
,
,
,
,
,
,
,
,
,
,
,
,
,
,
,
,
,
,
,
,
,
,
,
,
,
,
,
,
,
,
,
,
,
,
,
,
,
,
,
,
,
,
,
,
,
,
,
,
,
,
,
,
,
,
,
,
,
,
,
,
,
,
,
,
,
,
,
,
,
,
,
,
,
,
,
,
,
,
,
,
,
,
,
,
,
,
,
,
,
,
,
,
,
,
,
,
,
,
,
,
,
,
,
,
,
,
,
,
,
,
,
,
,
,
,
,
,
,
,
,
,
,
,
,
,
,
,
,
,
,
,
,
,
,
,
,
,
,
,
,
,
,
,
,
,
,
,
,
,
,
,
,
,
,
,
,
,
,
,
,
,
,
,
,
,
,
,
,
,
,
,
,
,
,
,
,
,
,
,
,
,
,
,
,
,
,
,
,
,
,
,
,
,
,
,
,
,
,
,
,
,
,
,
,
,
,
,
,
,
,
,
,
,
,
,
,
,
,
,
,
,
,
,
,
,
,
,
,
,
,
,
,
,
,
,
,
,
,
,
,
,
,
,
,
,
,
,
,
,
,
,
,
,
,
,
,
,
,
,
,
,
,
,
,
,
,
,
,
,
,
,
,
,
,
,
,
,
,
,
,
,
,
,
,
,
,
,
,
,
,
,
,
,
,
,
,
,
,
,
,
,
,
,
,
,
,
,
,
,
,
,
,
,
,
,
,
,
,
,
,
,
,
,
,
,
,
,
,
,
,
,
,
,
,
,
,
,
,
,
,
,
,
,
,
,
,
,
,
,
,
,
,
,
,
,
,
,
,
,
,
,
,
,
,
,
,
,
,
,
,
,
,
,
,
,
,
,
,
,
,
,
,
,
,
,
,
,
,
,
,
,
,
,
,
,
,
,
,
,
,
,
,
,
,
,
,
,
,
,
,
,
,
,
,
,
,
,
,
,
,
,
,
,
,
,
,
,
,
,
,
,
,
,
,
,
,
,
,
,
,
,
,
,
,
,
,
,
,
,
,
,
,
,
,
,
,
,
,
,
,
,
,
,
,
,
,
,
,
,
,
,
,
,
,
,
,
,
,
,
,
,
,
,
,
,
,
,
,
,
,
,
,
,
,
,
,
,
,
,
,
,
,
,
,
,
,
,
,
,
,
,
,
,
,
,
,
,
,
,
,
,
,
,
,
,
,
,
,
,
,
,
,
,
,
,
,
,
,
,
,
,
,
,
,
,
,
,
,
,
,
,
,
,
,
,
,
,
,
,
,
,
,
,
,
,
,
,
,
,
,
,
,
,
,
,
,
,
,
,
,
,
,
,
,
,
,
,
,
,
,
,
,
,
,
,
,
,
,
,
,
,
,
,
,
,
,
,
,
,
,
,
,
,
,
,
,
,
,
,
,
,
,
,
,
,
,
,
,
,
,
,
,
,
,
,
,
,
,
,
,
,
,
,
,
,
,
,
,
,
,
,
,
,
,
,
,
,
,
,
,
,
,
,
,
,
,
,
,
,
,
,
,
,
,
,
,
,
,
,
,
,
,
,
,
,
,
,
,
,
,
,
,
,
,
,
,
,
,
,
,
,
,
,
,
,
,
,
,
,
,
,
,
,
,
,
,
,
,
,
,
,
,
,
,
,
,
,
,
,
,
,
,
,
,
,
,
,
,
,
,
,
,
,
,
,
,
,
,
,
,
,
,
,
,
,
,
,
,
,
,
,
,
,
,
,
,
,
,
,
,
,
,
,
,
,
,
,
,
,
,
,
,
,
,
,
,
,
,
,
,
,
,
,
,
,
,
,
,
,
,
,
,
,
,
,
,
,
,
,
,
,
,
,
,
,
,
,
,
,
,
,
,
,
,
,
,
,
,
,
,
,
,
,
,
,
,
,
,
,
,
,
,
,
,
,
,
,
,
,
,
,
,
,
,
,
,
,
,
,
,
,
,
,
,
,
,
,
,
,
,
,
,
,
,
,
,
,
,
,
,
,
,
,
,
,
,
,
,
,
,
,
,
,
,
,
,
,
,
,
,
,
,
,
,
,
,
,
,
,
,
,
,
,
,
,
,
,
,
,
,
,
,
,
,
,
,
,
,
,
,
,
,
,
,
,
,
,
,
,
,
,
,
,
,
,
,
,
,
,
,
,
,
,
,
,
,
,
,
,
,
,
,
,
,
,
,
,
,
,
,
,
,
,
,
,
,
,
,
,
,
,
,
,
,
,
,
,
,
,
,
,
,
,
,
,
,
,
,
,
,
,
,
,
,
,
,
,
,
,
,
,
,
,
,
,
,
,
,
,
,
,
,
,
,
,
,
,
,
,
,
,
,
,
,
,
,
,
,
,
,
,
,
,
,
,
,
,
,
,
,
,
,
,
,
,
,
,
,
,
,
,
,
,
,
,
,
,
,
,
,
,
,
,
,
,
,
,
,
,
,
,
,
,
,
,
,
,
,
,
,
,
,
,
,
,
,
,
,
,
,
,
,
,
,
,
,
,
,
,
,
,
,
,
,
,
,
,
,
,
,
,
,
,
,
,
,
,
,
,
,
,
,
,
,
,
,
,
,
,
,
,
,
,
,
,
,
,
,
,
,
,
,
,
,
,
,
,
,
,
,
,
,
,
,
,
,
,
,
,
,
,
,
,
,
,
,
,
,
,
,
,
,
,
,
,
,
,
,
,
,
,
,
,
,
,
,
,
,
,
,
,
,
,
,
,
,
,
,
,
,
,
,
,
,
,
,
,
,
,
,
,
,
,
,
,
,
,
,
,
,
,
,
,
,
,
,
,
,
,
,
,
,
,
,
,
,
,
,
,
,
,
,
,
,
,
,
,
,
,
,
,
,
,
,
,
,
,
,
,
,
,
,
,
,
,
,
,
,
,
,
,
,
,
,
,
,
,
,
,
,
,
,
,
,
,
,
,
,
,
,
,
,
,
,
,
,
,
,
,
,
,
,
,
,
,
,
,
,
,
,
,
,
,
,
,
,
,
,
,
,
,
,
,
,
,
,
,
,
,
,
,
,
,
,
,
,
,
,
,
,
,
,
,
,
,
,
,
,
,
,
,
,
,
,
,
,
,
,
,
,
,
,
,
,
,
,
,
,
,
,
,
,
,
,
,
,
,
,
,
,
,
,
,
,
,
,
,
,
,
,
,
,
,
,
,
,
,
,
,
,
,
,
,
,
,
,
,
,
,
,
,
,
,
,
,
,
,
,
,
,
,
,
,
,
,
,
,
,
,
,
,
,
,
,
,
,
,
,
,
,
,
,
,
,
,
,
,
,
,
,
,
,
,
,
,
,
,
,
,
,
,
,
,
,
,
,
,
,
,
,
,
,
,
,
,
,
,
,
,
,
,
,
,
,
,
,
,
,
,
,
,
,
,
,
,
,
,
,
,
,
,
,
,
,
,
,
,
,
,
,
,
,
,
,
,
,
,
,
,
,
,
,
,
,
,
,
,
,
,
,
,
,
,
,
,
,
,
,
,
,
,
,
,
,
,
,
,
,
,
,
,
,
,
,
,
,
,
,
,
,
,
,
,
,
,
,
,
,
,
,
,
,
,
,
,
,
,
,
,
,
,
,
,
,
,
,
,
,
,
,
,
,
,
,
,
,
,
,
,
,
,
,
,
,
,
,
,
,
,
,
,
,
,
,
,
,
,
,
,
,
,
,
,
,
,
,
,
,
,
,
,
,
,
,
,
,
,
,
,
,
,
,
,
,
,
,
,
,
,
,
,
,
,
,
,
,
,
,
,
,
,
,
,
,
,
,
,
,
,
,
,
,
,
,
,
,
,
,
,
,
,
,
,
,
,
,
,
,
,
,
,
,
,
,
,
,
,
,
,
,
,
,
,
,
,
,
,
,
,
,
,
,
,
,
,
,
,
,
,
,
,
,
,
,
,
,
,
,
,
,
,
,
,
,
,
,
,
,
,
,
,
,
,
,
,
,
,
,
,
,
,
,
,
,
,
,
,
,
,
,
,
,
,
,
,
,
,
,
,
,
,
,
,
,
,
,
,
,
,
,
,
,
,
,
,
,
,
,
,
,
,
,
,
,
,
,
,
,
,
,
,
,
,
,
,
,
,
,
,
,
,
,
,
,
,
,
,
,
,
,
,
,
,
,
,
,
,
,
,
,
,
,
,
,
,
,
,
,
,
,
,
,
,
,
,
,
,
,
,
,
,
,
,
,
,
,
,
,
,
,
,
,
,
,
,
,
,
,
,
,
,
,
,
,
,
,
,
,
,
,
,
,
,
,
,
,
,
,
,
,
,
,
,
,
,
,
,
,
,
,
,
,
,
,
,
,
,
,
,
,
,
,
,
,
,
,
,
,
,
,
,
,
,
,
,
,
,
,
,
,
,
,
,
,
,
,
,
,
,
,
,
,
,
,
,
,
,
,
,
,
,
,
,
,
,
,
,
,
,
,
,
,
,
,
,
,
,
,
,
,
,
,
,
,
,
,
,
,
,
,
,
,
,
,
,
,
,
,
,
,
,
,
,
,
,
,
,
,
,
,
,
,
,
,
,
,
,
,
,
,
,
,
,
,
,
,
,
,
,
,
,
,
,
,
,
,
,
,
,
,
,
,
,
,
,
,
,
,
,
,
,
,
,
,
,
,
,
,
,
,
,
,
,
,
,
,
,
,
,
,
,
,
,
,
,
,
,
,
,
,
,
,
,
,
,
,
,
,
,
,
,
,
,
,
,
,
,
,
,
,
,
,
,
,
,
,
,
,
,
,
,
,
,
,
,
,
,
,
,
,
,
,
,
,
,
,
,
,
,
,
,
,
,
,
,
,
,
,
,
,
,
,
,
,
,
,
,
,
,
,
,
,
,
,
,
,
,
,
,
,
,
,
,
,
,
,
,
,
,
,
,
,
,
,
,
,
,
,
,
,
,
,
,
,
,
,
,
,
,
,
,
,
,
,
,
,
,
,
,
,
,
,
,
,
,
,
,
,
,
,
,
,
,
,
,
,
,
,
,
,
,
,
,
,
,
,
,
,
,
,
,
,
,
,
,
,
,
,
,
,
,
,
,
,
,
,
,
,
,
,
,
,
,
,
,
,
,
,
,
,
,
,
,
,
,
,
,
,
,
,
,
,
,
,
,
,
,
,
,
,
,
,
,
,
,
,
,
,
,
,
,
,
,
,
,
,
,
,
,
,
,
,
,
,
,
,
,
,
,
,
,
,
,
,
,
,
,
,
,
,
,
,
,
,
,
,
,
,
,
,
,
,
,
,
,
,
,
,
,
,
,
,
,
,
,
,
,
,
,
,
,
,
,
,
,
,
,
,
,
,
,
,
,
,
,
,
,
,
,
,
,
,
,
,
,
,
,
,
,
,
,
,
,
,
,
,
,
,
,
,
,
,
,
,
,
,
,
,
,
,
,
,
,
,
,
,
,
,
,
,
,
,
,
,
,
,
,
,
,
,
,
,
,
,
,
,
,
,
,
,
,
,
,
,
,
,
,
,
,
,
,
,
,
,
,
,
,
,
,
,
,
,
,
,
,
,
,
,
,
,
,
,
,
,
,
,
,
,
,
,
,
,
,
,
,
,
,
,
,
,
,
,
,
,
,
,
,
,
,
,
,
,
,
,
,
,
,
,
,
,
,
,
,
,
,
,
,
,
,
,
,
,
,
,
,
,
,
,
,
,
,
,
,
,
,
,
,
,
,
,
,
,
,
,
,
,
,
,
,
,
,
,
,
,
,
,
,
,
,
,
,
,
,
,
,
,
,
,
,
,
,
,
,
,
,
,
,
,
,
,
,
,
,
,
,
,
,
,
,
,
,
,
,
,
,
,
,
,
,
,
,
,
,
,
,
,
,
,
,
,
,
,
,
,
,
,
,
,
,
,
,
,
,
,
,
,
,
,
,
,
,
,
,
,
,
,
,
,
,
,
,
,
,
,
,
,
,
,
,
,
,
,
,
,
,
,
,
,
,
,
,
,
,
,
,
,
,
,
,
,
,
,
,
,
,
,
,
,
,
,
,
,
,
,
,
,
,
,
,
,
,
,
,
,
,
,
,
,
,
,
,
,
,
,
,
,
,
,
,
,
,
,
,
,
,
,
,
,
,
,
,
,
,
,
,
,
,
,
,
,
,
,
,
,
,
,
,
,
,
,
,
,
,
,
,
,
,
,
,
,
,
,
,
,
,
,
,
,
,
,
,
,
,
,
,
,
,
,
,
,
,
,
,
,
,
,
,
,
,
,
,
,
,
,
,
,
,
,
,
,
,
,
,
,
,
,
,
,
,
,
,
,
,
,
,
,
,
,
,
,
,
,
,
,
,
,
,
,
,
,
,
,
,
,
,
,
,
,
,
,
,
,
,
,
,
,
,
,
,
,
,
,
,
,
,
,
,
,
,
,
,
,
,
,
,
,
,
,
,
,
,
,
,
,
,
,
,
,
,
,
,
,
,
,
,
,
,
,
,
,
,
,
,
,
,
,
,
,
,
,
,
,
,
,
,
,
,
,
,
,
,
,
,
,
,
,
,
,
,
,
,
,
,
,
,
,
,
,
,
,
,
,
,
,
,
,
,
,
,
,
,
,
,
,
,
,
,
,
,
,
,
,
,
,
,
,
,
,
,
,
,
,
,
,
,
,
,
,
,
,
,
,
,
,
,
,
,
,
,
,
,
,
,
,
,
,
,
,
,
,
,
,
,
,
,
,
,
,
,
,
,
,
,
,
,
,
,
,
,
,
,
,
,
,
,
,
,
,
,
,
,
,
,
,
,
,
,
,
,
,
,
,
,
,
,
,
,
,
,
,
,
,
,
,
,
,
,
,
,
,
,
,
,
,
,
,
,
,
,
,
,
,
,
,
,
,
,
,
,
,
,
,
,
,
,
,
,
,
,
,
,
,
,
,
,
,
,
,
,
,
,
,
,
,
,
,
,
,
,
,
,
,
,
,
,
,
,
,
,
,
,
,
,
,
,
,
,
,
,
,
,
,
,
,
,
,
,
,
,
,
,
,
,
,
,
,
,
,
,
,
,
,
,
,
,
,
,
,
,
,
,
,
,
,
,
,
,
,
,
,
,
,
,
,
,
,
,
,
,
,
,
,
,
,
,
,
,
,
,
,
,
,
,
,
,
,
,
,
,
,
,
,
,
,
,
,
,
,
,
,
,
,
,
,
,
,
,
,
,
,
,
,
,
,
,
,
,
,
,
,
,
,
,
,
,
,
,
,
,
,
,
,
,
,
,
,
,
,
,
,
,
,
,
,
,
,
,
,
,
,
,
,
,
,
,
,
,
,
,
,
,
,
,
,
,
,
,
,
,
,
,
,
,
,
,
,
,
,
,
,
,
,
,
,
,
,
,
,
,
,
,
,
,
,
,
,
,
,
,
,
,
,
,
,
,
,
,
,
,
,
,
,
,
,
,
,
,
,
,
,
,
,
,
,
,
,
,
,
,
,
,
,
,
,
,
,
,
,
,
,
,
,
,
,
,
,
,
,
,
,
,
,
,
,
,
,
,
,
,
,
,
,
,
,
,
,
,
,
,
,
,
,
,
,
,
,
,
,
,
,
,
,
,
,
,
,
,
,
,
,
,
,
,
,
,
,
,
,
,
,
,
,
,
,
,
,
,
,
,
,
,
,
,
,
,
,
,
,
,
,
,
,
,
,
,
,
,
,
,
,
,
,
,
,
,
,
,
,
,
,
,
,
,
,
,
,
,
,
,
,
,
,
,
,
,
,
,
,
,
,
,
,
,
,
,
,
,
,
,
,
,
,
,
,
,
,
,
,
,
,
,
,
,
,
,
,
,
,
,
,
,
,
,
,
,
,
,
,
,
,
,
,
,
,
,
,
,
,
,
,
,
,
,
,
,
,
,
,
,
,
,
,
,
,
,
,
,
,
,
,
,
,
,
,
,
,
,
,
,
,
,
,
,
,
,
,
,
,
,
,
,
,
,
,
,
,
,
,
,
,
,
,
,
,
,
,
,
,
,
,
,
,
,
,
,
,
,
,
,
,
,
,
,
,
,
,
,
,
,
,
,
,
,
,
,
,
,
,
,
,
,
,
,
,
,
,
,
,
,
,
,
,
,
,
,
,
,
,
,
,
,
,
,
,
,
,
,
,
,
,
,
,
,
,
,
,
,
,
,
,
,
,
,
,
,
,
,
,
,
,
,
,
,
,
,
,
,
,
,
,
,
,
,
,
,
,
,
,
,
,
,
,
,
,
,
,
,
,
,
,
,
,
,
,
,
,
,
,
,
,
,
,
,
,
,
,
,
,
,
,
,
,
,
,
,
,
,
,
,
,
,
,
,
,
,
,
,
,
,
,
,
,
,
,
,
,
,
,
,
,
,
,
,
,
,
,
,
,
,
,
,
,
,
,
,
,
,
,
,
,
,
,
,
,
,
,
,
,
,
,
,
,
,
,
,
,
,
,
,
,
,
,
,
,
,
,
,
,
,
,
,
,
,
,
,
,
,
,
,
,
,
,
,
,
,
,
,
,
,
,
,
,
,
,
,
,
,
,
,
,
,
,
,
,
,
,
,
,
,
,
,
,
,
,
,
,
,
,
,
,
,
,
,
,
,
,
,
,
,
,
,
,
,
,
,
,
,
,
,
,
,
,
,
,
,
,
,
,
,
,
,
,
,
,
,
,
,
,
,
,
,
,
,
,
,
,
,
,
,
,
,
,
,
,
,
,
,
,
,
,
,
,
,
,
,
,
,
,
,
,
,
,
,
,
,
,
,
,
,
,
,
,
,
,
,
,
,
,
,
,
,
,
,
,
,
,
,
,
,
,
,
,
,
,
,
,
,
,
,
,
,
,
,
,
,
,
,
,
,
,
,
,
,
,
,
,
,
,
,
,
,
,
,
,
,
,
,
,
,
,
,
,
,
,
,
,
,
,
,
,
,
,
,
,
,
,
,
,
,
,
,
,
,
,
,
,
,
,
,
,
,
,
,
,
,
,
,
,
,
,
,
,
,
,
,
,
,
,
,
,
,
,
,
,
,
,
,
,
,
,
,
,
,
,
,
,
,
,
,
,
,
,
,
,
,
,
,
,
,
,
,
,
,
,
,
,
,
,
,
,
,
,
,
,
,
,
,
,
,
,
,
,
,
,
,
,
,
,
,
,
,
,
,
,
,
,
,
,
,
,
,
,
,
,
,
,
,
,
,
,
,
,
,
,
,
,
,
,
,
,
,
,
,
,
,
,
,
,
,
,
,
,
,
,
,
,
,
,
,
,
,
,
,
,
,
,
,
,
,
,
,
,
,
,
,
,
,
,
,
,
,
,
,
,
,
,
,
,
,
,
,
,
,
,
,
,
,
,
,
,
,
,
,
,
,
,
,
,
,
,
,
,
,
,
,
,
,
,
,
,
,
,
,
,
,
,
,
,
,
,
,
,
,
,
,
,
,
,
,
,
,
,
,
,
,
,
,
,
,
,
,
,
,
,
,
,
,
,
,
,
,
,
,
,
,
,
,
,
,
,
,
,
,
,
,
,
,
,
,
,
,
,
,
,
,
,
,
,
,
,
,
,
,
,
,
,
,
,
,
,
,
,
,
,
,
,
,
,
,
,
,
,
,
,
,
,
,
,
,
,
,
,
,
,
,
,
,
,
,
,
,
,
,
,
,
,
,
,
,
,
,
,
,
,
,
,
,
,
,
,
,
,
,
,
,
,
,
,
,
,
,
,
,
,
,
,
,
,
,
,
,
,
,
,
,
,
,
,
,
,
,
,
,
,
,
,
,
,
,
,
,
,
,
,
,
,
,
,
,
,
,
,
,
,
,
,
,
,
,
,
,
,
,
,
,
,
,
,
,
,
,
,
,
,
,
,
,
,
,
,
,
,
,
,
,
,
,
,
,
,
,
,
,
,
,
,
,
,
,
,
,
,
,
,
,
,
,
,
,
,
,
,
,
,
,
,
,
,
,
,
,
,
,
,
,
,
,
,
,
,
,
,
,
,
,
,
,
,
,
,
,
,
,
,
,
,
,
,
,
,
,
,
,
,
,
,
,
,
,
,
,
,
,
,
,
,
,
,
,
,
,
,
,
,
,
,
,
,
,
,
,
,
,
,
,
,
,
,
,
,
,
,
,
,
,
,
,
,
,
,
,
,
,
,
,
,
,
,
,
,
,
,
,
,
,
,
,
,
,
,
,
,
,
,
,
,
,
,
,
,
,
,
,
,
,
,
,
,
,
,
,
,
,
,
,
,
,
,
,
,
,
,
,
,
,
,
,
,
,
,
,
,
,
,
,
,
,
,
,
,
,
,
,
,
,
,
,
,
,
,
,
,
,
,
,
,
,
,
,
,
,
,
,
,
,
,
,
,
,
,
,
,
,
,
,
,
,
,
,
,
,
,
,
,
,
,
,
,
,
,
,
,
,
,
,
,
,
,
,
,
,
,
,
,
,
,
,
,
,
,
,
,
,
,
,
,
,
,
,
,
,
,
,
,
,
,
,
,
,
,
,
,
,
,
,
,
,
,
,
,
,
,
,
,
,
,
,
,
,
,
,
,
,
,
,
,
,
,
,
,
,
,
,
,
,
,
,
,
,
,
,
,
,
,
,
,
,
,
,
,
,
,
,
,
,
,
,
,
,
,
,
,
,
,
,
,
,
,
,
,
,
,
,
,
,
,
,
,
,
,
,
,
,
,
,
,
,
,
,
,
,
,
,
,
,
,
,
,
,
,
,
,
,
,
,
,
,
,
,
,
,
,
,
,
,
,
,
,
,
,
,
,
,
,
,
,
,
,
,
,
,
,
,
,
,
,
,
,
,
,
,
,
,
,
,
,
,
,
,
,
,
,
,
,
,
,
,
,
,
,
,
,
,
,
,
,
,
,
,
,
,
,
,
,
,
,
,
,
,
,
,
,
,
,
,
,
,
,
,
,
,
,
,
,
,
,
,
,
,
,
,
,
,
,
,
,
,
,
,
,
,
,
,
,
,
,
,
,
,
,
,
,
,
,
,
,
,
,
,
,
,
,
,
,
,
,
,
,
,
,
,
,
,
,
,
,
,
,
,
,
,
,
,
,
,
,
,
,
,
,
,
,
,
,
,
,
,
,
,
,
,
,
,
,
,
,
,
,
,
,
,
,
,
,
,
,
,
,
,
,
,
,
,
,
,
,
,
,
,
,
,
,
,
,
,
,
,
,
,
,
,
,
,
,
,
,
,
,
,
,
,
,
,
,
,
,
,
,
,
,
,
,
,
,
,
,
,
,
,
,
,
,
,
,
,
,
,
,
,
,
,
,
,
,
,
,
,
,
,
,
,
,
,
,
,
,
,
,
,
,
,
,
,
,
,
,
,
,
,
,
,
,
,
,
,
,
,
,
,
,
,
,
,
,
,
,
,
,
,
,
,
,
,
,
,
,
,
,
,
,
,
,
,
,
,
,
,
,
,
,
,
,
,
,
,
,
,
,
,
,
,
,
,
,
,
,
,
,
,
,
,
,
,
,
,
,
,
,
,
,
,
,
,
,
,
,
,
,
,
,
,
,
,
,
,
,
,
,
,
,
,
,
,
,
,
,
,
,
,
,
,
,
,
,
,
,
,
,
,
,
,
,
,
,
,
,
,
,
,
,
,
,
,
,
,
,
,
,
,
,
,
,
,
,
,
,
,
,
,
,
,
,
,
,
,
,
,
,
,
,
,
,
,
,
,
,
,
,
,
,
,
,
,
,
,
,
,
,
,
,
,
,
,
,
,
,
,
,
,
,
,
,
,
,
,
,
,
,
,
,
,
,
,
,
,
,
,
,
,
,
,
,
,
,
,
,
,
,
,
,
,
,
,
,
,
,
,
,
,
,
,
,
,
,
,
,
,
,
,
,
,
,
,
,
,
,
,
,
,
,
,
,
,
,
,
,
,
,
,
,
,
,
,
,
,
,
,
,
,
,
,
,
,
,
,
,
,
,
,
,
,
,
,
,
,
,
,
,
,
,
,
,
,
,
,
,
,
,
,
,
,
,
,
,
,
,
,
,
,
,
,
,
,
,
,
,
,
,
,
,
,
,
,
,
,
,
,
,
,
,
,
,
,
,
,
,
,
,
,
,
,
,
,
,
,
,
,
,
,
,
,
,
,
,
,
,
,
,
,
,
,
,
,
,
,
,
,
,
,
,
,
,
,
,
,
,
,
,
,
,
,
,
,
,
,
,
,
,
,
,
,
,
,
,
,
,
,
,
,
,
,
,
,
,
,
,
,
,
,
,
,
,
,
,
,
,
,
,
,
,
,
,
,
,
,
,
,
,
,
,
,
,
,
,
,
,
,
,
,
,
,
,
,
,
,
,
,
,
,
,
,
,
,
,
,
,
,
,
,
,
,
,
,
,
,
,
,
,
,
,
,
,
,
,
,
,
,
,
,
,
,
,
,
,
,
,
,
,
,
,
,
,
,
,
,
,
,
,
,
,
,
,
,
,
,
,
,
,
,
,
,
,
,
,
,
,
,
,
,
,
,
,
,
,
,
,
,
,
,
,
,
,
,
,
,
,
,
,
,
,
,
,
,
,
,
,
,
,
,
,
,
,
,
,
,
,
,
,
,
,
,
,
,
,
,
,
,
,
,
,
,
,
,
,
,
,
,
,
,
,
,
,
,
,
,
,
,
,
,
,
,
,
,
,
,
,
,
,
,
,
,
,
,
,
,
,
,
,
,
,
,
,
,
,
,
,
,
,
,
,
,
,
,
,
,
,
,
,
,
,
,
,
,
,
,
,
,
,
,
,
,
,
,
,
,
,
,
,
,
,
,
,
,
,
,
,
,
,
,
,
,
,
,
,
,
,
,
,
,
,
,
,
,
,
,
,
,
,
,
,
,
,
,
,
,
,
,
,
,
,
,
,
,
,
,
,
,
,
,
,
,
,
,
,
,
,
,
,
,
,
,
,
,
,
,
,
,
,
,
,
,
,
,
,
,
,
,
,
,
,
,
,
,
,
,
,
,
,
,
,
,
,
,
,
,
,
,
,
,
,
,
,
,
,
,
,
,
,
,
,
,
,
,
,
,
,
,
,
,
,
,
,
,
,
,
,
,
,
,
,
,
,
,
,
,
,
,
,
,
,
,
,
,
,
,
,
,
,
,
,
,
,
,
,
,
,
,
,
,
,
,
,
,
,
,
,
,
,
,
,
,
,
,
,
,
,
,
,
,
,
,
,
,
,
,
,
,
,
,
,
,
,
,
,
,
,
,
,
,
,
,
,
,
,
,
,
,
,
,
,
,
,
,
,
,
,
,
,
,
,
,
,
,
,
,
,
,
,
,
,
,
,
,
,
,
,
,
,
,
,
,
,
,
,
,
,
,
,
,
,
,
,
,
,
,
,
,
,
,
,
,
,
,
,
,
,
,
,
,
,
,
,
,
,
,
,
,
,
,
,
,
,
,
,
,
,
,
,
,
,
,
,
,
,
,
,
,
,
,
,
,
,
,
,
,
,
,
,
,
,
,
,
,
,
,
,
,
,
,
,
,
,
,
,
,
,
,
,
,
,
,
,
,
,
,
,
,
,
,
,
,
,
,
,
,
,
,
,
,
,
,
,
,
,
,
,
,
,
,
,
,
,
,
,
,
,
,
,
,
,
,
,
,
,
,
,
,
,
,
,
,
,
,
,
,
,
,
,
,
,
,
,
,
,
,
,
,
,
,
,
,
,
,
,
,
,
,
,
,
,
,
,
,
,
,
,
,
,
,
,
,
,
,
,
,
,
,
,
,
,
,
,
,
,
,
,
,
,
,
,
,
,
,
,
,
,
,
,
,
,
,
,
,
,
,
,
,
,
,
,
,
,
,
,
,
,
,
,
,
,
,
,
,
,
,
,
,
,
,
,
,
,
,
,
,
,
,
,
,
,
,
,
,
,
,
,
,
,
,
,
,
,
,
,
,
,
,
,
,
,
,
,
,
,
,
,
,
,
,
,
,
,
,
,
,
,
,
,
,
,
,
,
,
,
,
,
,
,
,
,
,
,
,
,
,
,
,
,
,
,
,
,
,
,
,
,
,
,
,
,
,
,
,
,
,
,
,
,
,
,
,
,
,
,
,
,
,
,
,
,
,
,
,
,
,
,
,
,
,
,
,
,
,
,
,
,
,
,
,
,
,
,
,
,
,
,
,
,
,
,
,
,
,
,
,
,
,
,
,
,
,
,
,
,
,
,
,
,
,
,
,
,
,
,
,
,
,
,
,
,
,
,
,
,
,
,
,
,
,
,
,
,
,
,
,
,
,
,
,
,
,
,
,
,
,
,
,
,
,
,
,
,
,
,
,
,
,
,
,
,
,
,
,
,
,
,
,
,
,
,
,
,
,
,
,
,
,
,
,
,
,
,
,
,
,
,
,
,
,
,
,
,
,
,
,
,
,
,
,
,
,
,
,
,
,
,
,
,
,
,
,
,
,
,
,
,
,
,
,
,
,
,
,
,
,
,
,
,
,
,
,
,
,
,
,
,
,
,
,
,
,
,
,
,
,
,
,
,
,
,
,
,
,
,
,
,
,
,
,
,
,
,
,
,
,
,
,
,
,
,
,
,
,
,
,
,
,
,
,
,
,
,
,
,
,
,
,
,
,
,
,
,
,
,
,
,
,
,
,
,
,
,
,
,
,
,
,
,
,
,
,
,
,
,
,
,
,
,
,
,
,
,
,
,
,
,
,
,
,
,
,
,
,
,
,
,
,
,
,
,
,
,
,
,
,
,
,
