,Q_cool
2022-06-21 21:10:00,0.0
2022-06-21 21:15:00,0.0
2022-06-21 21:20:00,0.0
2022-06-21 21:25:00,0.0
2022-06-21 21:30:00,0.0
2022-06-21 21:35:00,0.0
2022-06-21 21:40:00,0.0
2022-06-21 21:45:00,0.0
2022-06-21 21:50:00,0.0
2022-06-21 21:55:00,0.0
2022-06-21 22:00:00,0.0
2022-06-21 22:05:00,0.0
2022-06-21 22:10:00,0.0
2022-06-21 22:15:00,0.0
2022-06-21 22:20:00,0.0
2022-06-21 22:25:00,0.0
2022-06-21 22:30:00,0.0
2022-06-21 22:35:00,0.0
2022-06-21 22:40:00,0.0
2022-06-21 22:45:00,0.0
2022-06-21 22:50:00,0.0
2022-06-21 22:55:00,0.0
2022-06-21 23:00:00,0.0
2022-06-21 23:05:00,0.0
2022-06-21 23:10:00,0.0
2022-06-21 23:15:00,0.0
2022-06-21 23:20:00,0.0
2022-06-21 23:25:00,0.0
2022-06-21 23:30:00,0.0
2022-06-21 23:35:00,0.0
2022-06-21 23:40:00,0.0
2022-06-21 23:45:00,0.0
2022-06-21 23:50:00,0.0
2022-06-21 23:55:00,0.0
2022-06-22 00:00:00,0.0
2022-06-22 00:05:00,0.0
2022-06-22 00:10:00,0.0
2022-06-22 00:15:00,0.0
2022-06-22 00:20:00,0.0
2022-06-22 00:25:00,0.0
2022-06-22 00:30:00,0.0
2022-06-22 00:35:00,0.0
2022-06-22 00:40:00,0.0
2022-06-22 00:45:00,0.0
2022-06-22 00:50:00,0.0
2022-06-22 00:55:00,0.0
2022-06-22 01:00:00,0.0
2022-06-22 01:05:00,0.0
2022-06-22 01:10:00,0.0
2022-06-22 01:15:00,0.0
2022-06-22 01:20:00,0.0
2022-06-22 01:25:00,0.0
2022-06-22 01:30:00,0.0
2022-06-22 01:35:00,0.0
2022-06-22 01:40:00,0.0
2022-06-22 01:45:00,0.0
2022-06-22 01:50:00,0.0
2022-06-22 01:55:00,0.0
2022-06-22 02:00:00,0.0
2022-06-22 02:05:00,0.0
2022-06-22 02:10:00,0.0
2022-06-22 02:15:00,0.0
2022-06-22 02:20:00,0.0
2022-06-22 02:25:00,0.0
2022-06-22 02:30:00,0.0
2022-06-22 02:35:00,0.0
2022-06-22 02:40:00,0.0
2022-06-22 02:45:00,0.0
2022-06-22 02:50:00,0.0
2022-06-22 02:55:00,0.0
2022-06-22 03:00:00,0.0
2022-06-22 03:05:00,0.0
2022-06-22 03:10:00,0.0
2022-06-22 03:15:00,0.0
2022-06-22 03:20:00,0.0
2022-06-22 03:25:00,0.0
2022-06-22 03:30:00,0.0
2022-06-22 03:35:00,0.0
2022-06-22 03:40:00,0.0
2022-06-22 03:45:00,0.0
2022-06-22 03:50:00,0.0
2022-06-22 03:55:00,0.0
2022-06-22 04:00:00,0.0
2022-06-22 04:05:00,0.0
2022-06-22 04:10:00,0.0
2022-06-22 04:15:00,0.0
2022-06-22 04:20:00,0.0
2022-06-22 04:25:00,0.0
2022-06-22 04:30:00,0.0
2022-06-22 04:35:00,0.0
2022-06-22 04:40:00,0.0
2022-06-22 04:45:00,0.0
2022-06-22 04:50:00,0.0
2022-06-22 04:55:00,0.0
2022-06-22 05:00:00,0.0
2022-06-22 05:05:00,0.0
2022-06-22 05:10:00,0.0
2022-06-22 05:15:00,0.0
2022-06-22 05:20:00,0.0
2022-06-22 05:25:00,0.0
2022-06-22 05:30:00,0.0
2022-06-22 05:35:00,0.0
2022-06-22 05:40:00,0.0
2022-06-22 05:45:00,0.0
2022-06-22 05:50:00,0.0
2022-06-22 05:55:00,0.0
2022-06-22 06:00:00,0.0
2022-06-22 06:05:00,0.0
2022-06-22 06:10:00,0.0
2022-06-22 06:15:00,0.0
2022-06-22 06:20:00,0.0
2022-06-22 06:25:00,0.0
2022-06-22 06:30:00,0.0
2022-06-22 06:35:00,0.0
2022-06-22 06:40:00,0.0
2022-06-22 06:45:00,0.0
2022-06-22 06:50:00,0.0
2022-06-22 06:55:00,0.0
2022-06-22 07:00:00,0.0
2022-06-22 07:05:00,0.0
2022-06-22 07:10:00,0.0
2022-06-22 07:15:00,0.0
2022-06-22 07:20:00,0.0
2022-06-22 07:25:00,0.0
2022-06-22 07:30:00,0.0
2022-06-22 07:35:00,0.0
2022-06-22 07:40:00,0.0
2022-06-22 07:45:00,0.0
2022-06-22 07:50:00,0.0
2022-06-22 07:55:00,0.0
2022-06-22 08:00:00,0.0
2022-06-22 08:05:00,0.0
2022-06-22 08:10:00,0.0
2022-06-22 08:15:00,0.0
2022-06-22 08:20:00,0.0
2022-06-22 08:25:00,0.0
2022-06-22 08:30:00,0.0
2022-06-22 08:35:00,14874.31785905034
2022-06-22 08:40:00,19241.951809605194
2022-06-22 08:45:00,0.0
2022-06-22 08:50:00,0.0
2022-06-22 08:55:00,0.0
2022-06-22 09:00:00,5629.431352525506
2022-06-22 09:05:00,16976.218545699263
2022-06-22 09:10:00,19156.192146005487
2022-06-22 09:15:00,7613.209263158924
2022-06-22 09:20:00,15636.840821651149
2022-06-22 09:25:00,6504.843820841636
2022-06-22 09:30:00,15858.102348809138
2022-06-22 09:35:00,12738.867746699776
2022-06-22 09:40:00,10375.161969575956
2022-06-22 09:45:00,14894.071740484813
2022-06-22 09:50:00,8591.644227154135
2022-06-22 09:55:00,12837.801264138496
2022-06-22 10:00:00,6054.283846457193
2022-06-22 10:05:00,16477.713846609633
2022-06-22 10:10:00,1864.7377992327995
2022-06-22 10:15:00,24778.781055225016
2022-06-22 10:20:00,15435.640246052799
2022-06-22 10:25:00,9277.642062335824
2022-06-22 10:30:00,14107.65306374064
2022-06-22 10:35:00,2669.910067797616
2022-06-22 10:40:00,15832.39675512128
2022-06-22 10:45:00,6693.590106105585
2022-06-22 10:50:00,15770.332584503923
2022-06-22 10:55:00,12536.996060043046
2022-06-22 11:00:00,-691.3548339773182
2022-06-22 11:05:00,14720.198400676949
2022-06-22 11:10:00,2873.2498812878625
2022-06-22 11:15:00,0.0
2022-06-22 11:20:00,0.0
2022-06-22 11:25:00,0.0
2022-06-22 11:30:00,0.0
2022-06-22 11:35:00,0.0
2022-06-22 11:40:00,-650.0540335923871
2022-06-22 11:45:00,19838.746641951704
2022-06-22 11:50:00,22523.75814778478
2022-06-22 11:55:00,22618.739010474983
2022-06-22 12:00:00,11292.317154886066
2022-06-22 12:05:00,0.0
2022-06-22 12:10:00,0.0
2022-06-22 12:15:00,0.0
2022-06-22 12:20:00,0.0
2022-06-22 12:25:00,0.0
2022-06-22 12:30:00,0.0
2022-06-22 12:35:00,0.0
2022-06-22 12:40:00,0.0
2022-06-22 12:45:00,0.0
2022-06-22 12:50:00,0.0
2022-06-22 12:55:00,0.0
2022-06-22 13:00:00,0.0
2022-06-22 13:05:00,0.0
2022-06-22 13:10:00,0.0
2022-06-22 13:15:00,0.0
2022-06-22 13:20:00,0.0
2022-06-22 13:25:00,0.0
2022-06-22 13:30:00,0.0
2022-06-22 13:35:00,0.0
2022-06-22 13:40:00,0.0
2022-06-22 13:45:00,0.0
2022-06-22 13:50:00,19790.627573541606
2022-06-22 13:55:00,29054.85216383046
2022-06-22 14:00:00,33172.88301949725
2022-06-22 14:05:00,23449.820375582232
2022-06-22 14:10:00,20149.891985021757
2022-06-22 14:15:00,18002.803970751527
2022-06-22 14:20:00,22357.744833052875
2022-06-22 14:25:00,18569.900576505876
2022-06-22 14:30:00,22423.872641088958
2022-06-22 14:35:00,24856.068942995236
2022-06-22 14:40:00,13540.480311547984
2022-06-22 14:45:00,20596.583835425994
2022-06-22 14:50:00,17713.571040573883
2022-06-22 14:55:00,19323.000600732597
2022-06-22 15:00:00,13653.73634541774
2022-06-22 15:05:00,13689.731794272884
2022-06-22 15:10:00,14640.92267423366
2022-06-22 15:15:00,10682.89611346576
2022-06-22 15:20:00,12252.827964171358
2022-06-22 15:25:00,22851.95012601722
2022-06-22 15:30:00,4928.194449109653
2022-06-22 15:35:00,8057.369219355103
2022-06-22 15:40:00,18550.73652467826
2022-06-22 15:45:00,-884.7593027205356
2022-06-22 15:50:00,16341.556110600131
2022-06-22 15:55:00,8775.59730880393
2022-06-22 16:00:00,1504.912192244599
2022-06-22 16:05:00,16855.395713730526
2022-06-22 16:10:00,3614.9277589316375
2022-06-22 16:15:00,13282.273439801063
2022-06-22 16:20:00,11451.885198000591
2022-06-22 16:25:00,2665.6605350198465
2022-06-22 16:30:00,10482.30845991859
2022-06-22 16:35:00,-727.4805746630152
2022-06-22 16:40:00,-668.617405097695
2022-06-22 16:45:00,-634.9334741902882
2022-06-22 16:50:00,-592.9797535967438
2022-06-22 16:55:00,-474.07000429298415
2022-06-22 17:00:00,-330.3732248492576
2022-06-22 17:05:00,14330.68900116728
2022-06-22 17:10:00,15097.051477643023
2022-06-22 17:15:00,18745.60304851941
2022-06-22 17:20:00,20732.3877453871
2022-06-22 17:25:00,2195.9099897329124
2022-06-22 17:30:00,10005.471887911162
2022-06-22 17:35:00,-691.1978784050153
2022-06-22 17:40:00,-660.6080557462521
2022-06-22 17:45:00,-687.2776215191099
2022-06-22 17:50:00,-673.0078202336175
2022-06-22 17:55:00,-566.5947979218231
2022-06-22 18:00:00,-494.17512437270597
2022-06-22 18:05:00,-329.1490674903616
2022-06-22 18:10:00,
2022-06-22 18:15:00,
2022-06-22 18:20:00,
2022-06-22 18:25:00,
2022-06-22 18:30:00,0.0
2022-06-22 18:35:00,0.0
2022-06-22 18:40:00,
2022-06-22 18:45:00,
2022-06-22 18:50:00,
2022-06-22 18:55:00,
2022-06-22 19:00:00,
2022-06-22 19:05:00,
2022-06-22 19:10:00,
2022-06-22 19:15:00,
2022-06-22 19:20:00,
2022-06-22 19:25:00,
2022-06-22 19:30:00,0.0
2022-06-22 19:35:00,0.0
2022-06-22 19:40:00,0.0
2022-06-22 19:45:00,0.0
2022-06-22 19:50:00,0.0
2022-06-22 19:55:00,0.0
2022-06-22 20:00:00,0.0
2022-06-22 20:05:00,0.0
2022-06-22 20:10:00,0.0
2022-06-22 20:15:00,0.0
2022-06-22 20:20:00,0.0
2022-06-22 20:25:00,0.0
2022-06-22 20:30:00,0.0
2022-06-22 20:35:00,0.0
2022-06-22 20:40:00,0.0
2022-06-22 20:45:00,0.0
2022-06-22 20:50:00,0.0
2022-06-22 20:55:00,0.0
2022-06-22 21:00:00,0.0
2022-06-22 21:05:00,0.0
2022-06-22 21:10:00,0.0
2022-06-22 21:15:00,0.0
2022-06-22 21:20:00,0.0
2022-06-22 21:25:00,0.0
2022-06-22 21:30:00,0.0
2022-06-22 21:35:00,0.0
2022-06-22 21:40:00,0.0
2022-06-22 21:50:00,0.0
2022-06-22 22:00:00,0.0
2022-06-22 22:05:00,0.0
2022-06-22 22:10:00,0.0
2022-06-22 22:15:00,0.0
2022-06-22 22:20:00,0.0
2022-06-22 22:25:00,0.0
2022-06-22 22:30:00,0.0
2022-06-22 22:40:00,0.0
2022-06-22 22:45:00,0.0
2022-06-22 22:50:00,0.0
2022-06-22 23:00:00,0.0
2022-06-22 23:05:00,0.0
2022-06-22 23:20:00,0.0
2022-06-22 23:35:00,0.0
2022-06-22 23:40:00,0.0
2022-06-22 23:50:00,0.0
2022-06-22 23:55:00,0.0
2022-06-23 00:00:00,0.0
2022-06-23 00:05:00,0.0
2022-06-23 00:10:00,0.0
2022-06-23 00:15:00,0.0
2022-06-23 00:20:00,0.0
2022-06-23 00:30:00,0.0
2022-06-23 00:35:00,0.0
2022-06-23 00:40:00,0.0
2022-06-23 00:45:00,0.0
2022-06-23 00:50:00,0.0
2022-06-23 00:55:00,0.0
2022-06-23 01:05:00,0.0
2022-06-23 01:10:00,0.0
2022-06-23 01:15:00,0.0
2022-06-23 01:25:00,0.0
2022-06-23 01:35:00,0.0
2022-06-23 01:40:00,0.0
2022-06-23 01:45:00,0.0
2022-06-23 01:50:00,0.0
2022-06-23 01:55:00,0.0
2022-06-23 02:00:00,0.0
2022-06-23 02:05:00,0.0
2022-06-23 02:10:00,0.0
2022-06-23 02:15:00,0.0
2022-06-23 02:20:00,0.0
2022-06-23 02:25:00,0.0
2022-06-23 02:30:00,0.0
2022-06-23 02:35:00,0.0
2022-06-23 02:40:00,0.0
2022-06-23 02:45:00,0.0
2022-06-23 02:50:00,0.0
2022-06-23 02:55:00,0.0
2022-06-23 03:05:00,0.0
2022-06-23 03:10:00,0.0
2022-06-23 03:15:00,0.0
2022-06-23 03:20:00,0.0
2022-06-23 03:25:00,0.0
2022-06-23 03:30:00,0.0
2022-06-23 03:35:00,0.0
2022-06-23 03:40:00,0.0
2022-06-23 03:45:00,0.0
2022-06-23 03:50:00,0.0
2022-06-23 03:55:00,0.0
2022-06-23 04:05:00,0.0
2022-06-23 04:10:00,0.0
2022-06-23 04:15:00,0.0
2022-06-23 04:20:00,0.0
2022-06-23 04:25:00,0.0
2022-06-23 04:30:00,0.0
2022-06-23 04:35:00,0.0
2022-06-23 04:40:00,0.0
2022-06-23 04:45:00,0.0
2022-06-23 04:50:00,0.0
2022-06-23 04:55:00,0.0
2022-06-23 05:00:00,0.0
2022-06-23 05:05:00,0.0
2022-06-23 05:25:00,0.0
2022-06-23 05:30:00,0.0
2022-06-23 05:35:00,0.0
2022-06-23 05:40:00,0.0
2022-06-23 05:45:00,0.0
2022-06-23 05:50:00,0.0
2022-06-23 05:55:00,0.0
2022-06-23 06:00:00,0.0
2022-06-23 06:05:00,0.0
2022-06-23 06:10:00,0.0
2022-06-23 06:15:00,0.0
2022-06-23 06:20:00,0.0
2022-06-23 06:25:00,0.0
2022-06-23 06:30:00,0.0
2022-06-23 06:35:00,0.0
2022-06-23 06:40:00,0.0
2022-06-23 06:45:00,0.0
2022-06-23 06:50:00,0.0
2022-06-23 06:55:00,0.0
2022-06-23 07:00:00,0.0
2022-06-23 07:05:00,0.0
2022-06-23 07:10:00,0.0
2022-06-23 07:15:00,0.0
2022-06-23 07:20:00,0.0
2022-06-23 07:25:00,0.0
2022-06-23 07:30:00,0.0
2022-06-23 07:35:00,0.0
2022-06-23 07:40:00,0.0
2022-06-23 07:45:00,0.0
2022-06-23 07:50:00,0.0
2022-06-23 07:55:00,0.0
2022-06-24 08:05:00,0.0
2022-06-24 08:10:00,0.0
2022-06-24 08:15:00,0.0
2022-06-24 08:20:00,0.0
2022-06-24 08:25:00,0.0
2022-06-24 08:30:00,23660.99130672931
2022-06-24 08:35:00,27136.939322681494
2022-06-24 08:40:00,15478.434597552188
2022-06-24 08:45:00,11236.934017072675
2022-06-24 08:50:00,-727.8470719089694
2022-06-24 08:55:00,-545.7630161618981
2022-06-24 09:00:00,13130.78546491044
2022-06-24 09:05:00,20463.689024849955
2022-06-24 09:10:00,18893.755443606424
2022-06-24 09:15:00,18198.896046810496
2022-06-24 09:20:00,14980.014354960076
2022-06-24 09:25:00,13154.462678208914
2022-06-24 09:30:00,14057.840849952869
2022-06-24 09:35:00,14688.67625744234
2022-06-24 09:40:00,15270.251395326328
2022-06-24 09:45:00,11525.746036384331
2022-06-24 10:05:00,12652.867414775887
2022-06-24 10:10:00,13525.909999840227
2022-06-24 10:15:00,13983.26673110352
2022-06-24 10:20:00,14826.8051837502
2022-06-24 10:25:00,14271.70763470746
2022-06-24 10:30:00,13567.552155418687
2022-06-24 10:35:00,12873.011368551952
2022-06-24 10:40:00,14089.739388797356
2022-06-24 10:45:00,8392.003702535801
2022-06-24 10:50:00,7766.739422083706
2022-06-24 10:55:00,13309.793451540116
2022-06-24 11:00:00,5134.232348110081
2022-06-24 11:05:00,-544.6710958956517
2022-06-24 11:10:00,6698.4268571666325
2022-06-24 11:15:00,13741.558353452212
2022-06-24 11:20:00,-708.1472145264396
2022-06-24 11:25:00,-598.2391478258021
2022-06-24 11:30:00,16679.844622836023
2022-06-24 11:35:00,21234.425846917668
2022-06-24 11:40:00,24353.652241453954
2022-06-24 11:45:00,12719.455374850077
2022-06-24 11:50:00,15465.041830303293
2022-06-24 11:55:00,12699.621238484735
2022-06-24 12:00:00,9586.644155517535
2022-06-24 12:05:00,9742.400803610622
2022-06-24 12:10:00,8030.447731781078
2022-06-24 12:15:00,-701.7878785055836
2022-06-24 12:20:00,-724.5338100403927
2022-06-24 12:25:00,16504.89444131904
2022-06-24 12:30:00,16644.09273048713
2022-06-24 12:35:00,7081.181566319793
2022-06-24 12:40:00,7348.762887098497
2022-06-24 12:45:00,15098.731797457927
2022-06-24 12:50:00,-796.6513501511324
2022-06-24 12:55:00,16200.03271055817
2022-06-24 13:00:00,12498.900143952906
2022-06-24 13:05:00,0.0
2022-06-24 13:10:00,0.0
2022-06-24 13:15:00,0.0
2022-06-24 13:20:00,0.0
2022-06-24 13:25:00,0.0
2022-06-24 13:30:00,0.0
2022-06-24 13:35:00,0.0
2022-06-24 13:40:00,0.0
2022-06-24 13:45:00,0.0
2022-06-24 13:50:00,0.0
2022-06-24 13:55:00,0.0
2022-06-24 14:00:00,0.0
2022-06-24 14:05:00,0.0
2022-06-24 14:10:00,0.0
2022-06-24 14:15:00,0.0
2022-06-24 14:20:00,7821.912739345065
2022-06-24 14:25:00,17362.607384162315
2022-06-24 14:30:00,19541.0361097188
2022-06-24 14:35:00,16156.210312230376
2022-06-24 14:40:00,-874.4777885513405
2022-06-24 14:45:00,18274.398067419294
2022-06-24 14:50:00,4832.748799746415
2022-06-24 14:55:00,11057.648578962599
2022-06-24 15:00:00,18994.150904737508
2022-06-24 15:05:00,3567.7852347351036
2022-06-24 15:10:00,16767.624070296893
2022-06-24 15:15:00,10412.31472445577
2022-06-24 15:20:00,-793.7358521814349
2022-06-24 15:25:00,13697.54891117957
2022-06-24 15:30:00,-939.7377452917026
2022-06-24 15:35:00,10835.956294975234
2022-06-24 15:40:00,17760.357408834523
2022-06-24 15:45:00,-841.875603597291
2022-06-24 15:50:00,11468.554074142092
2022-06-24 15:55:00,0.0
2022-06-24 16:00:00,0.0
2022-06-24 16:05:00,0.0
2022-06-24 16:10:00,0.0
2022-06-24 16:15:00,0.0
2022-06-24 16:20:00,0.0
2022-06-24 16:25:00,0.0
2022-06-24 16:30:00,0.0
2022-06-24 16:35:00,0.0
2022-06-24 16:40:00,0.0
2022-06-24 16:45:00,0.0
2022-06-24 16:50:00,0.0
2022-06-24 16:55:00,0.0
2022-06-24 17:00:00,0.0
2022-06-24 17:05:00,0.0
2022-06-24 17:10:00,
2022-06-24 17:15:00,31384.874836092167
2022-06-24 17:20:00,28001.801471253875
2022-06-24 17:25:00,0.0
2022-06-24 17:30:00,0.0
2022-06-24 17:35:00,0.0
2022-06-24 17:40:00,0.0
2022-06-24 17:45:00,0.0
2022-06-24 17:50:00,0.0
2022-06-24 17:55:00,0.0
2022-06-24 18:00:00,6186.757111727917
2022-06-24 18:05:00,17286.578602616875
2022-06-24 18:10:00,12034.47907282229
2022-06-24 18:15:00,0.0
2022-06-24 18:20:00,0.0
2022-06-24 18:25:00,0.0
2022-06-24 18:30:00,0.0
2022-06-24 18:35:00,0.0
2022-06-24 18:40:00,0.0
2022-06-24 18:45:00,0.0
2022-06-24 18:50:00,0.0
2022-06-24 18:55:00,0.0
2022-06-24 19:00:00,0.0
2022-06-24 19:05:00,0.0
2022-06-24 19:10:00,0.0
2022-06-24 19:15:00,0.0
2022-06-24 19:20:00,0.0
2022-06-24 19:25:00,0.0
2022-06-24 19:30:00,0.0
2022-06-24 19:35:00,0.0
2022-06-24 19:40:00,0.0
2022-06-24 19:45:00,0.0
2022-06-24 19:50:00,0.0
2022-06-24 19:55:00,0.0
2022-06-24 20:00:00,0.0
2022-06-24 20:05:00,0.0
2022-06-24 20:10:00,0.0
2022-06-24 20:15:00,0.0
2022-06-24 20:20:00,0.0
2022-06-24 20:25:00,0.0
2022-06-24 20:30:00,0.0
2022-06-24 20:35:00,0.0
2022-06-24 20:40:00,0.0
2022-06-24 20:45:00,0.0
2022-06-24 20:50:00,0.0
2022-06-24 20:55:00,0.0
2022-06-24 21:00:00,0.0
2022-06-24 21:05:00,0.0
2022-06-24 21:10:00,0.0
2022-06-24 21:15:00,0.0
2022-06-24 21:20:00,0.0
2022-06-24 21:25:00,0.0
2022-06-24 21:30:00,0.0
2022-06-24 21:35:00,0.0
2022-06-24 21:40:00,0.0
2022-06-24 21:45:00,0.0
2022-06-24 21:50:00,0.0
2022-06-24 21:55:00,0.0
2022-06-24 22:00:00,0.0
2022-06-24 22:05:00,0.0
2022-06-24 22:10:00,0.0
2022-06-24 22:15:00,0.0
2022-06-24 22:20:00,0.0
2022-06-24 22:25:00,0.0
2022-06-24 22:30:00,0.0
2022-06-24 22:35:00,0.0
2022-06-24 22:40:00,0.0
2022-06-24 22:45:00,0.0
2022-06-24 22:50:00,0.0
2022-06-24 22:55:00,0.0
2022-06-24 23:00:00,0.0
2022-06-24 23:05:00,0.0
2022-06-24 23:10:00,0.0
2022-06-24 23:15:00,0.0
2022-06-24 23:20:00,0.0
2022-06-24 23:25:00,0.0
2022-06-24 23:30:00,0.0
2022-06-24 23:35:00,0.0
2022-06-24 23:40:00,0.0
2022-06-24 23:45:00,0.0
2022-06-24 23:50:00,0.0
2022-06-24 23:55:00,0.0
2022-06-25 00:00:00,0.0
2022-06-25 00:05:00,0.0
2022-06-25 00:10:00,0.0
2022-06-25 00:15:00,0.0
2022-06-25 00:20:00,0.0
2022-06-25 00:25:00,0.0
2022-06-25 00:30:00,0.0
2022-06-25 00:35:00,0.0
2022-06-25 00:40:00,0.0
2022-06-25 00:45:00,0.0
2022-06-25 00:50:00,0.0
2022-06-25 00:55:00,0.0
2022-06-25 01:00:00,0.0
2022-06-25 01:05:00,0.0
2022-06-25 01:10:00,0.0
2022-06-25 01:15:00,0.0
2022-06-25 01:20:00,0.0
2022-06-25 01:25:00,0.0
2022-06-25 01:30:00,0.0
2022-06-25 01:35:00,0.0
2022-06-25 01:40:00,0.0
2022-06-25 01:45:00,0.0
2022-06-25 01:50:00,0.0
2022-06-25 01:55:00,0.0
2022-06-25 02:00:00,0.0
2022-06-25 02:05:00,0.0
2022-06-25 02:10:00,0.0
2022-06-25 02:15:00,0.0
2022-06-25 02:20:00,0.0
2022-06-25 02:25:00,0.0
2022-06-25 02:30:00,0.0
2022-06-25 02:35:00,0.0
2022-06-25 02:40:00,0.0
2022-06-25 02:45:00,0.0
2022-06-25 02:50:00,0.0
2022-06-25 02:55:00,0.0
2022-06-25 03:00:00,0.0
2022-06-25 03:05:00,0.0
2022-06-25 03:10:00,0.0
2022-06-25 03:15:00,0.0
2022-06-25 03:20:00,0.0
2022-06-25 03:25:00,0.0
2022-06-25 03:30:00,0.0
2022-06-25 03:35:00,0.0
2022-06-25 03:40:00,0.0
2022-06-25 03:45:00,0.0
2022-06-25 03:50:00,0.0
2022-06-25 03:55:00,0.0
2022-06-25 04:00:00,0.0
2022-06-25 04:05:00,0.0
2022-06-25 04:10:00,0.0
2022-06-25 04:15:00,0.0
2022-06-25 04:20:00,0.0
2022-06-25 04:25:00,0.0
2022-06-25 04:30:00,0.0
2022-06-25 04:35:00,0.0
2022-06-25 04:40:00,0.0
2022-06-25 04:45:00,0.0
2022-06-25 04:50:00,0.0
2022-06-25 04:55:00,0.0
2022-06-25 05:00:00,0.0
2022-06-25 05:05:00,0.0
2022-06-25 05:10:00,0.0
2022-06-25 05:15:00,0.0
2022-06-25 05:20:00,0.0
2022-06-25 05:25:00,0.0
2022-06-25 05:30:00,0.0
2022-06-25 05:35:00,0.0
2022-06-25 05:40:00,0.0
2022-06-25 05:45:00,0.0
2022-06-25 05:50:00,0.0
2022-06-25 05:55:00,0.0
2022-06-25 06:00:00,0.0
2022-06-25 06:05:00,0.0
2022-06-25 06:10:00,0.0
2022-06-25 06:15:00,0.0
2022-06-25 06:20:00,0.0
2022-06-25 06:25:00,0.0
2022-06-25 06:30:00,0.0
2022-06-25 06:35:00,0.0
2022-06-25 06:40:00,0.0
2022-06-25 06:45:00,0.0
2022-06-25 06:50:00,0.0
2022-06-25 06:55:00,0.0
2022-06-25 07:00:00,0.0
2022-06-25 07:05:00,0.0
2022-06-25 07:10:00,0.0
2022-06-25 07:15:00,0.0
2022-06-25 07:20:00,0.0
2022-06-25 07:25:00,0.0
2022-06-25 07:30:00,0.0
2022-06-25 07:35:00,0.0
2022-06-25 07:40:00,0.0
2022-06-25 07:45:00,0.0
2022-06-25 07:50:00,0.0
2022-06-25 07:55:00,0.0
2022-06-25 08:00:00,0.0
2022-06-25 08:05:00,0.0
2022-06-25 08:10:00,0.0
2022-06-25 08:15:00,0.0
2022-06-25 08:20:00,0.0
2022-06-25 08:25:00,0.0
2022-06-25 08:30:00,19897.492323093058
2022-06-25 08:35:00,16951.329686639594
2022-06-25 08:40:00,17407.263171912185
2022-06-25 08:45:00,17983.678867006336
2022-06-25 08:50:00,8777.543455856157
2022-06-25 08:55:00,10636.669510672979
2022-06-25 09:00:00,2805.5780702265097
2022-06-25 09:05:00,10312.937551581894
2022-06-25 09:10:00,12752.320394288057
2022-06-25 09:15:00,-658.9436485639446
2022-06-25 09:20:00,14326.573657136147
2022-06-25 09:25:00,6050.844603215766
2022-06-25 09:30:00,5512.239487602162
2022-06-25 09:35:00,13055.615147469005
2022-06-25 09:40:00,6658.001719809225
2022-06-25 09:45:00,-682.053854760499
2022-06-25 09:50:00,20716.88324056385
2022-06-25 09:55:00,22011.29208831443
2022-06-25 10:00:00,18602.140449779487
2022-06-25 10:05:00,13551.377215261602
2022-06-25 10:10:00,14397.978742889147
2022-06-25 10:15:00,18929.682675965625
2022-06-25 10:20:00,15974.482335611972
2022-06-25 10:25:00,17938.250341037212
2022-06-25 10:30:00,13977.900656002548
2022-06-25 10:35:00,16731.358284393715
2022-06-25 10:40:00,20824.774592680893
2022-06-25 10:45:00,24059.35452606106
2022-06-25 10:50:00,12989.182943387083
2022-06-25 10:55:00,18156.126801945982
2022-06-25 11:00:00,12636.949104720157
2022-06-25 11:05:00,16799.629016508985
2022-06-25 11:10:00,16326.865992900754
2022-06-25 11:15:00,12656.638317465313
2022-06-25 11:20:00,16294.956401399295
2022-06-25 11:25:00,11235.694238679775
2022-06-25 11:30:00,12838.104432210612
2022-06-25 11:35:00,14294.757682130654
2022-06-25 11:40:00,12415.312562218201
2022-06-25 11:45:00,15146.141436295691
2022-06-25 11:50:00,16368.646324914887
2022-06-25 11:55:00,10358.594814781229
2022-06-25 12:00:00,-728.4244227152353
2022-06-25 12:05:00,-728.4244227152353
2022-06-25 12:10:00,17452.436140791448
2022-06-25 12:15:00,2822.2719261132415
2022-06-25 12:20:00,-719.632919658016
2022-06-25 12:25:00,17487.05076975542
2022-06-25 12:30:00,10238.273133519398
2022-06-25 12:35:00,17352.725257053142
2022-06-25 12:45:00,7369.019727685981
2022-06-25 12:50:00,5423.877654937733
2022-06-25 12:55:00,-740.1852089951889
2022-06-25 13:00:00,7975.450170080342
2022-06-25 13:05:00,16858.784887422953
2022-06-25 13:10:00,-743.1357634294466
2022-06-25 13:15:00,-743.1357634294466
2022-06-25 13:20:00,15066.461188098481
2022-06-25 13:25:00,4384.949135577415
2022-06-25 13:30:00,3977.3168891802043
2022-06-25 13:35:00,7530.409090736175
2022-06-25 13:40:00,5637.143964655492
2022-06-25 13:45:00,4424.198397453769
2022-06-25 13:50:00,4235.294209313592
2022-06-25 13:55:00,14881.430117455566
2022-06-25 14:00:00,20972.777309596033
2022-06-25 14:05:00,20264.89638918208
2022-06-25 14:10:00,6588.562180024624
2022-06-25 14:15:00,18370.555533473933
2022-06-25 14:20:00,27558.263348593166
2022-06-25 14:25:00,13433.86750206459
2022-06-25 14:30:00,15173.430078529596
2022-06-25 14:35:00,15703.486423852843
2022-06-25 14:40:00,16499.18823897694
2022-06-25 14:45:00,19548.08642024315
2022-06-25 14:50:00,6904.501833199289
2022-06-25 14:55:00,9434.149470853561
2022-06-25 15:00:00,21208.891079274923
2022-06-25 15:05:00,20786.297604501586
2022-06-25 15:10:00,19540.194620695656
2022-06-25 15:15:00,5277.000110018554
2022-06-25 15:20:00,15257.301435759353
2022-06-25 15:25:00,17228.330057691397
2022-06-25 15:30:00,17446.869313490963
2022-06-25 15:35:00,7088.749320943466
2022-06-25 15:40:00,18355.142310405856
2022-06-25 15:45:00,19599.8467827989
2022-06-25 15:50:00,13380.684831883491
2022-06-25 15:55:00,0.0
2022-06-25 16:00:00,0.0
2022-06-25 16:05:00,0.0
2022-06-25 16:10:00,0.0
2022-06-25 16:15:00,0.0
2022-06-25 16:20:00,0.0
2022-06-25 16:25:00,0.0
2022-06-25 16:30:00,0.0
2022-06-25 16:35:00,0.0
2022-06-25 16:40:00,0.0
2022-06-25 16:45:00,0.0
2022-06-25 16:50:00,0.0
2022-06-25 16:55:00,0.0
2022-06-25 17:00:00,0.0
2022-06-25 17:05:00,0.0
2022-06-25 17:10:00,0.0
2022-06-25 17:15:00,0.0
2022-06-25 17:20:00,0.0
2022-06-25 17:25:00,0.0
2022-06-25 17:30:00,0.0
2022-06-25 17:35:00,9477.126492524667
2022-06-25 17:40:00,0.0
2022-06-25 17:45:00,8342.999287517585
2022-06-25 17:50:00,12843.04811912756
2022-06-25 17:55:00,0.0
2022-06-25 18:00:00,0.0
2022-06-25 18:05:00,0.0
2022-06-25 18:10:00,0.0
2022-06-25 18:15:00,15321.353211248628
2022-06-25 18:20:00,0.0
2022-06-25 18:25:00,0.0
2022-06-25 18:30:00,0.0
2022-06-25 18:35:00,0.0
2022-06-25 18:45:00,0.0
2022-06-25 18:50:00,0.0
2022-06-25 18:55:00,0.0
2022-06-25 19:00:00,0.0
2022-06-25 19:05:00,0.0
2022-06-25 19:10:00,0.0
2022-06-25 19:15:00,0.0
2022-06-25 19:20:00,0.0
2022-06-25 19:25:00,0.0
2022-06-25 19:30:00,0.0
2022-06-25 19:35:00,0.0
2022-06-25 19:40:00,0.0
2022-06-25 19:50:00,0.0
2022-06-25 19:55:00,0.0
2022-06-25 20:00:00,0.0
2022-06-25 20:05:00,0.0
2022-06-25 20:15:00,0.0
2022-06-25 20:20:00,0.0
2022-06-25 20:25:00,0.0
2022-06-25 20:30:00,0.0
2022-06-25 20:35:00,0.0
2022-06-25 20:40:00,0.0
2022-06-25 20:45:00,0.0
2022-06-25 20:50:00,0.0
2022-06-25 20:55:00,0.0
2022-06-25 21:10:00,0.0
2022-06-25 21:15:00,0.0
2022-06-25 21:20:00,0.0
2022-06-25 21:25:00,0.0
2022-06-25 21:30:00,0.0
2022-06-25 21:45:00,0.0
2022-06-25 21:50:00,0.0
2022-06-25 22:00:00,0.0
2022-06-25 22:05:00,0.0
2022-06-25 22:10:00,0.0
2022-06-25 22:15:00,0.0
2022-06-25 22:20:00,0.0
2022-06-25 22:30:00,0.0
2022-06-25 22:35:00,0.0
2022-06-25 22:40:00,0.0
2022-06-25 22:45:00,0.0
2022-06-25 22:50:00,0.0
2022-06-25 22:55:00,0.0
2022-06-25 23:00:00,0.0
2022-06-25 23:05:00,0.0
2022-06-25 23:10:00,0.0
2022-06-25 23:15:00,0.0
2022-06-25 23:20:00,0.0
2022-06-25 23:25:00,0.0
2022-06-25 23:30:00,0.0
2022-06-25 23:35:00,0.0
2022-06-25 23:40:00,0.0
2022-06-25 23:45:00,0.0
2022-06-25 23:50:00,0.0
2022-06-25 23:55:00,0.0
2022-06-26 00:00:00,0.0
2022-06-26 00:05:00,0.0
2022-06-26 00:10:00,0.0
2022-06-26 00:15:00,0.0
2022-06-26 00:20:00,0.0
2022-06-26 00:25:00,0.0
2022-06-26 00:30:00,0.0
2022-06-26 00:35:00,0.0
2022-06-26 00:40:00,0.0
2022-06-26 00:45:00,0.0
2022-06-26 00:50:00,0.0
2022-06-26 00:55:00,0.0
2022-06-26 01:00:00,0.0
2022-06-26 01:05:00,0.0
2022-06-26 01:10:00,0.0
2022-06-26 01:15:00,0.0
2022-06-26 01:20:00,0.0
2022-06-26 01:25:00,0.0
2022-06-26 01:30:00,0.0
2022-06-26 01:35:00,0.0
2022-06-26 01:40:00,0.0
2022-06-26 01:45:00,0.0
2022-06-26 01:50:00,0.0
2022-06-26 01:55:00,0.0
2022-06-26 02:00:00,0.0
2022-06-26 02:05:00,0.0
2022-06-26 02:10:00,0.0
2022-06-26 02:15:00,0.0
2022-06-26 02:20:00,0.0
2022-06-26 02:25:00,0.0
2022-06-26 02:30:00,0.0
2022-06-26 02:35:00,0.0
2022-06-26 02:40:00,0.0
2022-06-26 02:45:00,0.0
2022-06-26 02:50:00,0.0
2022-06-26 02:55:00,0.0
2022-06-26 03:00:00,0.0
2022-06-26 03:05:00,0.0
2022-06-26 03:10:00,0.0
2022-06-26 03:15:00,0.0
2022-06-26 03:20:00,0.0
2022-06-26 03:25:00,0.0
2022-06-26 03:30:00,0.0
2022-06-26 03:35:00,0.0
2022-06-26 03:40:00,0.0
2022-06-26 03:45:00,0.0
2022-06-26 03:50:00,0.0
2022-06-26 03:55:00,0.0
2022-06-26 04:00:00,0.0
2022-06-26 04:05:00,0.0
2022-06-26 04:10:00,0.0
2022-06-26 04:15:00,0.0
2022-06-26 04:20:00,0.0
2022-06-26 04:25:00,0.0
2022-06-26 04:30:00,0.0
2022-06-26 04:35:00,0.0
2022-06-26 04:40:00,0.0
2022-06-26 04:45:00,0.0
2022-06-26 04:50:00,0.0
2022-06-26 04:55:00,0.0
2022-06-26 05:00:00,0.0
2022-06-26 05:05:00,0.0
2022-06-26 05:10:00,0.0
2022-06-26 05:15:00,0.0
2022-06-26 05:20:00,0.0
2022-06-26 05:25:00,0.0
2022-06-26 05:30:00,0.0
2022-06-26 05:35:00,0.0
2022-06-26 05:40:00,0.0
2022-06-26 05:45:00,0.0
2022-06-26 05:50:00,0.0
2022-06-26 05:55:00,0.0
2022-06-26 06:00:00,0.0
2022-06-26 06:05:00,0.0
2022-06-26 06:10:00,0.0
2022-06-26 06:15:00,0.0
2022-06-26 06:20:00,0.0
2022-06-26 06:25:00,0.0
2022-06-26 06:30:00,0.0
2022-06-26 06:35:00,0.0
2022-06-26 06:40:00,0.0
2022-06-26 06:45:00,0.0
2022-06-26 06:50:00,0.0
2022-06-26 06:55:00,0.0
2022-06-26 07:00:00,0.0
2022-06-26 07:05:00,0.0
2022-06-26 07:10:00,0.0
2022-06-26 07:15:00,0.0
2022-06-26 07:20:00,0.0
2022-06-26 07:25:00,0.0
2022-06-26 07:30:00,0.0
2022-06-26 07:35:00,0.0
2022-06-26 07:40:00,0.0
2022-06-26 07:45:00,0.0
2022-06-26 07:50:00,0.0
2022-06-26 07:55:00,0.0
2022-06-27 08:00:00,22874.948903335142
2022-06-27 08:05:00,22911.501684035615
2022-06-27 08:10:00,19321.232415792947
2022-06-27 08:15:00,1669.909886616422
2022-06-27 08:20:00,17470.341908722537
2022-06-27 08:25:00,6372.732251091869
2022-06-27 08:30:00,0.0
2022-06-27 08:35:00,0.0
2022-06-27 08:40:00,0.0
2022-06-27 08:45:00,0.0
2022-06-27 08:50:00,10186.45375121341
2022-06-27 08:55:00,30243.73370720042
2022-06-27 09:00:00,16200.62798420808
2022-06-27 09:05:00,17572.614071692624
2022-06-27 09:10:00,16382.75705829813
2022-06-27 09:15:00,18489.117349434684
2022-06-27 09:20:00,19357.484976840995
2022-06-27 09:25:00,6072.856214580322
2022-06-27 09:30:00,20317.606880315263
2022-06-27 09:35:00,16447.067691282446
2022-06-27 09:40:00,18003.926240024408
2022-06-27 09:45:00,19327.758017817407
2022-06-27 09:50:00,-781.0708290721367
2022-06-27 09:55:00,20236.01654025988
2022-06-27 10:00:00,19084.411613131455
2022-06-27 10:05:00,21036.520138348442
2022-06-27 10:10:00,14761.241217646457
2022-06-27 10:15:00,12575.650029737157
2022-06-27 10:20:00,19877.859128124586
2022-06-27 10:25:00,20062.708879208636
2022-06-27 10:30:00,20396.333790378445
2022-06-27 10:35:00,8260.55711478034
2022-06-27 10:40:00,19865.488508866358
2022-06-27 10:45:00,20016.163205863228
2022-06-27 10:50:00,21172.79822693259
2022-06-27 10:55:00,27201.716412678325
2022-06-27 11:00:00,3248.626898972862
2022-06-27 11:05:00,0.0
2022-06-27 11:10:00,0.0
2022-06-27 11:15:00,0.0
2022-06-27 11:20:00,0.0
2022-06-27 11:25:00,0.0
2022-06-27 11:30:00,0.0
2022-06-27 11:35:00,0.0
2022-06-27 11:40:00,0.0
2022-06-27 11:45:00,0.0
2022-06-27 11:50:00,11027.305443413039
2022-06-27 11:55:00,17617.62624773341
2022-06-27 12:00:00,21232.410536730316
2022-06-27 12:05:00,19757.595929275038
2022-06-27 12:10:00,19267.180805686432
2022-06-27 12:15:00,7645.410001735696
2022-06-27 12:20:00,17321.668562709972
2022-06-27 12:25:00,20154.56235681125
2022-06-27 12:30:00,0.0
2022-06-27 12:35:00,0.0
2022-06-27 12:40:00,0.0
2022-06-27 12:45:00,-816.320201028862
2022-06-27 12:50:00,19017.807516862293
2022-06-27 12:55:00,18513.3318531593
2022-06-27 13:00:00,15388.287247178474
2022-06-27 13:05:00,9254.216980674291
2022-06-27 13:10:00,4160.270890460586
2022-06-27 13:15:00,16590.30321095008
2022-06-27 13:20:00,4291.695688270947
2022-06-27 13:25:00,-682.5091080252616
2022-06-27 13:30:00,14302.115159925313
2022-06-27 13:35:00,0.0
2022-06-27 13:40:00,0.0
2022-06-27 13:45:00,0.0
2022-06-27 13:50:00,0.0
2022-06-27 13:55:00,0.0
2022-06-27 14:00:00,0.0
2022-06-27 14:05:00,0.0
2022-06-27 14:10:00,0.0
2022-06-27 14:15:00,0.0
2022-06-27 14:20:00,0.0
2022-06-27 14:25:00,0.0
2022-06-27 14:30:00,12695.27834981799
2022-06-27 14:35:00,18863.212086349722
2022-06-27 14:40:00,20557.382544325625
2022-06-27 14:45:00,-994.2342157715966
2022-06-27 14:50:00,17343.66620671144
2022-06-27 14:55:00,-889.5132475955262
2022-06-27 15:00:00,10829.916208468312
2022-06-27 15:05:00,13057.203018481247
2022-06-27 15:10:00,-797.8438142498708
2022-06-27 15:15:00,17296.10244678525
2022-06-27 15:20:00,5997.030448386258
2022-06-27 15:25:00,-697.1723670330775
2022-06-27 15:30:00,21288.352608398975
2022-06-27 15:35:00,20858.679441292345
2022-06-27 15:40:00,3716.7000163213484
2022-06-27 15:45:00,8807.47192704984
2022-06-27 15:50:00,10281.949300245695
2022-06-27 15:55:00,9602.169469890523
2022-06-27 16:00:00,4633.960099489022
2022-06-27 16:05:00,19503.622173012543
2022-06-27 16:10:00,-847.7258488896043
2022-06-27 16:15:00,6234.053382772928
2022-06-27 16:20:00,13091.692376813064
2022-06-27 16:25:00,-792.6558882243027
2022-06-27 16:30:00,12642.591500989289
2022-06-27 16:35:00,17460.63956317292
2022-06-27 16:40:00,-824.4072684308346
2022-06-27 16:45:00,19123.881623244062
2022-06-27 16:50:00,9489.876673074701
2022-06-27 16:55:00,-759.4107719761496
2022-06-27 17:00:00,13138.062129649083
2022-06-27 17:05:00,14645.44104550314
2022-06-27 17:10:00,0.0
2022-06-27 17:15:00,-695.3526466201884
2022-06-27 17:20:00,13075.41616829583
2022-06-27 17:25:00,10895.39596230067
2022-06-27 17:30:00,-725.1475478365486
2022-06-27 17:35:00,-634.6868782818318
2022-06-27 17:40:00,14998.348760726401
2022-06-27 17:45:00,0.0
2022-06-27 17:50:00,-781.6535066600492
2022-06-27 17:55:00,-733.5683341510136
2022-06-27 18:00:00,17190.20889274012
2022-06-27 18:10:00,16258.804196959596
2022-06-27 18:15:00,12000.464726462853
2022-06-27 18:20:00,3181.479480715376
2022-06-27 18:25:00,0.0
2022-06-27 18:30:00,0.0
2022-06-27 18:35:00,6644.753430186658
2022-06-27 18:50:00,15139.477231579202
2022-06-27 18:55:00,0.0
2022-06-27 19:00:00,15051.077398887688
2022-06-27 19:05:00,6257.834298596726
2022-06-27 19:10:00,11734.437237617884
2022-06-27 19:15:00,11284.011962220611
2022-06-27 19:20:00,11076.163835986563
2022-06-27 19:25:00,12334.949176300417
2022-06-27 19:30:00,13762.78614255533
2022-06-27 19:35:00,4498.635864459356
2022-06-27 19:40:00,6233.847625353784
2022-06-27 19:45:00,0.0
2022-06-27 19:50:00,1884.5165006147167
2022-06-27 19:55:00,0.0
2022-06-27 20:00:00,0.0
2022-06-27 20:05:00,0.0
2022-06-27 20:10:00,0.0
2022-06-27 20:15:00,0.0
2022-06-27 20:20:00,0.0
2022-06-27 20:25:00,0.0
2022-06-27 20:30:00,0.0
2022-06-27 20:45:00,0.0
2022-06-27 20:50:00,0.0
2022-06-27 20:55:00,0.0
2022-06-27 21:00:00,0.0
2022-06-27 21:05:00,0.0
2022-06-27 21:10:00,0.0
2022-06-27 21:15:00,0.0
2022-06-27 21:20:00,0.0
2022-06-27 21:25:00,0.0
2022-06-27 21:30:00,0.0
2022-06-27 21:35:00,0.0
2022-06-27 21:40:00,0.0
2022-06-27 21:45:00,0.0
2022-06-27 21:50:00,0.0
2022-06-27 21:55:00,0.0
2022-06-27 22:00:00,0.0
2022-06-27 22:05:00,0.0
2022-06-27 22:10:00,0.0
2022-06-27 22:15:00,0.0
2022-06-27 22:20:00,0.0
2022-06-27 22:25:00,0.0
2022-06-27 22:30:00,0.0
2022-06-27 22:35:00,0.0
2022-06-27 22:40:00,0.0
2022-06-27 22:45:00,0.0
2022-06-27 22:50:00,0.0
2022-06-27 22:55:00,0.0
2022-06-27 23:00:00,0.0
2022-06-27 23:05:00,0.0
2022-06-27 23:10:00,0.0
2022-06-27 23:15:00,0.0
2022-06-27 23:20:00,0.0
2022-06-27 23:25:00,0.0
2022-06-27 23:30:00,0.0
2022-06-27 23:35:00,0.0
2022-06-27 23:40:00,0.0
2022-06-27 23:45:00,0.0
2022-06-27 23:50:00,0.0
2022-06-27 23:55:00,0.0
2022-06-28 00:00:00,0.0
2022-06-28 00:05:00,0.0
2022-06-28 00:10:00,0.0
2022-06-28 00:15:00,0.0
2022-06-28 00:20:00,0.0
2022-06-28 00:25:00,0.0
2022-06-28 00:30:00,0.0
2022-06-28 00:35:00,0.0
2022-06-28 00:40:00,0.0
2022-06-28 00:45:00,0.0
2022-06-28 00:50:00,0.0
2022-06-28 00:55:00,0.0
2022-06-28 01:00:00,0.0
2022-06-28 01:05:00,0.0
2022-06-28 01:10:00,0.0
2022-06-28 01:15:00,0.0
2022-06-28 01:20:00,0.0
2022-06-28 01:25:00,0.0
2022-06-28 01:30:00,0.0
2022-06-28 01:35:00,0.0
2022-06-28 01:40:00,0.0
2022-06-28 01:45:00,0.0
2022-06-28 01:50:00,0.0
2022-06-28 01:55:00,0.0
2022-06-28 02:00:00,0.0
2022-06-28 02:05:00,0.0
2022-06-28 02:10:00,0.0
2022-06-28 02:15:00,0.0
2022-06-28 02:20:00,0.0
2022-06-28 02:25:00,0.0
2022-06-28 02:30:00,0.0
2022-06-28 02:35:00,0.0
2022-06-28 02:40:00,0.0
2022-06-28 02:45:00,0.0
2022-06-28 02:50:00,0.0
2022-06-28 02:55:00,0.0
2022-06-28 03:00:00,0.0
2022-06-28 03:05:00,0.0
2022-06-28 03:10:00,0.0
2022-06-28 03:15:00,0.0
2022-06-28 03:20:00,0.0
2022-06-28 03:25:00,0.0
2022-06-28 03:30:00,0.0
2022-06-28 03:35:00,0.0
2022-06-28 03:40:00,0.0
2022-06-28 03:45:00,0.0
2022-06-28 03:50:00,0.0
2022-06-28 03:55:00,0.0
2022-06-28 04:00:00,0.0
2022-06-28 04:05:00,0.0
2022-06-28 04:10:00,0.0
2022-06-28 04:15:00,0.0
2022-06-28 04:20:00,0.0
2022-06-28 04:25:00,0.0
2022-06-28 04:30:00,0.0
2022-06-28 04:35:00,0.0
2022-06-28 04:40:00,0.0
2022-06-28 04:45:00,0.0
2022-06-28 04:50:00,0.0
2022-06-28 04:55:00,0.0
2022-06-28 05:00:00,0.0
2022-06-28 05:05:00,0.0
2022-06-28 05:10:00,0.0
2022-06-28 05:15:00,0.0
2022-06-28 05:20:00,0.0
2022-06-28 05:25:00,0.0
2022-06-28 05:30:00,0.0
2022-06-28 05:35:00,0.0
2022-06-28 05:40:00,0.0
2022-06-28 05:45:00,0.0
2022-06-28 05:50:00,0.0
2022-06-28 05:55:00,0.0
2022-06-28 06:00:00,0.0
2022-06-28 06:05:00,0.0
2022-06-28 06:10:00,0.0
2022-06-28 06:15:00,0.0
2022-06-28 06:20:00,0.0
2022-06-28 06:25:00,0.0
2022-06-28 06:30:00,0.0
2022-06-28 06:35:00,0.0
2022-06-28 06:40:00,0.0
2022-06-28 06:45:00,0.0
2022-06-28 06:50:00,0.0
2022-06-28 06:55:00,0.0
2022-06-28 07:00:00,0.0
2022-06-28 07:05:00,0.0
2022-06-28 07:10:00,0.0
2022-06-28 07:15:00,0.0
2022-06-28 07:20:00,0.0
2022-06-28 07:25:00,0.0
2022-06-28 07:30:00,0.0
2022-06-28 07:35:00,0.0
2022-06-28 07:40:00,0.0
2022-06-28 07:45:00,0.0
2022-06-28 07:50:00,0.0
2022-06-28 07:55:00,0.0
2022-06-28 08:00:00,0.0
2022-06-28 08:05:00,0.0
2022-06-28 08:10:00,0.0
2022-06-28 08:15:00,0.0
2022-06-28 08:20:00,0.0
2022-06-28 08:25:00,0.0
2022-06-28 08:30:00,-185.97404787706537
2022-06-28 08:35:00,0.0
2022-06-28 08:40:00,0.0
2022-06-28 08:45:00,0.0
2022-06-28 08:50:00,0.0
2022-06-28 08:55:00,0.0
2022-06-28 09:00:00,0.0
2022-06-28 09:05:00,4931.241867229858
2022-06-28 09:10:00,18884.26268274032
2022-06-28 09:15:00,22132.16019004398
2022-06-28 09:20:00,22162.378489736548
2022-06-28 09:25:00,4693.30015903497
2022-06-28 09:30:00,19283.494342672562
2022-06-28 09:35:00,28462.23870277647
2022-06-28 09:40:00,30856.755863500126
2022-06-28 09:45:00,32096.526685823337
2022-06-28 09:50:00,26099.305803139974
2022-06-28 09:55:00,25032.078760794975
2022-06-28 10:00:00,28168.08004186825
2022-06-28 10:05:00,26262.385241003543
2022-06-28 10:10:00,19910.082011174243
2022-06-28 10:15:00,5318.292588278008
2022-06-28 10:20:00,18781.141459289436
2022-06-28 10:25:00,19547.456240626227
2022-06-28 10:30:00,20748.08411345796
2022-06-28 10:35:00,14882.491378789913
2022-06-28 10:40:00,12640.62023247666
2022-06-28 10:45:00,18094.632463814087
2022-06-28 10:50:00,17274.410741145985
2022-06-28 10:55:00,0.0
2022-06-28 11:00:00,0.0
2022-06-28 11:05:00,0.0
2022-06-28 11:10:00,0.0
2022-06-28 11:15:00,0.0
2022-06-28 11:20:00,0.0
2022-06-28 11:25:00,0.0
2022-06-28 11:30:00,1861.3643888727008
2022-06-28 11:35:00,0.0
2022-06-28 11:40:00,-615.1381639745491
2022-06-28 11:45:00,18233.15204442738
2022-06-28 11:50:00,14115.3711887258
2022-06-28 11:55:00,4280.822175412673
2022-06-28 12:00:00,0.0
2022-06-28 12:05:00,0.0
2022-06-28 12:10:00,0.0
2022-06-28 12:15:00,0.0
2022-06-28 12:20:00,0.0
2022-06-28 12:25:00,0.0
2022-06-28 12:30:00,0.0
2022-06-28 12:35:00,0.0
2022-06-28 12:40:00,0.0
2022-06-28 12:45:00,0.0
2022-06-28 12:50:00,0.0
2022-06-28 12:55:00,0.0
2022-06-28 13:00:00,0.0
2022-06-28 13:05:00,0.0
2022-06-28 13:10:00,0.0
2022-06-28 13:15:00,0.0
2022-06-28 13:20:00,0.0
2022-06-28 13:25:00,0.0
2022-06-28 13:30:00,0.0
2022-06-28 13:35:00,0.0
2022-06-28 13:40:00,0.0
2022-06-28 13:45:00,0.0
2022-06-28 13:50:00,0.0
2022-06-28 13:55:00,0.0
2022-06-28 14:00:00,0.0
2022-06-28 14:05:00,0.0
2022-06-28 14:10:00,0.0
2022-06-28 14:15:00,0.0
2022-06-28 14:20:00,0.0
2022-06-28 14:25:00,0.0
2022-06-28 14:30:00,0.0
2022-06-28 14:35:00,0.0
2022-06-28 14:40:00,10959.477370752813
2022-06-28 14:45:00,27062.442651845533
2022-06-28 14:50:00,30546.421194794715
2022-06-28 14:55:00,30459.709060781348
2022-06-28 15:00:00,23537.30184205766
2022-06-28 15:05:00,16881.722931167853
2022-06-28 15:10:00,18787.12652759776
2022-06-28 15:15:00,2375.4859657775937
2022-06-28 15:20:00,19688.42232769942
2022-06-28 15:25:00,-918.0103389532945
2022-06-28 15:30:00,6096.5057066857
2022-06-28 15:35:00,13281.759172827426
2022-06-28 15:40:00,-869.1757137172523
2022-06-28 15:45:00,14889.27805244876
2022-06-28 15:50:00,0.0
2022-06-28 15:55:00,-774.1818092873249
2022-06-28 16:00:00,19546.427949378405
2022-06-28 16:05:00,5933.652968982168
2022-06-28 16:10:00,18397.746786814983
2022-06-28 16:15:00,15016.755724974812
2022-06-28 16:20:00,-722.1127638206369
2022-06-28 16:25:00,18686.39550279274
2022-06-28 16:30:00,0.0
2022-06-28 16:35:00,10253.415395891714
2022-06-28 16:40:00,17454.14001821186
2022-06-28 16:45:00,5408.6333517685825
2022-06-28 16:50:00,34745.62644399999
2022-06-28 16:55:00,22303.861611629975
2022-06-28 17:00:00,20953.51609276416
2022-06-28 17:05:00,20764.0172488906
2022-06-28 17:10:00,-953.0402274074049
2022-06-28 17:15:00,14767.86585612452
2022-06-28 17:20:00,0.0
2022-06-28 17:25:00,7221.2650078220895
2022-06-28 17:30:00,13302.94251234458
2022-06-28 17:35:00,0.0
2022-06-28 17:40:00,0.0
2022-06-28 17:45:00,0.0
2022-06-28 17:50:00,0.0
2022-06-28 17:55:00,0.0
2022-06-28 18:00:00,0.0
2022-06-28 18:05:00,0.0
2022-06-28 18:10:00,0.0
2022-06-28 18:15:00,0.0
2022-06-28 18:20:00,0.0
2022-06-28 18:25:00,0.0
2022-06-28 18:30:00,0.0
2022-06-28 18:35:00,0.0
2022-06-28 18:40:00,0.0
2022-06-28 18:45:00,0.0
2022-06-28 18:50:00,0.0
2022-06-28 18:55:00,0.0
2022-06-28 19:00:00,0.0
2022-06-28 19:05:00,0.0
2022-06-28 19:10:00,0.0
2022-06-28 19:15:00,0.0
2022-06-28 19:20:00,0.0
2022-06-28 19:25:00,0.0
2022-06-28 19:30:00,0.0
2022-06-28 19:35:00,0.0
2022-06-28 19:40:00,0.0
2022-06-28 19:45:00,0.0
2022-06-28 19:50:00,0.0
2022-06-28 19:55:00,0.0
2022-06-28 20:00:00,0.0
2022-06-28 20:05:00,0.0
2022-06-29 10:25:00,16936.74291848039
2022-06-29 10:30:00,4789.781238052227
2022-06-29 10:35:00,12765.011270937235
2022-06-29 10:40:00,7618.562531053179
2022-06-29 10:45:00,10603.54883558112
2022-06-29 10:50:00,0.0
2022-06-29 10:55:00,12722.876314803027
2022-06-29 11:00:00,11181.891407064233
2022-06-29 11:05:00,-689.0205875468388
2022-06-29 11:10:00,17977.715817777505
2022-06-29 11:15:00,9471.988461554438
2022-06-29 11:30:00,-830.9943318894091
2022-06-29 11:35:00,8567.869295581346
2022-06-29 11:40:00,18100.434986355758
2022-06-29 11:45:00,5611.742255593909
2022-06-29 11:50:00,7752.654998027954
2022-06-29 12:35:00,15158.870874602177
2022-06-29 12:40:00,13534.885732494095
2022-06-29 12:45:00,0.0
2022-06-29 12:50:00,0.0
2022-06-29 12:55:00,0.0
2022-06-29 13:00:00,17825.2130953331
2022-06-29 13:05:00,-814.1135909186509
2022-06-29 13:10:00,4885.806136710789
2022-06-29 13:15:00,5008.600540343645
2022-06-29 13:20:00,-761.6059028484702
2022-06-29 13:25:00,16916.072005712904
2022-06-29 13:30:00,-867.7109218575923
2022-06-29 13:35:00,-769.4535634451779
2022-06-29 13:40:00,0.0
2022-06-29 13:45:00,0.0
2022-06-29 13:50:00,0.0
2022-06-29 13:55:00,0.0
2022-06-29 14:00:00,0.0
2022-06-29 14:05:00,0.0
2022-06-29 14:10:00,0.0
2022-06-29 15:15:00,0.0
2022-06-29 15:20:00,8023.699450276486
2022-06-29 15:25:00,16956.2051607837
2022-06-29 15:30:00,20713.215031197364
2022-06-29 15:35:00,21002.16006451382
2022-06-29 15:40:00,12927.055565293782
2022-06-29 15:45:00,14627.548014969923
2022-06-29 15:50:00,24814.068122449422
2022-06-29 15:55:00,22015.282102471338
2022-06-29 16:00:00,19648.31838470299
2022-06-29 16:05:00,18149.5301438098
2022-06-29 16:10:00,15859.929117332973
2022-06-29 16:15:00,25373.510800815176
2022-06-29 16:20:00,13326.573409650771
2022-06-29 16:25:00,13489.067366330737
2022-06-29 16:30:00,19659.48521099272
2022-06-29 16:35:00,16209.565775069213
2022-06-29 16:40:00,15073.054146384155
2022-06-29 16:45:00,2027.0741136360195
2022-06-29 16:50:00,8143.210107853323
2022-06-29 16:55:00,8058.6038635894565
2022-06-29 17:00:00,-666.1330047901109
2022-06-29 17:05:00,15097.252895788133
2022-06-29 17:10:00,-802.7798068306926
2022-06-29 17:15:00,13276.851530791446
2022-06-29 17:20:00,10541.22631321501
2022-06-29 17:25:00,-749.895646750247
2022-06-29 17:30:00,0.0
2022-06-29 17:35:00,0.0
2022-06-29 17:40:00,0.0
2022-06-29 17:45:00,0.0
2022-06-29 17:50:00,0.0
2022-06-29 17:55:00,0.0
2022-06-29 18:00:00,0.0
2022-06-29 18:05:00,0.0
2022-06-29 18:10:00,0.0
2022-06-29 18:15:00,0.0
2022-06-29 18:20:00,0.0
2022-06-29 18:25:00,0.0
2022-06-29 18:30:00,0.0
2022-06-29 18:35:00,0.0
2022-06-29 18:40:00,0.0
2022-06-29 18:45:00,0.0
2022-06-29 18:50:00,0.0
2022-06-29 18:55:00,0.0
2022-06-29 19:00:00,0.0
2022-06-29 19:05:00,0.0
2022-06-29 19:10:00,0.0
2022-06-29 19:15:00,-468.0113594440687
2022-06-29 19:20:00,9744.598723180465
2022-06-29 19:25:00,13112.628712151058
2022-06-29 19:30:00,-719.8461174388784
2022-06-29 19:35:00,0.0
2022-06-29 19:40:00,18658.12987403554
2022-06-29 19:45:00,-367.61053756212794
2022-06-29 19:50:00,
2022-06-29 19:55:00,14377.738654143086
2022-06-29 20:00:00,
2022-06-29 20:05:00,13194.871302815542
2022-06-29 20:10:00,18560.048091662557
2022-06-29 20:15:00,16348.680178372506
2022-06-29 20:20:00,14464.841328920329
2022-06-29 20:25:00,0.0
2022-06-29 20:30:00,0.0
2022-06-29 20:35:00,0.0
2022-06-29 20:40:00,0.0
2022-06-29 20:45:00,0.0
2022-06-29 20:50:00,0.0
2022-06-29 20:55:00,0.0
2022-06-29 21:00:00,0.0
2022-06-29 21:05:00,0.0
2022-06-29 21:10:00,0.0
2022-06-29 21:15:00,0.0
2022-06-29 21:20:00,0.0
2022-06-29 21:25:00,0.0
2022-06-29 21:30:00,0.0
2022-06-29 21:35:00,0.0
2022-06-29 21:40:00,0.0
2022-06-29 21:45:00,0.0
2022-06-29 21:50:00,0.0
2022-06-29 21:55:00,0.0
2022-06-29 22:00:00,0.0
2022-06-29 22:05:00,0.0
2022-06-29 22:10:00,0.0
2022-06-29 22:15:00,0.0
2022-06-29 22:20:00,0.0
2022-06-29 22:25:00,0.0
2022-06-29 22:30:00,0.0
2022-06-29 22:35:00,0.0
2022-06-29 22:40:00,0.0
2022-06-29 22:45:00,0.0
2022-06-29 22:50:00,0.0
2022-06-29 22:55:00,0.0
2022-06-29 23:00:00,0.0
2022-06-29 23:05:00,0.0
2022-06-29 23:10:00,0.0
2022-06-29 23:15:00,0.0
2022-06-29 23:20:00,0.0
2022-06-29 23:25:00,0.0
2022-06-29 23:30:00,0.0
2022-06-29 23:35:00,0.0
2022-06-29 23:40:00,0.0
2022-06-29 23:45:00,0.0
2022-06-29 23:50:00,0.0
2022-06-29 23:55:00,0.0
2022-06-30 00:00:00,0.0
2022-06-30 00:05:00,0.0
2022-06-30 00:10:00,0.0
2022-06-30 00:15:00,0.0
2022-06-30 00:20:00,0.0
2022-06-30 00:25:00,0.0
2022-06-30 00:30:00,0.0
2022-06-30 00:35:00,0.0
2022-06-30 00:40:00,0.0
2022-06-30 00:45:00,0.0
2022-06-30 00:50:00,0.0
2022-06-30 00:55:00,0.0
2022-06-30 01:00:00,0.0
2022-06-30 01:05:00,0.0
2022-06-30 01:10:00,0.0
2022-06-30 01:15:00,0.0
2022-06-30 01:20:00,0.0
2022-06-30 01:25:00,0.0
2022-06-30 01:30:00,0.0
2022-06-30 01:35:00,0.0
2022-06-30 01:40:00,0.0
2022-06-30 01:45:00,0.0
2022-06-30 01:50:00,0.0
2022-06-30 01:55:00,0.0
2022-06-30 02:00:00,0.0
2022-06-30 02:05:00,0.0
2022-06-30 02:10:00,0.0
2022-06-30 02:15:00,0.0
2022-06-30 02:20:00,0.0
2022-06-30 02:25:00,0.0
2022-06-30 02:30:00,0.0
2022-06-30 02:35:00,0.0
2022-06-30 02:40:00,0.0
2022-06-30 02:45:00,0.0
2022-06-30 02:50:00,0.0
2022-06-30 02:55:00,0.0
2022-06-30 03:00:00,0.0
2022-06-30 03:05:00,0.0
2022-06-30 03:10:00,0.0
2022-06-30 03:15:00,0.0
2022-06-30 03:20:00,0.0
2022-06-30 03:25:00,0.0
2022-06-30 03:30:00,0.0
2022-06-30 03:35:00,0.0
2022-06-30 03:40:00,0.0
2022-06-30 03:45:00,0.0
2022-06-30 03:50:00,0.0
2022-06-30 03:55:00,0.0
2022-06-30 04:00:00,0.0
2022-06-30 04:05:00,0.0
2022-06-30 04:10:00,0.0
2022-06-30 04:15:00,0.0
2022-06-30 04:20:00,0.0
2022-06-30 04:25:00,0.0
2022-06-30 04:30:00,0.0
2022-06-30 04:35:00,0.0
2022-06-30 04:40:00,0.0
2022-06-30 04:45:00,0.0
2022-06-30 04:50:00,0.0
2022-06-30 04:55:00,0.0
2022-06-30 05:00:00,0.0
2022-06-30 05:05:00,0.0
2022-06-30 05:10:00,0.0
2022-06-30 05:15:00,0.0
2022-06-30 05:20:00,0.0
2022-06-30 05:25:00,0.0
2022-06-30 05:30:00,0.0
2022-06-30 05:35:00,0.0
2022-06-30 05:40:00,0.0
2022-06-30 05:45:00,0.0
2022-06-30 05:50:00,0.0
2022-06-30 05:55:00,0.0
2022-06-30 06:00:00,0.0
2022-06-30 06:05:00,0.0
2022-06-30 06:10:00,0.0
2022-06-30 06:15:00,0.0
2022-06-30 06:20:00,0.0
2022-06-30 06:25:00,0.0
2022-06-30 06:30:00,0.0
2022-06-30 06:35:00,0.0
2022-06-30 06:40:00,0.0
2022-06-30 06:45:00,0.0
2022-06-30 06:50:00,0.0
2022-06-30 06:55:00,0.0
2022-06-30 07:00:00,0.0
2022-06-30 07:05:00,0.0
2022-06-30 07:10:00,0.0
2022-06-30 07:15:00,0.0
2022-06-30 07:20:00,0.0
2022-06-30 07:25:00,0.0
2022-06-30 07:30:00,0.0
2022-06-30 07:35:00,0.0
2022-06-30 07:40:00,0.0
2022-06-30 07:45:00,0.0
2022-06-30 07:50:00,0.0
2022-06-30 07:55:00,0.0
2022-06-30 08:00:00,0.0
2022-06-30 08:05:00,0.0
2022-06-30 08:10:00,0.0
2022-06-30 08:15:00,0.0
2022-06-30 08:20:00,0.0
2022-06-30 08:25:00,0.0
2022-06-30 08:30:00,0.0
2022-06-30 08:35:00,0.0
2022-06-30 08:40:00,0.0
2022-06-30 08:45:00,0.0
2022-06-30 08:50:00,0.0
2022-06-30 08:55:00,7162.098543776585
2022-06-30 09:00:00,18630.5521169988
2022-06-30 09:05:00,22359.334547687842
2022-06-30 09:10:00,21690.652999458136
2022-06-30 09:15:00,5054.40541950617
2022-06-30 09:20:00,0.0
2022-06-30 09:25:00,0.0
2022-06-30 09:30:00,0.0
2022-06-30 09:35:00,0.0
2022-06-30 09:40:00,0.0
2022-06-30 09:45:00,0.0
2022-06-30 09:50:00,0.0
2022-06-30 09:55:00,0.0
2022-06-30 10:00:00,0.0
2022-06-30 10:05:00,0.0
2022-06-30 10:10:00,0.0
2022-06-30 10:15:00,0.0
2022-06-30 10:20:00,0.0
2022-06-30 10:25:00,
2022-06-30 10:30:00,16715.039917774247
2022-06-30 10:35:00,8496.379089195267
2022-06-30 10:40:00,0.0
2022-06-30 10:45:00,0.0
2022-06-30 10:50:00,0.0
2022-06-30 10:55:00,0.0
2022-06-30 11:00:00,0.0
2022-06-30 11:05:00,0.0
2022-06-30 11:10:00,0.0
2022-06-30 11:15:00,
2022-06-30 11:20:00,16535.956094776637
2022-06-30 11:25:00,6272.868609628211
2022-06-30 11:30:00,8507.099052020412
2022-06-30 11:35:00,0.0
2022-06-30 11:40:00,0.0
2022-06-30 11:45:00,8845.45367209537
2022-06-30 11:50:00,24716.42315338951
2022-06-30 11:55:00,28864.095998583478
2022-06-30 12:00:00,8225.465894523471
2022-06-30 12:05:00,0.0
2022-06-30 12:10:00,0.0
2022-06-30 12:15:00,0.0
2022-06-30 12:20:00,-243.3194284354442
2022-06-30 12:25:00,15474.20217621955
2022-06-30 12:30:00,16195.209636084574
2022-06-30 12:35:00,15645.216633345019
2022-06-30 12:40:00,18173.297244320358
2022-06-30 12:45:00,9790.143445789648
2022-06-30 12:50:00,10633.406724253726
2022-06-30 12:55:00,0.0
2022-06-30 13:00:00,9134.110469765596
2022-06-30 13:05:00,10429.033770368407
2022-06-30 13:10:00,5183.083436606464
2022-06-30 13:15:00,14585.015145790965
2022-06-30 13:20:00,0.0
2022-06-30 13:25:00,0.0
2022-06-30 13:30:00,0.0
2022-06-30 13:35:00,0.0
2022-06-30 13:40:00,0.0
2022-06-30 13:45:00,0.0
2022-06-30 13:50:00,0.0
2022-06-30 13:55:00,0.0
2022-06-30 14:00:00,0.0
2022-06-30 14:05:00,0.0
2022-06-30 14:10:00,6880.27325637902
2022-06-30 14:15:00,0.0
2022-06-30 14:20:00,7266.185713876667
2022-06-30 14:25:00,16650.56950802871
2022-06-30 14:30:00,18418.541692654584
2022-06-30 14:35:00,0.0
2022-06-30 14:40:00,0.0
2022-06-30 14:45:00,0.0
2022-06-30 14:50:00,18767.948859303582
2022-06-30 14:55:00,16724.178558995278
2022-06-30 15:00:00,15433.686690312077
2022-06-30 15:05:00,16918.28936596664
2022-06-30 15:10:00,17670.5342933738
2022-06-30 15:15:00,8444.521007470426
2022-06-30 15:20:00,15032.625600591955
2022-06-30 15:25:00,15314.466558575918
2022-06-30 15:30:00,17073.747326485587
2022-06-30 15:35:00,16146.238552216264
2022-06-30 15:40:00,18441.152928783395
2022-06-30 15:45:00,20267.47729474308
2022-06-30 15:50:00,30767.61207797293
2022-06-30 15:55:00,26051.345115245953
2022-06-30 16:00:00,18405.96351716155
2022-06-30 16:05:00,23731.193180410377
2022-06-30 16:10:00,25898.57600195596
2022-06-30 16:15:00,26271.016139927066
2022-06-30 16:20:00,14982.841979600074
2022-06-30 16:25:00,13928.04541143545
2022-06-30 16:30:00,23595.848325695144
2022-06-30 16:35:00,21518.282681369863
2022-06-30 16:40:00,15789.06691130725
2022-06-30 16:45:00,17410.580644846938
2022-06-30 16:50:00,8407.63786235307
2022-06-30 16:55:00,15542.381962827701
2022-06-30 17:00:00,19997.80321271296
2022-06-30 17:05:00,20176.241363824025
2022-06-30 17:10:00,11521.975072315508
2022-06-30 17:15:00,14348.637595022376
2022-06-30 17:20:00,18289.123840006134
2022-06-30 17:25:00,19793.019137814306
2022-06-30 17:30:00,10796.394345441386
2022-06-30 17:35:00,-491.0447333200224
2022-06-30 17:40:00,-378.13622469932085
2022-06-30 17:45:00,-161.74977193476474
2022-06-30 17:50:00,
2022-06-30 17:55:00,
2022-06-30 18:00:00,
2022-06-30 18:05:00,
2022-06-30 18:10:00,-95.69986460779482
2022-06-30 18:15:00,
2022-06-30 18:20:00,
2022-06-30 18:25:00,
2022-06-30 18:30:00,
2022-06-30 18:35:00,
2022-06-30 18:40:00,
2022-06-30 18:45:00,
2022-06-30 18:50:00,
2022-06-30 18:55:00,
2022-06-30 19:00:00,
2022-06-30 19:05:00,
2022-06-30 19:10:00,
2022-06-30 19:15:00,
2022-06-30 19:20:00,
2022-06-30 19:25:00,
2022-06-30 19:30:00,
2022-06-30 19:35:00,
2022-06-30 19:40:00,
2022-06-30 19:45:00,
2022-06-30 19:50:00,10507.954130855638
2022-06-30 19:55:00,24528.76138208635
2022-06-30 20:00:00,17380.50789386326
2022-06-30 20:05:00,4789.576763160815
2022-06-30 20:10:00,3020.101456674947
2022-06-30 20:15:00,2846.520191779643
2022-06-30 20:20:00,6453.0334760745445
2022-06-30 20:25:00,3638.8167608394374
2022-06-30 20:30:00,2573.2547930753726
2022-06-30 20:35:00,7925.067149410009
2022-06-30 20:40:00,4913.3657067362265
2022-06-30 20:45:00,-431.01823202670306
2022-06-30 20:50:00,-273.3887096503534
2022-06-30 20:55:00,-218.97138790204917
2022-06-30 21:00:00,-138.74533738365653
2022-06-30 21:05:00,0.0
2022-06-30 21:10:00,
2022-06-30 21:15:00,8833.722594802774
2022-06-30 21:20:00,7455.013679417717
2022-06-30 21:25:00,-306.22706795795153
2022-06-30 21:30:00,-216.2225721499347
2022-06-30 21:35:00,-97.1822246900968
2022-06-30 21:40:00,
2022-06-30 21:45:00,
2022-06-30 21:50:00,7151.780143588987
2022-06-30 21:55:00,19654.399989494672
2022-06-30 22:00:00,-409.4620743703556
2022-06-30 22:05:00,-214.39431379091397
2022-06-30 22:10:00,0.0
2022-06-30 22:15:00,
2022-06-30 22:20:00,
2022-06-30 22:25:00,8347.570861830067
2022-06-30 22:30:00,5705.453722947704
2022-06-30 22:35:00,-414.1425012864502
2022-06-30 22:40:00,-235.8073445479355
2022-06-30 22:45:00,
2022-06-30 22:50:00,
2022-06-30 22:55:00,
2022-06-30 23:00:00,14943.491281621975
2022-06-30 23:05:00,12417.035338001997
2022-06-30 23:10:00,-349.93006801762925
2022-06-30 23:15:00,-96.24395542182613
2022-06-30 23:20:00,
2022-06-30 23:25:00,
2022-06-30 23:30:00,19044.582086959086
2022-06-30 23:35:00,-514.9538062099258
2022-06-30 23:40:00,-236.4703568486017
2022-06-30 23:45:00,-97.28136662293782
2022-06-30 23:50:00,
2022-06-30 23:55:00,
2022-07-01 00:00:00,18673.377093231808
2022-07-01 00:05:00,-496.7535294684202
2022-07-01 00:10:00,-293.0210636837002
2022-07-01 00:15:00,0.0
2022-07-01 00:20:00,
2022-07-01 00:25:00,
2022-07-01 00:30:00,
2022-07-01 00:35:00,16844.059533747815
2022-07-01 00:40:00,-466.7502585210934
2022-07-01 00:45:00,-237.37356454226367
2022-07-01 00:50:00,0.0
2022-07-01 00:55:00,
2022-07-01 01:00:00,
2022-07-01 01:05:00,
2022-07-01 01:10:00,7705.5681229536285
2022-07-01 01:15:00,12766.443216377198
2022-07-01 01:20:00,-408.61075471885647
2022-07-01 01:25:00,-255.8053517193512
2022-07-01 01:30:00,-97.2890481931264
2022-07-01 01:35:00,
2022-07-01 01:40:00,
2022-07-01 01:45:00,
2022-07-01 01:50:00,11961.679455503177
2022-07-01 01:55:00,-592.004259673278
2022-07-01 02:00:00,-273.2121103302376
2022-07-01 02:05:00,-137.39094122902304
2022-07-01 02:10:00,
2022-07-01 02:15:00,
2022-07-01 02:20:00,
2022-07-01 02:25:00,9050.449827744007
2022-07-01 02:30:00,11093.638807821339
2022-07-01 02:35:00,-332.78828381338997
2022-07-01 02:40:00,-256.6415714188342
2022-07-01 02:45:00,-137.7306509187283
2022-07-01 02:50:00,
2022-07-01 02:55:00,
2022-07-01 03:00:00,13025.785808463876
2022-07-01 03:05:00,-415.69002192137674
2022-07-01 03:10:00,-236.31319015295668
2022-07-01 03:15:00,0.0
2022-07-01 03:20:00,
2022-07-01 03:25:00,9195.03876666921
2022-07-01 03:30:00,11218.115987414716
2022-07-01 03:35:00,-404.18243301332507
2022-07-01 03:40:00,-192.64655090894206
2022-07-01 03:45:00,
2022-07-01 03:50:00,
2022-07-01 03:55:00,
2022-07-01 04:00:00,8589.228378515467
2022-07-01 04:05:00,12415.6329208744
2022-07-01 04:10:00,-350.2367810580139
2022-07-01 04:15:00,-216.76300444020433
2022-07-01 04:20:00,
2022-07-01 04:25:00,17065.506090103943
2022-07-01 04:30:00,-511.2139178164357
2022-07-01 04:35:00,-254.0504456442244
2022-07-01 04:40:00,-137.4589652997611
2022-07-01 04:45:00,
2022-07-01 04:50:00,
2022-07-01 04:55:00,17513.43014391956
2022-07-01 05:00:00,7224.781825649425
2022-07-01 05:05:00,-453.52106031683394
2022-07-01 05:10:00,-255.71386110586093
2022-07-01 05:15:00,-97.21401582745487
2022-07-01 05:20:00,
2022-07-01 05:25:00,13677.36873534601
2022-07-01 05:30:00,-406.8619604295221
2022-07-01 05:35:00,-193.4486700450451
2022-07-01 05:40:00,
2022-07-01 05:45:00,
2022-07-01 05:50:00,16703.061584688698
2022-07-01 05:55:00,-477.43591385243946
2022-07-01 06:00:00,-255.51345819527188
2022-07-01 06:05:00,-97.05314953037883
2022-07-01 06:10:00,
2022-07-01 06:15:00,
2022-07-01 06:20:00,17423.298290427723
2022-07-01 06:25:00,-517.6234352406084
2022-07-01 06:30:00,-432.93176983018634
2022-07-01 06:35:00,-193.33921678400458
2022-07-01 06:40:00,9787.066198849414
2022-07-01 06:45:00,4291.016148896451
2022-07-01 06:50:00,-441.0275616879688
2022-07-01 06:55:00,-257.05043850001334
2022-07-01 07:00:00,10173.159203412846
2022-07-01 07:05:00,4993.1926692445
2022-07-01 07:10:00,-419.73592307403254
2022-07-01 07:15:00,-328.1882376895999
2022-07-01 07:20:00,12351.311544443186
2022-07-01 07:25:00,4722.309438438701
2022-07-01 07:30:00,-430.4392266445984
2022-07-01 07:35:00,-372.3396554367608
2022-07-01 07:40:00,10407.880519586182
2022-07-01 07:45:00,5304.383058985898
2022-07-01 07:50:00,-454.4655570432623
2022-07-01 07:55:00,-397.3454483462813
2022-07-01 08:00:00,-218.58267368293627
2022-07-01 08:05:00,9136.272587195008
2022-07-01 08:10:00,9633.88154204706
2022-07-01 08:15:00,-454.43828147272825
2022-07-01 08:20:00,7157.714722512612
2022-07-01 08:25:00,13527.795600569501
2022-07-01 08:30:00,-532.3261104897354
2022-07-01 08:35:00,-494.6253953269683
2022-07-01 08:40:00,-442.5087762011718
2022-07-01 08:45:00,-383.6118904159026
2022-07-01 08:50:00,-298.223775592645
2022-07-01 08:55:00,19696.804819077905
2022-07-01 09:00:00,17744.490769595905
2022-07-01 09:05:00,4896.186393325468
2022-07-01 09:10:00,3310.2957196563843
2022-07-01 09:15:00,2553.4160534043144
2022-07-01 09:20:00,6277.486802114311
2022-07-01 09:25:00,7109.147069990022
2022-07-01 09:30:00,12878.085795346735
2022-07-01 09:35:00,-618.7316624332515
2022-07-01 09:40:00,-378.7200794181637
2022-07-01 09:45:00,-324.6981298792135
2022-07-01 09:50:00,-278.4142139708074
2022-07-01 09:55:00,-171.2025991460698
2022-07-01 10:00:00,
2022-07-01 10:05:00,0.0
2022-07-01 10:10:00,0.0
2022-07-01 10:15:00,
2022-07-01 10:20:00,0.0
2022-07-01 10:25:00,17491.09641335507
2022-07-01 10:30:00,-653.7893701195115
2022-07-01 10:35:00,-584.1518445898066
2022-07-01 10:40:00,-542.0312038903712
2022-07-01 10:45:00,-469.3030722294542
2022-07-01 10:50:00,-310.19360686068455
2022-07-01 10:55:00,-169.52616486452868
2022-07-01 11:00:00,
2022-07-01 11:05:00,19814.162183775046
2022-07-01 11:10:00,0.0
2022-07-01 11:15:00,-573.5077909319929
2022-07-01 11:20:00,-579.2196725529383
2022-07-01 11:25:00,15621.94119038282
2022-07-01 11:30:00,-613.2256328821953
2022-07-01 11:35:00,13866.047535771133
2022-07-01 11:40:00,0.0
2022-07-01 11:45:00,-578.0459956195134
2022-07-01 11:50:00,-592.8794381662943
2022-07-01 11:55:00,24832.727818991363
2022-07-01 12:00:00,17271.039955721702
2022-07-01 12:05:00,19350.144388088567
2022-07-01 12:10:00,7716.834543771013
2022-07-01 12:15:00,-745.3175303476272
2022-07-01 12:20:00,-685.4985972038619
2022-07-01 12:25:00,15897.092996117362
2022-07-01 12:30:00,16342.200699277826
2022-07-01 12:35:00,3862.5455750288556
2022-07-01 12:40:00,8880.420507595723
2022-07-01 12:45:00,13229.640930222093
2022-07-01 12:50:00,-695.1714804957304
2022-07-01 12:55:00,17058.05341362308
2022-07-01 13:00:00,5424.005408705819
2022-07-01 13:05:00,-709.8474060699109
2022-07-01 13:10:00,8201.10247719627
2022-07-01 13:15:00,11054.932410821388
2022-07-01 13:20:00,14193.178462206395
2022-07-01 13:25:00,10428.181049724217
2022-07-01 13:30:00,-639.2796308937903
2022-07-01 13:35:00,6056.745578976073
2022-07-01 13:40:00,0.0
2022-07-01 13:45:00,-691.2332782288199
2022-07-01 13:50:00,17460.01409459451
2022-07-01 13:55:00,4621.270472209272
2022-07-01 14:00:00,-610.4972357222687
2022-07-01 14:05:00,-681.1003006138222
2022-07-01 14:10:00,-651.2682888395005
2022-07-01 14:15:00,-590.748140617597
2022-07-01 14:20:00,-422.3463627782258
2022-07-01 14:25:00,18958.581253663502
2022-07-01 14:30:00,-729.7027623080485
2022-07-01 14:35:00,-648.3232789192973
2022-07-01 14:40:00,5657.282246565617
2022-07-01 14:45:00,6557.494699569683
2022-07-01 14:50:00,-688.4021070985463
2022-07-01 14:55:00,-646.3719890796668
2022-07-01 15:00:00,-619.6494892001351
2022-07-01 15:05:00,15455.927702472436
2022-07-01 15:10:00,5617.642310516923
2022-07-01 15:15:00,-664.2332349561252
2022-07-01 15:20:00,4381.978423036673
2022-07-01 15:25:00,5876.248472002271
2022-07-01 15:30:00,-625.3376479300581
2022-07-01 15:35:00,-654.8547710171111
2022-07-01 15:40:00,5985.614753559188
2022-07-01 15:45:00,28677.534367333385
2022-07-01 15:50:00,11535.047614831785
2022-07-01 15:55:00,4970.1786138921025
2022-07-01 16:00:00,4829.945890952433
2022-07-01 16:05:00,8865.94822783043
2022-07-01 16:10:00,13906.220464638303
2022-07-01 16:15:00,5519.644022223812
2022-07-01 16:20:00,6939.626255083403
2022-07-01 16:25:00,6132.8167119484815
2022-07-01 16:30:00,4530.401782009274
2022-07-01 16:35:00,16297.952378755572
2022-07-01 16:40:00,6007.748162319724
2022-07-01 16:45:00,-704.2478989030564
2022-07-01 16:50:00,15977.660669976052
2022-07-01 16:55:00,-679.2033871394135
2022-07-01 17:00:00,14468.011767596752
2022-07-01 17:05:00,0.0
2022-07-01 17:10:00,6152.716444675088
2022-07-01 17:15:00,13400.673511115661
2022-07-01 17:20:00,-648.1144764333185
2022-07-01 17:25:00,16821.231991456592
2022-07-01 17:30:00,-720.9732807414717
2022-07-01 17:35:00,11707.535499719825
2022-07-01 17:40:00,10905.231097610693
2022-07-01 17:45:00,12093.722138736632
2022-07-01 17:50:00,27228.182219184793
2022-07-01 17:55:00,3247.5362016679805
2022-07-01 18:00:00,4627.91803656505
2022-07-01 18:05:00,3348.8595464410946
2022-07-01 18:10:00,8432.680451749427
2022-07-01 18:15:00,10398.888632943008
2022-07-01 18:20:00,9607.037874220821
2022-07-01 18:25:00,-557.7525870258601
2022-07-01 18:30:00,6768.211094864011
2022-07-01 18:35:00,5258.912911428707
2022-07-01 18:40:00,-507.4207216977183
2022-07-01 18:45:00,-525.3817923276335
2022-07-01 18:50:00,-369.1334275136386
2022-07-01 18:55:00,17823.5675454154
2022-07-01 19:00:00,0.0
2022-07-01 19:05:00,0.0
2022-07-01 19:10:00,0.0
2022-07-01 19:15:00,0.0
2022-07-01 19:20:00,0.0
2022-07-01 19:25:00,0.0
2022-07-01 19:30:00,0.0
2022-07-01 19:35:00,0.0
2022-07-01 19:40:00,0.0
2022-07-01 19:45:00,0.0
2022-07-01 19:50:00,0.0
2022-07-01 19:55:00,0.0
2022-07-01 20:00:00,0.0
2022-07-01 20:05:00,0.0
2022-07-01 20:10:00,0.0
2022-07-01 20:15:00,0.0
2022-07-01 20:20:00,0.0
2022-07-01 20:25:00,0.0
2022-07-01 20:30:00,0.0
2022-07-01 20:35:00,0.0
2022-07-01 20:40:00,0.0
2022-07-01 20:45:00,0.0
2022-07-01 20:50:00,0.0
2022-07-01 20:55:00,0.0
2022-07-01 21:00:00,0.0
2022-07-01 21:05:00,0.0
2022-07-01 21:10:00,0.0
2022-07-01 21:15:00,0.0
2022-07-01 21:20:00,0.0
2022-07-01 21:25:00,0.0
2022-07-01 21:30:00,0.0
2022-07-01 21:35:00,0.0
2022-07-01 21:40:00,0.0
2022-07-01 21:45:00,0.0
2022-07-01 21:50:00,0.0
2022-07-01 21:55:00,0.0
2022-07-01 22:00:00,0.0
2022-07-01 22:05:00,0.0
2022-07-01 22:10:00,0.0
2022-07-01 22:15:00,0.0
2022-07-01 22:20:00,0.0
2022-07-01 22:25:00,0.0
2022-07-01 22:30:00,0.0
2022-07-01 22:35:00,0.0
2022-07-01 22:40:00,0.0
2022-07-01 22:45:00,0.0
2022-07-01 22:50:00,0.0
2022-07-01 22:55:00,0.0
2022-07-01 23:00:00,0.0
2022-07-01 23:05:00,0.0
2022-07-01 23:10:00,0.0
2022-07-01 23:15:00,0.0
2022-07-01 23:20:00,0.0
2022-07-01 23:25:00,0.0
2022-07-01 23:30:00,0.0
2022-07-01 23:35:00,0.0
2022-07-01 23:40:00,0.0
2022-07-01 23:45:00,0.0
2022-07-01 23:50:00,0.0
2022-07-01 23:55:00,0.0
2022-07-02 00:00:00,0.0
2022-07-02 00:05:00,0.0
2022-07-02 00:10:00,0.0
2022-07-02 00:15:00,0.0
2022-07-02 00:20:00,0.0
2022-07-02 00:25:00,0.0
2022-07-02 00:30:00,0.0
2022-07-02 00:35:00,0.0
2022-07-02 00:40:00,0.0
2022-07-02 00:45:00,0.0
2022-07-02 00:50:00,0.0
2022-07-02 00:55:00,0.0
2022-07-02 01:00:00,0.0
2022-07-02 01:05:00,0.0
2022-07-02 01:10:00,0.0
2022-07-02 01:15:00,0.0
2022-07-02 01:20:00,0.0
2022-07-02 01:25:00,0.0
2022-07-02 01:30:00,0.0
2022-07-02 01:35:00,0.0
2022-07-02 01:40:00,0.0
2022-07-02 01:45:00,0.0
2022-07-02 01:50:00,0.0
2022-07-02 01:55:00,0.0
2022-07-02 02:00:00,0.0
2022-07-02 02:05:00,0.0
2022-07-02 02:10:00,0.0
2022-07-02 02:15:00,0.0
2022-07-02 02:20:00,0.0
2022-07-02 02:25:00,0.0
2022-07-02 02:30:00,0.0
2022-07-02 02:35:00,0.0
2022-07-02 02:40:00,0.0
2022-07-02 02:45:00,0.0
2022-07-02 02:50:00,0.0
2022-07-02 02:55:00,0.0
2022-07-02 03:00:00,0.0
2022-07-02 03:05:00,0.0
2022-07-02 03:10:00,0.0
2022-07-02 03:15:00,0.0
2022-07-02 03:20:00,0.0
2022-07-02 03:25:00,0.0
2022-07-02 03:30:00,0.0
2022-07-02 03:35:00,0.0
2022-07-02 03:40:00,0.0
2022-07-02 03:45:00,0.0
2022-07-02 03:50:00,0.0
2022-07-02 03:55:00,0.0
2022-07-02 04:00:00,0.0
2022-07-02 04:05:00,0.0
2022-07-02 04:10:00,0.0
2022-07-02 04:15:00,0.0
2022-07-02 04:20:00,0.0
2022-07-02 04:25:00,0.0
2022-07-02 04:30:00,0.0
2022-07-02 04:35:00,0.0
2022-07-02 04:40:00,0.0
2022-07-02 04:45:00,0.0
2022-07-02 04:50:00,0.0
2022-07-02 04:55:00,0.0
2022-07-02 05:00:00,0.0
2022-07-02 05:05:00,0.0
2022-07-02 05:10:00,0.0
2022-07-02 05:15:00,0.0
2022-07-02 05:20:00,0.0
2022-07-02 05:25:00,0.0
2022-07-02 05:30:00,0.0
2022-07-02 05:35:00,0.0
2022-07-02 05:40:00,0.0
2022-07-02 05:45:00,0.0
2022-07-02 05:50:00,0.0
2022-07-02 05:55:00,0.0
2022-07-02 06:00:00,0.0
2022-07-02 06:05:00,0.0
2022-07-02 06:10:00,0.0
2022-07-02 06:15:00,0.0
2022-07-02 06:20:00,0.0
2022-07-02 06:25:00,0.0
2022-07-02 06:30:00,0.0
2022-07-02 06:35:00,0.0
2022-07-02 06:40:00,0.0
2022-07-02 06:45:00,0.0
2022-07-02 06:50:00,0.0
2022-07-02 06:55:00,0.0
2022-07-02 07:00:00,0.0
2022-07-02 07:05:00,0.0
2022-07-02 07:10:00,0.0
2022-07-02 07:15:00,0.0
2022-07-02 07:20:00,0.0
2022-07-02 07:25:00,0.0
2022-07-02 07:30:00,0.0
2022-07-02 07:35:00,0.0
2022-07-02 07:40:00,0.0
2022-07-02 07:45:00,0.0
2022-07-02 07:50:00,0.0
2022-07-02 07:55:00,0.0
2022-07-02 08:00:00,0.0
2022-07-02 08:05:00,0.0
2022-07-02 08:10:00,0.0
2022-07-02 08:15:00,0.0
2022-07-02 08:20:00,0.0
2022-07-02 08:25:00,0.0
2022-07-02 08:30:00,0.0
2022-07-02 08:35:00,0.0
2022-07-02 08:40:00,0.0
2022-07-02 08:45:00,0.0
2022-07-02 08:50:00,0.0
2022-07-02 08:55:00,0.0
2022-07-02 09:00:00,
2022-07-02 09:05:00,19466.83902220396
2022-07-02 09:10:00,15457.067978719742
2022-07-02 09:15:00,-491.51823229491134
2022-07-02 09:20:00,9167.524726852302
2022-07-02 09:25:00,-382.3750202377078
2022-07-02 09:30:00,13606.08568317863
2022-07-02 09:35:00,0.0
2022-07-02 09:40:00,-299.1005158082745
2022-07-02 09:45:00,14606.220863215538
2022-07-02 09:50:00,-444.74428843204174
2022-07-02 09:55:00,7923.618753200984
2022-07-02 10:00:00,9480.400067513896
2022-07-02 10:05:00,-374.60273876880586
2022-07-02 10:10:00,11838.127302698995
2022-07-02 10:15:00,-514.9757122661798
2022-07-02 10:20:00,-338.1032222567091
2022-07-02 10:25:00,15085.6833857779
2022-07-02 10:30:00,-539.0843619971687
2022-07-02 10:35:00,-360.19374615209483
2022-07-02 10:40:00,22696.55066696017
2022-07-02 10:45:00,16876.815859016802
2022-07-02 10:50:00,3733.6662212288984
2022-07-02 10:55:00,7011.727724356438
2022-07-02 11:00:00,-564.157221529091
2022-07-02 11:05:00,15113.892916339493
2022-07-02 11:10:00,-481.91668008288536
2022-07-02 11:15:00,-360.54299772830626
2022-07-02 11:20:00,13549.860695184121
2022-07-02 11:25:00,-383.08344240825465
2022-07-02 11:30:00,6214.01229786018
2022-07-02 11:35:00,11629.44656915558
2022-07-02 11:40:00,-399.0036848222162
2022-07-02 11:45:00,-295.6581880032466
2022-07-02 11:50:00,21316.658285045716
2022-07-02 11:55:00,16082.449888881058
2022-07-02 12:00:00,17554.75140161254
2022-07-02 12:05:00,13134.270647256491
2022-07-02 12:10:00,12433.307121826332
2022-07-02 12:15:00,12752.837504049126
2022-07-02 12:20:00,14487.07063422362
2022-07-02 12:25:00,6772.401518584392
2022-07-02 12:30:00,-391.78476586415906
2022-07-02 12:35:00,-327.46907119081595
2022-07-02 12:40:00,-220.42260572627922
2022-07-02 12:45:00,-98.37267633307992
2022-07-02 12:50:00,7023.264787385263
2022-07-02 12:55:00,14108.727217997077
2022-07-02 13:00:00,-385.37862250532476
2022-07-02 13:05:00,-315.11544686487866
2022-07-02 13:10:00,
2022-07-02 13:15:00,12154.568809426582
2022-07-02 13:20:00,-349.65111222408353
2022-07-02 13:25:00,0.0
2022-07-02 13:30:00,0.0
2022-07-02 13:35:00,0.0
2022-07-02 13:40:00,0.0
2022-07-02 13:45:00,0.0
2022-07-02 13:50:00,0.0
2022-07-02 13:55:00,0.0
2022-07-02 14:00:00,0.0
2022-07-02 14:05:00,0.0
2022-07-02 14:10:00,0.0
2022-07-02 14:15:00,0.0
2022-07-02 14:20:00,0.0
2022-07-02 14:25:00,0.0
2022-07-02 14:30:00,0.0
2022-07-02 14:35:00,0.0
2022-07-02 14:40:00,0.0
2022-07-02 14:45:00,0.0
2022-07-02 14:50:00,0.0
2022-07-02 14:55:00,0.0
2022-07-02 15:00:00,0.0
2022-07-02 15:05:00,0.0
2022-07-02 15:10:00,0.0
2022-07-02 15:15:00,0.0
2022-07-02 15:20:00,0.0
2022-07-02 15:25:00,0.0
2022-07-02 15:30:00,10347.794855272412
2022-07-02 15:35:00,17455.357964895906
2022-07-02 15:40:00,10038.304022512628
2022-07-02 15:45:00,-441.43042574307833
2022-07-02 15:50:00,10970.254525036089
2022-07-02 15:55:00,21136.50933571809
2022-07-02 16:00:00,18093.323968221357
2022-07-02 16:05:00,-510.9128706470731
2022-07-02 16:10:00,18042.98524661746
2022-07-02 16:15:00,11225.531486362812
2022-07-02 16:20:00,-667.6285871428405
2022-07-02 16:25:00,9898.091066219824
2022-07-02 16:30:00,16956.619815218393
2022-07-02 16:35:00,18959.094042304932
2022-07-02 16:40:00,7498.9932622696515
2022-07-02 16:45:00,20222.302178011818
2022-07-02 16:50:00,2141.3078250268004
2022-07-02 16:55:00,15847.720564508409
2022-07-02 17:00:00,7800.566356852172
2022-07-02 17:05:00,-332.2777692144066
2022-07-02 17:10:00,21547.097480285305
2022-07-02 17:15:00,21815.096639985764
2022-07-02 17:20:00,3615.1159716869242
2022-07-02 17:25:00,8018.624140638466
2022-07-02 17:30:00,-733.2918831000687
2022-07-02 17:35:00,0.0
2022-07-02 17:40:00,0.0
2022-07-02 17:45:00,0.0
2022-07-02 17:50:00,0.0
2022-07-02 17:55:00,0.0
2022-07-02 18:00:00,0.0
2022-07-02 18:05:00,0.0
2022-07-02 18:10:00,0.0
2022-07-02 18:15:00,0.0
2022-07-02 18:20:00,0.0
2022-07-02 18:25:00,15824.265450260902
2022-07-02 18:30:00,11662.657835272938
2022-07-02 18:35:00,-464.79530784882843
2022-07-02 18:40:00,17418.43770941408
2022-07-02 18:45:00,-700.5773694554691
2022-07-02 18:50:00,19084.60560877944
2022-07-02 18:55:00,7065.218044836195
2022-07-02 19:00:00,0.0
2022-07-02 19:05:00,0.0
2022-07-02 19:10:00,0.0
2022-07-02 19:15:00,0.0
2022-07-02 19:20:00,0.0
2022-07-02 19:25:00,0.0
2022-07-02 19:30:00,0.0
2022-07-02 19:35:00,0.0
2022-07-02 19:40:00,0.0
2022-07-02 19:45:00,0.0
2022-07-02 19:50:00,0.0
2022-07-02 19:55:00,0.0
2022-07-02 20:00:00,0.0
2022-07-02 20:05:00,0.0
2022-07-02 20:10:00,0.0
2022-07-02 20:15:00,0.0
2022-07-02 20:20:00,0.0
2022-07-02 20:25:00,0.0
2022-07-02 20:30:00,0.0
2022-07-02 20:35:00,0.0
2022-07-02 20:40:00,0.0
2022-07-02 20:45:00,0.0
2022-07-02 20:50:00,0.0
2022-07-02 20:55:00,0.0
2022-07-02 21:00:00,0.0
2022-07-02 21:05:00,0.0
2022-07-02 21:10:00,0.0
2022-07-02 21:15:00,0.0
2022-07-02 21:20:00,0.0
2022-07-02 21:25:00,0.0
2022-07-02 21:30:00,0.0
2022-07-02 21:35:00,0.0
2022-07-02 21:40:00,0.0
2022-07-02 21:45:00,0.0
2022-07-02 21:50:00,0.0
2022-07-02 21:55:00,0.0
2022-07-02 22:00:00,0.0
2022-07-02 22:05:00,0.0
2022-07-02 22:10:00,0.0
2022-07-02 22:15:00,0.0
2022-07-02 22:20:00,0.0
2022-07-02 22:25:00,0.0
2022-07-02 22:30:00,0.0
2022-07-02 22:35:00,0.0
2022-07-02 22:40:00,0.0
2022-07-02 22:45:00,0.0
2022-07-02 22:50:00,0.0
2022-07-02 22:55:00,0.0
2022-07-02 23:00:00,0.0
2022-07-02 23:05:00,0.0
2022-07-02 23:10:00,0.0
2022-07-02 23:15:00,0.0
2022-07-02 23:20:00,0.0
2022-07-02 23:25:00,0.0
2022-07-02 23:30:00,0.0
2022-07-02 23:35:00,0.0
2022-07-02 23:40:00,0.0
2022-07-02 23:45:00,0.0
2022-07-02 23:50:00,0.0
2022-07-02 23:55:00,0.0
2022-07-03 00:00:00,0.0
2022-07-03 00:05:00,0.0
2022-07-03 00:10:00,0.0
2022-07-03 00:15:00,0.0
2022-07-03 00:20:00,0.0
2022-07-03 00:25:00,0.0
2022-07-03 00:30:00,0.0
2022-07-03 00:35:00,0.0
2022-07-03 00:40:00,0.0
2022-07-03 00:45:00,0.0
2022-07-03 00:50:00,0.0
2022-07-03 00:55:00,0.0
2022-07-03 01:00:00,0.0
2022-07-03 01:05:00,0.0
2022-07-03 01:10:00,0.0
2022-07-03 01:15:00,0.0
2022-07-03 01:20:00,0.0
2022-07-03 01:25:00,0.0
2022-07-03 01:30:00,0.0
2022-07-03 01:35:00,0.0
2022-07-03 01:40:00,0.0
2022-07-03 01:45:00,0.0
2022-07-03 01:50:00,0.0
2022-07-03 01:55:00,0.0
2022-07-03 02:00:00,0.0
2022-07-03 02:05:00,0.0
2022-07-03 02:10:00,0.0
2022-07-03 02:15:00,0.0
2022-07-03 02:20:00,0.0
2022-07-03 02:25:00,0.0
2022-07-03 02:30:00,0.0
2022-07-03 02:35:00,0.0
2022-07-03 02:40:00,0.0
2022-07-03 02:45:00,0.0
2022-07-03 02:50:00,0.0
2022-07-03 02:55:00,0.0
2022-07-03 03:00:00,0.0
2022-07-03 03:05:00,0.0
2022-07-03 03:10:00,0.0
2022-07-03 03:15:00,0.0
2022-07-03 03:20:00,0.0
2022-07-03 03:25:00,0.0
2022-07-03 03:30:00,0.0
2022-07-03 03:35:00,0.0
2022-07-03 03:40:00,0.0
2022-07-03 03:45:00,0.0
2022-07-03 03:50:00,0.0
2022-07-03 03:55:00,0.0
2022-07-03 04:00:00,0.0
2022-07-03 04:05:00,0.0
2022-07-03 04:10:00,0.0
2022-07-03 04:15:00,0.0
2022-07-03 04:20:00,0.0
2022-07-03 04:25:00,0.0
2022-07-03 04:30:00,0.0
2022-07-03 04:35:00,0.0
2022-07-03 04:40:00,0.0
2022-07-03 04:45:00,0.0
2022-07-03 04:50:00,0.0
2022-07-03 04:55:00,0.0
2022-07-03 05:00:00,0.0
2022-07-03 05:05:00,0.0
2022-07-03 05:10:00,0.0
2022-07-03 05:15:00,0.0
2022-07-03 05:20:00,0.0
2022-07-03 05:25:00,0.0
2022-07-03 05:30:00,0.0
2022-07-03 05:35:00,0.0
2022-07-03 05:40:00,0.0
2022-07-03 05:45:00,0.0
2022-07-03 05:50:00,0.0
2022-07-03 05:55:00,0.0
2022-07-03 06:00:00,0.0
2022-07-03 06:05:00,0.0
2022-07-03 06:10:00,0.0
2022-07-03 06:15:00,0.0
2022-07-03 06:20:00,0.0
2022-07-03 06:25:00,0.0
2022-07-03 06:30:00,0.0
2022-07-03 06:35:00,0.0
2022-07-03 06:40:00,0.0
2022-07-03 06:45:00,0.0
2022-07-03 06:50:00,0.0
2022-07-03 06:55:00,0.0
2022-07-03 07:00:00,0.0
2022-07-03 07:05:00,0.0
2022-07-03 07:10:00,0.0
2022-07-03 07:15:00,0.0
2022-07-03 07:20:00,0.0
2022-07-03 07:25:00,0.0
2022-07-03 07:30:00,0.0
2022-07-03 07:35:00,0.0
2022-07-03 07:40:00,0.0
2022-07-03 07:45:00,0.0
2022-07-03 07:50:00,0.0
2022-07-03 07:55:00,0.0
2022-07-03 08:00:00,0.0
2022-07-03 08:05:00,0.0
2022-07-03 08:10:00,0.0
2022-07-03 08:15:00,0.0
2022-07-03 08:20:00,0.0
2022-07-03 08:25:00,0.0
2022-07-03 08:30:00,0.0
2022-07-03 08:35:00,0.0
2022-07-03 08:40:00,0.0
2022-07-03 08:45:00,0.0
2022-07-03 08:50:00,0.0
2022-07-03 08:55:00,0.0
2022-07-03 09:00:00,0.0
2022-07-03 09:05:00,0.0
2022-07-03 09:10:00,0.0
2022-07-03 09:15:00,0.0
2022-07-03 09:20:00,0.0
2022-07-03 09:25:00,0.0
2022-07-03 09:30:00,0.0
2022-07-03 09:35:00,0.0
2022-07-03 09:40:00,0.0
2022-07-03 09:45:00,0.0
2022-07-03 09:50:00,0.0
2022-07-03 09:55:00,0.0
2022-07-03 10:00:00,0.0
2022-07-03 10:05:00,0.0
2022-07-03 10:10:00,0.0
2022-07-03 10:15:00,0.0
2022-07-03 10:20:00,0.0
2022-07-03 10:25:00,0.0
2022-07-03 10:30:00,0.0
2022-07-03 10:35:00,0.0
2022-07-03 10:40:00,0.0
2022-07-03 10:45:00,0.0
2022-07-03 10:50:00,0.0
2022-07-03 10:55:00,0.0
2022-07-03 11:00:00,0.0
2022-07-03 11:05:00,0.0
2022-07-03 11:10:00,0.0
2022-07-03 11:15:00,0.0
2022-07-03 11:20:00,0.0
2022-07-03 11:25:00,0.0
2022-07-03 11:30:00,0.0
2022-07-03 11:35:00,18464.115198793887
2022-07-03 11:40:00,18816.792548167607
2022-07-03 11:45:00,8181.5260324370265
2022-07-03 11:50:00,15307.414464218506
2022-07-03 11:55:00,8469.589952612028
2022-07-03 12:00:00,14531.30175466087
2022-07-03 12:05:00,14567.297884154907
2022-07-03 12:10:00,4169.402248298754
2022-07-03 12:15:00,18601.15425956637
2022-07-03 12:20:00,0.0
2022-07-03 12:25:00,12489.241388678895
2022-07-03 12:30:00,11532.076022012046
2022-07-03 12:35:00,-511.4370645068028
2022-07-03 12:40:00,-448.0405674401954
2022-07-03 12:45:00,-388.81807977453974
2022-07-03 12:50:00,17049.882973620104
2022-07-03 12:55:00,19538.04046277642
2022-07-03 13:00:00,19535.92567134064
2022-07-03 13:05:00,17062.27371292003
2022-07-03 13:10:00,13549.325632266142
2022-07-03 13:15:00,3316.896586420439
2022-07-03 13:20:00,12655.453384212886
2022-07-03 13:25:00,16472.34360910662
2022-07-03 13:30:00,1745.8969095624898
2022-07-03 13:35:00,17848.816591373958
2022-07-03 13:40:00,0.0
2022-07-03 13:45:00,0.0
2022-07-03 13:50:00,15050.115413407548
2022-07-03 13:55:00,27586.105915235792
2022-07-03 14:00:00,255.89281643284127
2022-07-03 14:05:00,0.0
2022-07-03 14:10:00,0.0
2022-07-03 14:15:00,0.0
2022-07-03 14:20:00,0.0
2022-07-03 14:25:00,0.0
2022-07-03 14:30:00,0.0
2022-07-03 14:35:00,0.0
2022-07-03 14:40:00,0.0
2022-07-03 14:45:00,0.0
2022-07-03 14:50:00,0.0
2022-07-03 14:55:00,0.0
2022-07-03 15:00:00,0.0
2022-07-03 15:05:00,7666.3979600557495
2022-07-03 15:10:00,22440.45698249571
2022-07-03 15:15:00,22798.00906013308
2022-07-03 15:20:00,9254.935332008756
2022-07-03 15:25:00,14217.886986745934
2022-07-03 15:30:00,23256.082456142965
2022-07-03 15:35:00,22891.25381908195
2022-07-03 15:40:00,3064.716608015916
2022-07-03 15:45:00,0.0
2022-07-03 15:50:00,0.0
2022-07-03 15:55:00,0.0
2022-07-03 16:00:00,0.0
2022-07-03 16:05:00,0.0
2022-07-03 16:10:00,0.0
2022-07-03 16:15:00,0.0
2022-07-03 16:20:00,0.0
2022-07-03 16:25:00,0.0
2022-07-03 16:30:00,0.0
2022-07-03 16:35:00,0.0
2022-07-03 16:40:00,0.0
2022-07-03 16:45:00,0.0
2022-07-03 16:50:00,0.0
2022-07-03 16:55:00,0.0
2022-07-03 17:00:00,0.0
2022-07-03 17:05:00,0.0
2022-07-03 17:10:00,0.0
2022-07-03 17:15:00,0.0
2022-07-03 17:20:00,0.0
2022-07-03 17:25:00,0.0
2022-07-03 17:30:00,0.0
2022-07-03 17:35:00,0.0
2022-07-03 17:40:00,0.0
2022-07-03 17:45:00,0.0
2022-07-03 17:50:00,0.0
2022-07-03 17:55:00,0.0
2022-07-03 18:00:00,0.0
2022-07-03 18:05:00,0.0
2022-07-03 18:10:00,0.0
2022-07-03 18:15:00,0.0
2022-07-03 18:20:00,0.0
2022-07-03 18:25:00,0.0
2022-07-03 18:30:00,0.0
2022-07-03 18:35:00,0.0
2022-07-03 18:40:00,0.0
2022-07-03 18:45:00,0.0
2022-07-03 18:50:00,0.0
2022-07-03 18:55:00,0.0
2022-07-03 19:00:00,0.0
2022-07-03 19:05:00,0.0
2022-07-03 19:10:00,0.0
2022-07-03 19:15:00,0.0
2022-07-03 19:20:00,0.0
2022-07-03 19:25:00,0.0
2022-07-03 19:30:00,0.0
2022-07-03 19:35:00,0.0
2022-07-03 19:40:00,0.0
2022-07-03 19:45:00,0.0
2022-07-03 19:50:00,0.0
2022-07-03 19:55:00,0.0
2022-07-03 20:00:00,0.0
2022-07-03 20:05:00,0.0
2022-07-03 20:10:00,0.0
2022-07-03 20:15:00,0.0
2022-07-03 20:20:00,0.0
2022-07-03 20:25:00,0.0
2022-07-03 20:30:00,0.0
2022-07-03 20:35:00,0.0
2022-07-03 20:40:00,0.0
2022-07-03 20:45:00,0.0
2022-07-03 20:50:00,0.0
2022-07-03 20:55:00,0.0
2022-07-03 21:00:00,0.0
2022-07-03 21:05:00,0.0
2022-07-03 21:10:00,0.0
2022-07-03 21:15:00,0.0
2022-07-03 21:20:00,0.0
2022-07-03 21:25:00,0.0
2022-07-03 21:30:00,0.0
2022-07-03 21:35:00,0.0
2022-07-03 21:40:00,0.0
2022-07-03 21:45:00,0.0
2022-07-03 21:50:00,0.0
2022-07-03 21:55:00,0.0
2022-07-03 22:00:00,0.0
2022-07-03 22:05:00,0.0
2022-07-03 22:10:00,0.0
2022-07-03 22:15:00,0.0
2022-07-03 22:20:00,0.0
2022-07-03 22:25:00,0.0
2022-07-03 22:30:00,0.0
2022-07-03 22:35:00,0.0
2022-07-03 22:40:00,0.0
2022-07-03 22:45:00,0.0
2022-07-03 22:50:00,0.0
2022-07-03 22:55:00,0.0
2022-07-03 23:00:00,0.0
2022-07-03 23:05:00,0.0
2022-07-03 23:10:00,0.0
2022-07-03 23:15:00,0.0
2022-07-03 23:20:00,0.0
2022-07-03 23:25:00,0.0
2022-07-03 23:30:00,0.0
2022-07-03 23:35:00,0.0
2022-07-03 23:40:00,0.0
2022-07-03 23:45:00,0.0
2022-07-03 23:50:00,0.0
2022-07-03 23:55:00,0.0
2022-07-04 00:00:00,0.0
2022-07-04 00:05:00,0.0
2022-07-04 00:10:00,0.0
2022-07-04 00:15:00,0.0
2022-07-04 00:20:00,0.0
2022-07-04 00:25:00,0.0
2022-07-04 00:30:00,0.0
2022-07-04 00:35:00,0.0
2022-07-04 00:40:00,0.0
2022-07-04 00:45:00,0.0
2022-07-04 00:50:00,0.0
2022-07-04 00:55:00,0.0
2022-07-04 01:00:00,0.0
2022-07-04 01:05:00,0.0
2022-07-04 01:10:00,0.0
2022-07-04 01:15:00,0.0
2022-07-04 01:20:00,0.0
2022-07-04 01:25:00,0.0
2022-07-04 01:30:00,0.0
2022-07-04 01:35:00,0.0
2022-07-04 01:40:00,0.0
2022-07-04 01:45:00,0.0
2022-07-04 01:50:00,0.0
2022-07-04 01:55:00,0.0
2022-07-04 02:00:00,0.0
2022-07-04 02:05:00,0.0
2022-07-04 02:10:00,0.0
2022-07-04 02:15:00,0.0
2022-07-04 02:20:00,0.0
2022-07-04 02:25:00,0.0
2022-07-04 02:30:00,0.0
2022-07-04 02:35:00,0.0
2022-07-04 02:40:00,0.0
2022-07-04 02:45:00,0.0
2022-07-04 02:50:00,0.0
2022-07-04 02:55:00,0.0
2022-07-04 03:00:00,0.0
2022-07-04 03:05:00,0.0
2022-07-04 03:10:00,0.0
2022-07-04 03:15:00,0.0
2022-07-04 03:20:00,0.0
2022-07-04 03:25:00,0.0
2022-07-04 03:30:00,0.0
2022-07-04 03:35:00,0.0
2022-07-04 03:40:00,0.0
2022-07-04 03:45:00,0.0
2022-07-04 03:50:00,0.0
2022-07-04 03:55:00,0.0
2022-07-04 04:00:00,0.0
2022-07-04 04:05:00,0.0
2022-07-04 04:10:00,0.0
2022-07-04 04:15:00,0.0
2022-07-04 04:20:00,0.0
2022-07-04 04:25:00,0.0
2022-07-04 04:30:00,0.0
2022-07-04 04:35:00,0.0
2022-07-04 04:40:00,0.0
2022-07-04 04:45:00,0.0
2022-07-04 04:50:00,0.0
2022-07-04 04:55:00,0.0
2022-07-04 05:00:00,0.0
2022-07-04 05:05:00,0.0
2022-07-04 05:10:00,0.0
2022-07-04 05:15:00,0.0
2022-07-04 05:20:00,0.0
2022-07-04 05:25:00,0.0
2022-07-04 05:30:00,0.0
2022-07-04 05:35:00,0.0
2022-07-04 05:40:00,0.0
2022-07-04 05:45:00,0.0
2022-07-04 05:50:00,0.0
2022-07-04 05:55:00,0.0
2022-07-04 06:00:00,0.0
2022-07-04 06:05:00,0.0
2022-07-04 06:10:00,0.0
2022-07-04 06:15:00,0.0
2022-07-04 06:20:00,0.0
2022-07-04 06:25:00,0.0
2022-07-04 06:30:00,0.0
2022-07-04 06:35:00,0.0
2022-07-04 06:40:00,0.0
2022-07-04 06:45:00,0.0
2022-07-04 06:50:00,0.0
2022-07-04 06:55:00,0.0
2022-07-04 07:00:00,0.0
2022-07-04 07:05:00,0.0
2022-07-04 07:10:00,0.0
2022-07-04 07:15:00,0.0
2022-07-04 07:20:00,0.0
2022-07-04 07:25:00,0.0
2022-07-04 07:30:00,0.0
2022-07-04 07:35:00,0.0
2022-07-04 07:40:00,0.0
2022-07-04 07:45:00,0.0
2022-07-04 07:50:00,0.0
2022-07-04 07:55:00,0.0
2022-07-04 08:00:00,0.0
2022-07-04 08:05:00,0.0
2022-07-04 08:10:00,0.0
2022-07-04 08:15:00,0.0
2022-07-04 08:20:00,0.0
2022-07-04 08:25:00,0.0
2022-07-04 08:30:00,0.0
2022-07-04 08:35:00,0.0
2022-07-04 08:40:00,0.0
2022-07-04 08:45:00,0.0
2022-07-04 08:50:00,0.0
2022-07-04 08:55:00,0.0
2022-07-04 09:00:00,0.0
2022-07-04 09:05:00,0.0
2022-07-04 09:10:00,0.0
2022-07-04 09:15:00,0.0
2022-07-04 09:20:00,0.0
2022-07-04 09:25:00,0.0
2022-07-04 09:30:00,0.0
2022-07-04 09:35:00,0.0
2022-07-04 09:40:00,0.0
2022-07-04 09:45:00,0.0
2022-07-04 09:50:00,0.0
2022-07-04 09:55:00,14060.210641363657
2022-07-04 10:00:00,19301.014209466925
2022-07-04 10:05:00,-523.5642630238939
2022-07-04 10:10:00,11950.20353586069
2022-07-04 10:15:00,-365.19411118917316
2022-07-04 10:20:00,7914.632047760315
2022-07-04 10:25:00,8608.276957969867
2022-07-04 10:30:00,-326.5037557883324
2022-07-04 10:35:00,13183.82120330073
2022-07-04 10:40:00,9217.8583844305
2022-07-04 10:45:00,-309.0904086088529
2022-07-04 10:50:00,-313.71487281098763
2022-07-04 10:55:00,0.0
2022-07-04 11:00:00,0.0
2022-07-04 11:05:00,0.0
2022-07-04 11:10:00,0.0
2022-07-04 11:15:00,0.0
2022-07-04 11:20:00,0.0
2022-07-04 11:25:00,0.0
2022-07-04 11:30:00,0.0
2022-07-04 11:35:00,0.0
2022-07-04 11:40:00,0.0
2022-07-04 11:45:00,
2022-07-04 11:50:00,18946.29579281595
2022-07-04 11:55:00,22558.28664736835
2022-07-04 12:00:00,20797.36042718396
2022-07-04 12:05:00,-594.7960775916703
2022-07-04 12:10:00,0.0
2022-07-04 12:15:00,0.0
2022-07-04 12:20:00,0.0
2022-07-04 12:25:00,0.0
2022-07-04 12:30:00,10180.5837217624
2022-07-04 12:35:00,8260.222390813562
2022-07-04 12:40:00,-402.0945893906089
2022-07-04 12:45:00,-291.83075385906074
2022-07-04 12:50:00,-168.71337347365426
2022-07-04 12:55:00,
2022-07-04 13:00:00,
2022-07-04 13:05:00,
2022-07-04 13:10:00,
2022-07-04 13:15:00,7231.85608844902
2022-07-04 13:20:00,-442.710702942898
2022-07-04 13:25:00,-366.29671758644696
2022-07-04 13:30:00,0.0
2022-07-04 13:35:00,0.0
2022-07-04 13:40:00,0.0
2022-07-04 13:45:00,14084.163597792274
2022-07-04 13:50:00,20539.561157676377
2022-07-04 13:55:00,21591.690957535142
2022-07-04 14:00:00,21834.762951843768
2022-07-04 14:05:00,-782.9226829272878
2022-07-04 14:10:00,17763.47663679385
2022-07-04 14:15:00,7820.185915191768
2022-07-04 14:20:00,6596.817485452639
2022-07-04 14:25:00,23513.394537075685
2022-07-04 14:30:00,6612.18762319786
2022-07-04 14:35:00,3554.30894369217
2022-07-04 14:40:00,0.0
2022-07-04 14:45:00,0.0
2022-07-04 14:50:00,0.0
2022-07-04 14:55:00,0.0
2022-07-04 15:00:00,0.0
2022-07-04 15:05:00,0.0
2022-07-04 15:10:00,0.0
2022-07-04 15:15:00,0.0
2022-07-04 15:20:00,0.0
2022-07-04 15:25:00,0.0
2022-07-04 15:30:00,0.0
2022-07-04 15:35:00,0.0
2022-07-04 15:40:00,0.0
2022-07-04 15:45:00,0.0
2022-07-04 15:50:00,0.0
2022-07-04 15:55:00,0.0
2022-07-04 16:00:00,0.0
2022-07-04 16:05:00,0.0
2022-07-04 16:10:00,0.0
2022-07-04 16:15:00,0.0
2022-07-04 16:20:00,0.0
2022-07-04 16:25:00,0.0
2022-07-04 16:30:00,0.0
2022-07-04 16:35:00,0.0
2022-07-04 16:40:00,0.0
2022-07-04 16:45:00,0.0
2022-07-04 16:50:00,0.0
2022-07-04 16:55:00,0.0
2022-07-04 17:00:00,0.0
2022-07-04 17:05:00,0.0
2022-07-04 17:10:00,0.0
2022-07-04 17:15:00,0.0
2022-07-04 17:20:00,0.0
2022-07-04 17:25:00,0.0
2022-07-04 17:30:00,0.0
2022-07-04 17:35:00,0.0
2022-07-04 17:40:00,0.0
2022-07-04 17:45:00,0.0
2022-07-04 17:50:00,0.0
2022-07-04 17:55:00,0.0
2022-07-04 18:00:00,0.0
2022-07-04 18:05:00,0.0
2022-07-04 18:10:00,0.0
2022-07-04 18:15:00,0.0
2022-07-04 18:20:00,0.0
2022-07-04 18:25:00,0.0
2022-07-04 18:30:00,0.0
2022-07-04 18:35:00,0.0
2022-07-04 18:40:00,0.0
2022-07-04 18:45:00,0.0
2022-07-04 18:50:00,0.0
2022-07-04 18:55:00,0.0
2022-07-04 19:00:00,0.0
2022-07-04 19:05:00,0.0
2022-07-04 19:10:00,0.0
2022-07-04 19:15:00,0.0
2022-07-04 19:20:00,0.0
2022-07-04 19:25:00,0.0
2022-07-04 19:30:00,0.0
2022-07-04 19:35:00,0.0
2022-07-04 19:40:00,0.0
2022-07-04 19:45:00,0.0
2022-07-04 19:50:00,0.0
2022-07-04 19:55:00,0.0
2022-07-04 20:00:00,0.0
2022-07-04 20:05:00,0.0
2022-07-04 20:10:00,0.0
2022-07-04 20:15:00,0.0
2022-07-04 20:20:00,0.0
2022-07-04 20:25:00,0.0
2022-07-04 20:30:00,0.0
2022-07-04 20:35:00,0.0
2022-07-04 20:40:00,0.0
2022-07-04 20:45:00,0.0
2022-07-04 20:50:00,0.0
2022-07-04 20:55:00,0.0
2022-07-04 21:00:00,0.0
2022-07-04 21:05:00,0.0
2022-07-04 21:10:00,0.0
2022-07-04 21:15:00,0.0
2022-07-04 21:20:00,0.0
2022-07-04 21:25:00,0.0
2022-07-04 21:30:00,0.0
2022-07-04 21:35:00,0.0
2022-07-04 21:40:00,0.0
2022-07-04 21:45:00,0.0
2022-07-04 21:50:00,0.0
2022-07-04 21:55:00,0.0
2022-07-04 22:00:00,0.0
2022-07-04 22:05:00,0.0
2022-07-04 22:10:00,0.0
2022-07-04 22:15:00,0.0
2022-07-04 22:20:00,0.0
2022-07-04 22:25:00,0.0
2022-07-04 22:30:00,0.0
2022-07-04 22:35:00,0.0
2022-07-04 22:40:00,0.0
2022-07-04 22:45:00,0.0
2022-07-04 22:50:00,0.0
2022-07-04 22:55:00,0.0
2022-07-04 23:00:00,0.0
2022-07-04 23:05:00,0.0
2022-07-04 23:10:00,0.0
2022-07-04 23:15:00,0.0
2022-07-04 23:20:00,0.0
2022-07-04 23:25:00,0.0
2022-07-04 23:30:00,0.0
2022-07-04 23:35:00,0.0
2022-07-04 23:40:00,0.0
2022-07-04 23:45:00,0.0
2022-07-04 23:50:00,0.0
2022-07-04 23:55:00,0.0
2022-07-05 00:00:00,0.0
2022-07-05 00:05:00,0.0
2022-07-05 00:10:00,0.0
2022-07-05 00:15:00,0.0
2022-07-05 00:20:00,0.0
2022-07-05 00:25:00,0.0
2022-07-05 00:30:00,0.0
2022-07-05 00:35:00,0.0
2022-07-05 00:40:00,0.0
2022-07-05 00:45:00,0.0
2022-07-05 00:50:00,0.0
2022-07-05 00:55:00,0.0
2022-07-05 01:00:00,0.0
2022-07-05 01:05:00,0.0
2022-07-05 01:10:00,0.0
2022-07-05 01:15:00,0.0
2022-07-05 01:20:00,0.0
2022-07-05 01:25:00,0.0
2022-07-05 01:30:00,0.0
2022-07-05 01:35:00,0.0
2022-07-05 01:40:00,0.0
2022-07-05 01:45:00,0.0
2022-07-05 01:50:00,0.0
2022-07-05 01:55:00,0.0
2022-07-05 02:00:00,0.0
2022-07-05 02:05:00,0.0
2022-07-05 02:10:00,0.0
2022-07-05 02:15:00,0.0
2022-07-05 02:20:00,0.0
2022-07-05 02:25:00,0.0
2022-07-05 02:30:00,0.0
2022-07-05 02:35:00,0.0
2022-07-05 02:40:00,0.0
2022-07-05 02:45:00,0.0
2022-07-05 02:50:00,0.0
2022-07-05 02:55:00,0.0
2022-07-05 03:00:00,0.0
2022-07-05 03:05:00,0.0
2022-07-05 03:10:00,0.0
2022-07-05 03:15:00,0.0
2022-07-05 03:20:00,0.0
2022-07-05 03:25:00,0.0
2022-07-05 03:30:00,0.0
2022-07-05 03:35:00,0.0
2022-07-05 03:40:00,0.0
2022-07-05 03:45:00,0.0
2022-07-05 03:50:00,0.0
2022-07-05 03:55:00,0.0
2022-07-05 04:00:00,0.0
2022-07-05 04:05:00,0.0
2022-07-05 04:10:00,0.0
2022-07-05 04:15:00,0.0
2022-07-05 04:20:00,0.0
2022-07-05 04:25:00,0.0
2022-07-05 04:30:00,0.0
2022-07-05 04:35:00,0.0
2022-07-05 04:40:00,0.0
2022-07-05 04:45:00,0.0
2022-07-05 04:50:00,0.0
2022-07-05 04:55:00,0.0
2022-07-05 05:00:00,0.0
2022-07-05 05:05:00,0.0
2022-07-05 05:10:00,0.0
2022-07-05 05:15:00,0.0
2022-07-05 05:20:00,0.0
2022-07-05 05:25:00,0.0
2022-07-05 05:30:00,0.0
2022-07-05 05:35:00,0.0
2022-07-05 05:40:00,0.0
2022-07-05 05:45:00,0.0
2022-07-05 05:50:00,0.0
2022-07-05 05:55:00,0.0
2022-07-05 06:00:00,0.0
2022-07-05 06:05:00,0.0
2022-07-05 06:10:00,0.0
2022-07-05 06:15:00,0.0
2022-07-05 06:20:00,0.0
2022-07-05 06:25:00,0.0
2022-07-05 06:30:00,0.0
2022-07-05 06:35:00,0.0
2022-07-05 06:40:00,0.0
2022-07-05 06:45:00,0.0
2022-07-05 06:50:00,0.0
2022-07-05 06:55:00,0.0
2022-07-05 07:00:00,0.0
2022-07-05 07:05:00,0.0
2022-07-05 07:10:00,0.0
2022-07-05 07:15:00,0.0
2022-07-05 07:20:00,0.0
2022-07-05 07:25:00,0.0
2022-07-05 07:30:00,0.0
2022-07-05 07:35:00,0.0
2022-07-05 07:40:00,0.0
2022-07-05 07:45:00,0.0
2022-07-05 07:50:00,0.0
2022-07-05 07:55:00,0.0
2022-07-05 08:00:00,0.0
2022-07-05 08:05:00,0.0
2022-07-05 08:10:00,0.0
2022-07-05 08:15:00,0.0
2022-07-05 08:20:00,0.0
2022-07-05 08:25:00,0.0
2022-07-05 08:30:00,0.0
2022-07-05 08:35:00,0.0
2022-07-05 08:40:00,0.0
2022-07-05 08:45:00,0.0
2022-07-05 08:50:00,0.0
2022-07-05 08:55:00,0.0
2022-07-05 09:00:00,0.0
2022-07-05 09:05:00,0.0
2022-07-05 09:10:00,0.0
2022-07-05 09:15:00,0.0
2022-07-05 09:20:00,0.0
2022-07-05 09:25:00,0.0
2022-07-05 09:30:00,0.0
2022-07-05 09:35:00,0.0
2022-07-05 09:40:00,0.0
2022-07-05 09:45:00,0.0
2022-07-05 09:50:00,0.0
2022-07-05 09:55:00,6125.027481699567
2022-07-05 10:00:00,18985.203937240272
2022-07-05 10:05:00,20152.65432767637
2022-07-05 10:10:00,14530.495969831005
2022-07-05 10:15:00,9237.708179879524
2022-07-05 10:20:00,25166.85340410897
2022-07-05 10:25:00,21883.15848419441
2022-07-05 10:30:00,18363.664971758568
2022-07-05 10:35:00,11439.729800474122
2022-07-05 10:40:00,-693.9620585058207
2022-07-05 10:45:00,12420.527783438978
2022-07-05 10:50:00,-606.3265166836226
2022-07-05 10:55:00,4736.948661948615
2022-07-05 11:00:00,9585.614915889992
2022-07-05 11:05:00,-570.6891872351474
2022-07-05 11:10:00,6238.370374156478
2022-07-05 11:15:00,11584.156244870752
2022-07-05 11:20:00,-607.7271274778948
2022-07-05 11:25:00,5140.798847251661
2022-07-05 11:30:00,15350.311169954557
2022-07-05 11:35:00,-643.8507907732036
2022-07-05 11:40:00,-586.4013933117348
2022-07-05 11:45:00,0.0
2022-07-05 11:50:00,0.0
2022-07-05 11:55:00,0.0
2022-07-05 12:00:00,0.0
2022-07-05 12:05:00,0.0
2022-07-05 12:10:00,0.0
2022-07-05 12:15:00,0.0
2022-07-05 12:20:00,0.0
2022-07-05 12:25:00,0.0
2022-07-05 12:30:00,6818.869363851127
2022-07-05 12:35:00,10237.644868962712
2022-07-05 12:40:00,-573.161226298564
2022-07-05 12:45:00,-525.3590752360413
2022-07-05 12:50:00,-473.11470060484004
2022-07-05 12:55:00,-389.31800969309876
2022-07-05 13:00:00,-171.57120889482306
2022-07-05 13:05:00,0.0
2022-07-05 13:10:00,
2022-07-05 13:15:00,7573.478488288871
2022-07-05 13:20:00,14744.140590909297
2022-07-05 13:25:00,0.0
2022-07-05 13:30:00,0.0
2022-07-05 13:35:00,0.0
2022-07-05 13:40:00,0.0
2022-07-05 13:45:00,6256.389348709088
2022-07-05 13:50:00,18729.815477398326
2022-07-05 13:55:00,21533.341914624136
2022-07-05 14:00:00,22092.76167770394
2022-07-05 14:05:00,8887.007367613485
2022-07-05 14:10:00,10648.83588810926
2022-07-05 14:15:00,19824.602910856534
2022-07-05 14:20:00,17269.520879898344
2022-07-05 14:25:00,1811.694446558608
2022-07-05 14:30:00,27566.050675169543
2022-07-05 14:35:00,9720.08367724265
2022-07-05 14:40:00,7601.458700777921
2022-07-05 14:45:00,9383.743399999168
2022-07-05 14:50:00,6734.830049321516
2022-07-05 14:55:00,1852.5221031434385
2022-07-05 15:00:00,16676.17397331487
2022-07-05 15:05:00,6694.699331351259
2022-07-05 15:10:00,5807.119869633348
2022-07-05 15:15:00,10126.78811623455
2022-07-05 15:20:00,0.0
2022-07-05 15:25:00,0.0
2022-07-05 15:30:00,0.0
2022-07-05 15:35:00,0.0
2022-07-05 15:40:00,0.0
2022-07-05 15:45:00,0.0
2022-07-05 15:50:00,0.0
2022-07-05 15:55:00,0.0
2022-07-05 16:00:00,0.0
2022-07-05 16:05:00,0.0
2022-07-05 16:10:00,0.0
2022-07-05 16:15:00,0.0
2022-07-05 16:20:00,0.0
2022-07-05 16:25:00,0.0
2022-07-05 16:30:00,0.0
2022-07-05 16:35:00,0.0
2022-07-05 16:40:00,0.0
2022-07-05 16:45:00,0.0
2022-07-05 16:50:00,0.0
2022-07-05 16:55:00,0.0
2022-07-05 17:00:00,0.0
2022-07-05 17:05:00,20116.426269254316
2022-07-05 17:10:00,16837.809809026916
2022-07-05 17:15:00,17426.32931596353
2022-07-05 17:20:00,12467.978214802775
2022-07-05 17:25:00,-687.5116693289476
2022-07-05 17:30:00,0.0
2022-07-05 17:35:00,0.0
2022-07-05 17:40:00,0.0
2022-07-05 17:45:00,0.0
2022-07-05 17:50:00,0.0
2022-07-05 17:55:00,11201.257813022708
2022-07-05 18:00:00,16996.140343632007
2022-07-05 18:05:00,17019.771943632466
2022-07-05 18:10:00,-663.5231311250551
2022-07-05 18:15:00,
2022-07-05 18:20:00,
2022-07-05 18:25:00,7067.991919144543
2022-07-05 18:30:00,18938.923999611306
2022-07-05 18:35:00,-675.7485154782476
2022-07-05 18:40:00,-527.9001842945789
2022-07-05 18:45:00,17256.92678990913
2022-07-05 18:50:00,-738.4603922797689
2022-07-05 18:55:00,-552.4588196607164
2022-07-05 19:00:00,0.0
2022-07-05 19:05:00,0.0
2022-07-05 19:10:00,0.0
2022-07-05 19:15:00,0.0
2022-07-05 19:20:00,0.0
2022-07-05 19:25:00,0.0
2022-07-05 19:30:00,0.0
2022-07-05 19:35:00,0.0
2022-07-05 19:40:00,0.0
2022-07-05 19:45:00,0.0
2022-07-05 19:50:00,0.0
2022-07-05 19:55:00,0.0
2022-07-05 20:00:00,0.0
2022-07-05 20:05:00,0.0
2022-07-05 20:10:00,0.0
2022-07-05 20:15:00,0.0
2022-07-05 20:20:00,0.0
2022-07-05 20:25:00,0.0
2022-07-05 20:30:00,0.0
2022-07-05 20:35:00,0.0
2022-07-05 20:40:00,0.0
2022-07-05 20:45:00,0.0
2022-07-05 20:50:00,0.0
2022-07-05 20:55:00,0.0
2022-07-05 21:00:00,0.0
2022-07-05 21:05:00,0.0
2022-07-05 21:10:00,0.0
2022-07-05 21:15:00,0.0
2022-07-05 21:20:00,0.0
2022-07-05 21:25:00,0.0
2022-07-05 21:30:00,0.0
2022-07-05 21:35:00,0.0
2022-07-05 21:40:00,0.0
2022-07-05 21:45:00,0.0
2022-07-05 21:50:00,0.0
2022-07-05 21:55:00,0.0
2022-07-05 22:00:00,0.0
2022-07-05 22:05:00,0.0
2022-07-05 22:10:00,0.0
2022-07-05 22:15:00,0.0
2022-07-05 22:20:00,0.0
2022-07-05 22:25:00,0.0
2022-07-05 22:30:00,0.0
2022-07-05 22:35:00,0.0
2022-07-05 22:40:00,0.0
2022-07-05 22:45:00,0.0
2022-07-05 22:50:00,0.0
2022-07-05 22:55:00,0.0
2022-07-05 23:00:00,0.0
2022-07-05 23:05:00,0.0
2022-07-05 23:10:00,0.0
2022-07-05 23:15:00,0.0
2022-07-05 23:20:00,0.0
2022-07-05 23:25:00,0.0
2022-07-05 23:30:00,0.0
2022-07-05 23:35:00,0.0
2022-07-05 23:40:00,0.0
2022-07-05 23:45:00,0.0
2022-07-05 23:50:00,0.0
2022-07-05 23:55:00,0.0
2022-07-06 00:00:00,0.0
2022-07-06 00:05:00,0.0
2022-07-06 00:10:00,0.0
2022-07-06 00:15:00,0.0
2022-07-06 00:20:00,0.0
2022-07-06 00:25:00,0.0
2022-07-06 00:30:00,0.0
2022-07-06 00:35:00,0.0
2022-07-06 00:40:00,0.0
2022-07-06 00:45:00,0.0
2022-07-06 00:50:00,0.0
2022-07-06 00:55:00,0.0
2022-07-06 01:00:00,0.0
2022-07-06 01:05:00,0.0
2022-07-06 01:10:00,0.0
2022-07-06 01:15:00,0.0
2022-07-06 01:20:00,0.0
2022-07-06 01:25:00,0.0
2022-07-06 01:30:00,0.0
2022-07-06 01:35:00,0.0
2022-07-06 01:40:00,0.0
2022-07-06 01:45:00,0.0
2022-07-06 01:50:00,0.0
2022-07-06 01:55:00,0.0
2022-07-06 02:00:00,0.0
2022-07-06 02:05:00,0.0
2022-07-06 02:10:00,0.0
2022-07-06 02:15:00,0.0
2022-07-06 02:20:00,0.0
2022-07-06 02:25:00,0.0
2022-07-06 02:30:00,0.0
2022-07-06 02:35:00,0.0
2022-07-06 02:40:00,0.0
2022-07-06 02:45:00,0.0
2022-07-06 02:50:00,8161.559341403093
2022-07-06 02:55:00,14993.65401267209
2022-07-06 03:00:00,19479.184570989455
2022-07-06 03:05:00,18941.854354493345
2022-07-06 03:10:00,-650.1904568976464
2022-07-06 03:15:00,9264.757906534109
2022-07-06 03:20:00,6712.994744383022
2022-07-06 03:25:00,-433.3973566854702
2022-07-06 03:30:00,14645.165058628661
2022-07-06 03:35:00,0.0
2022-07-06 03:40:00,-401.8066321951997
2022-07-06 03:45:00,17592.56525879545
2022-07-06 03:50:00,-593.087947021078
2022-07-06 03:55:00,-454.58583762358757
2022-07-06 04:00:00,11346.486126726653
2022-07-06 04:05:00,-539.7826862864817
2022-07-06 04:10:00,-419.6621613814935
2022-07-06 04:15:00,17003.502070846036
2022-07-06 04:20:00,0.0
2022-07-06 04:25:00,0.0
2022-07-06 04:30:00,0.0
2022-07-06 04:35:00,0.0
2022-07-06 04:40:00,0.0
2022-07-06 04:45:00,0.0
2022-07-06 04:50:00,0.0
2022-07-06 04:55:00,0.0
2022-07-06 05:00:00,0.0
2022-07-06 05:05:00,0.0
2022-07-06 05:10:00,0.0
2022-07-06 05:15:00,0.0
2022-07-06 05:20:00,0.0
2022-07-06 05:25:00,0.0
2022-07-06 05:30:00,0.0
2022-07-06 05:35:00,0.0
2022-07-06 05:40:00,0.0
2022-07-06 05:45:00,0.0
2022-07-06 05:50:00,0.0
2022-07-06 05:55:00,0.0
2022-07-06 06:00:00,0.0
2022-07-06 06:05:00,0.0
2022-07-06 06:10:00,0.0
2022-07-06 06:15:00,0.0
2022-07-06 06:20:00,0.0
2022-07-06 06:25:00,0.0
2022-07-06 06:30:00,0.0
2022-07-06 06:35:00,0.0
2022-07-06 06:40:00,0.0
2022-07-06 06:45:00,0.0
2022-07-06 06:50:00,0.0
2022-07-06 06:55:00,0.0
2022-07-06 07:00:00,0.0
2022-07-06 07:05:00,0.0
2022-07-06 07:10:00,0.0
2022-07-06 07:15:00,0.0
2022-07-06 07:20:00,0.0
2022-07-06 07:25:00,0.0
2022-07-06 07:30:00,0.0
2022-07-06 07:35:00,0.0
2022-07-06 07:40:00,0.0
2022-07-06 07:45:00,0.0
2022-07-06 07:50:00,0.0
2022-07-06 07:55:00,0.0
2022-07-06 08:00:00,0.0
2022-07-06 08:05:00,0.0
2022-07-06 08:10:00,0.0
2022-07-06 08:15:00,9895.202013491607
2022-07-06 08:20:00,19068.022907585855
2022-07-06 08:25:00,28122.864072649983
2022-07-06 08:30:00,16410.017605248122
2022-07-06 08:35:00,5616.468586221315
2022-07-06 08:40:00,4057.857444306914
2022-07-06 08:45:00,-599.6142233400327
2022-07-06 08:50:00,11590.404674582967
2022-07-06 08:55:00,13036.515018579328
2022-07-06 09:00:00,-562.8258109015354
2022-07-06 09:05:00,11395.798055783425
2022-07-06 09:10:00,5454.401439937193
2022-07-06 09:15:00,-549.5356224905692
2022-07-06 09:20:00,14246.33281865658
2022-07-06 09:25:00,0.0
2022-07-06 09:30:00,0.0
2022-07-06 09:35:00,0.0
2022-07-06 09:40:00,0.0
2022-07-06 09:45:00,0.0
2022-07-06 09:50:00,0.0
2022-07-06 09:55:00,0.0
2022-07-06 10:00:00,0.0
2022-07-06 10:05:00,0.0
2022-07-06 10:10:00,0.0
2022-07-06 10:15:00,0.0
2022-07-06 10:20:00,0.0
2022-07-06 10:25:00,0.0
2022-07-06 10:30:00,0.0
2022-07-06 10:35:00,0.0
2022-07-06 10:40:00,0.0
2022-07-06 10:45:00,0.0
2022-07-06 10:50:00,0.0
2022-07-06 10:55:00,0.0
2022-07-06 11:00:00,0.0
2022-07-06 11:05:00,0.0
2022-07-06 11:10:00,0.0
2022-07-06 11:15:00,0.0
2022-07-06 11:20:00,0.0
2022-07-06 11:25:00,0.0
2022-07-06 11:30:00,0.0
2022-07-06 11:35:00,0.0
2022-07-06 11:40:00,0.0
2022-07-06 11:45:00,16873.99284002745
2022-07-06 11:50:00,18727.585334074636
2022-07-06 11:55:00,18491.52446097322
2022-07-06 12:00:00,6464.084568783185
2022-07-06 12:05:00,4925.38630113865
2022-07-06 12:10:00,24006.358918656017
2022-07-06 12:15:00,16138.988591127252
2022-07-06 12:20:00,-459.6643295800682
2022-07-06 12:25:00,-393.3909400579113
2022-07-06 12:30:00,12863.461030390077
2022-07-06 12:35:00,9192.298974103158
2022-07-06 12:40:00,-379.5165531066077
2022-07-06 12:45:00,-296.1648327192585
2022-07-06 12:50:00,-196.8660405091887
2022-07-06 12:55:00,0.0
2022-07-06 13:00:00,
2022-07-06 13:05:00,
2022-07-06 13:10:00,20371.919626264582
2022-07-06 13:15:00,-465.64018998818165
2022-07-06 13:20:00,-310.3520838383301
2022-07-06 13:25:00,-219.60951638053885
2022-07-06 13:30:00,0.0
2022-07-06 13:35:00,
2022-07-06 13:40:00,0.0
2022-07-06 13:45:00,0.0
2022-07-06 13:50:00,0.0
2022-07-06 13:55:00,0.0
2022-07-06 14:00:00,0.0
2022-07-06 14:05:00,0.0
2022-07-06 14:10:00,0.0
2022-07-06 14:15:00,0.0
2022-07-06 14:20:00,0.0
2022-07-06 14:25:00,0.0
2022-07-06 14:30:00,0.0
2022-07-06 14:35:00,0.0
2022-07-06 14:40:00,0.0
2022-07-06 14:45:00,0.0
2022-07-06 14:50:00,0.0
2022-07-06 14:55:00,0.0
2022-07-06 15:00:00,0.0
2022-07-06 15:05:00,0.0
2022-07-06 15:10:00,0.0
2022-07-06 15:15:00,0.0
2022-07-06 15:20:00,0.0
2022-07-06 15:25:00,0.0
2022-07-06 15:30:00,0.0
2022-07-06 15:35:00,0.0
2022-07-06 15:40:00,0.0
2022-07-06 15:45:00,0.0
2022-07-06 15:50:00,0.0
2022-07-06 15:55:00,0.0
2022-07-06 16:00:00,0.0
2022-07-06 16:05:00,8675.048318729992
2022-07-06 16:10:00,18975.406120784854
2022-07-06 16:15:00,17563.111861683585
2022-07-06 16:20:00,0.0
2022-07-06 16:25:00,0.0
2022-07-06 16:30:00,0.0
2022-07-06 16:35:00,0.0
2022-07-06 16:40:00,0.0
2022-07-06 16:45:00,0.0
2022-07-06 16:50:00,0.0
2022-07-06 16:55:00,0.0
2022-07-06 17:00:00,0.0
2022-07-06 17:05:00,0.0
2022-07-06 17:10:00,0.0
2022-07-06 17:15:00,0.0
2022-07-06 17:20:00,0.0
2022-07-06 17:25:00,0.0
2022-07-06 17:30:00,0.0
2022-07-06 17:35:00,0.0
2022-07-06 17:40:00,0.0
2022-07-06 17:45:00,0.0
2022-07-06 17:50:00,0.0
2022-07-06 17:55:00,0.0
2022-07-06 18:00:00,0.0
2022-07-06 18:05:00,0.0
2022-07-06 18:10:00,0.0
2022-07-06 18:15:00,0.0
2022-07-06 18:20:00,0.0
2022-07-06 18:25:00,0.0
2022-07-06 18:30:00,0.0
2022-07-06 18:35:00,0.0
2022-07-06 18:40:00,0.0
2022-07-06 18:45:00,0.0
2022-07-06 18:50:00,0.0
2022-07-06 18:55:00,0.0
2022-07-06 19:00:00,0.0
2022-07-06 19:05:00,0.0
2022-07-06 19:10:00,0.0
2022-07-06 19:15:00,0.0
2022-07-06 19:20:00,0.0
2022-07-06 19:25:00,0.0
2022-07-06 19:30:00,0.0
2022-07-06 19:35:00,0.0
2022-07-06 19:40:00,0.0
2022-07-06 19:45:00,0.0
2022-07-06 19:50:00,0.0
2022-07-06 19:55:00,0.0
2022-07-06 20:00:00,0.0
2022-07-06 20:05:00,0.0
2022-07-06 20:10:00,0.0
2022-07-06 20:15:00,0.0
2022-07-06 20:20:00,0.0
2022-07-06 20:25:00,0.0
2022-07-06 20:30:00,0.0
2022-07-06 20:35:00,0.0
2022-07-06 20:40:00,0.0
2022-07-06 20:45:00,0.0
2022-07-06 20:50:00,0.0
2022-07-06 20:55:00,0.0
2022-07-06 21:00:00,0.0
2022-07-06 21:05:00,0.0
2022-07-06 21:10:00,0.0
2022-07-06 21:15:00,0.0
2022-07-06 21:20:00,0.0
2022-07-06 21:25:00,0.0
2022-07-06 21:30:00,0.0
2022-07-06 21:35:00,0.0
2022-07-06 21:40:00,0.0
2022-07-06 21:45:00,0.0
2022-07-06 21:50:00,0.0
2022-07-06 21:55:00,0.0
2022-07-06 22:00:00,0.0
2022-07-06 22:05:00,0.0
2022-07-06 22:10:00,0.0
2022-07-06 22:15:00,0.0
2022-07-06 22:20:00,0.0
2022-07-06 22:25:00,0.0
2022-07-06 22:30:00,0.0
2022-07-06 22:35:00,0.0
2022-07-06 22:40:00,0.0
2022-07-06 22:45:00,0.0
2022-07-06 22:50:00,0.0
2022-07-06 22:55:00,0.0
2022-07-06 23:00:00,0.0
2022-07-06 23:05:00,0.0
2022-07-06 23:10:00,0.0
2022-07-06 23:15:00,0.0
2022-07-06 23:20:00,0.0
2022-07-06 23:25:00,0.0
2022-07-06 23:30:00,0.0
2022-07-06 23:35:00,0.0
2022-07-06 23:40:00,0.0
2022-07-06 23:45:00,0.0
2022-07-06 23:50:00,0.0
2022-07-06 23:55:00,0.0
2022-07-07 00:00:00,0.0
2022-07-07 00:05:00,0.0
2022-07-07 00:10:00,0.0
2022-07-07 00:15:00,0.0
2022-07-07 00:20:00,0.0
2022-07-07 00:25:00,0.0
2022-07-07 00:30:00,0.0
2022-07-07 00:35:00,0.0
2022-07-07 00:40:00,0.0
2022-07-07 00:45:00,0.0
2022-07-07 00:50:00,0.0
2022-07-07 00:55:00,0.0
2022-07-07 01:00:00,0.0
2022-07-07 01:05:00,0.0
2022-07-07 01:10:00,0.0
2022-07-07 01:15:00,0.0
2022-07-07 01:20:00,0.0
2022-07-07 01:25:00,0.0
2022-07-07 01:30:00,0.0
2022-07-07 01:35:00,0.0
2022-07-07 01:40:00,0.0
2022-07-07 01:45:00,0.0
2022-07-07 01:50:00,0.0
2022-07-07 01:55:00,0.0
2022-07-07 02:00:00,0.0
2022-07-07 02:05:00,0.0
2022-07-07 02:10:00,0.0
2022-07-07 02:15:00,0.0
2022-07-07 02:20:00,0.0
2022-07-07 02:25:00,0.0
2022-07-07 02:30:00,0.0
2022-07-07 02:35:00,0.0
2022-07-07 02:40:00,0.0
2022-07-07 02:45:00,0.0
2022-07-07 02:50:00,0.0
2022-07-07 02:55:00,0.0
2022-07-07 03:00:00,0.0
2022-07-07 03:05:00,0.0
2022-07-07 03:10:00,0.0
2022-07-07 03:15:00,0.0
2022-07-07 03:20:00,0.0
2022-07-07 03:25:00,0.0
2022-07-07 03:30:00,0.0
2022-07-07 03:35:00,0.0
2022-07-07 03:40:00,0.0
2022-07-07 03:45:00,0.0
2022-07-07 03:50:00,0.0
2022-07-07 03:55:00,0.0
2022-07-07 04:00:00,0.0
2022-07-07 04:05:00,0.0
2022-07-07 04:10:00,0.0
2022-07-07 04:15:00,0.0
2022-07-07 04:20:00,0.0
2022-07-07 04:25:00,0.0
2022-07-07 04:30:00,0.0
2022-07-07 04:35:00,0.0
2022-07-07 04:40:00,0.0
2022-07-07 04:45:00,0.0
2022-07-07 04:50:00,0.0
2022-07-07 04:55:00,0.0
2022-07-07 05:00:00,0.0
2022-07-07 05:05:00,0.0
2022-07-07 05:10:00,0.0
2022-07-07 05:15:00,0.0
2022-07-07 05:20:00,0.0
2022-07-07 05:25:00,0.0
2022-07-07 05:30:00,0.0
2022-07-07 05:35:00,0.0
2022-07-07 05:40:00,0.0
2022-07-07 05:45:00,0.0
2022-07-07 05:50:00,0.0
2022-07-07 05:55:00,0.0
2022-07-07 06:00:00,0.0
2022-07-07 06:05:00,0.0
2022-07-07 06:10:00,0.0
2022-07-07 06:15:00,0.0
2022-07-07 06:20:00,0.0
2022-07-07 06:25:00,0.0
2022-07-07 06:30:00,0.0
2022-07-07 06:35:00,0.0
2022-07-07 06:40:00,0.0
2022-07-07 06:45:00,0.0
2022-07-07 06:50:00,0.0
2022-07-07 06:55:00,0.0
2022-07-07 07:00:00,0.0
2022-07-07 07:05:00,0.0
2022-07-07 07:10:00,0.0
2022-07-07 07:15:00,0.0
2022-07-07 07:20:00,0.0
2022-07-07 07:25:00,0.0
2022-07-07 07:30:00,0.0
2022-07-07 07:35:00,0.0
2022-07-07 07:40:00,0.0
2022-07-07 07:45:00,0.0
2022-07-07 07:50:00,0.0
2022-07-07 07:55:00,0.0
2022-07-07 08:00:00,0.0
2022-07-07 08:05:00,0.0
2022-07-07 08:10:00,0.0
2022-07-07 08:15:00,0.0
2022-07-07 08:20:00,0.0
2022-07-07 08:25:00,0.0
2022-07-07 08:30:00,0.0
2022-07-07 08:35:00,0.0
2022-07-07 08:40:00,0.0
2022-07-07 08:45:00,0.0
2022-07-07 08:50:00,0.0
2022-07-07 08:55:00,0.0
2022-07-07 09:00:00,0.0
2022-07-07 09:05:00,14291.362647994802
2022-07-07 09:10:00,20122.82004651013
2022-07-07 09:15:00,-678.546819882022
2022-07-07 09:20:00,-564.0892705495669
2022-07-07 09:25:00,17269.487843627972
2022-07-07 09:30:00,-623.2655337348432
2022-07-07 09:35:00,-555.001733298166
2022-07-07 09:40:00,-509.4408684396628
2022-07-07 09:45:00,17423.729151919462
2022-07-07 09:50:00,-685.617412497366
2022-07-07 09:55:00,20490.92566484212
2022-07-07 10:00:00,0.0
2022-07-07 10:05:00,15079.355588473936
2022-07-07 10:10:00,12378.064997492576
2022-07-07 10:15:00,5183.595628909067
2022-07-07 10:20:00,18975.554318469054
2022-07-07 10:25:00,24535.312881894584
2022-07-07 10:30:00,97.04537833248139
2022-07-07 10:35:00,0.0
2022-07-07 10:40:00,0.0
2022-07-07 10:45:00,0.0
2022-07-07 10:50:00,0.0
2022-07-07 10:55:00,0.0
2022-07-07 11:00:00,0.0
2022-07-07 11:05:00,0.0
2022-07-07 11:10:00,0.0
2022-07-07 11:15:00,0.0
2022-07-07 11:20:00,0.0
2022-07-07 11:25:00,0.0
2022-07-07 11:30:00,0.0
2022-07-07 11:35:00,0.0
2022-07-07 11:40:00,0.0
2022-07-07 11:45:00,0.0
2022-07-07 11:50:00,0.0
2022-07-07 11:55:00,0.0
2022-07-07 12:00:00,0.0
2022-07-07 12:05:00,0.0
2022-07-07 12:10:00,0.0
2022-07-07 12:15:00,0.0
2022-07-07 12:20:00,0.0
2022-07-07 12:25:00,0.0
2022-07-07 12:30:00,6676.46637910556
2022-07-07 12:35:00,18250.142726328406
2022-07-07 12:40:00,-785.5960116295461
2022-07-07 12:45:00,-617.2310848084248
2022-07-07 12:50:00,-593.9716235243608
2022-07-07 12:55:00,18971.544647594885
2022-07-07 13:00:00,5034.374076618985
2022-07-07 13:05:00,-543.1079998385853
2022-07-07 13:10:00,10786.634541018992
2022-07-07 13:15:00,0.0
2022-07-07 13:20:00,13293.693147234597
2022-07-07 13:25:00,-573.5811763761129
2022-07-07 13:30:00,8987.803974266204
2022-07-07 13:35:00,14197.798999068857
2022-07-07 13:40:00,-575.6156699970022
2022-07-07 13:45:00,20116.04943799255
2022-07-07 13:50:00,16674.01264999016
2022-07-07 13:55:00,20364.443577383052
2022-07-07 14:00:00,15165.093421019681
2022-07-07 14:05:00,5727.56173996393
2022-07-07 14:10:00,7064.263702322229
2022-07-07 14:15:00,13778.966176906284
2022-07-07 14:20:00,16715.307496358266
2022-07-07 14:25:00,5498.17663648027
2022-07-07 14:30:00,26723.269629731985
2022-07-07 14:35:00,16458.18005626457
2022-07-07 14:40:00,5602.857654953504
2022-07-07 14:45:00,11349.206376738728
2022-07-07 14:50:00,6591.039728428423
2022-07-07 14:55:00,0.0
2022-07-07 15:00:00,0.0
2022-07-07 15:05:00,0.0
2022-07-07 15:10:00,0.0
2022-07-07 15:15:00,0.0
2022-07-07 15:20:00,0.0
2022-07-07 15:25:00,0.0
2022-07-07 15:30:00,7735.536161296583
2022-07-07 15:35:00,14736.034050906734
2022-07-07 15:40:00,12413.668223619714
2022-07-07 15:45:00,-452.8931124068882
2022-07-07 15:50:00,8070.504281445368
2022-07-07 15:55:00,15345.722135774573
2022-07-07 16:00:00,15907.978332678684
2022-07-07 16:05:00,15951.805659293688
2022-07-07 16:10:00,21214.083173479758
2022-07-07 16:15:00,12368.10209915589
2022-07-07 16:20:00,14839.733413623258
2022-07-07 16:25:00,12417.368072132947
2022-07-07 16:30:00,9576.812620994848
2022-07-07 16:35:00,13031.995555443982
2022-07-07 16:40:00,10779.563213967867
2022-07-07 16:45:00,11930.517238365524
2022-07-07 16:50:00,14003.724438473115
2022-07-07 16:55:00,16481.09760066977
2022-07-07 17:00:00,18865.123990473083
2022-07-07 17:05:00,15958.10188847683
2022-07-07 17:10:00,10715.777195464998
2022-07-07 17:15:00,12824.309485900012
2022-07-07 17:20:00,13545.488793233888
2022-07-07 17:25:00,12028.25704701411
2022-07-07 17:30:00,5629.248441256085
2022-07-07 17:35:00,7101.902508968078
2022-07-07 17:40:00,11420.204770366201
2022-07-07 17:45:00,13329.367322124986
2022-07-07 17:50:00,7684.946378772347
2022-07-07 17:55:00,8198.87515358571
2022-07-07 18:00:00,20794.62062958189
2022-07-07 18:05:00,16244.160140998269
2022-07-07 18:10:00,6438.753044227158
2022-07-07 18:15:00,6463.091252109747
2022-07-07 18:20:00,8365.448247109478
2022-07-07 18:25:00,9749.289821363682
2022-07-07 18:30:00,9633.78314312304
2022-07-07 18:35:00,9393.161406753263
2022-07-07 18:40:00,10232.804617221467
2022-07-07 18:45:00,9116.535824802106
2022-07-07 18:50:00,891.6733835340382
2022-07-07 18:55:00,-407.71097682596456
2022-07-07 19:00:00,0.0
2022-07-07 19:05:00,0.0
2022-07-07 19:10:00,0.0
2022-07-07 19:15:00,0.0
2022-07-07 19:20:00,0.0
2022-07-07 19:25:00,0.0
2022-07-07 19:30:00,0.0
2022-07-07 19:35:00,0.0
2022-07-07 19:40:00,0.0
2022-07-07 19:45:00,0.0
2022-07-07 19:50:00,0.0
2022-07-07 19:55:00,0.0
2022-07-07 20:00:00,0.0
2022-07-07 20:05:00,0.0
2022-07-07 20:10:00,0.0
2022-07-07 20:15:00,0.0
2022-07-07 20:20:00,0.0
2022-07-07 20:25:00,0.0
2022-07-07 20:30:00,0.0
2022-07-07 20:35:00,0.0
2022-07-07 20:40:00,0.0
2022-07-07 20:45:00,0.0
2022-07-07 20:50:00,0.0
2022-07-07 20:55:00,0.0
2022-07-07 21:00:00,0.0
2022-07-07 21:05:00,0.0
2022-07-07 21:10:00,0.0
2022-07-07 21:15:00,0.0
2022-07-07 21:20:00,0.0
2022-07-07 21:25:00,0.0
2022-07-07 21:30:00,0.0
2022-07-07 21:35:00,0.0
2022-07-07 21:40:00,0.0
2022-07-07 21:45:00,0.0
2022-07-07 21:50:00,0.0
2022-07-07 21:55:00,0.0
2022-07-07 22:00:00,0.0
2022-07-07 22:05:00,0.0
2022-07-07 22:10:00,0.0
2022-07-07 22:15:00,0.0
2022-07-07 22:20:00,0.0
2022-07-07 22:25:00,0.0
2022-07-07 22:30:00,0.0
2022-07-07 22:35:00,0.0
2022-07-07 22:40:00,0.0
2022-07-07 22:45:00,0.0
2022-07-07 22:50:00,0.0
2022-07-07 22:55:00,0.0
2022-07-07 23:00:00,0.0
2022-07-07 23:05:00,0.0
2022-07-07 23:10:00,0.0
2022-07-07 23:15:00,0.0
2022-07-07 23:20:00,0.0
2022-07-07 23:25:00,0.0
2022-07-07 23:30:00,0.0
2022-07-07 23:35:00,0.0
2022-07-07 23:40:00,0.0
2022-07-07 23:45:00,0.0
2022-07-07 23:50:00,0.0
2022-07-07 23:55:00,0.0
2022-07-08 00:00:00,0.0
2022-07-08 00:05:00,0.0
2022-07-08 00:10:00,0.0
2022-07-08 00:15:00,0.0
2022-07-08 00:20:00,0.0
2022-07-08 00:25:00,0.0
2022-07-08 00:30:00,0.0
2022-07-08 00:35:00,0.0
2022-07-08 00:40:00,0.0
2022-07-08 00:45:00,0.0
2022-07-08 00:50:00,0.0
2022-07-08 00:55:00,0.0
2022-07-08 01:00:00,0.0
2022-07-08 01:05:00,0.0
2022-07-08 01:10:00,0.0
2022-07-08 01:15:00,0.0
2022-07-08 01:20:00,0.0
2022-07-08 01:25:00,0.0
2022-07-08 01:30:00,0.0
2022-07-08 01:35:00,0.0
2022-07-08 01:40:00,0.0
2022-07-08 01:45:00,0.0
2022-07-08 01:50:00,0.0
2022-07-08 01:55:00,0.0
2022-07-08 02:00:00,0.0
2022-07-08 02:05:00,0.0
2022-07-08 02:10:00,0.0
2022-07-08 02:15:00,0.0
2022-07-08 02:20:00,0.0
2022-07-08 02:25:00,0.0
2022-07-08 02:30:00,0.0
2022-07-08 02:35:00,0.0
2022-07-08 02:40:00,0.0
2022-07-08 02:45:00,0.0
2022-07-08 02:50:00,0.0
2022-07-08 02:55:00,0.0
2022-07-08 03:00:00,0.0
2022-07-08 03:05:00,0.0
2022-07-08 03:10:00,0.0
2022-07-08 03:15:00,0.0
2022-07-08 03:20:00,0.0
2022-07-08 03:25:00,0.0
2022-07-08 03:30:00,0.0
2022-07-08 03:35:00,0.0
2022-07-08 03:40:00,0.0
2022-07-08 03:45:00,0.0
2022-07-08 03:50:00,0.0
2022-07-08 03:55:00,0.0
2022-07-08 04:00:00,0.0
2022-07-08 04:05:00,0.0
2022-07-08 04:10:00,0.0
2022-07-08 04:15:00,0.0
2022-07-08 04:20:00,0.0
2022-07-08 04:25:00,0.0
2022-07-08 04:30:00,0.0
2022-07-08 04:35:00,0.0
2022-07-08 04:40:00,0.0
2022-07-08 04:45:00,0.0
2022-07-08 04:50:00,0.0
2022-07-08 04:55:00,0.0
2022-07-08 05:00:00,0.0
2022-07-08 05:05:00,0.0
2022-07-08 05:10:00,0.0
2022-07-08 05:15:00,0.0
2022-07-08 05:20:00,0.0
2022-07-08 05:25:00,0.0
2022-07-08 05:30:00,0.0
2022-07-08 05:35:00,0.0
2022-07-08 05:40:00,0.0
2022-07-08 05:45:00,0.0
2022-07-08 05:50:00,0.0
2022-07-08 05:55:00,0.0
2022-07-08 06:00:00,0.0
2022-07-08 06:05:00,0.0
2022-07-08 06:10:00,0.0
2022-07-08 06:15:00,0.0
2022-07-08 06:20:00,0.0
2022-07-08 06:25:00,0.0
2022-07-08 06:30:00,0.0
2022-07-08 06:35:00,0.0
2022-07-08 06:40:00,0.0
2022-07-08 06:45:00,0.0
2022-07-08 06:50:00,0.0
2022-07-08 06:55:00,0.0
2022-07-08 07:00:00,0.0
2022-07-08 07:05:00,0.0
2022-07-08 07:10:00,0.0
2022-07-08 07:15:00,0.0
2022-07-08 07:20:00,0.0
2022-07-08 07:25:00,0.0
2022-07-08 07:30:00,0.0
2022-07-08 07:35:00,0.0
2022-07-08 07:40:00,0.0
2022-07-08 07:45:00,0.0
2022-07-08 07:50:00,0.0
2022-07-08 07:55:00,0.0
2022-07-08 08:00:00,0.0
2022-07-08 08:05:00,0.0
2022-07-08 08:10:00,0.0
2022-07-08 08:15:00,0.0
2022-07-08 08:20:00,0.0
2022-07-08 08:25:00,0.0
2022-07-08 08:30:00,0.0
2022-07-08 08:35:00,0.0
2022-07-08 08:40:00,0.0
2022-07-08 08:45:00,0.0
2022-07-08 08:50:00,0.0
2022-07-08 08:55:00,0.0
2022-07-08 09:00:00,11905.379560396037
2022-07-08 09:05:00,20185.489262927345
2022-07-08 09:10:00,19970.24888301875
2022-07-08 09:15:00,16899.23450065935
2022-07-08 09:20:00,-651.1031200829997
2022-07-08 09:25:00,17723.516925388023
2022-07-08 09:30:00,0.0
2022-07-08 09:35:00,0.0
2022-07-08 09:40:00,0.0
2022-07-08 09:45:00,10923.579812140058
2022-07-08 09:50:00,18518.209095733357
2022-07-08 09:55:00,16880.806955972414
2022-07-08 10:00:00,19828.10533644414
2022-07-08 10:05:00,21247.436736285086
2022-07-08 10:10:00,2415.4153402230872
2022-07-08 10:15:00,20092.87424996837
2022-07-08 10:20:00,20147.20756740056
2022-07-08 10:25:00,14333.386702495907
2022-07-08 10:30:00,0.0
2022-07-08 10:35:00,0.0
2022-07-08 10:40:00,0.0
2022-07-08 10:45:00,0.0
2022-07-08 10:50:00,0.0
2022-07-08 10:55:00,0.0
2022-07-08 11:00:00,0.0
2022-07-08 11:05:00,0.0
2022-07-08 11:10:00,0.0
2022-07-08 11:15:00,0.0
2022-07-08 11:20:00,0.0
2022-07-08 11:25:00,0.0
2022-07-08 11:30:00,0.0
2022-07-08 11:35:00,0.0
2022-07-08 11:40:00,12885.171591394163
2022-07-08 11:45:00,20189.14718313024
2022-07-08 11:50:00,17792.77165620719
2022-07-08 11:55:00,7548.584486064777
2022-07-08 12:00:00,8074.93108925929
2022-07-08 12:05:00,20087.769155396058
2022-07-08 12:10:00,26823.855704548998
2022-07-08 12:15:00,6616.102116763342
2022-07-08 12:20:00,0.0
2022-07-08 12:25:00,351.18985768522145
2022-07-08 12:30:00,14757.386778351763
2022-07-08 12:35:00,-774.2020123424428
2022-07-08 12:40:00,-689.4438886460736
2022-07-08 12:45:00,-665.0281262561343
2022-07-08 12:50:00,-640.6713257348324
2022-07-08 12:55:00,-615.7853060557521
2022-07-08 13:00:00,-550.1582488587325
2022-07-08 13:05:00,-434.1271796153046
2022-07-08 13:10:00,-246.4128316253144
2022-07-08 13:15:00,
2022-07-08 13:20:00,-99.94765262708573
2022-07-08 13:25:00,0.0
2022-07-08 13:30:00,0.0
2022-07-08 13:35:00,0.0
2022-07-08 13:40:00,0.0
2022-07-08 13:45:00,0.0
2022-07-08 13:50:00,
2022-07-08 13:55:00,17837.767819097746
2022-07-08 14:00:00,18748.238480072232
2022-07-08 14:05:00,17591.112991012793
2022-07-08 14:10:00,17194.527470609522
2022-07-08 14:15:00,11423.956124074499
2022-07-08 14:20:00,6685.881696480528
2022-07-08 14:25:00,19868.590913058008
2022-07-08 14:30:00,17524.570739754672
2022-07-08 14:35:00,0.0
2022-07-08 14:40:00,0.0
2022-07-08 14:45:00,0.0
2022-07-08 14:50:00,0.0
2022-07-08 14:55:00,0.0
2022-07-08 15:00:00,0.0
2022-07-08 15:05:00,0.0
2022-07-08 15:10:00,0.0
2022-07-08 15:15:00,0.0
2022-07-08 15:20:00,0.0
2022-07-08 15:25:00,0.0
2022-07-08 15:30:00,0.0
2022-07-08 15:35:00,0.0
2022-07-08 15:40:00,0.0
2022-07-08 15:45:00,0.0
2022-07-08 15:50:00,0.0
2022-07-08 15:55:00,0.0
2022-07-08 16:00:00,0.0
2022-07-08 16:05:00,6876.109010552723
2022-07-08 16:10:00,22834.853258154977
2022-07-08 16:15:00,22833.195207684454
2022-07-08 16:20:00,18370.404104442896
2022-07-08 16:25:00,5695.306640918737
2022-07-08 16:30:00,21463.831008851037
2022-07-08 16:35:00,21556.91574732976
2022-07-08 16:40:00,17692.141856112255
2022-07-08 16:45:00,1652.123940782221
2022-07-08 16:50:00,18740.399193611778
2022-07-08 16:55:00,2202.1449025388206
2022-07-08 17:00:00,0.0
2022-07-08 17:05:00,0.0
2022-07-08 17:10:00,0.0
2022-07-08 17:15:00,0.0
2022-07-08 17:20:00,0.0
2022-07-08 17:25:00,0.0
2022-07-08 17:30:00,0.0
2022-07-08 17:35:00,0.0
2022-07-08 17:40:00,0.0
2022-07-08 17:45:00,0.0
2022-07-08 17:50:00,0.0
2022-07-08 17:55:00,0.0
2022-07-08 18:00:00,0.0
2022-07-08 18:05:00,0.0
2022-07-08 18:10:00,0.0
2022-07-08 18:15:00,0.0
2022-07-08 18:20:00,0.0
2022-07-08 18:25:00,0.0
2022-07-08 18:30:00,0.0
2022-07-08 18:35:00,0.0
2022-07-08 18:40:00,0.0
2022-07-08 18:45:00,0.0
2022-07-08 18:50:00,0.0
2022-07-08 18:55:00,0.0
2022-07-08 19:00:00,0.0
2022-07-08 19:05:00,0.0
2022-07-08 19:10:00,0.0
2022-07-08 19:15:00,0.0
2022-07-08 19:20:00,0.0
2022-07-08 19:25:00,0.0
2022-07-08 19:30:00,0.0
2022-07-08 19:35:00,0.0
2022-07-08 19:40:00,0.0
2022-07-08 19:45:00,0.0
2022-07-08 19:50:00,0.0
2022-07-08 19:55:00,0.0
2022-07-08 20:00:00,0.0
2022-07-08 20:05:00,0.0
2022-07-08 20:10:00,0.0
2022-07-08 20:15:00,0.0
2022-07-08 20:20:00,0.0
2022-07-08 20:25:00,0.0
2022-07-08 20:30:00,0.0
2022-07-08 20:35:00,0.0
2022-07-08 20:40:00,0.0
2022-07-08 20:45:00,0.0
2022-07-08 20:50:00,0.0
2022-07-08 20:55:00,0.0
2022-07-08 21:00:00,0.0
2022-07-08 21:05:00,0.0
2022-07-08 21:10:00,0.0
2022-07-08 21:15:00,0.0
2022-07-08 21:20:00,0.0
2022-07-08 21:25:00,0.0
2022-07-08 21:30:00,0.0
2022-07-08 21:35:00,0.0
2022-07-08 21:40:00,0.0
2022-07-08 21:45:00,0.0
2022-07-08 21:50:00,0.0
2022-07-08 21:55:00,0.0
2022-07-08 22:00:00,0.0
2022-07-08 22:05:00,0.0
2022-07-08 22:10:00,0.0
2022-07-08 22:15:00,0.0
2022-07-08 22:20:00,0.0
2022-07-08 22:25:00,0.0
2022-07-08 22:30:00,0.0
2022-07-08 22:35:00,0.0
2022-07-08 22:40:00,0.0
2022-07-08 22:45:00,0.0
2022-07-08 22:50:00,0.0
2022-07-08 22:55:00,0.0
2022-07-08 23:00:00,0.0
2022-07-08 23:05:00,0.0
2022-07-08 23:10:00,0.0
2022-07-08 23:15:00,0.0
2022-07-08 23:20:00,0.0
2022-07-08 23:25:00,0.0
2022-07-08 23:30:00,0.0
2022-07-08 23:35:00,0.0
2022-07-08 23:40:00,0.0
2022-07-08 23:45:00,0.0
2022-07-08 23:50:00,0.0
2022-07-08 23:55:00,0.0
2022-07-09 00:00:00,0.0
2022-07-09 00:05:00,0.0
2022-07-09 00:10:00,0.0
2022-07-09 00:15:00,0.0
2022-07-09 00:20:00,0.0
2022-07-09 00:25:00,0.0
2022-07-09 00:30:00,0.0
2022-07-09 00:35:00,0.0
2022-07-09 00:40:00,0.0
2022-07-09 00:45:00,0.0
2022-07-09 00:50:00,0.0
2022-07-09 00:55:00,0.0
2022-07-09 01:00:00,0.0
2022-07-09 01:05:00,0.0
2022-07-09 01:10:00,0.0
2022-07-09 01:15:00,0.0
2022-07-09 01:20:00,0.0
2022-07-09 01:25:00,0.0
2022-07-09 01:30:00,0.0
2022-07-09 01:35:00,0.0
2022-07-09 01:40:00,0.0
2022-07-09 01:45:00,0.0
2022-07-09 01:50:00,0.0
2022-07-09 01:55:00,0.0
2022-07-09 02:00:00,0.0
2022-07-09 02:05:00,0.0
2022-07-09 02:10:00,0.0
2022-07-09 02:15:00,0.0
2022-07-09 02:20:00,0.0
2022-07-09 02:25:00,0.0
2022-07-09 02:30:00,0.0
2022-07-09 02:35:00,0.0
2022-07-09 02:40:00,0.0
2022-07-09 02:45:00,0.0
2022-07-09 02:50:00,0.0
2022-07-09 02:55:00,0.0
2022-07-09 03:00:00,0.0
2022-07-09 03:05:00,0.0
2022-07-09 03:10:00,0.0
2022-07-09 03:15:00,0.0
2022-07-09 03:20:00,0.0
2022-07-09 03:25:00,0.0
2022-07-09 03:30:00,0.0
2022-07-09 03:35:00,0.0
2022-07-09 03:40:00,0.0
2022-07-09 03:45:00,0.0
2022-07-09 03:50:00,0.0
2022-07-09 03:55:00,0.0
2022-07-09 04:00:00,0.0
2022-07-09 04:05:00,0.0
2022-07-09 04:10:00,0.0
2022-07-09 04:15:00,0.0
2022-07-09 04:20:00,0.0
2022-07-09 04:25:00,0.0
2022-07-09 04:30:00,0.0
2022-07-09 04:35:00,0.0
2022-07-09 04:40:00,0.0
2022-07-09 04:45:00,0.0
2022-07-09 04:50:00,0.0
2022-07-09 04:55:00,0.0
2022-07-09 05:00:00,0.0
2022-07-09 05:05:00,0.0
2022-07-09 05:10:00,0.0
2022-07-09 05:15:00,0.0
2022-07-09 05:20:00,0.0
2022-07-09 05:25:00,0.0
2022-07-09 05:30:00,0.0
2022-07-09 05:35:00,0.0
2022-07-09 05:40:00,0.0
2022-07-09 05:45:00,0.0
2022-07-09 05:50:00,0.0
2022-07-09 05:55:00,0.0
2022-07-09 06:00:00,0.0
2022-07-09 06:05:00,0.0
2022-07-09 06:10:00,0.0
2022-07-09 06:15:00,0.0
2022-07-09 06:20:00,0.0
2022-07-09 06:25:00,0.0
2022-07-09 06:30:00,0.0
2022-07-09 06:35:00,0.0
2022-07-09 06:40:00,0.0
2022-07-09 06:45:00,0.0
2022-07-09 06:50:00,0.0
2022-07-09 06:55:00,0.0
2022-07-09 07:00:00,0.0
2022-07-09 07:05:00,0.0
2022-07-09 07:10:00,0.0
2022-07-09 07:15:00,0.0
2022-07-09 07:20:00,0.0
2022-07-09 07:25:00,0.0
2022-07-09 07:30:00,0.0
2022-07-09 07:35:00,0.0
2022-07-09 07:40:00,0.0
2022-07-09 07:45:00,0.0
2022-07-09 07:50:00,0.0
2022-07-09 07:55:00,0.0
2022-07-09 08:00:00,0.0
2022-07-09 08:05:00,0.0
2022-07-09 08:10:00,0.0
2022-07-09 08:15:00,0.0
2022-07-09 08:20:00,0.0
2022-07-09 08:25:00,0.0
2022-07-09 08:30:00,0.0
2022-07-09 08:35:00,0.0
2022-07-09 08:40:00,0.0
2022-07-09 08:45:00,0.0
2022-07-09 08:50:00,0.0
2022-07-09 08:55:00,0.0
2022-07-09 09:00:00,0.0
2022-07-09 09:05:00,0.0
2022-07-09 09:10:00,0.0
2022-07-09 09:15:00,0.0
2022-07-09 09:20:00,0.0
2022-07-09 09:25:00,0.0
2022-07-09 09:30:00,0.0
2022-07-09 09:35:00,0.0
2022-07-09 09:40:00,0.0
2022-07-09 09:45:00,0.0
2022-07-09 09:50:00,0.0
2022-07-09 09:55:00,0.0
2022-07-09 10:00:00,
2022-07-09 10:05:00,19083.40974209253
2022-07-09 10:10:00,17269.19924934112
2022-07-09 10:15:00,19882.108457944152
2022-07-09 10:20:00,21762.169320959478
2022-07-09 10:25:00,26695.356175399935
2022-07-09 10:30:00,24566.539789555227
2022-07-09 10:35:00,26596.21962450901
2022-07-09 10:40:00,27625.62434986094
2022-07-09 10:45:00,12694.658527018044
2022-07-09 10:50:00,9782.214626821284
2022-07-09 10:55:00,20287.859118518845
2022-07-09 11:00:00,11081.197238992017
2022-07-09 11:05:00,8733.486143973372
2022-07-09 11:10:00,15582.203057860912
2022-07-09 11:15:00,13512.388446149944
2022-07-09 11:20:00,4229.656009325144
2022-07-09 11:25:00,14101.1752383377
2022-07-09 11:30:00,16597.18025826566
2022-07-09 11:35:00,2564.2248247659563
2022-07-09 11:40:00,17067.615434299525
2022-07-09 11:45:00,10139.910926596951
2022-07-09 11:50:00,14209.808479299261
2022-07-09 11:55:00,4436.288506237689
2022-07-09 12:00:00,-663.3550044541553
2022-07-09 12:05:00,0.0
2022-07-09 12:10:00,0.0
2022-07-09 12:15:00,0.0
2022-07-09 12:20:00,0.0
2022-07-09 12:25:00,0.0
2022-07-09 12:30:00,0.0
2022-07-09 12:35:00,7537.100167069793
2022-07-09 12:40:00,19647.610217327856
2022-07-09 12:45:00,-669.6891271049291
2022-07-09 12:50:00,-653.7280016159237
2022-07-09 12:55:00,-645.2007470932635
2022-07-09 13:00:00,-619.9762423201729
2022-07-09 13:05:00,-568.2514955499752
2022-07-09 13:10:00,-422.53264895098164
2022-07-09 13:15:00,16352.549648635215
2022-07-09 13:20:00,4767.751040706154
2022-07-09 13:25:00,-661.600294656364
2022-07-09 13:30:00,-693.9973022950754
2022-07-09 13:35:00,0.0
2022-07-09 13:40:00,0.0
2022-07-09 13:45:00,0.0
2022-07-09 13:50:00,0.0
2022-07-09 13:55:00,0.0
2022-07-09 14:00:00,0.0
2022-07-09 14:05:00,0.0
2022-07-09 14:10:00,0.0
2022-07-09 14:15:00,0.0
2022-07-09 14:20:00,0.0
2022-07-09 14:25:00,0.0
2022-07-09 14:30:00,0.0
2022-07-09 14:35:00,0.0
2022-07-09 14:40:00,0.0
2022-07-09 14:45:00,0.0
2022-07-09 14:50:00,0.0
2022-07-09 14:55:00,0.0
2022-07-09 15:00:00,0.0
2022-07-09 15:05:00,0.0
2022-07-09 15:10:00,0.0
2022-07-09 15:15:00,0.0
2022-07-09 15:20:00,0.0
2022-07-09 15:25:00,0.0
2022-07-09 15:30:00,0.0
2022-07-09 15:35:00,0.0
2022-07-09 15:40:00,0.0
2022-07-09 15:45:00,0.0
2022-07-09 15:50:00,0.0
2022-07-09 15:55:00,0.0
2022-07-09 16:00:00,0.0
2022-07-09 16:05:00,0.0
2022-07-09 16:10:00,0.0
2022-07-09 16:15:00,6412.710590162174
2022-07-09 16:20:00,5881.594087019076
2022-07-09 16:25:00,12108.455369548508
2022-07-09 16:30:00,6759.369134709986
2022-07-09 16:35:00,-734.6970476201778
2022-07-09 16:40:00,0.0
2022-07-09 16:45:00,0.0
2022-07-09 16:50:00,0.0
2022-07-09 16:55:00,0.0
2022-07-09 17:00:00,0.0
2022-07-09 17:05:00,0.0
2022-07-09 17:10:00,0.0
2022-07-09 17:15:00,0.0
2022-07-09 17:20:00,0.0
2022-07-09 17:25:00,0.0
2022-07-09 17:30:00,0.0
2022-07-09 17:35:00,0.0
2022-07-09 17:40:00,0.0
2022-07-09 17:45:00,0.0
2022-07-09 17:50:00,0.0
2022-07-09 17:55:00,0.0
2022-07-09 18:00:00,0.0
2022-07-09 18:05:00,0.0
2022-07-09 18:10:00,0.0
2022-07-09 18:15:00,0.0
2022-07-09 18:20:00,0.0
2022-07-09 18:25:00,0.0
2022-07-09 18:30:00,0.0
2022-07-09 18:35:00,0.0
2022-07-09 18:40:00,0.0
2022-07-09 18:45:00,0.0
2022-07-09 18:50:00,0.0
2022-07-09 18:55:00,0.0
2022-07-09 19:00:00,0.0
2022-07-09 19:05:00,0.0
2022-07-09 19:10:00,0.0
2022-07-09 19:15:00,0.0
2022-07-09 19:20:00,0.0
2022-07-09 19:25:00,0.0
2022-07-09 19:30:00,0.0
2022-07-09 19:35:00,0.0
2022-07-09 19:40:00,0.0
2022-07-09 19:45:00,0.0
2022-07-09 19:50:00,0.0
2022-07-09 19:55:00,
2022-07-09 20:00:00,0.0
2022-07-09 20:05:00,0.0
2022-07-09 20:10:00,0.0
2022-07-09 20:15:00,0.0
2022-07-09 20:20:00,0.0
2022-07-09 20:25:00,0.0
2022-07-09 20:30:00,0.0
2022-07-09 20:35:00,0.0
2022-07-09 20:40:00,0.0
2022-07-09 20:45:00,0.0
2022-07-09 20:50:00,0.0
2022-07-09 20:55:00,0.0
2022-07-09 21:00:00,0.0
2022-07-09 21:05:00,0.0
2022-07-09 21:10:00,0.0
2022-07-09 21:15:00,0.0
2022-07-09 21:20:00,0.0
2022-07-09 21:25:00,0.0
2022-07-09 21:30:00,0.0
2022-07-09 21:35:00,0.0
2022-07-09 21:40:00,0.0
2022-07-09 21:45:00,0.0
2022-07-09 21:50:00,0.0
2022-07-09 21:55:00,0.0
2022-07-09 22:00:00,0.0
2022-07-09 22:05:00,0.0
2022-07-09 22:10:00,0.0
2022-07-09 22:15:00,0.0
2022-07-09 22:20:00,0.0
2022-07-09 22:25:00,0.0
2022-07-09 22:30:00,0.0
2022-07-09 22:35:00,0.0
2022-07-09 22:40:00,0.0
2022-07-09 22:45:00,0.0
2022-07-09 22:50:00,0.0
2022-07-09 22:55:00,0.0
2022-07-09 23:00:00,0.0
2022-07-09 23:05:00,0.0
2022-07-09 23:10:00,0.0
2022-07-09 23:15:00,0.0
2022-07-09 23:20:00,0.0
2022-07-09 23:25:00,0.0
2022-07-09 23:30:00,0.0
2022-07-09 23:35:00,0.0
2022-07-09 23:40:00,0.0
2022-07-09 23:45:00,0.0
2022-07-09 23:50:00,0.0
2022-07-09 23:55:00,0.0
2022-07-10 00:00:00,0.0
2022-07-10 00:05:00,0.0
2022-07-10 00:10:00,0.0
2022-07-10 00:15:00,0.0
2022-07-10 00:20:00,0.0
2022-07-10 00:25:00,0.0
2022-07-10 00:30:00,0.0
2022-07-10 00:35:00,0.0
2022-07-10 00:40:00,0.0
2022-07-10 00:45:00,0.0
2022-07-10 00:50:00,0.0
2022-07-10 00:55:00,0.0
2022-07-10 01:00:00,0.0
2022-07-10 01:05:00,0.0
2022-07-10 01:10:00,0.0
2022-07-10 01:15:00,0.0
2022-07-10 01:20:00,0.0
2022-07-10 01:25:00,0.0
2022-07-10 01:30:00,0.0
2022-07-10 01:35:00,0.0
2022-07-10 01:40:00,0.0
2022-07-10 01:45:00,0.0
2022-07-10 01:50:00,0.0
2022-07-10 01:55:00,0.0
2022-07-10 02:00:00,0.0
2022-07-10 02:05:00,0.0
2022-07-10 02:10:00,0.0
2022-07-10 02:15:00,0.0
2022-07-10 02:20:00,0.0
2022-07-10 02:25:00,0.0
2022-07-10 02:30:00,0.0
2022-07-10 02:35:00,0.0
2022-07-10 02:40:00,0.0
2022-07-10 02:45:00,0.0
2022-07-10 02:50:00,0.0
2022-07-10 02:55:00,0.0
2022-07-10 03:00:00,0.0
2022-07-10 03:05:00,0.0
2022-07-10 03:10:00,0.0
2022-07-10 03:15:00,0.0
2022-07-10 03:20:00,0.0
2022-07-10 03:25:00,0.0
2022-07-10 03:30:00,0.0
2022-07-10 03:35:00,0.0
2022-07-10 03:40:00,0.0
2022-07-10 03:45:00,0.0
2022-07-10 03:50:00,0.0
2022-07-10 03:55:00,0.0
2022-07-10 04:00:00,0.0
2022-07-10 04:05:00,0.0
2022-07-10 04:10:00,0.0
2022-07-10 04:15:00,0.0
2022-07-10 04:20:00,0.0
2022-07-10 04:25:00,0.0
2022-07-10 04:30:00,0.0
2022-07-10 04:35:00,0.0
2022-07-10 04:40:00,0.0
2022-07-10 04:45:00,0.0
2022-07-10 04:50:00,0.0
2022-07-10 04:55:00,0.0
2022-07-10 05:00:00,0.0
2022-07-10 05:05:00,0.0
2022-07-10 05:10:00,0.0
2022-07-10 05:15:00,0.0
2022-07-10 05:20:00,0.0
2022-07-10 05:25:00,0.0
2022-07-10 05:30:00,0.0
2022-07-10 05:35:00,0.0
2022-07-10 05:40:00,0.0
2022-07-10 05:45:00,0.0
2022-07-10 05:50:00,0.0
2022-07-10 05:55:00,0.0
2022-07-10 06:00:00,0.0
2022-07-10 06:05:00,0.0
2022-07-10 06:10:00,0.0
2022-07-10 06:15:00,0.0
2022-07-10 06:20:00,0.0
2022-07-10 06:25:00,0.0
2022-07-10 06:30:00,0.0
2022-07-10 06:35:00,0.0
2022-07-10 06:40:00,0.0
2022-07-10 06:45:00,0.0
2022-07-10 06:50:00,0.0
2022-07-10 06:55:00,0.0
2022-07-10 07:00:00,0.0
2022-07-10 07:05:00,0.0
2022-07-10 07:10:00,0.0
2022-07-10 07:15:00,0.0
2022-07-10 07:20:00,0.0
2022-07-10 07:25:00,0.0
2022-07-10 07:30:00,0.0
2022-07-10 07:35:00,0.0
2022-07-10 07:40:00,0.0
2022-07-10 07:45:00,0.0
2022-07-10 07:50:00,0.0
2022-07-10 07:55:00,0.0
2022-07-10 08:00:00,0.0
2022-07-10 08:05:00,0.0
2022-07-10 08:10:00,0.0
2022-07-10 08:15:00,0.0
2022-07-10 08:20:00,0.0
2022-07-10 08:25:00,0.0
2022-07-10 08:30:00,0.0
2022-07-10 08:35:00,0.0
2022-07-10 08:40:00,0.0
2022-07-10 08:45:00,0.0
2022-07-10 08:50:00,0.0
2022-07-10 08:55:00,0.0
2022-07-10 09:00:00,0.0
2022-07-10 09:05:00,0.0
2022-07-10 09:10:00,0.0
2022-07-10 09:15:00,0.0
2022-07-10 09:20:00,0.0
2022-07-10 09:25:00,0.0
2022-07-10 09:30:00,0.0
2022-07-10 09:35:00,0.0
2022-07-10 09:40:00,0.0
2022-07-10 09:45:00,0.0
2022-07-10 09:50:00,0.0
2022-07-10 09:55:00,0.0
2022-07-10 10:00:00,0.0
2022-07-10 10:05:00,0.0
2022-07-10 10:10:00,0.0
2022-07-10 10:15:00,0.0
2022-07-10 10:20:00,0.0
2022-07-10 10:25:00,0.0
2022-07-10 10:30:00,0.0
2022-07-10 10:35:00,0.0
2022-07-10 10:40:00,0.0
2022-07-10 10:45:00,0.0
2022-07-10 10:50:00,0.0
2022-07-10 10:55:00,0.0
2022-07-10 11:00:00,0.0
2022-07-10 11:05:00,0.0
2022-07-10 11:10:00,0.0
2022-07-10 11:15:00,0.0
2022-07-10 11:20:00,0.0
2022-07-10 11:25:00,0.0
2022-07-10 11:30:00,0.0
2022-07-10 11:35:00,0.0
2022-07-10 11:40:00,0.0
2022-07-10 11:45:00,0.0
2022-07-10 11:50:00,0.0
2022-07-10 11:55:00,0.0
2022-07-10 12:00:00,0.0
2022-07-10 12:05:00,0.0
2022-07-10 12:10:00,0.0
2022-07-10 12:15:00,0.0
2022-07-10 12:20:00,0.0
2022-07-10 12:25:00,0.0
2022-07-10 12:30:00,0.0
2022-07-10 12:35:00,0.0
2022-07-10 12:40:00,0.0
2022-07-10 12:45:00,0.0
2022-07-10 12:50:00,0.0
2022-07-10 12:55:00,0.0
2022-07-10 13:00:00,0.0
2022-07-10 13:05:00,0.0
2022-07-10 13:10:00,0.0
2022-07-10 13:15:00,0.0
2022-07-10 13:20:00,0.0
2022-07-10 13:25:00,0.0
2022-07-10 13:30:00,0.0
2022-07-10 13:35:00,0.0
2022-07-10 13:40:00,0.0
2022-07-10 13:45:00,0.0
2022-07-10 13:50:00,0.0
2022-07-10 13:55:00,0.0
2022-07-10 14:00:00,0.0
2022-07-10 14:05:00,0.0
2022-07-10 14:10:00,0.0
2022-07-10 14:15:00,0.0
2022-07-10 14:20:00,0.0
2022-07-10 14:25:00,0.0
2022-07-10 14:30:00,0.0
2022-07-10 14:35:00,0.0
2022-07-10 14:40:00,0.0
2022-07-10 14:45:00,0.0
2022-07-10 14:50:00,0.0
2022-07-10 14:55:00,0.0
2022-07-10 15:00:00,0.0
2022-07-10 15:05:00,0.0
2022-07-10 15:10:00,0.0
2022-07-10 15:15:00,0.0
2022-07-10 15:20:00,0.0
2022-07-10 15:25:00,0.0
2022-07-10 15:30:00,0.0
2022-07-10 15:35:00,0.0
2022-07-10 15:40:00,0.0
2022-07-10 15:45:00,0.0
2022-07-10 15:50:00,0.0
2022-07-10 15:55:00,0.0
2022-07-10 16:00:00,0.0
2022-07-10 16:05:00,0.0
2022-07-10 16:10:00,0.0
2022-07-10 16:15:00,0.0
2022-07-10 16:20:00,0.0
2022-07-10 16:25:00,0.0
2022-07-10 16:30:00,0.0
2022-07-10 16:35:00,0.0
2022-07-10 16:40:00,0.0
2022-07-10 16:45:00,0.0
2022-07-10 16:50:00,0.0
2022-07-10 16:55:00,0.0
2022-07-10 17:00:00,0.0
2022-07-10 17:05:00,0.0
2022-07-10 17:10:00,0.0
2022-07-10 17:15:00,0.0
2022-07-10 17:20:00,0.0
2022-07-10 17:25:00,0.0
2022-07-10 17:30:00,0.0
2022-07-10 17:35:00,0.0
2022-07-10 17:40:00,0.0
2022-07-10 17:45:00,0.0
2022-07-10 17:50:00,0.0
2022-07-10 17:55:00,0.0
2022-07-10 18:00:00,0.0
2022-07-10 18:05:00,0.0
2022-07-10 18:10:00,0.0
2022-07-10 18:15:00,0.0
2022-07-10 18:20:00,0.0
2022-07-10 18:25:00,0.0
2022-07-10 18:30:00,0.0
2022-07-10 18:35:00,0.0
2022-07-10 18:40:00,0.0
2022-07-10 18:45:00,0.0
2022-07-10 18:50:00,0.0
2022-07-10 18:55:00,0.0
2022-07-10 19:00:00,0.0
2022-07-10 19:05:00,0.0
2022-07-10 19:10:00,0.0
2022-07-10 19:15:00,0.0
2022-07-10 19:20:00,0.0
2022-07-10 19:25:00,0.0
2022-07-10 19:30:00,0.0
2022-07-10 19:35:00,0.0
2022-07-10 19:40:00,0.0
2022-07-10 19:45:00,0.0
2022-07-10 19:50:00,0.0
2022-07-10 19:55:00,0.0
2022-07-10 20:00:00,0.0
2022-07-10 20:05:00,0.0
2022-07-10 20:10:00,0.0
2022-07-10 20:15:00,0.0
2022-07-10 20:20:00,0.0
2022-07-10 20:25:00,0.0
2022-07-10 20:30:00,0.0
2022-07-10 20:35:00,0.0
2022-07-10 20:40:00,0.0
2022-07-10 20:45:00,0.0
2022-07-10 20:50:00,0.0
2022-07-10 20:55:00,0.0
2022-07-10 21:00:00,0.0
2022-07-10 21:05:00,0.0
2022-07-10 21:10:00,0.0
2022-07-10 21:15:00,0.0
2022-07-10 21:20:00,0.0
2022-07-10 21:25:00,0.0
2022-07-10 21:30:00,0.0
2022-07-10 21:35:00,0.0
2022-07-10 21:40:00,0.0
2022-07-10 21:45:00,0.0
2022-07-10 21:50:00,0.0
2022-07-10 21:55:00,0.0
2022-07-10 22:00:00,0.0
2022-07-10 22:05:00,0.0
2022-07-10 22:10:00,0.0
2022-07-10 22:15:00,0.0
2022-07-10 22:20:00,0.0
2022-07-10 22:25:00,0.0
2022-07-10 22:30:00,0.0
2022-07-10 22:35:00,0.0
2022-07-10 22:40:00,0.0
2022-07-10 22:45:00,0.0
2022-07-10 22:50:00,0.0
2022-07-10 22:55:00,0.0
2022-07-10 23:00:00,0.0
2022-07-10 23:05:00,0.0
2022-07-10 23:10:00,0.0
2022-07-10 23:15:00,0.0
2022-07-10 23:20:00,0.0
2022-07-10 23:25:00,0.0
2022-07-10 23:30:00,0.0
2022-07-10 23:35:00,0.0
2022-07-10 23:40:00,0.0
2022-07-10 23:45:00,0.0
2022-07-10 23:50:00,0.0
2022-07-10 23:55:00,0.0
2022-07-11 00:00:00,0.0
2022-07-11 00:05:00,0.0
2022-07-11 00:10:00,0.0
2022-07-11 00:15:00,0.0
2022-07-11 00:20:00,0.0
2022-07-11 00:25:00,0.0
2022-07-11 00:30:00,0.0
2022-07-11 00:35:00,0.0
2022-07-11 00:40:00,0.0
2022-07-11 00:45:00,0.0
2022-07-11 00:50:00,0.0
2022-07-11 00:55:00,0.0
2022-07-11 01:00:00,0.0
2022-07-11 01:05:00,0.0
2022-07-11 01:10:00,0.0
2022-07-11 01:15:00,0.0
2022-07-11 01:20:00,0.0
2022-07-11 01:25:00,0.0
2022-07-11 01:30:00,0.0
2022-07-11 01:35:00,0.0
2022-07-11 01:40:00,0.0
2022-07-11 01:45:00,0.0
2022-07-11 01:50:00,0.0
2022-07-11 01:55:00,0.0
2022-07-11 02:00:00,0.0
2022-07-11 02:05:00,0.0
2022-07-11 02:10:00,0.0
2022-07-11 02:15:00,0.0
2022-07-11 02:20:00,0.0
2022-07-11 02:25:00,0.0
2022-07-11 02:30:00,0.0
2022-07-11 02:35:00,0.0
2022-07-11 02:40:00,0.0
2022-07-11 02:45:00,0.0
2022-07-11 02:50:00,0.0
2022-07-11 02:55:00,0.0
2022-07-11 03:00:00,0.0
2022-07-11 03:05:00,0.0
2022-07-11 03:10:00,0.0
2022-07-11 03:15:00,0.0
2022-07-11 03:20:00,0.0
2022-07-11 03:25:00,0.0
2022-07-11 03:30:00,0.0
2022-07-11 03:35:00,0.0
2022-07-11 03:40:00,0.0
2022-07-11 03:45:00,0.0
2022-07-11 03:50:00,0.0
2022-07-11 03:55:00,0.0
2022-07-11 04:00:00,0.0
2022-07-11 04:05:00,0.0
2022-07-11 04:10:00,0.0
2022-07-11 04:15:00,0.0
2022-07-11 04:20:00,0.0
2022-07-11 04:25:00,0.0
2022-07-11 04:30:00,0.0
2022-07-11 04:35:00,0.0
2022-07-11 04:40:00,0.0
2022-07-11 04:45:00,0.0
2022-07-11 04:50:00,0.0
2022-07-11 04:55:00,0.0
2022-07-11 05:00:00,0.0
2022-07-11 05:05:00,0.0
2022-07-11 05:10:00,0.0
2022-07-11 05:15:00,0.0
2022-07-11 05:20:00,0.0
2022-07-11 05:25:00,0.0
2022-07-11 05:30:00,0.0
2022-07-11 05:35:00,0.0
2022-07-11 05:40:00,0.0
2022-07-11 05:45:00,0.0
2022-07-11 05:50:00,0.0
2022-07-11 05:55:00,0.0
2022-07-11 06:00:00,0.0
2022-07-11 06:05:00,0.0
2022-07-11 06:10:00,0.0
2022-07-11 06:15:00,0.0
2022-07-11 06:20:00,0.0
2022-07-11 06:25:00,0.0
2022-07-11 06:30:00,0.0
2022-07-11 06:35:00,0.0
2022-07-11 06:40:00,0.0
2022-07-11 06:45:00,0.0
2022-07-11 06:50:00,0.0
2022-07-11 06:55:00,0.0
2022-07-11 07:00:00,0.0
2022-07-11 07:05:00,0.0
2022-07-11 07:10:00,0.0
2022-07-11 07:15:00,0.0
2022-07-11 07:20:00,0.0
2022-07-11 07:25:00,0.0
2022-07-11 07:30:00,0.0
2022-07-11 07:35:00,0.0
2022-07-11 07:40:00,0.0
2022-07-11 07:45:00,0.0
2022-07-11 07:50:00,0.0
2022-07-11 07:55:00,
2022-07-11 08:00:00,25406.22090623887
2022-07-11 08:05:00,20069.170973782653
2022-07-11 08:10:00,16520.130974558724
2022-07-11 08:15:00,-619.7027771230692
2022-07-11 08:20:00,7616.055731899092
2022-07-11 08:25:00,3059.6463501452254
2022-07-11 08:30:00,0.0
2022-07-11 08:35:00,0.0
2022-07-11 08:40:00,0.0
2022-07-11 08:45:00,10072.830023325068
2022-07-11 08:50:00,16191.641519032555
2022-07-11 08:55:00,-687.9934600971211
2022-07-11 09:00:00,7459.475821511452
2022-07-11 09:05:00,8297.904773930759
2022-07-11 09:10:00,-593.4374035962579
2022-07-11 09:15:00,11835.652785170978
2022-07-11 09:20:00,4405.511042436397
2022-07-11 09:25:00,-579.315184823805
2022-07-11 09:30:00,13433.178582645061
2022-07-11 09:35:00,0.0
2022-07-11 09:40:00,-572.1487872467591
2022-07-11 09:45:00,6486.5522236507995
2022-07-11 09:50:00,11410.313284069292
2022-07-11 09:55:00,-592.0263546026983
2022-07-11 10:00:00,16098.041272664375
2022-07-11 10:05:00,-686.7206632338972
2022-07-11 10:10:00,6036.208456040255
2022-07-11 10:15:00,31895.376592700395
2022-07-11 10:20:00,5357.686459712689
2022-07-11 10:25:00,9974.442940287834
2022-07-11 10:30:00,8451.466639212273
2022-07-11 10:35:00,-687.1128863204952
2022-07-11 10:40:00,14620.236038693762
2022-07-11 10:45:00,9673.651885137768
2022-07-11 10:50:00,-632.4557758196295
2022-07-11 10:55:00,7094.454773900745
2022-07-11 11:00:00,14987.251625816878
2022-07-11 11:05:00,-573.2475398981353
2022-07-11 11:10:00,16527.736589167172
2022-07-11 11:15:00,-699.5498628107796
2022-07-11 11:20:00,4902.886409616346
2022-07-11 11:25:00,16320.776717885152
2022-07-11 11:30:00,-673.0796369740402
2022-07-11 11:35:00,-487.74025882753256
2022-07-11 11:40:00,13775.433180060625
2022-07-11 11:45:00,-677.8978435073533
2022-07-11 11:50:00,-615.7309290640356
2022-07-11 11:55:00,15884.06470357503
2022-07-11 12:00:00,-712.5832806041807
2022-07-11 12:05:00,-624.8359109874735
2022-07-11 12:10:00,9305.880505072895
2022-07-11 12:15:00,0.0
2022-07-11 12:20:00,0.0
2022-07-11 12:25:00,0.0
2022-07-11 12:30:00,0.0
2022-07-11 12:35:00,0.0
2022-07-11 12:40:00,0.0
2022-07-11 12:45:00,0.0
2022-07-11 12:50:00,0.0
2022-07-11 12:55:00,0.0
2022-07-11 13:00:00,0.0
2022-07-11 13:05:00,0.0
2022-07-11 13:10:00,0.0
2022-07-11 13:15:00,0.0
2022-07-11 13:20:00,0.0
2022-07-11 13:25:00,0.0
2022-07-11 13:30:00,0.0
2022-07-11 13:35:00,0.0
2022-07-11 13:40:00,0.0
2022-07-11 13:45:00,0.0
2022-07-11 13:50:00,0.0
2022-07-11 13:55:00,0.0
2022-07-11 14:00:00,8741.627921501065
2022-07-11 14:05:00,19676.224612275208
2022-07-11 14:10:00,20335.338135321177
2022-07-11 14:15:00,19724.322982286827
2022-07-11 14:20:00,8935.543002369262
2022-07-11 14:25:00,11949.70646878001
2022-07-11 14:30:00,18956.17885025759
2022-07-11 14:35:00,18202.551279701867
2022-07-11 14:40:00,17973.612364243618
2022-07-11 14:45:00,14431.597722562567
2022-07-11 14:50:00,0.0
2022-07-11 14:55:00,0.0
2022-07-11 15:00:00,0.0
2022-07-11 15:05:00,0.0
2022-07-11 15:10:00,0.0
2022-07-11 15:15:00,0.0
2022-07-11 15:20:00,0.0
2022-07-11 15:25:00,3438.210306327286
2022-07-11 15:30:00,23334.41830376315
2022-07-11 15:35:00,9395.062939545382
2022-07-11 15:40:00,17455.95658438122
2022-07-11 15:45:00,20476.2711841935
2022-07-11 15:50:00,19325.803636454886
2022-07-11 15:55:00,28834.8095622131
2022-07-11 16:00:00,12241.770685152118
2022-07-11 16:05:00,16195.948012662126
2022-07-11 16:10:00,13891.770832386208
2022-07-11 16:15:00,17499.74303141929
2022-07-11 16:20:00,11429.082305350346
2022-07-11 16:25:00,-916.5289130769398
2022-07-11 16:30:00,20161.46493570759
2022-07-11 16:35:00,-801.671824436346
2022-07-11 16:40:00,7698.616075115193
2022-07-11 16:45:00,11294.064241343514
2022-07-11 16:50:00,-747.565896614189
2022-07-11 16:55:00,14172.820994701568
2022-07-11 17:00:00,0.0
2022-07-11 17:05:00,5717.004650781846
2022-07-11 17:10:00,19122.822073523268
2022-07-11 17:15:00,-806.9455307250853
2022-07-11 17:20:00,5279.533255135852
2022-07-11 17:25:00,15266.411840520872
2022-07-11 17:30:00,0.0
2022-07-11 17:35:00,0.0
2022-07-11 17:40:00,0.0
2022-07-11 17:45:00,0.0
2022-07-11 17:50:00,0.0
2022-07-11 17:55:00,0.0
2022-07-11 18:00:00,0.0
2022-07-11 18:05:00,0.0
2022-07-11 18:10:00,0.0
2022-07-11 18:15:00,0.0
2022-07-11 18:20:00,0.0
2022-07-11 18:25:00,0.0
2022-07-11 18:30:00,8590.280515225739
2022-07-11 18:35:00,14243.99916707733
2022-07-11 18:40:00,0.0
2022-07-11 18:45:00,0.0
2022-07-11 18:50:00,0.0
2022-07-11 18:55:00,0.0
2022-07-11 19:00:00,0.0
2022-07-11 19:05:00,0.0
2022-07-11 19:10:00,0.0
2022-07-11 19:15:00,0.0
2022-07-11 19:20:00,0.0
2022-07-11 19:25:00,0.0
2022-07-11 19:30:00,0.0
2022-07-11 19:35:00,0.0
2022-07-11 19:40:00,0.0
2022-07-11 19:45:00,0.0
2022-07-11 19:50:00,0.0
2022-07-11 19:55:00,0.0
2022-07-11 20:00:00,16513.847772391382
2022-07-11 20:05:00,19409.808765846097
2022-07-11 20:10:00,17519.725824861052
2022-07-11 20:15:00,15847.52112954304
2022-07-11 20:20:00,6409.760125709111
2022-07-11 20:25:00,9907.054307705746
2022-07-11 20:30:00,0.0
2022-07-11 20:35:00,0.0
2022-07-11 20:40:00,0.0
2022-07-11 20:45:00,0.0
2022-07-11 20:50:00,0.0
2022-07-11 20:55:00,0.0
2022-07-11 21:00:00,0.0
2022-07-11 21:05:00,0.0
2022-07-11 21:10:00,0.0
2022-07-11 21:15:00,0.0
2022-07-11 21:20:00,0.0
2022-07-11 21:25:00,0.0
2022-07-11 21:30:00,0.0
2022-07-11 21:35:00,0.0
2022-07-11 21:40:00,0.0
2022-07-11 21:45:00,0.0
2022-07-11 21:50:00,0.0
2022-07-11 21:55:00,0.0
2022-07-11 22:00:00,0.0
2022-07-11 22:05:00,0.0
2022-07-11 22:10:00,0.0
2022-07-11 22:15:00,0.0
2022-07-11 22:20:00,0.0
2022-07-11 22:25:00,0.0
2022-07-11 22:30:00,0.0
2022-07-11 22:35:00,0.0
2022-07-11 22:40:00,0.0
2022-07-11 22:45:00,0.0
2022-07-11 22:50:00,0.0
2022-07-11 22:55:00,0.0
2022-07-11 23:00:00,0.0
2022-07-11 23:05:00,0.0
2022-07-11 23:10:00,0.0
2022-07-11 23:15:00,0.0
2022-07-11 23:20:00,0.0
2022-07-11 23:25:00,0.0
2022-07-11 23:30:00,0.0
2022-07-11 23:35:00,0.0
2022-07-11 23:40:00,0.0
2022-07-11 23:45:00,0.0
2022-07-11 23:50:00,0.0
2022-07-11 23:55:00,0.0
2022-07-12 00:00:00,0.0
2022-07-12 00:05:00,0.0
2022-07-12 00:10:00,0.0
2022-07-12 00:15:00,0.0
2022-07-12 00:20:00,0.0
2022-07-12 00:25:00,0.0
2022-07-12 00:30:00,0.0
2022-07-12 00:35:00,0.0
2022-07-12 00:40:00,0.0
2022-07-12 00:45:00,0.0
2022-07-12 00:50:00,0.0
2022-07-12 00:55:00,0.0
2022-07-12 01:00:00,0.0
2022-07-12 01:05:00,0.0
2022-07-12 01:10:00,0.0
2022-07-12 01:15:00,0.0
2022-07-12 01:20:00,0.0
2022-07-12 01:25:00,0.0
2022-07-12 01:30:00,0.0
2022-07-12 01:35:00,0.0
2022-07-12 01:40:00,0.0
2022-07-12 01:45:00,0.0
2022-07-12 01:50:00,0.0
2022-07-12 01:55:00,0.0
2022-07-12 02:00:00,0.0
2022-07-12 02:05:00,0.0
2022-07-12 02:10:00,0.0
2022-07-12 02:15:00,0.0
2022-07-12 02:20:00,0.0
2022-07-12 02:25:00,0.0
2022-07-12 02:30:00,0.0
2022-07-12 02:35:00,0.0
2022-07-12 02:40:00,0.0
2022-07-12 02:45:00,0.0
2022-07-12 02:50:00,0.0
2022-07-12 02:55:00,0.0
2022-07-12 03:00:00,0.0
2022-07-12 03:05:00,0.0
2022-07-12 03:10:00,0.0
2022-07-12 03:15:00,0.0
2022-07-12 03:20:00,0.0
2022-07-12 03:25:00,0.0
2022-07-12 03:30:00,0.0
2022-07-12 03:35:00,0.0
2022-07-12 03:40:00,0.0
2022-07-12 03:45:00,0.0
2022-07-12 03:50:00,0.0
2022-07-12 03:55:00,0.0
2022-07-12 04:00:00,0.0
2022-07-12 04:05:00,0.0
2022-07-12 04:10:00,0.0
2022-07-12 04:15:00,0.0
2022-07-12 04:20:00,0.0
2022-07-12 04:25:00,0.0
2022-07-12 04:30:00,0.0
2022-07-12 04:35:00,0.0
2022-07-12 04:40:00,0.0
2022-07-12 04:45:00,0.0
2022-07-12 04:50:00,0.0
2022-07-12 04:55:00,0.0
2022-07-12 05:00:00,0.0
2022-07-12 05:05:00,0.0
2022-07-12 05:10:00,0.0
2022-07-12 05:15:00,0.0
2022-07-12 05:20:00,0.0
2022-07-12 05:25:00,0.0
2022-07-12 05:30:00,0.0
2022-07-12 05:35:00,0.0
2022-07-12 05:40:00,0.0
2022-07-12 05:45:00,0.0
2022-07-12 05:50:00,0.0
2022-07-12 05:55:00,0.0
2022-07-12 06:00:00,0.0
2022-07-12 06:05:00,0.0
2022-07-12 06:10:00,0.0
2022-07-12 06:15:00,0.0
2022-07-12 06:20:00,0.0
2022-07-12 06:25:00,0.0
2022-07-12 06:30:00,0.0
2022-07-12 06:35:00,0.0
2022-07-12 06:40:00,0.0
2022-07-12 06:45:00,0.0
2022-07-12 06:50:00,0.0
2022-07-12 06:55:00,0.0
2022-07-12 07:00:00,0.0
2022-07-12 07:05:00,0.0
2022-07-12 07:10:00,0.0
2022-07-12 07:15:00,0.0
2022-07-12 07:20:00,0.0
2022-07-12 07:25:00,0.0
2022-07-12 07:30:00,0.0
2022-07-12 07:35:00,0.0
2022-07-12 07:40:00,0.0
2022-07-12 07:45:00,0.0
2022-07-12 07:50:00,0.0
2022-07-12 07:55:00,0.0
2022-07-12 08:00:00,0.0
2022-07-12 08:05:00,0.0
2022-07-12 08:10:00,0.0
2022-07-12 08:15:00,0.0
2022-07-12 08:20:00,0.0
2022-07-12 08:25:00,0.0
2022-07-12 08:30:00,0.0
2022-07-12 08:35:00,0.0
2022-07-12 08:40:00,0.0
2022-07-12 08:45:00,0.0
2022-07-12 08:50:00,0.0
2022-07-12 08:55:00,8818.725579712194
2022-07-12 09:00:00,21595.391085536914
2022-07-12 09:05:00,23650.76610005141
2022-07-12 09:10:00,23782.32306251019
2022-07-12 09:15:00,16303.938476468738
2022-07-12 09:20:00,-716.6253591202609
2022-07-12 09:25:00,6502.471630448299
2022-07-12 09:30:00,0.0
2022-07-12 09:35:00,0.0
2022-07-12 09:40:00,0.0
2022-07-12 09:45:00,0.0
2022-07-12 09:50:00,0.0
2022-07-12 09:55:00,0.0
2022-07-12 10:00:00,0.0
2022-07-12 10:05:00,0.0
2022-07-12 10:10:00,0.0
2022-07-12 10:15:00,0.0
2022-07-12 10:20:00,0.0
2022-07-12 10:25:00,0.0
2022-07-12 10:30:00,0.0
2022-07-12 10:35:00,0.0
2022-07-12 10:40:00,0.0
2022-07-12 10:45:00,0.0
2022-07-12 10:50:00,0.0
2022-07-12 10:55:00,0.0
2022-07-12 11:00:00,0.0
2022-07-12 11:05:00,14577.847760608704
2022-07-12 11:10:00,28801.94997813489
2022-07-12 11:15:00,2595.5778124068866
2022-07-12 11:20:00,17415.428399236545
2022-07-12 11:25:00,0.0
2022-07-12 11:30:00,4689.4167281315595
2022-07-12 11:35:00,15934.809437997163
2022-07-12 11:40:00,3681.7792610583665
2022-07-12 11:45:00,15498.84488974924
2022-07-12 11:50:00,16401.117331201305
2022-07-12 11:55:00,16268.330204970842
2022-07-12 12:00:00,18328.89226571057
2022-07-12 12:05:00,8628.72560019393
2022-07-12 12:10:00,0.0
2022-07-12 12:15:00,0.0
2022-07-12 12:20:00,0.0
2022-07-12 12:25:00,3227.043281080328
2022-07-12 12:30:00,20831.212847082348
2022-07-12 12:35:00,20462.515445313395
2022-07-12 12:40:00,12539.70646481249
2022-07-12 12:45:00,10386.265851245931
2022-07-12 12:50:00,15783.896376817904
2022-07-12 12:55:00,-758.6341660326531
2022-07-12 13:00:00,16439.12455087154
2022-07-12 13:05:00,10561.69329865015
2022-07-12 13:10:00,-734.1400388138267
2022-07-12 13:15:00,22021.01077973067
2022-07-12 13:20:00,-822.2334938872884
2022-07-12 13:25:00,-726.2127259653263
2022-07-12 13:30:00,-696.121950713671
2022-07-12 13:35:00,-673.2295836792424
2022-07-12 13:40:00,-648.5175094363991
2022-07-12 13:45:00,-560.5663486164756
2022-07-12 13:50:00,-398.17259786152584
2022-07-12 13:55:00,18184.04496392701
2022-07-12 14:00:00,9554.750582330684
2022-07-12 14:05:00,8349.011551280639
2022-07-12 14:10:00,13188.32495858564
2022-07-12 14:15:00,-856.6051337176166
2022-07-12 14:20:00,14900.189680020856
2022-07-12 14:25:00,6440.751696895402
2022-07-12 14:30:00,0.0
2022-07-12 14:35:00,0.0
2022-07-12 14:40:00,0.0
2022-07-12 14:45:00,0.0
2022-07-12 14:50:00,0.0
2022-07-12 14:55:00,0.0
2022-07-12 15:00:00,0.0
2022-07-12 15:05:00,0.0
2022-07-12 15:10:00,0.0
2022-07-12 15:15:00,0.0
2022-07-12 15:20:00,0.0
2022-07-12 15:25:00,0.0
2022-07-12 15:30:00,0.0
2022-07-12 15:35:00,0.0
2022-07-12 15:40:00,0.0
2022-07-12 15:45:00,0.0
2022-07-12 15:50:00,0.0
2022-07-12 15:55:00,0.0
2022-07-12 16:00:00,0.0
2022-07-12 16:05:00,0.0
2022-07-12 16:10:00,0.0
2022-07-12 16:15:00,0.0
2022-07-12 16:20:00,0.0
2022-07-12 16:25:00,0.0
2022-07-12 16:30:00,0.0
2022-07-12 16:35:00,0.0
2022-07-12 16:40:00,0.0
2022-07-12 16:45:00,0.0
2022-07-12 16:50:00,0.0
2022-07-12 16:55:00,0.0
2022-07-12 17:00:00,0.0
2022-07-12 17:05:00,0.0
2022-07-12 17:10:00,0.0
2022-07-12 17:15:00,9080.715638183956
2022-07-12 17:20:00,22076.389896295044
2022-07-12 17:25:00,23494.868349115983
2022-07-12 17:30:00,26782.98828300368
2022-07-12 17:35:00,14962.258665851015
2022-07-12 17:40:00,15800.054595990827
2022-07-12 17:45:00,17414.2666488111
2022-07-12 17:50:00,21294.692988708382
2022-07-12 17:55:00,18309.1687179056
2022-07-12 18:00:00,-987.8156659808434
2022-07-12 18:05:00,0.0
2022-07-12 18:10:00,0.0
2022-07-12 18:15:00,0.0
2022-07-12 18:20:00,0.0
2022-07-12 18:25:00,0.0
2022-07-12 18:30:00,0.0
2022-07-12 18:35:00,0.0
2022-07-12 18:40:00,0.0
2022-07-12 18:45:00,0.0
2022-07-12 18:50:00,0.0
2022-07-12 18:55:00,0.0
2022-07-13 08:15:00,0.0
2022-07-13 08:20:00,0.0
2022-07-13 08:25:00,0.0
2022-07-13 08:30:00,0.0
2022-07-13 08:35:00,0.0
2022-07-13 08:40:00,0.0
2022-07-13 08:45:00,0.0
2022-07-13 08:50:00,0.0
2022-07-13 08:55:00,0.0
2022-07-13 09:00:00,0.0
2022-07-13 09:05:00,0.0
2022-07-13 09:10:00,0.0
2022-07-13 09:15:00,0.0
2022-07-13 09:20:00,0.0
2022-07-13 09:25:00,0.0
2022-07-13 09:30:00,0.0
2022-07-13 09:35:00,0.0
2022-07-13 09:40:00,0.0
2022-07-13 09:45:00,0.0
2022-07-13 09:50:00,0.0
2022-07-13 09:55:00,0.0
2022-07-13 10:00:00,0.0
2022-07-13 10:05:00,0.0
2022-07-13 10:10:00,0.0
2022-07-13 10:15:00,0.0
2022-07-13 10:20:00,0.0
2022-07-13 10:25:00,0.0
2022-07-13 10:30:00,0.0
2022-07-13 10:35:00,0.0
2022-07-13 10:40:00,0.0
2022-07-13 10:45:00,0.0
2022-07-13 10:50:00,0.0
2022-07-13 10:55:00,0.0
2022-07-13 11:00:00,0.0
2022-07-13 11:05:00,0.0
2022-07-13 11:10:00,0.0
2022-07-13 11:15:00,0.0
2022-07-13 11:20:00,0.0
2022-07-13 11:25:00,0.0
2022-07-13 11:30:00,0.0
2022-07-13 11:35:00,0.0
2022-07-13 11:40:00,0.0
2022-07-13 11:45:00,0.0
2022-07-13 11:50:00,0.0
2022-07-13 11:55:00,12638.386806473642
2022-07-13 12:00:00,21577.750858803698
2022-07-13 12:05:00,13019.127787370044
2022-07-13 12:10:00,11105.21925087564
2022-07-13 12:15:00,18962.25367153668
2022-07-13 12:20:00,19611.361526394096
2022-07-13 12:25:00,2815.8706526781452
2022-07-13 12:30:00,17546.152394705954
2022-07-13 12:35:00,8193.546907357588
2022-07-13 12:40:00,-740.0107034670951
2022-07-13 12:45:00,-667.5917924216495
2022-07-13 12:50:00,-704.8979935557668
2022-07-13 12:55:00,-629.8396262480479
2022-07-13 13:00:00,0.0
2022-07-13 13:05:00,0.0
2022-07-13 13:10:00,0.0
2022-07-13 13:15:00,
2022-07-13 13:20:00,
2022-07-13 13:25:00,32932.050020021314
2022-07-13 13:30:00,34571.91010460232
2022-07-13 13:35:00,35705.37779376357
2022-07-13 13:40:00,36431.25451448015
2022-07-13 13:45:00,39258.02465814812
2022-07-13 13:50:00,42919.089360408
2022-07-13 13:55:00,43736.96808331948
2022-07-13 14:00:00,35511.341467807506
2022-07-13 14:05:00,30132.50508803787
2022-07-13 14:10:00,29317.455468591084
2022-07-13 14:15:00,27434.657745480203
2022-07-13 14:20:00,28256.3882730827
2022-07-13 14:25:00,24711.745908435514
2022-07-13 14:30:00,23991.83593661667
2022-07-13 14:35:00,23395.99728788763
2022-07-13 14:40:00,22238.89174344418
2022-07-13 14:45:00,19456.591689041856
2022-07-13 14:50:00,16351.546774535807
2022-07-13 14:55:00,15474.511632115036
2022-07-13 15:00:00,16963.089914451553
2022-07-13 15:05:00,15479.467074162456
2022-07-13 15:10:00,15146.893820964797
2022-07-13 15:15:00,19096.3510319437
2022-07-13 15:20:00,36707.09823824897
2022-07-13 15:25:00,25524.236583238693
2022-07-13 15:30:00,27019.824971513517
2022-07-13 15:35:00,22645.180645476215
2022-07-13 15:40:00,19838.787838334818
2022-07-13 15:45:00,15631.762919317542
2022-07-13 15:50:00,12988.958549543104
2022-07-13 15:55:00,19837.222466580606
2022-07-13 16:00:00,22051.69811782589
2022-07-13 16:05:00,22532.64810140657
2022-07-13 16:10:00,23587.979320041028
2022-07-13 16:15:00,25823.839559706103
2022-07-13 16:20:00,27493.77699210705
2022-07-13 16:25:00,35508.50274304695
2022-07-13 16:30:00,39595.89597647014
2022-07-13 16:35:00,32853.70646704053
2022-07-13 16:40:00,28159.555540234378
2022-07-13 16:45:00,23943.197949185942
2022-07-13 16:50:00,22369.48192596515
2022-07-13 16:55:00,15398.303489996788
2022-07-13 17:00:00,14178.038183038683
2022-07-13 17:05:00,16028.58929596711
2022-07-13 17:10:00,17388.660164126297
2022-07-13 17:15:00,18988.662151958644
2022-07-13 17:20:00,16634.425827521027
2022-07-13 17:25:00,10007.246910518383
2022-07-13 17:30:00,23650.36611490457
2022-07-13 17:35:00,23582.84785530261
2022-07-13 17:40:00,21177.023708251756
2022-07-13 17:45:00,18765.126761147698
2022-07-13 17:50:00,15790.471178031145
2022-07-13 17:55:00,15354.663743536716
2022-07-13 18:00:00,11347.027071608094
2022-07-13 18:05:00,11693.813089340727
2022-07-13 18:10:00,10591.506910771097
2022-07-13 18:15:00,13954.989058937346
2022-07-13 18:20:00,9828.026822407031
2022-07-13 18:25:00,11959.469313875163
2022-07-13 18:30:00,9285.3256056089
2022-07-13 18:35:00,13971.293226916176
2022-07-13 18:40:00,13399.694605705508
2022-07-13 18:45:00,8258.063420538181
2022-07-13 18:50:00,10512.614342404571
2022-07-13 18:55:00,27412.29244409352
2022-07-13 19:00:00,17303.269369755268
2022-07-13 19:05:00,0.0
2022-07-13 19:10:00,0.0
2022-07-13 19:15:00,0.0
2022-07-13 19:20:00,0.0
2022-07-13 19:25:00,0.0
2022-07-13 19:30:00,0.0
2022-07-13 19:35:00,0.0
2022-07-13 19:40:00,15675.604906230812
2022-07-13 19:45:00,17483.302990100357
2022-07-13 19:50:00,13484.409966142002
2022-07-13 19:55:00,0.0
2022-07-13 20:00:00,0.0
2022-07-13 20:05:00,0.0
2022-07-13 20:10:00,0.0
2022-07-13 20:15:00,0.0
2022-07-13 20:20:00,0.0
2022-07-13 20:25:00,0.0
2022-07-13 20:30:00,0.0
2022-07-13 20:35:00,0.0
2022-07-13 20:40:00,0.0
2022-07-13 20:45:00,0.0
2022-07-13 20:50:00,0.0
2022-07-13 20:55:00,0.0
2022-07-13 21:00:00,0.0
2022-07-13 21:05:00,0.0
2022-07-13 21:10:00,0.0
2022-07-13 21:15:00,0.0
2022-07-13 21:20:00,0.0
2022-07-13 21:25:00,0.0
2022-07-13 21:30:00,0.0
2022-07-13 21:35:00,0.0
2022-07-13 21:40:00,0.0
2022-07-13 21:45:00,0.0
2022-07-13 21:50:00,0.0
2022-07-13 21:55:00,0.0
2022-07-13 22:00:00,0.0
2022-07-13 22:05:00,0.0
2022-07-13 22:10:00,0.0
2022-07-13 22:15:00,0.0
2022-07-13 22:20:00,0.0
2022-07-13 22:25:00,0.0
2022-07-13 22:30:00,0.0
2022-07-13 22:35:00,0.0
2022-07-13 22:40:00,0.0
2022-07-13 22:45:00,0.0
2022-07-13 22:50:00,0.0
2022-07-13 22:55:00,0.0
2022-07-13 23:00:00,0.0
2022-07-13 23:05:00,0.0
2022-07-13 23:10:00,0.0
2022-07-13 23:15:00,0.0
2022-07-13 23:20:00,0.0
2022-07-13 23:25:00,0.0
2022-07-13 23:30:00,0.0
2022-07-13 23:35:00,0.0
2022-07-13 23:40:00,0.0
2022-07-13 23:45:00,0.0
2022-07-13 23:50:00,0.0
2022-07-13 23:55:00,0.0
2022-07-14 00:00:00,0.0
2022-07-14 00:05:00,0.0
2022-07-14 00:10:00,0.0
2022-07-14 00:15:00,0.0
2022-07-14 00:20:00,0.0
2022-07-14 00:25:00,0.0
2022-07-14 00:30:00,0.0
2022-07-14 00:35:00,0.0
2022-07-14 00:40:00,0.0
2022-07-14 00:45:00,0.0
2022-07-14 00:50:00,0.0
2022-07-14 00:55:00,0.0
2022-07-14 01:00:00,0.0
2022-07-14 01:05:00,0.0
2022-07-14 01:10:00,0.0
2022-07-14 01:15:00,0.0
2022-07-14 01:20:00,0.0
2022-07-14 01:25:00,0.0
2022-07-14 01:30:00,0.0
2022-07-14 01:35:00,0.0
2022-07-14 01:40:00,0.0
2022-07-14 01:45:00,0.0
2022-07-14 01:50:00,0.0
2022-07-14 01:55:00,0.0
2022-07-14 02:00:00,0.0
2022-07-14 02:05:00,0.0
2022-07-14 02:10:00,0.0
2022-07-14 02:15:00,0.0
2022-07-14 02:20:00,0.0
2022-07-14 02:25:00,0.0
2022-07-14 02:30:00,0.0
2022-07-14 02:35:00,0.0
2022-07-14 02:40:00,0.0
2022-07-14 02:45:00,0.0
2022-07-14 02:50:00,0.0
2022-07-14 02:55:00,0.0
2022-07-14 03:00:00,0.0
2022-07-14 03:05:00,0.0
2022-07-14 03:10:00,0.0
2022-07-14 03:15:00,0.0
2022-07-14 03:20:00,0.0
2022-07-14 03:25:00,0.0
2022-07-14 03:30:00,0.0
2022-07-14 03:35:00,0.0
2022-07-14 03:40:00,0.0
2022-07-14 03:45:00,0.0
2022-07-14 03:50:00,0.0
2022-07-14 03:55:00,0.0
2022-07-14 04:00:00,0.0
2022-07-14 04:05:00,0.0
2022-07-14 04:10:00,0.0
2022-07-14 04:15:00,0.0
2022-07-14 04:20:00,0.0
2022-07-14 04:25:00,0.0
2022-07-14 04:30:00,0.0
2022-07-14 04:35:00,0.0
2022-07-14 04:40:00,0.0
2022-07-14 04:45:00,0.0
2022-07-14 04:50:00,0.0
2022-07-14 04:55:00,0.0
2022-07-14 05:00:00,0.0
2022-07-14 05:05:00,0.0
2022-07-14 05:10:00,0.0
2022-07-14 05:15:00,0.0
2022-07-14 05:20:00,0.0
2022-07-14 05:25:00,0.0
2022-07-14 05:30:00,0.0
2022-07-14 05:35:00,0.0
2022-07-14 05:40:00,0.0
2022-07-14 05:45:00,0.0
2022-07-14 05:50:00,0.0
2022-07-14 05:55:00,0.0
2022-07-14 06:00:00,0.0
2022-07-14 06:05:00,0.0
2022-07-14 06:10:00,0.0
2022-07-14 06:15:00,0.0
2022-07-14 06:20:00,0.0
2022-07-14 06:25:00,0.0
2022-07-14 06:30:00,0.0
2022-07-14 06:35:00,0.0
2022-07-14 06:40:00,0.0
2022-07-14 06:45:00,0.0
2022-07-14 06:50:00,0.0
2022-07-14 06:55:00,0.0
2022-07-14 07:00:00,0.0
2022-07-14 07:05:00,0.0
2022-07-14 07:10:00,0.0
2022-07-14 07:15:00,0.0
2022-07-14 07:20:00,0.0
2022-07-14 07:25:00,0.0
2022-07-14 07:30:00,0.0
2022-07-14 07:35:00,0.0
2022-07-14 07:40:00,0.0
2022-07-14 07:45:00,0.0
2022-07-14 07:50:00,0.0
2022-07-14 07:55:00,0.0
2022-07-14 08:00:00,0.0
2022-07-14 08:05:00,0.0
2022-07-14 08:10:00,0.0
2022-07-14 08:15:00,0.0
2022-07-14 08:20:00,0.0
2022-07-14 08:25:00,0.0
2022-07-14 08:30:00,0.0
2022-07-14 08:35:00,0.0
2022-07-14 08:40:00,0.0
2022-07-14 08:45:00,0.0
2022-07-14 08:50:00,0.0
2022-07-14 08:55:00,0.0
2022-07-14 09:00:00,0.0
2022-07-14 09:05:00,0.0
2022-07-14 09:10:00,0.0
2022-07-14 09:15:00,0.0
2022-07-14 09:20:00,0.0
2022-07-14 09:25:00,0.0
2022-07-14 09:30:00,0.0
2022-07-14 09:35:00,0.0
2022-07-14 09:40:00,
2022-07-14 09:45:00,20300.99551721879
2022-07-14 09:50:00,20865.38480220217
2022-07-14 09:55:00,20924.15536173109
2022-07-14 10:00:00,13717.492065203267
2022-07-14 10:05:00,5767.775089632273
2022-07-14 10:10:00,17329.357749958515
2022-07-14 10:15:00,16555.168399313843
2022-07-14 10:20:00,17083.349359580643
2022-07-14 10:25:00,18051.0852857232
2022-07-14 10:30:00,1481.5386608068798
2022-07-14 10:35:00,17128.3752621839
2022-07-14 10:40:00,6542.6405081326075
2022-07-14 10:45:00,3792.866518792564
2022-07-14 10:50:00,10952.96473554372
2022-07-14 10:55:00,0.0
2022-07-14 11:00:00,0.0
2022-07-14 11:05:00,0.0
2022-07-14 11:10:00,0.0
2022-07-14 11:15:00,0.0
2022-07-14 11:20:00,0.0
2022-07-14 11:25:00,0.0
2022-07-14 11:30:00,0.0
2022-07-14 11:35:00,0.0
2022-07-14 11:40:00,0.0
2022-07-14 11:45:00,0.0
2022-07-14 11:50:00,0.0
2022-07-14 11:55:00,20769.899256599303
2022-07-14 12:00:00,19199.06541117114
2022-07-14 12:05:00,18895.474583720174
2022-07-14 12:10:00,19343.128542565864
2022-07-14 12:15:00,6776.748266982055
2022-07-14 12:20:00,12826.798456406521
2022-07-14 12:25:00,6725.040893604826
2022-07-14 12:30:00,12973.41922507693
2022-07-14 12:35:00,28936.00682000907
2022-07-14 12:40:00,14042.117328671571
2022-07-14 12:45:00,1488.2452895623428
2022-07-14 12:50:00,14624.431151596953
2022-07-14 12:55:00,995.4793485254831
2022-07-14 13:00:00,-778.6225787443051
2022-07-14 13:05:00,-757.5332999872063
2022-07-14 13:10:00,-731.1370728049906
2022-07-14 13:15:00,-717.2584780219396
2022-07-14 13:20:00,-659.8096473041377
2022-07-14 13:25:00,-550.2098043727156
2022-07-14 13:30:00,-485.5659934399753
2022-07-14 13:35:00,0.0
2022-07-14 13:40:00,0.0
2022-07-14 13:45:00,0.0
2022-07-14 13:50:00,0.0
2022-07-14 13:55:00,0.0
2022-07-14 14:00:00,0.0
2022-07-14 14:05:00,0.0
2022-07-14 14:10:00,0.0
2022-07-14 14:15:00,0.0
2022-07-14 14:20:00,0.0
2022-07-14 14:25:00,0.0
2022-07-14 14:30:00,0.0
2022-07-14 14:35:00,0.0
2022-07-14 14:40:00,0.0
2022-07-14 14:45:00,0.0
2022-07-14 14:50:00,0.0
2022-07-14 14:55:00,0.0
2022-07-14 15:00:00,0.0
2022-07-14 15:05:00,0.0
2022-07-14 15:10:00,0.0
2022-07-14 15:15:00,0.0
2022-07-14 15:20:00,0.0
2022-07-14 15:25:00,0.0
2022-07-14 15:30:00,0.0
2022-07-14 15:35:00,0.0
2022-07-14 15:40:00,0.0
2022-07-14 15:45:00,0.0
2022-07-14 15:50:00,0.0
2022-07-14 15:55:00,0.0
2022-07-14 16:00:00,0.0
2022-07-14 16:05:00,0.0
2022-07-14 16:10:00,0.0
2022-07-14 16:15:00,0.0
2022-07-14 16:20:00,0.0
2022-07-14 16:25:00,0.0
2022-07-14 16:30:00,0.0
2022-07-14 16:35:00,0.0
2022-07-14 16:40:00,0.0
2022-07-14 16:45:00,0.0
2022-07-14 16:50:00,0.0
2022-07-14 16:55:00,0.0
2022-07-14 17:00:00,0.0
2022-07-14 17:05:00,0.0
2022-07-14 17:10:00,0.0
2022-07-14 17:15:00,0.0
2022-07-14 17:20:00,0.0
2022-07-14 17:25:00,0.0
2022-07-14 17:30:00,0.0
2022-07-14 17:35:00,0.0
2022-07-14 17:40:00,0.0
2022-07-14 17:45:00,0.0
2022-07-14 17:50:00,0.0
2022-07-14 17:55:00,0.0
2022-07-14 18:00:00,0.0
2022-07-14 18:05:00,0.0
2022-07-14 18:10:00,0.0
2022-07-14 18:15:00,0.0
2022-07-14 18:20:00,0.0
2022-07-14 18:25:00,0.0
2022-07-14 18:30:00,0.0
2022-07-14 18:35:00,0.0
2022-07-14 18:40:00,0.0
2022-07-14 18:45:00,0.0
2022-07-14 18:50:00,0.0
2022-07-14 18:55:00,0.0
2022-07-14 19:00:00,0.0
2022-07-14 19:05:00,0.0
2022-07-14 19:10:00,0.0
2022-07-14 19:15:00,0.0
2022-07-14 19:20:00,0.0
2022-07-14 19:25:00,0.0
2022-07-14 19:30:00,0.0
2022-07-14 19:35:00,0.0
2022-07-14 19:40:00,0.0
2022-07-14 19:45:00,0.0
2022-07-14 19:50:00,0.0
2022-07-14 19:55:00,0.0
2022-07-14 20:00:00,0.0
2022-07-14 20:05:00,0.0
2022-07-14 20:10:00,0.0
2022-07-14 20:15:00,0.0
2022-07-14 20:20:00,0.0
2022-07-14 20:25:00,0.0
2022-07-14 20:30:00,0.0
2022-07-14 20:35:00,0.0
2022-07-14 20:40:00,0.0
2022-07-14 20:45:00,0.0
2022-07-14 20:50:00,0.0
2022-07-14 20:55:00,0.0
2022-07-14 21:00:00,0.0
2022-07-14 21:05:00,0.0
2022-07-14 21:10:00,0.0
2022-07-14 21:15:00,0.0
2022-07-14 21:20:00,0.0
2022-07-14 21:25:00,0.0
2022-07-14 21:30:00,0.0
2022-07-14 21:35:00,0.0
2022-07-14 21:40:00,0.0
2022-07-14 21:45:00,0.0
2022-07-14 21:50:00,0.0
2022-07-14 21:55:00,0.0
2022-07-14 22:00:00,0.0
2022-07-14 22:05:00,0.0
2022-07-14 22:10:00,0.0
2022-07-14 22:15:00,0.0
2022-07-14 22:20:00,0.0
2022-07-14 22:25:00,0.0
2022-07-14 22:30:00,0.0
2022-07-14 22:35:00,0.0
2022-07-14 22:40:00,0.0
2022-07-14 22:45:00,0.0
2022-07-14 22:50:00,0.0
2022-07-14 22:55:00,0.0
2022-07-14 23:00:00,0.0
2022-07-14 23:05:00,0.0
2022-07-14 23:10:00,0.0
2022-07-14 23:15:00,0.0
2022-07-14 23:20:00,0.0
2022-07-14 23:25:00,0.0
2022-07-14 23:30:00,0.0
2022-07-14 23:35:00,0.0
2022-07-14 23:40:00,0.0
2022-07-14 23:45:00,0.0
2022-07-14 23:50:00,0.0
2022-07-14 23:55:00,0.0
2022-07-15 00:00:00,0.0
2022-07-15 00:05:00,0.0
2022-07-15 00:10:00,0.0
2022-07-15 00:15:00,0.0
2022-07-15 00:20:00,0.0
2022-07-15 00:25:00,0.0
2022-07-15 00:30:00,0.0
2022-07-15 00:35:00,0.0
2022-07-15 00:40:00,0.0
2022-07-15 00:45:00,0.0
2022-07-15 00:50:00,0.0
2022-07-15 00:55:00,0.0
2022-07-15 01:00:00,0.0
2022-07-15 01:05:00,0.0
2022-07-15 01:10:00,0.0
2022-07-15 01:15:00,0.0
2022-07-15 01:20:00,0.0
2022-07-15 01:25:00,0.0
2022-07-15 01:30:00,0.0
2022-07-15 01:35:00,0.0
2022-07-15 01:40:00,0.0
2022-07-15 01:45:00,0.0
2022-07-15 01:50:00,0.0
2022-07-15 01:55:00,0.0
2022-07-15 02:00:00,0.0
2022-07-15 02:05:00,0.0
2022-07-15 02:10:00,0.0
2022-07-15 02:15:00,0.0
2022-07-15 02:20:00,0.0
2022-07-15 02:25:00,0.0
2022-07-15 02:30:00,0.0
2022-07-15 02:35:00,0.0
2022-07-15 02:40:00,0.0
2022-07-15 02:45:00,0.0
2022-07-15 02:50:00,0.0
2022-07-15 02:55:00,0.0
2022-07-15 03:00:00,0.0
2022-07-15 03:05:00,0.0
2022-07-15 03:10:00,0.0
2022-07-15 03:15:00,0.0
2022-07-15 03:20:00,0.0
2022-07-15 03:25:00,0.0
2022-07-15 03:30:00,0.0
2022-07-15 03:35:00,0.0
2022-07-15 03:40:00,0.0
2022-07-15 03:45:00,0.0
2022-07-15 03:50:00,0.0
2022-07-15 03:55:00,0.0
2022-07-15 04:00:00,0.0
2022-07-15 04:05:00,0.0
2022-07-15 04:10:00,0.0
2022-07-15 04:15:00,0.0
2022-07-15 04:20:00,0.0
2022-07-15 04:25:00,0.0
2022-07-15 04:30:00,0.0
2022-07-15 04:35:00,0.0
2022-07-15 04:40:00,0.0
2022-07-15 04:45:00,0.0
2022-07-15 04:50:00,0.0
2022-07-15 04:55:00,0.0
2022-07-15 05:00:00,0.0
2022-07-15 05:05:00,0.0
2022-07-15 05:10:00,0.0
2022-07-15 05:15:00,0.0
2022-07-15 05:20:00,0.0
2022-07-15 05:25:00,0.0
2022-07-15 05:30:00,0.0
2022-07-15 05:35:00,0.0
2022-07-15 05:40:00,0.0
2022-07-15 05:45:00,0.0
2022-07-15 05:50:00,0.0
2022-07-15 05:55:00,0.0
2022-07-15 06:00:00,0.0
2022-07-15 06:05:00,0.0
2022-07-15 06:10:00,0.0
2022-07-15 06:15:00,0.0
2022-07-15 06:20:00,0.0
2022-07-15 06:25:00,0.0
2022-07-15 06:30:00,0.0
2022-07-15 06:35:00,0.0
2022-07-15 06:40:00,0.0
2022-07-15 06:45:00,0.0
2022-07-15 06:50:00,0.0
2022-07-15 06:55:00,0.0
2022-07-15 07:00:00,0.0
2022-07-15 07:05:00,0.0
2022-07-15 07:10:00,0.0
2022-07-15 07:15:00,0.0
2022-07-15 07:20:00,0.0
2022-07-15 07:25:00,0.0
2022-07-15 07:30:00,0.0
2022-07-15 07:35:00,0.0
2022-07-15 07:40:00,0.0
2022-07-15 07:45:00,0.0
2022-07-15 07:50:00,0.0
2022-07-15 07:55:00,0.0
2022-07-15 08:00:00,0.0
2022-07-15 08:05:00,0.0
2022-07-15 08:10:00,0.0
2022-07-15 08:15:00,0.0
2022-07-15 08:20:00,0.0
2022-07-15 08:25:00,0.0
2022-07-15 08:30:00,0.0
2022-07-15 08:35:00,0.0
2022-07-15 08:40:00,0.0
2022-07-15 08:45:00,0.0
2022-07-15 08:50:00,0.0
2022-07-15 08:55:00,11990.686757771588
2022-07-15 09:00:00,19091.915197360056
2022-07-15 09:05:00,21619.00091228404
2022-07-15 09:10:00,22678.480650595084
2022-07-15 09:15:00,8118.8326354182645
2022-07-15 09:20:00,15634.70061688442
2022-07-15 09:25:00,19522.403131790576
2022-07-15 09:30:00,16714.163922616863
2022-07-15 09:35:00,15275.050307028441
2022-07-15 09:40:00,7449.401482460571
2022-07-15 09:45:00,13876.461983983729
2022-07-15 09:50:00,4862.281946759801
2022-07-15 09:55:00,18286.233743349854
2022-07-15 10:00:00,24266.52347196582
2022-07-15 10:05:00,15056.607713149358
2022-07-15 10:10:00,20601.428365785938
2022-07-15 10:15:00,16664.929126845604
2022-07-15 10:20:00,15419.063107372624
2022-07-15 10:25:00,7349.696975560136
2022-07-15 10:30:00,-731.2516248997122
2022-07-15 10:35:00,15742.026454974257
2022-07-15 10:40:00,5045.946026067926
2022-07-15 10:45:00,4084.8564469018947
2022-07-15 10:50:00,13847.51256488671
2022-07-15 10:55:00,-800.1090239869816
2022-07-15 11:00:00,9459.876123218306
2022-07-15 11:05:00,13251.688187923752
2022-07-15 11:10:00,-729.2572510121892
2022-07-15 11:15:00,17205.337187923287
2022-07-15 11:20:00,23137.78547737028
2022-07-15 11:25:00,993.127530937087
2022-07-15 11:30:00,0.0
2022-07-15 11:35:00,0.0
2022-07-15 11:40:00,0.0
2022-07-15 11:45:00,11166.268098529154
2022-07-15 11:50:00,9536.259867082617
2022-07-15 11:55:00,-793.143740441384
2022-07-15 12:00:00,12944.95755111384
2022-07-15 12:05:00,10005.673916491467
2022-07-15 12:10:00,-752.0717860706912
2022-07-15 12:15:00,6602.67873842271
2022-07-15 12:20:00,0.0
2022-07-15 12:25:00,0.0
2022-07-15 12:30:00,0.0
2022-07-15 12:35:00,-635.4242690934427
2022-07-15 12:40:00,16211.506521671938
2022-07-15 12:45:00,12099.635463996323
2022-07-15 12:50:00,-928.1611749743425
2022-07-15 12:55:00,-793.4730450474367
2022-07-15 13:00:00,-816.5895332637632
2022-07-15 13:05:00,4653.1108126352765
2022-07-15 13:10:00,7899.941273812552
2022-07-15 13:15:00,-835.3805284448476
2022-07-15 13:20:00,-828.978069658164
2022-07-15 13:25:00,11383.131338681585
2022-07-15 13:30:00,7263.287388730885
2022-07-15 13:35:00,0.0
2022-07-15 13:40:00,0.0
2022-07-15 13:45:00,0.0
2022-07-15 13:50:00,0.0
2022-07-15 13:55:00,0.0
2022-07-15 14:00:00,-771.3856804848692
2022-07-15 14:05:00,8759.455839483298
2022-07-15 14:10:00,20389.424818440773
2022-07-15 14:15:00,23063.94388871394
2022-07-15 14:20:00,13878.400526875157
2022-07-15 14:25:00,5104.665285298263
2022-07-15 14:30:00,11920.41536789104
2022-07-15 14:35:00,0.0
2022-07-15 14:40:00,0.0
2022-07-15 14:45:00,0.0
2022-07-15 14:50:00,0.0
2022-07-15 14:55:00,0.0
2022-07-15 15:00:00,0.0
2022-07-15 15:05:00,0.0
2022-07-15 15:10:00,0.0
2022-07-15 15:15:00,0.0
2022-07-15 15:20:00,0.0
2022-07-15 15:25:00,0.0
2022-07-15 15:30:00,0.0
2022-07-15 15:35:00,0.0
2022-07-15 15:40:00,
2022-07-15 15:45:00,18631.404114149733
2022-07-15 15:50:00,20932.45369323082
2022-07-15 15:55:00,-745.4919722026266
2022-07-15 16:00:00,17540.600145420576
2022-07-15 16:05:00,-678.5642431527058
2022-07-15 16:10:00,15965.400983289685
2022-07-15 16:15:00,3753.349081072108
2022-07-15 16:20:00,7192.83481314187
2022-07-15 16:25:00,16171.747490201884
2022-07-15 16:30:00,0.0
2022-07-15 16:35:00,13440.318916470867
2022-07-15 16:40:00,6024.575393420941
2022-07-15 16:45:00,-488.99383196629174
2022-07-15 16:50:00,0.0
2022-07-15 16:55:00,0.0
2022-07-15 17:00:00,0.0
2022-07-15 17:05:00,0.0
2022-07-15 17:10:00,0.0
2022-07-15 17:15:00,0.0
2022-07-15 17:20:00,0.0
2022-07-15 17:25:00,0.0
2022-07-15 17:30:00,0.0
2022-07-15 17:35:00,0.0
2022-07-15 17:40:00,0.0
2022-07-15 17:45:00,0.0
2022-07-15 17:50:00,0.0
2022-07-15 17:55:00,0.0
2022-07-15 18:00:00,0.0
2022-07-15 18:05:00,0.0
2022-07-15 18:10:00,0.0
2022-07-15 18:15:00,0.0
2022-07-15 18:20:00,0.0
2022-07-15 18:25:00,0.0
2022-07-15 18:30:00,0.0
2022-07-15 18:35:00,0.0
2022-07-15 18:40:00,0.0
2022-07-15 18:45:00,0.0
2022-07-15 18:50:00,0.0
2022-07-15 18:55:00,0.0
2022-07-15 19:00:00,0.0
2022-07-15 19:05:00,0.0
2022-07-15 19:10:00,0.0
2022-07-15 19:15:00,0.0
2022-07-15 19:20:00,0.0
2022-07-15 19:25:00,0.0
2022-07-15 19:30:00,0.0
2022-07-15 19:35:00,0.0
2022-07-15 19:40:00,0.0
2022-07-15 19:45:00,0.0
2022-07-15 19:50:00,0.0
2022-07-15 19:55:00,0.0
2022-07-15 20:00:00,0.0
2022-07-15 20:05:00,0.0
2022-07-15 20:10:00,0.0
2022-07-15 20:15:00,0.0
2022-07-15 20:20:00,0.0
2022-07-15 20:25:00,0.0
2022-07-15 20:30:00,0.0
2022-07-15 20:35:00,0.0
2022-07-15 20:40:00,0.0
2022-07-15 20:45:00,0.0
2022-07-15 20:50:00,0.0
2022-07-15 20:55:00,0.0
2022-07-15 21:00:00,0.0
2022-07-15 21:05:00,0.0
2022-07-15 21:10:00,0.0
2022-07-15 21:15:00,0.0
2022-07-15 21:20:00,0.0
2022-07-15 21:25:00,0.0
2022-07-15 21:30:00,0.0
2022-07-15 21:35:00,0.0
2022-07-15 21:40:00,0.0
2022-07-15 21:45:00,0.0
2022-07-15 21:50:00,0.0
2022-07-15 21:55:00,0.0
2022-07-15 22:00:00,0.0
2022-07-15 22:05:00,0.0
2022-07-15 22:10:00,0.0
2022-07-15 22:15:00,0.0
2022-07-15 22:20:00,0.0
2022-07-15 22:25:00,0.0
2022-07-15 22:30:00,0.0
2022-07-15 22:35:00,0.0
2022-07-15 22:40:00,0.0
2022-07-15 22:45:00,0.0
2022-07-15 22:50:00,0.0
2022-07-15 22:55:00,0.0
2022-07-15 23:00:00,0.0
2022-07-15 23:05:00,0.0
2022-07-15 23:10:00,0.0
2022-07-15 23:15:00,0.0
2022-07-15 23:20:00,0.0
2022-07-15 23:25:00,0.0
2022-07-15 23:30:00,0.0
2022-07-15 23:35:00,0.0
2022-07-15 23:40:00,0.0
2022-07-15 23:45:00,0.0
2022-07-15 23:50:00,0.0
2022-07-15 23:55:00,0.0
2022-07-16 00:00:00,0.0
2022-07-16 00:05:00,0.0
2022-07-16 00:10:00,0.0
2022-07-16 00:15:00,0.0
2022-07-16 00:20:00,0.0
2022-07-16 00:25:00,0.0
2022-07-16 00:30:00,0.0
2022-07-16 00:35:00,0.0
2022-07-16 00:40:00,0.0
2022-07-16 00:45:00,0.0
2022-07-16 00:50:00,0.0
2022-07-16 00:55:00,0.0
2022-07-16 01:00:00,0.0
2022-07-16 01:05:00,0.0
2022-07-16 01:10:00,0.0
2022-07-16 01:15:00,0.0
2022-07-16 01:20:00,0.0
2022-07-16 01:25:00,0.0
2022-07-16 01:30:00,0.0
2022-07-16 01:35:00,0.0
2022-07-16 01:40:00,0.0
2022-07-16 01:45:00,0.0
2022-07-16 01:50:00,0.0
2022-07-16 01:55:00,0.0
2022-07-16 02:00:00,0.0
2022-07-16 02:05:00,0.0
2022-07-16 02:10:00,0.0
2022-07-16 02:15:00,0.0
2022-07-16 02:20:00,0.0
2022-07-16 02:25:00,0.0
2022-07-16 02:30:00,0.0
2022-07-16 02:35:00,0.0
2022-07-16 02:40:00,0.0
2022-07-16 02:45:00,0.0
2022-07-16 02:50:00,0.0
2022-07-16 02:55:00,0.0
2022-07-16 03:00:00,0.0
2022-07-16 03:05:00,0.0
2022-07-16 03:10:00,0.0
2022-07-16 03:15:00,0.0
2022-07-16 03:20:00,0.0
2022-07-16 03:25:00,0.0
2022-07-16 03:30:00,0.0
2022-07-16 03:35:00,0.0
2022-07-16 03:40:00,0.0
2022-07-16 03:45:00,0.0
2022-07-16 03:50:00,0.0
2022-07-16 03:55:00,0.0
2022-07-16 04:00:00,0.0
2022-07-16 04:05:00,0.0
2022-07-16 04:10:00,0.0
2022-07-16 04:15:00,0.0
2022-07-16 04:20:00,0.0
2022-07-16 04:25:00,0.0
2022-07-16 04:30:00,0.0
2022-07-16 04:35:00,0.0
2022-07-16 04:40:00,0.0
2022-07-16 04:45:00,0.0
2022-07-16 04:50:00,0.0
2022-07-16 04:55:00,0.0
2022-07-16 05:00:00,0.0
2022-07-16 05:05:00,0.0
2022-07-16 05:10:00,0.0
2022-07-16 05:15:00,0.0
2022-07-16 05:20:00,0.0
2022-07-16 05:25:00,0.0
2022-07-16 05:30:00,0.0
2022-07-16 05:35:00,0.0
2022-07-16 05:40:00,0.0
2022-07-16 05:45:00,0.0
2022-07-16 05:50:00,0.0
2022-07-16 05:55:00,0.0
2022-07-16 06:00:00,0.0
2022-07-16 06:05:00,0.0
2022-07-16 06:10:00,0.0
2022-07-16 06:15:00,0.0
2022-07-16 06:20:00,0.0
2022-07-16 06:25:00,0.0
2022-07-16 06:30:00,0.0
2022-07-16 06:35:00,0.0
2022-07-16 06:40:00,0.0
2022-07-16 06:45:00,0.0
2022-07-16 06:50:00,0.0
2022-07-16 06:55:00,0.0
2022-07-16 07:00:00,0.0
2022-07-16 07:05:00,0.0
2022-07-16 07:10:00,0.0
2022-07-16 07:15:00,0.0
2022-07-16 07:20:00,0.0
2022-07-16 07:25:00,0.0
2022-07-16 07:30:00,0.0
2022-07-16 07:35:00,0.0
2022-07-16 07:40:00,0.0
2022-07-16 07:45:00,0.0
2022-07-16 07:50:00,0.0
2022-07-16 07:55:00,0.0
2022-07-16 08:00:00,0.0
2022-07-16 08:05:00,0.0
2022-07-16 08:10:00,0.0
2022-07-16 08:15:00,0.0
2022-07-16 08:20:00,0.0
2022-07-16 08:25:00,0.0
2022-07-16 08:30:00,17224.887520249194
2022-07-16 08:35:00,16388.157643825954
2022-07-16 08:40:00,18157.464763162294
2022-07-16 08:45:00,0.0
2022-07-16 08:50:00,0.0
2022-07-16 08:55:00,0.0
2022-07-16 09:00:00,0.0
2022-07-16 09:05:00,0.0
2022-07-16 09:10:00,0.0
2022-07-16 09:15:00,0.0
2022-07-16 09:20:00,0.0
2022-07-16 09:25:00,0.0
2022-07-16 09:30:00,0.0
2022-07-16 09:35:00,0.0
2022-07-16 09:40:00,0.0
2022-07-16 09:45:00,0.0
2022-07-16 09:50:00,0.0
2022-07-16 09:55:00,0.0
2022-07-16 10:00:00,0.0
2022-07-16 10:05:00,0.0
2022-07-16 10:10:00,0.0
2022-07-16 10:15:00,0.0
2022-07-16 10:20:00,0.0
2022-07-16 10:25:00,0.0
2022-07-16 10:30:00,0.0
2022-07-16 10:35:00,0.0
2022-07-16 10:40:00,0.0
2022-07-16 10:45:00,0.0
2022-07-16 10:50:00,0.0
2022-07-16 10:55:00,0.0
2022-07-16 11:00:00,0.0
2022-07-16 11:05:00,0.0
2022-07-16 11:10:00,0.0
2022-07-16 11:15:00,0.0
2022-07-16 11:20:00,0.0
2022-07-16 11:25:00,0.0
2022-07-16 11:30:00,0.0
2022-07-16 11:35:00,0.0
2022-07-16 11:40:00,0.0
2022-07-16 11:45:00,0.0
2022-07-16 11:50:00,0.0
2022-07-16 11:55:00,0.0
2022-07-16 12:00:00,0.0
2022-07-16 12:05:00,0.0
2022-07-16 12:10:00,0.0
2022-07-16 12:15:00,0.0
2022-07-16 12:20:00,0.0
2022-07-16 12:25:00,0.0
2022-07-16 12:30:00,0.0
2022-07-16 12:35:00,0.0
2022-07-16 12:40:00,0.0
2022-07-16 12:45:00,0.0
2022-07-16 12:50:00,0.0
2022-07-16 12:55:00,0.0
2022-07-16 13:00:00,0.0
2022-07-16 13:05:00,0.0
2022-07-16 13:10:00,0.0
2022-07-16 13:15:00,0.0
2022-07-16 13:20:00,0.0
2022-07-16 13:25:00,0.0
2022-07-16 13:30:00,0.0
2022-07-16 13:35:00,0.0
2022-07-16 13:40:00,0.0
2022-07-16 13:45:00,0.0
2022-07-16 13:50:00,0.0
2022-07-16 13:55:00,0.0
2022-07-16 14:00:00,0.0
2022-07-16 14:05:00,0.0
2022-07-16 14:10:00,0.0
2022-07-16 14:15:00,0.0
2022-07-16 14:20:00,0.0
2022-07-16 14:25:00,0.0
2022-07-16 14:30:00,0.0
2022-07-16 14:35:00,0.0
2022-07-16 14:40:00,0.0
2022-07-16 14:45:00,0.0
2022-07-16 14:50:00,0.0
2022-07-16 14:55:00,0.0
2022-07-16 15:00:00,0.0
2022-07-16 15:05:00,0.0
2022-07-16 15:10:00,0.0
2022-07-16 15:15:00,0.0
2022-07-16 15:20:00,0.0
2022-07-16 15:25:00,0.0
2022-07-16 15:30:00,0.0
2022-07-16 15:35:00,0.0
2022-07-16 15:40:00,0.0
2022-07-16 15:45:00,0.0
2022-07-16 15:50:00,0.0
2022-07-16 15:55:00,0.0
2022-07-16 16:00:00,0.0
2022-07-16 16:05:00,0.0
2022-07-16 16:10:00,0.0
2022-07-16 16:15:00,0.0
2022-07-16 16:20:00,0.0
2022-07-16 16:25:00,0.0
2022-07-16 16:30:00,0.0
2022-07-16 16:35:00,0.0
2022-07-16 16:40:00,0.0
2022-07-16 16:45:00,0.0
2022-07-16 16:50:00,0.0
2022-07-16 16:55:00,0.0
2022-07-16 17:00:00,0.0
2022-07-16 17:05:00,0.0
2022-07-16 17:10:00,0.0
2022-07-16 17:15:00,0.0
2022-07-16 17:20:00,0.0
2022-07-16 17:25:00,0.0
2022-07-16 17:30:00,0.0
2022-07-16 17:35:00,0.0
2022-07-16 17:40:00,0.0
2022-07-16 17:45:00,0.0
2022-07-16 17:50:00,0.0
2022-07-16 17:55:00,0.0
2022-07-16 18:00:00,0.0
2022-07-16 18:05:00,0.0
2022-07-16 18:10:00,0.0
2022-07-16 18:15:00,0.0
2022-07-16 18:20:00,0.0
2022-07-16 18:25:00,0.0
2022-07-16 18:30:00,0.0
2022-07-16 18:35:00,0.0
2022-07-16 18:40:00,0.0
2022-07-16 18:45:00,0.0
2022-07-16 18:50:00,0.0
2022-07-16 18:55:00,0.0
2022-07-16 19:00:00,0.0
2022-07-16 19:05:00,0.0
2022-07-16 19:10:00,0.0
2022-07-16 19:15:00,0.0
2022-07-16 19:20:00,0.0
2022-07-16 19:25:00,0.0
2022-07-16 19:30:00,0.0
2022-07-16 19:35:00,0.0
2022-07-16 19:40:00,0.0
2022-07-16 19:45:00,0.0
2022-07-16 19:50:00,0.0
2022-07-16 19:55:00,0.0
2022-07-16 20:00:00,0.0
2022-07-16 20:05:00,0.0
2022-07-16 20:10:00,0.0
2022-07-16 20:15:00,0.0
2022-07-16 20:20:00,0.0
2022-07-16 20:25:00,0.0
2022-07-16 20:30:00,0.0
2022-07-16 20:35:00,0.0
2022-07-16 20:40:00,0.0
2022-07-16 20:45:00,0.0
2022-07-16 20:50:00,0.0
2022-07-16 20:55:00,0.0
2022-07-16 21:00:00,0.0
2022-07-16 21:05:00,0.0
2022-07-16 21:10:00,0.0
2022-07-16 21:15:00,0.0
2022-07-16 21:20:00,0.0
2022-07-16 21:25:00,0.0
2022-07-16 21:30:00,0.0
2022-07-16 21:35:00,0.0
2022-07-16 21:40:00,0.0
2022-07-16 21:45:00,0.0
2022-07-16 21:50:00,0.0
2022-07-16 21:55:00,0.0
2022-07-16 22:00:00,0.0
2022-07-16 22:05:00,0.0
2022-07-16 22:10:00,0.0
2022-07-16 22:15:00,0.0
2022-07-16 22:20:00,0.0
2022-07-16 22:25:00,0.0
2022-07-16 22:30:00,0.0
2022-07-16 22:35:00,0.0
2022-07-16 22:40:00,0.0
2022-07-16 22:45:00,0.0
2022-07-16 22:50:00,0.0
2022-07-16 22:55:00,0.0
2022-07-16 23:00:00,0.0
2022-07-16 23:05:00,0.0
2022-07-16 23:10:00,0.0
2022-07-16 23:15:00,0.0
2022-07-16 23:20:00,0.0
2022-07-16 23:25:00,0.0
2022-07-16 23:30:00,0.0
2022-07-16 23:35:00,0.0
2022-07-16 23:40:00,0.0
2022-07-16 23:45:00,0.0
2022-07-16 23:50:00,0.0
2022-07-16 23:55:00,0.0
2022-07-17 00:00:00,0.0
2022-07-17 00:05:00,0.0
2022-07-17 00:10:00,0.0
2022-07-17 00:15:00,0.0
2022-07-17 00:20:00,0.0
2022-07-17 00:25:00,0.0
2022-07-17 00:30:00,0.0
2022-07-17 00:35:00,0.0
2022-07-17 00:40:00,0.0
2022-07-17 00:45:00,0.0
2022-07-17 00:50:00,0.0
2022-07-17 00:55:00,0.0
2022-07-17 01:00:00,0.0
2022-07-17 01:05:00,0.0
2022-07-17 01:10:00,0.0
2022-07-17 01:15:00,0.0
2022-07-17 01:20:00,0.0
2022-07-17 01:25:00,0.0
2022-07-17 01:30:00,0.0
2022-07-17 01:35:00,0.0
2022-07-17 01:40:00,0.0
2022-07-17 01:45:00,0.0
2022-07-17 01:50:00,0.0
2022-07-17 01:55:00,0.0
2022-07-17 02:00:00,0.0
2022-07-17 02:05:00,0.0
2022-07-17 02:10:00,0.0
2022-07-17 02:15:00,0.0
2022-07-17 02:20:00,0.0
2022-07-17 02:25:00,0.0
2022-07-17 02:30:00,0.0
2022-07-17 02:35:00,0.0
2022-07-17 02:40:00,0.0
2022-07-17 02:45:00,0.0
2022-07-17 02:50:00,0.0
2022-07-17 02:55:00,0.0
2022-07-17 03:00:00,0.0
2022-07-17 03:05:00,0.0
2022-07-17 03:10:00,0.0
2022-07-17 03:15:00,0.0
2022-07-17 03:20:00,0.0
2022-07-17 03:25:00,0.0
2022-07-17 03:30:00,0.0
2022-07-17 03:35:00,0.0
2022-07-17 03:40:00,0.0
2022-07-17 03:45:00,0.0
2022-07-17 03:50:00,0.0
2022-07-17 03:55:00,0.0
2022-07-17 04:00:00,0.0
2022-07-17 04:05:00,0.0
2022-07-17 04:10:00,0.0
2022-07-17 04:15:00,0.0
2022-07-17 04:20:00,0.0
2022-07-17 04:25:00,0.0
2022-07-17 04:30:00,0.0
2022-07-17 04:35:00,0.0
2022-07-17 04:40:00,0.0
2022-07-17 04:45:00,0.0
2022-07-17 04:50:00,0.0
2022-07-17 04:55:00,0.0
2022-07-17 05:00:00,0.0
2022-07-17 05:05:00,0.0
2022-07-17 05:10:00,0.0
2022-07-17 05:15:00,0.0
2022-07-17 05:20:00,0.0
2022-07-17 05:25:00,0.0
2022-07-17 05:30:00,0.0
2022-07-17 05:35:00,0.0
2022-07-17 05:40:00,0.0
2022-07-17 05:45:00,0.0
2022-07-17 05:50:00,0.0
2022-07-17 05:55:00,0.0
2022-07-17 06:00:00,0.0
2022-07-17 06:05:00,0.0
2022-07-18 08:00:00,0.0
2022-07-18 08:05:00,0.0
2022-07-18 08:10:00,0.0
2022-07-18 08:15:00,0.0
2022-07-18 08:20:00,0.0
2022-07-18 08:25:00,0.0
2022-07-18 08:30:00,0.0
2022-07-18 08:35:00,0.0
2022-07-18 08:40:00,0.0
2022-07-18 08:45:00,0.0
2022-07-18 08:50:00,0.0
2022-07-18 08:55:00,20013.555976834716
2022-07-18 09:00:00,22068.890666675976
2022-07-18 09:05:00,21470.210418428986
2022-07-18 09:10:00,9419.224374796291
2022-07-18 09:15:00,15396.921757424994
2022-07-18 09:20:00,28607.107474452765
2022-07-18 09:25:00,30084.733950681555
2022-07-18 09:30:00,27635.904138682716
2022-07-18 09:35:00,22548.159141019238
2022-07-18 09:40:00,4889.8806164800335
2022-07-18 09:45:00,8115.362397489693
2022-07-18 09:50:00,10915.26430483746
2022-07-18 09:55:00,15755.036892937078
2022-07-18 10:00:00,20785.42526565676
2022-07-18 10:05:00,25140.348722529907
2022-07-18 10:10:00,21396.288937359266
2022-07-18 10:15:00,12333.052641565344
2022-07-18 10:20:00,11438.968908255098
2022-07-18 10:25:00,6041.841537744134
2022-07-18 10:30:00,5536.345773483571
2022-07-18 10:35:00,16101.619989638235
2022-07-18 10:40:00,-866.3209607747536
2022-07-18 10:45:00,9737.902630610322
2022-07-18 10:50:00,15889.675267909515
2022-07-18 10:55:00,-874.1908486073655
2022-07-18 11:00:00,12819.427591659012
2022-07-18 11:05:00,14105.919985046005
2022-07-18 11:10:00,-624.1702203071738
2022-07-18 11:15:00,16960.714333160337
2022-07-18 11:20:00,8535.6502830182
2022-07-18 11:25:00,-719.7422093831678
2022-07-18 11:30:00,0.0
2022-07-18 11:35:00,4826.108910001475
2022-07-18 11:40:00,18040.857092075086
2022-07-18 11:45:00,15825.657417023544
2022-07-18 11:50:00,-839.0883013913264
2022-07-18 11:55:00,18211.006982977615
2022-07-18 12:00:00,15124.896492761438
2022-07-18 12:05:00,16359.175927431961
2022-07-18 12:10:00,17244.53038540732
2022-07-18 12:15:00,5018.234207718559
2022-07-18 12:20:00,20282.762004004788
2022-07-18 12:25:00,19995.008254497177
2022-07-18 12:30:00,12640.347194796603
2022-07-18 12:35:00,10453.094817492025
2022-07-18 12:40:00,5655.6069500861195
2022-07-18 12:45:00,15052.340078031804
2022-07-18 12:50:00,3202.9204354469052
2022-07-18 12:55:00,-820.7083296030577
2022-07-18 13:00:00,-848.86285213242
2022-07-18 13:05:00,8233.34544756385
2022-07-18 13:10:00,4033.778719438575
2022-07-18 13:15:00,-797.864388737084
2022-07-18 13:20:00,-806.0645271200981
2022-07-18 13:25:00,9607.539504372224
2022-07-18 13:30:00,6709.4381253969195
2022-07-18 13:35:00,0.0
2022-07-18 13:40:00,0.0
2022-07-18 13:45:00,-673.1071630372159
2022-07-18 13:50:00,0.0
2022-07-18 13:55:00,0.0
2022-07-18 14:00:00,0.0
2022-07-18 14:05:00,0.0
2022-07-18 14:10:00,0.0
2022-07-18 14:15:00,0.0
2022-07-18 14:20:00,0.0
2022-07-18 14:25:00,0.0
2022-07-18 14:30:00,0.0
2022-07-18 14:35:00,0.0
2022-07-18 14:40:00,0.0
2022-07-18 14:45:00,0.0
2022-07-18 14:50:00,0.0
2022-07-18 14:55:00,
2022-07-18 15:00:00,10314.494089569542
2022-07-18 15:05:00,21739.495207467386
2022-07-18 15:10:00,21847.630491466054
2022-07-18 15:15:00,20691.78309625976
2022-07-18 15:20:00,6422.886420701649
2022-07-18 15:25:00,14615.775257905987
2022-07-18 15:30:00,17870.719086113895
2022-07-18 15:35:00,17651.85938981492
2022-07-18 15:40:00,0.0
2022-07-18 15:45:00,0.0
2022-07-18 15:50:00,0.0
2022-07-18 15:55:00,0.0
2022-07-18 16:00:00,8422.229907189918
2022-07-18 16:05:00,24497.080125963737
2022-07-18 16:10:00,27586.953261125276
2022-07-18 16:15:00,20099.152393991386
2022-07-18 16:20:00,17173.468011111647
2022-07-18 16:25:00,10854.64414443523
2022-07-18 16:30:00,13788.899990942951
2022-07-18 16:35:00,14745.715244703097
2022-07-18 16:40:00,14765.789349791832
2022-07-18 16:45:00,31172.42551332094
2022-07-18 16:50:00,8267.824869492482
2022-07-18 16:55:00,13798.601701237485
2022-07-18 17:00:00,14607.489896155144
2022-07-18 17:05:00,12548.76198685818
2022-07-18 17:10:00,3291.2346808279717
2022-07-18 17:15:00,-639.2981690446695
2022-07-18 17:20:00,11050.821881365158
2022-07-18 17:25:00,-787.7666035625306
2022-07-18 17:30:00,13588.660296415072
2022-07-18 17:35:00,11837.591164094207
2022-07-18 17:40:00,4170.854968875165
2022-07-18 17:45:00,17232.801234316914
2022-07-18 17:50:00,-867.5318673028736
2022-07-18 17:55:00,5482.816003551907
2022-07-18 18:00:00,11791.546746997905
2022-07-18 18:05:00,-711.8295280469141
2022-07-18 18:10:00,18049.242504520967
2022-07-18 18:15:00,-840.7115738332658
2022-07-18 18:20:00,9903.703687972938
2022-07-18 18:25:00,10358.765263696585
2022-07-18 18:30:00,-734.864504959759
2022-07-18 18:35:00,17433.823689475827
2022-07-18 18:40:00,6744.644142612186
2022-07-18 18:45:00,5587.2114759937485
2022-07-18 18:50:00,25912.348298124205
2022-07-18 18:55:00,3009.7674308398423
2022-07-18 19:00:00,2727.329330419045
2022-07-18 19:05:00,0.0
2022-07-18 19:10:00,0.0
2022-07-18 19:15:00,0.0
2022-07-18 19:20:00,0.0
2022-07-18 19:25:00,0.0
2022-07-18 19:30:00,0.0
2022-07-18 19:35:00,0.0
2022-07-18 19:40:00,0.0
2022-07-18 19:45:00,0.0
2022-07-18 19:50:00,0.0
2022-07-18 19:55:00,0.0
2022-07-18 20:00:00,0.0
2022-07-18 20:05:00,0.0
2022-07-18 20:10:00,0.0
2022-07-18 20:15:00,0.0
2022-07-18 20:20:00,0.0
2022-07-18 20:25:00,0.0
2022-07-18 20:30:00,0.0
2022-07-18 20:35:00,0.0
2022-07-18 20:40:00,0.0
2022-07-18 20:45:00,0.0
2022-07-18 20:50:00,0.0
2022-07-18 20:55:00,0.0
2022-07-18 21:00:00,0.0
2022-07-18 21:05:00,0.0
2022-07-18 21:10:00,0.0
2022-07-18 21:15:00,0.0
2022-07-18 21:20:00,0.0
2022-07-18 21:25:00,0.0
2022-07-18 21:30:00,0.0
2022-07-18 21:35:00,0.0
2022-07-18 21:40:00,0.0
2022-07-18 21:45:00,0.0
2022-07-18 21:50:00,0.0
2022-07-18 21:55:00,0.0
2022-07-18 22:00:00,0.0
2022-07-18 22:05:00,0.0
2022-07-18 22:10:00,0.0
2022-07-18 22:15:00,0.0
2022-07-18 22:20:00,0.0
2022-07-18 22:25:00,0.0
2022-07-18 22:30:00,0.0
2022-07-18 22:35:00,0.0
2022-07-18 22:40:00,0.0
2022-07-18 22:45:00,0.0
2022-07-18 22:50:00,0.0
2022-07-18 22:55:00,0.0
2022-07-18 23:00:00,0.0
2022-07-18 23:05:00,0.0
2022-07-18 23:10:00,0.0
2022-07-18 23:15:00,0.0
2022-07-18 23:20:00,0.0
2022-07-18 23:25:00,0.0
2022-07-18 23:30:00,0.0
2022-07-18 23:35:00,0.0
2022-07-18 23:40:00,0.0
2022-07-18 23:45:00,0.0
2022-07-18 23:50:00,0.0
2022-07-18 23:55:00,0.0
2022-07-19 00:00:00,0.0
2022-07-19 00:05:00,0.0
2022-07-19 00:10:00,0.0
2022-07-19 00:15:00,0.0
2022-07-19 00:20:00,0.0
2022-07-19 00:25:00,0.0
2022-07-19 00:30:00,0.0
2022-07-19 00:35:00,0.0
2022-07-19 00:40:00,0.0
2022-07-19 00:45:00,0.0
2022-07-19 00:50:00,0.0
2022-07-19 00:55:00,0.0
2022-07-19 01:00:00,0.0
2022-07-19 01:05:00,0.0
2022-07-19 01:10:00,0.0
2022-07-19 01:15:00,0.0
2022-07-19 01:20:00,0.0
2022-07-19 01:25:00,0.0
2022-07-19 01:30:00,0.0
2022-07-19 01:35:00,0.0
2022-07-19 01:40:00,0.0
2022-07-19 01:45:00,0.0
2022-07-19 01:50:00,0.0
2022-07-19 01:55:00,0.0
2022-07-19 02:00:00,0.0
2022-07-19 02:05:00,0.0
2022-07-19 02:10:00,0.0
2022-07-19 02:15:00,0.0
2022-07-19 02:20:00,0.0
2022-07-19 02:25:00,0.0
2022-07-19 02:30:00,0.0
2022-07-19 02:35:00,0.0
2022-07-19 02:40:00,0.0
2022-07-19 02:45:00,0.0
2022-07-19 02:50:00,0.0
2022-07-19 02:55:00,0.0
2022-07-19 03:00:00,0.0
2022-07-19 03:05:00,0.0
2022-07-19 03:10:00,0.0
2022-07-19 03:15:00,0.0
2022-07-19 03:20:00,0.0
2022-07-19 03:25:00,0.0
2022-07-19 03:30:00,0.0
2022-07-19 03:35:00,0.0
2022-07-19 03:40:00,0.0
2022-07-19 03:45:00,0.0
2022-07-19 03:50:00,0.0
2022-07-19 03:55:00,0.0
2022-07-19 04:00:00,0.0
2022-07-19 04:05:00,0.0
2022-07-19 04:10:00,0.0
2022-07-19 04:15:00,0.0
2022-07-19 04:20:00,0.0
2022-07-19 04:25:00,0.0
2022-07-19 04:30:00,0.0
2022-07-19 04:35:00,0.0
2022-07-19 04:40:00,0.0
2022-07-19 04:45:00,0.0
2022-07-19 04:50:00,0.0
2022-07-19 04:55:00,0.0
2022-07-19 05:00:00,0.0
2022-07-19 05:05:00,0.0
2022-07-19 05:10:00,0.0
2022-07-19 05:15:00,0.0
2022-07-19 05:20:00,0.0
2022-07-19 05:25:00,0.0
2022-07-19 05:30:00,0.0
2022-07-19 05:35:00,0.0
2022-07-19 05:40:00,0.0
2022-07-19 05:45:00,0.0
2022-07-19 05:50:00,0.0
2022-07-19 05:55:00,0.0
2022-07-19 06:00:00,0.0
2022-07-19 06:05:00,0.0
2022-07-19 06:10:00,0.0
2022-07-19 06:15:00,0.0
2022-07-19 06:20:00,0.0
2022-07-19 06:25:00,0.0
2022-07-19 06:30:00,0.0
2022-07-19 06:35:00,0.0
2022-07-19 06:40:00,0.0
2022-07-19 06:45:00,0.0
2022-07-19 06:50:00,0.0
2022-07-19 06:55:00,0.0
2022-07-19 07:00:00,0.0
2022-07-19 07:05:00,0.0
2022-07-19 07:10:00,0.0
2022-07-19 07:15:00,0.0
2022-07-19 07:20:00,0.0
2022-07-19 07:25:00,0.0
2022-07-19 07:30:00,0.0
2022-07-19 07:35:00,0.0
2022-07-19 07:40:00,0.0
2022-07-19 07:45:00,0.0
2022-07-19 07:50:00,0.0
2022-07-19 07:55:00,0.0
2022-07-19 08:00:00,0.0
2022-07-19 08:05:00,0.0
2022-07-19 08:10:00,0.0
2022-07-19 08:15:00,0.0
2022-07-19 08:20:00,0.0
2022-07-19 08:25:00,0.0
2022-07-19 08:30:00,0.0
2022-07-19 08:35:00,0.0
2022-07-19 08:40:00,0.0
2022-07-19 08:45:00,0.0
2022-07-19 08:50:00,0.0
2022-07-19 08:55:00,0.0
2022-07-19 09:00:00,0.0
2022-07-19 09:05:00,0.0
2022-07-19 09:10:00,0.0
2022-07-19 09:15:00,0.0
2022-07-19 09:20:00,0.0
2022-07-19 09:25:00,0.0
2022-07-19 09:30:00,0.0
2022-07-19 09:35:00,0.0
2022-07-19 09:40:00,0.0
2022-07-19 09:45:00,0.0
2022-07-19 09:50:00,0.0
2022-07-19 09:55:00,0.0
2022-07-19 10:00:00,0.0
2022-07-19 10:05:00,0.0
2022-07-19 10:10:00,0.0
2022-07-19 10:15:00,-108.53579615656683
2022-07-19 10:20:00,19332.465123456906
2022-07-19 10:25:00,19047.086208620716
2022-07-19 10:30:00,2367.896870864097
2022-07-19 10:35:00,25073.633256884954
2022-07-19 10:40:00,33398.8476122621
2022-07-19 10:45:00,30657.194602463933
2022-07-19 10:50:00,24364.56813411917
2022-07-19 10:55:00,20887.934524963268
2022-07-19 11:00:00,19434.80989699832
2022-07-19 11:05:00,23526.62558776781
2022-07-19 11:10:00,17093.15437138758
2022-07-19 11:15:00,-1022.5720749055444
2022-07-19 11:20:00,19139.135377060844
2022-07-19 11:25:00,8996.947489274196
2022-07-19 11:30:00,-697.5808558944541
2022-07-19 11:35:00,0.0
2022-07-19 11:40:00,4562.603667900306
2022-07-19 11:45:00,18955.011771436373
2022-07-19 11:50:00,21720.77613549504
2022-07-19 11:55:00,22005.69198111143
2022-07-19 12:00:00,20408.534639624766
2022-07-19 12:05:00,18872.755379824277
2022-07-19 12:10:00,17344.998679527194
2022-07-19 12:15:00,5454.012569670639
2022-07-19 12:20:00,0.0
2022-07-19 12:25:00,5851.082212875422
2022-07-19 12:30:00,20529.88464791737
2022-07-19 12:35:00,27605.395070955976
2022-07-19 12:40:00,19708.6521715006
2022-07-19 12:45:00,14856.488796840924
2022-07-19 12:50:00,-856.0950234758154
2022-07-19 12:55:00,-744.3215848425933
2022-07-19 13:00:00,-701.2271808508821
2022-07-19 13:05:00,-606.314173260524
2022-07-19 13:10:00,-494.56761630781295
2022-07-19 13:15:00,-336.5366260959515
2022-07-19 13:20:00,
2022-07-19 13:25:00,0.0
2022-07-19 13:30:00,0.0
2022-07-19 13:35:00,0.0
2022-07-19 13:40:00,0.0
2022-07-19 13:45:00,0.0
2022-07-19 13:50:00,9434.705249836634
2022-07-19 13:55:00,21839.127264782404
2022-07-19 14:00:00,23098.455435547727
2022-07-19 14:05:00,24003.139998175422
2022-07-19 14:10:00,22505.014278420513
2022-07-19 14:15:00,0.0
2022-07-19 14:20:00,8999.480687048963
2022-07-19 14:25:00,12259.565023358746
2022-07-19 14:30:00,0.0
2022-07-19 14:35:00,0.0
2022-07-19 14:40:00,1859.3553444815482
2022-07-19 14:45:00,20598.97939368999
2022-07-19 14:50:00,24132.456377384962
2022-07-19 14:55:00,23934.278619177814
2022-07-19 15:00:00,-967.9238302370363
2022-07-19 15:05:00,18414.88221755435
2022-07-19 15:10:00,4549.230361226209
2022-07-19 15:15:00,15967.963045539887
2022-07-19 15:20:00,17925.335974237743
2022-07-19 15:25:00,4794.050850127643
2022-07-19 15:30:00,17462.02769285682
2022-07-19 15:35:00,-896.234864448156
2022-07-19 15:40:00,19968.362413496547
2022-07-19 15:45:00,24300.241553593292
2022-07-19 15:50:00,8704.611194683628
2022-07-19 15:55:00,13470.250683485418
2022-07-19 16:00:00,8463.973706910885
2022-07-19 16:05:00,12163.362744632508
2022-07-19 16:10:00,-891.1530950687475
2022-07-19 16:15:00,20322.27893442309
2022-07-19 16:20:00,0.0
2022-07-19 16:25:00,8976.52424912822
2022-07-19 16:30:00,15169.2330616067
2022-07-19 16:35:00,4446.696344029968
2022-07-19 16:40:00,18046.127256453892
2022-07-19 16:45:00,-861.4088503785675
2022-07-19 16:50:00,20544.271771579686
2022-07-19 16:55:00,23259.82543833398
2022-07-19 17:00:00,20091.134443732746
2022-07-19 17:05:00,16314.085464366368
2022-07-19 17:10:00,14516.038830813784
2022-07-19 17:15:00,20369.149600982793
2022-07-19 17:20:00,14932.486298246178
2022-07-19 17:25:00,16062.034283614632
2022-07-19 17:30:00,15328.452320437527
2022-07-19 17:35:00,16486.132635211077
2022-07-19 17:40:00,21020.97457049238
2022-07-19 17:45:00,28374.79667873469
2022-07-19 17:50:00,14957.93357801518
2022-07-19 17:55:00,15545.232010621101
2022-07-19 18:00:00,18055.32974657865
2022-07-19 18:05:00,18117.793626233062
2022-07-19 18:10:00,15034.276444478544
2022-07-19 18:15:00,13822.814564701748
2022-07-19 18:20:00,-805.2242083694829
2022-07-19 18:25:00,18033.314897017674
2022-07-19 18:30:00,-885.8614336486246
2022-07-19 18:35:00,9786.474465447563
2022-07-19 18:40:00,9264.548419475888
2022-07-19 18:45:00,4270.67076568441
2022-07-19 18:50:00,14418.745930671168
2022-07-19 18:55:00,-846.9909209843178
2022-07-19 19:00:00,0.0
2022-07-19 19:05:00,0.0
2022-07-19 19:10:00,0.0
2022-07-19 19:15:00,0.0
2022-07-19 19:20:00,0.0
2022-07-19 19:25:00,0.0
2022-07-19 19:30:00,0.0
2022-07-19 19:35:00,0.0
2022-07-19 19:40:00,0.0
2022-07-19 19:45:00,0.0
2022-07-19 19:50:00,0.0
2022-07-19 19:55:00,0.0
2022-07-19 20:00:00,0.0
2022-07-19 20:05:00,0.0
2022-07-19 20:10:00,0.0
2022-07-19 20:15:00,0.0
2022-07-19 20:20:00,0.0
2022-07-19 20:25:00,0.0
2022-07-19 20:30:00,0.0
2022-07-19 20:35:00,0.0
2022-07-19 20:40:00,0.0
2022-07-19 20:45:00,0.0
2022-07-19 20:50:00,0.0
2022-07-19 20:55:00,0.0
2022-07-19 21:00:00,0.0
2022-07-19 21:05:00,0.0
2022-07-19 21:10:00,0.0
2022-07-19 21:15:00,0.0
2022-07-19 21:20:00,0.0
2022-07-19 21:25:00,0.0
2022-07-19 21:30:00,0.0
2022-07-19 21:35:00,0.0
2022-07-19 21:40:00,0.0
2022-07-19 21:45:00,0.0
2022-07-19 21:50:00,0.0
2022-07-19 21:55:00,0.0
2022-07-19 22:00:00,0.0
2022-07-19 22:05:00,0.0
2022-07-19 22:10:00,0.0
2022-07-19 22:15:00,0.0
2022-07-19 22:20:00,0.0
2022-07-19 22:25:00,0.0
2022-07-19 22:30:00,0.0
2022-07-19 22:35:00,0.0
2022-07-19 22:40:00,0.0
2022-07-19 22:45:00,0.0
2022-07-19 22:50:00,0.0
2022-07-19 22:55:00,0.0
2022-07-19 23:00:00,0.0
2022-07-19 23:05:00,0.0
2022-07-19 23:10:00,0.0
2022-07-19 23:15:00,0.0
2022-07-19 23:20:00,0.0
2022-07-19 23:25:00,0.0
2022-07-19 23:30:00,0.0
2022-07-19 23:35:00,0.0
2022-07-19 23:40:00,0.0
2022-07-19 23:45:00,0.0
2022-07-19 23:50:00,0.0
2022-07-19 23:55:00,0.0
2022-07-20 00:00:00,0.0
2022-07-20 00:05:00,0.0
2022-07-20 00:10:00,0.0
2022-07-20 00:15:00,0.0
2022-07-20 00:20:00,0.0
2022-07-20 00:25:00,0.0
2022-07-20 00:30:00,0.0
2022-07-20 00:35:00,0.0
2022-07-20 00:40:00,0.0
2022-07-20 00:45:00,0.0
2022-07-20 00:50:00,0.0
2022-07-20 00:55:00,0.0
2022-07-20 01:00:00,0.0
2022-07-20 01:05:00,0.0
2022-07-20 01:10:00,0.0
2022-07-20 01:15:00,0.0
2022-07-20 01:20:00,0.0
2022-07-20 01:25:00,0.0
2022-07-20 01:30:00,0.0
2022-07-20 01:35:00,0.0
2022-07-20 01:40:00,0.0
2022-07-20 01:45:00,0.0
2022-07-20 01:50:00,0.0
2022-07-20 01:55:00,0.0
2022-07-20 02:00:00,0.0
2022-07-20 02:05:00,0.0
2022-07-20 02:10:00,0.0
2022-07-20 02:15:00,0.0
2022-07-20 02:20:00,0.0
2022-07-20 02:25:00,0.0
2022-07-20 02:30:00,0.0
2022-07-20 02:35:00,0.0
2022-07-20 02:40:00,0.0
2022-07-20 02:45:00,0.0
2022-07-20 02:50:00,0.0
2022-07-20 02:55:00,0.0
2022-07-20 03:00:00,0.0
2022-07-20 03:05:00,0.0
2022-07-20 03:10:00,0.0
2022-07-20 03:15:00,0.0
2022-07-20 03:20:00,0.0
2022-07-20 03:25:00,0.0
2022-07-20 03:30:00,0.0
2022-07-20 03:35:00,0.0
2022-07-20 03:40:00,0.0
2022-07-20 03:45:00,0.0
2022-07-20 03:50:00,0.0
2022-07-20 03:55:00,0.0
2022-07-20 04:00:00,0.0
2022-07-20 04:05:00,0.0
2022-07-20 04:10:00,0.0
2022-07-20 04:15:00,0.0
2022-07-20 04:20:00,0.0
2022-07-20 04:25:00,0.0
2022-07-20 04:30:00,0.0
2022-07-20 04:35:00,0.0
2022-07-20 04:40:00,0.0
2022-07-20 04:45:00,0.0
2022-07-20 04:50:00,0.0
2022-07-20 04:55:00,0.0
2022-07-20 05:00:00,0.0
2022-07-20 05:05:00,0.0
2022-07-20 05:10:00,0.0
2022-07-20 05:15:00,0.0
2022-07-20 05:20:00,0.0
2022-07-20 05:25:00,0.0
2022-07-20 05:30:00,0.0
2022-07-20 05:35:00,0.0
2022-07-20 05:40:00,0.0
2022-07-20 05:45:00,0.0
2022-07-20 05:50:00,0.0
2022-07-20 05:55:00,0.0
2022-07-20 06:00:00,0.0
2022-07-20 06:05:00,0.0
2022-07-20 06:10:00,0.0
2022-07-20 06:15:00,0.0
2022-07-20 06:20:00,0.0
2022-07-20 06:25:00,0.0
2022-07-20 06:30:00,0.0
2022-07-20 06:35:00,0.0
2022-07-20 06:40:00,0.0
2022-07-20 06:45:00,0.0
2022-07-20 06:50:00,0.0
2022-07-20 06:55:00,0.0
2022-07-20 07:00:00,0.0
2022-07-20 07:05:00,0.0
2022-07-20 07:10:00,0.0
2022-07-20 07:15:00,0.0
2022-07-20 07:20:00,0.0
2022-07-20 07:25:00,0.0
2022-07-20 07:30:00,0.0
2022-07-20 07:35:00,0.0
2022-07-20 07:40:00,0.0
2022-07-20 07:45:00,0.0
2022-07-20 07:50:00,0.0
2022-07-20 07:55:00,0.0
2022-07-20 08:00:00,0.0
2022-07-20 08:05:00,0.0
2022-07-20 08:10:00,0.0
2022-07-20 08:15:00,0.0
2022-07-20 08:20:00,0.0
2022-07-20 08:25:00,0.0
2022-07-20 08:30:00,0.0
2022-07-20 08:35:00,0.0
2022-07-20 08:40:00,0.0
2022-07-20 08:45:00,0.0
2022-07-20 08:50:00,0.0
2022-07-20 08:55:00,0.0
2022-07-20 09:00:00,0.0
2022-07-20 09:05:00,0.0
2022-07-20 09:10:00,0.0
2022-07-20 09:15:00,0.0
2022-07-20 09:20:00,0.0
2022-07-20 09:25:00,0.0
2022-07-20 09:30:00,0.0
2022-07-20 09:35:00,14976.044766564799
2022-07-20 09:40:00,23545.186626221468
2022-07-20 09:45:00,27112.996741343963
2022-07-20 09:50:00,14503.11182137221
2022-07-20 09:55:00,-797.1294506787
2022-07-20 10:00:00,12110.861355143512
2022-07-20 10:05:00,16521.85331716577
2022-07-20 10:10:00,-686.9595929974895
2022-07-20 10:15:00,0.0
2022-07-20 10:20:00,0.0
2022-07-20 10:25:00,0.0
2022-07-20 10:30:00,0.0
2022-07-20 10:35:00,0.0
2022-07-20 10:40:00,0.0
2022-07-20 10:45:00,0.0
2022-07-20 10:50:00,0.0
2022-07-20 10:55:00,0.0
2022-07-20 11:00:00,0.0
2022-07-20 11:05:00,0.0
2022-07-20 11:10:00,0.0
2022-07-20 11:15:00,0.0
2022-07-20 11:20:00,0.0
2022-07-20 11:25:00,0.0
2022-07-20 11:30:00,0.0
2022-07-20 11:35:00,0.0
2022-07-20 11:40:00,0.0
2022-07-20 11:45:00,9096.824112756434
2022-07-20 11:50:00,22678.80962271543
2022-07-20 11:55:00,25046.13964214441
2022-07-20 12:00:00,27478.168253475018
2022-07-20 12:05:00,19717.1800027896
2022-07-20 12:10:00,14275.981821927955
2022-07-20 12:15:00,16433.09681474199
2022-07-20 12:20:00,19620.90426253215
2022-07-20 12:25:00,18937.96529077915
2022-07-20 12:30:00,15633.273394836218
2022-07-20 12:35:00,5047.272447320135
2022-07-20 12:40:00,0.0
2022-07-20 12:45:00,7847.640367883492
2022-07-20 12:50:00,20164.860887553376
2022-07-20 12:55:00,8562.808121532602
2022-07-20 13:00:00,-747.5043312473846
2022-07-20 13:05:00,-785.42902708645
2022-07-20 13:10:00,-770.2488036403214
2022-07-20 13:15:00,-747.2984006129434
2022-07-20 13:20:00,-657.9037464338021
2022-07-20 13:25:00,-596.3730868714846
2022-07-20 13:30:00,-431.7080240544348
2022-07-20 13:35:00,0.0
2022-07-20 13:40:00,0.0
2022-07-20 13:45:00,0.0
2022-07-20 13:50:00,0.0
2022-07-20 13:55:00,0.0
2022-07-20 14:00:00,
2022-07-20 14:05:00,22278.864781978045
2022-07-20 14:10:00,22559.271221535266
2022-07-20 14:15:00,-990.4277039717682
2022-07-20 14:20:00,17981.00106764388
2022-07-20 14:25:00,7126.866614120512
2022-07-20 14:30:00,10655.17200146859
2022-07-20 14:35:00,20744.722802094653
2022-07-20 14:40:00,0.0
2022-07-20 14:45:00,4488.068209528867
2022-07-20 14:50:00,19313.37510125576
2022-07-20 14:55:00,-764.9638370860665
2022-07-20 15:00:00,17355.85133345176
2022-07-20 15:05:00,8376.35451290945
2022-07-20 15:10:00,-694.4485178690521
2022-07-20 15:15:00,20551.021432662554
2022-07-20 15:20:00,-792.2110100602554
2022-07-20 15:25:00,16460.675514061586
2022-07-20 15:30:00,16257.406215594714
2022-07-20 15:35:00,-769.8030767681195
2022-07-20 15:40:00,17394.676800579276
2022-07-20 15:45:00,16929.9707487415
2022-07-20 15:50:00,-917.9207128217869
2022-07-20 15:55:00,9330.951641501302
2022-07-20 16:00:00,12011.992868131836
2022-07-20 16:05:00,4683.863799146669
2022-07-20 16:10:00,-801.511378183303
2022-07-20 16:15:00,3406.7461387661224
2022-07-20 16:20:00,0.0
2022-07-20 16:25:00,0.0
2022-07-20 16:30:00,0.0
2022-07-20 16:35:00,0.0
2022-07-20 16:40:00,0.0
2022-07-20 16:45:00,0.0
2022-07-20 16:50:00,0.0
2022-07-20 16:55:00,0.0
2022-07-20 17:00:00,0.0
2022-07-20 17:05:00,0.0
2022-07-20 17:10:00,0.0
2022-07-20 17:15:00,0.0
2022-07-20 17:20:00,0.0
2022-07-20 17:25:00,0.0
2022-07-20 17:30:00,0.0
2022-07-20 17:35:00,0.0
2022-07-20 17:40:00,0.0
2022-07-20 17:45:00,0.0
2022-07-20 17:50:00,0.0
2022-07-20 17:55:00,0.0
2022-07-20 18:00:00,0.0
2022-07-20 18:05:00,0.0
2022-07-20 18:10:00,0.0
2022-07-20 18:15:00,0.0
2022-07-20 18:20:00,0.0
2022-07-20 18:25:00,0.0
2022-07-20 18:30:00,0.0
2022-07-20 18:35:00,0.0
2022-07-20 18:40:00,0.0
2022-07-20 18:45:00,15444.15825234684
2022-07-20 18:50:00,20630.448668372992
2022-07-20 18:55:00,3242.647354352238
2022-07-20 19:00:00,11786.274388774402
2022-07-20 19:05:00,18931.087816267438
2022-07-20 19:10:00,7838.820390574865
2022-07-20 19:15:00,13192.551225725467
2022-07-20 19:20:00,19116.411749118197
2022-07-20 19:25:00,-736.8112524959123
2022-07-20 19:30:00,19884.621180171114
2022-07-20 19:35:00,8545.414331464608
2022-07-20 19:40:00,15253.167857091312
2022-07-20 19:45:00,20381.463064884516
2022-07-20 19:50:00,10745.4938696546
2022-07-20 19:55:00,19166.599792170608
2022-07-20 20:00:00,5797.423812135016
2022-07-20 20:05:00,10842.41626948116
2022-07-20 20:10:00,15456.388727999236
2022-07-20 20:15:00,-654.5834057643235
2022-07-20 20:20:00,25979.14127519321
2022-07-20 20:25:00,11511.226504066333
2022-07-20 20:30:00,11109.765524127884
2022-07-20 20:35:00,12327.003233363872
2022-07-20 20:40:00,4072.875215475796
2022-07-20 20:45:00,12454.174986571094
2022-07-20 20:50:00,10315.007325526321
2022-07-20 20:55:00,0.0
2022-07-20 21:00:00,0.0
2022-07-20 21:05:00,0.0
2022-07-20 21:10:00,0.0
2022-07-20 21:15:00,0.0
2022-07-20 21:20:00,0.0
2022-07-20 21:25:00,0.0
2022-07-20 21:30:00,0.0
2022-07-20 21:35:00,0.0
2022-07-20 21:40:00,0.0
2022-07-20 21:45:00,0.0
2022-07-20 21:50:00,0.0
2022-07-20 21:55:00,0.0
2022-07-20 22:00:00,0.0
2022-07-20 22:05:00,0.0
2022-07-20 22:10:00,0.0
2022-07-20 22:15:00,0.0
2022-07-20 22:20:00,0.0
2022-07-20 22:25:00,0.0
2022-07-20 22:30:00,0.0
2022-07-20 22:35:00,0.0
2022-07-20 22:40:00,0.0
2022-07-20 22:45:00,0.0
2022-07-20 22:50:00,0.0
2022-07-20 22:55:00,0.0
2022-07-20 23:00:00,0.0
2022-07-20 23:05:00,0.0
2022-07-20 23:10:00,0.0
2022-07-20 23:15:00,0.0
2022-07-20 23:20:00,0.0
2022-07-20 23:25:00,0.0
2022-07-20 23:30:00,0.0
2022-07-20 23:35:00,0.0
2022-07-20 23:40:00,0.0
2022-07-20 23:45:00,0.0
2022-07-20 23:50:00,0.0
2022-07-20 23:55:00,0.0
2022-07-21 00:00:00,0.0
2022-07-21 00:05:00,0.0
2022-07-21 00:10:00,0.0
2022-07-21 00:15:00,0.0
2022-07-21 00:20:00,0.0
2022-07-21 00:25:00,0.0
2022-07-21 00:30:00,0.0
2022-07-21 00:35:00,0.0
2022-07-21 00:40:00,0.0
2022-07-21 00:45:00,0.0
2022-07-21 00:50:00,0.0
2022-07-21 00:55:00,0.0
2022-07-21 01:00:00,0.0
2022-07-21 01:05:00,0.0
2022-07-21 01:10:00,0.0
2022-07-21 01:15:00,0.0
2022-07-21 01:20:00,0.0
2022-07-21 01:25:00,0.0
2022-07-21 01:30:00,0.0
2022-07-21 01:35:00,0.0
2022-07-21 01:40:00,0.0
2022-07-21 01:45:00,0.0
2022-07-21 01:50:00,0.0
2022-07-21 01:55:00,0.0
2022-07-21 02:00:00,0.0
2022-07-21 02:05:00,0.0
2022-07-21 02:10:00,0.0
2022-07-21 02:15:00,0.0
2022-07-21 02:20:00,0.0
2022-07-21 02:25:00,0.0
2022-07-21 02:30:00,0.0
2022-07-21 02:35:00,0.0
2022-07-21 02:40:00,0.0
2022-07-21 02:45:00,0.0
2022-07-21 02:50:00,0.0
2022-07-21 02:55:00,0.0
2022-07-21 03:00:00,0.0
2022-07-21 03:05:00,0.0
2022-07-21 03:10:00,0.0
2022-07-21 03:15:00,0.0
2022-07-21 03:20:00,0.0
2022-07-21 03:25:00,0.0
2022-07-21 03:30:00,0.0
2022-07-21 03:35:00,0.0
2022-07-21 03:40:00,0.0
2022-07-21 03:45:00,0.0
2022-07-21 03:50:00,0.0
2022-07-21 03:55:00,0.0
2022-07-21 04:00:00,0.0
2022-07-21 04:05:00,0.0
2022-07-21 04:10:00,0.0
2022-07-21 04:15:00,0.0
2022-07-21 04:20:00,0.0
2022-07-21 04:25:00,0.0
2022-07-21 04:30:00,0.0
2022-07-21 04:35:00,0.0
2022-07-21 04:40:00,0.0
2022-07-21 04:45:00,0.0
2022-07-21 04:50:00,0.0
2022-07-21 04:55:00,0.0
2022-07-21 05:00:00,0.0
2022-07-21 05:05:00,0.0
2022-07-21 05:10:00,0.0
2022-07-21 05:15:00,0.0
2022-07-21 05:20:00,0.0
2022-07-21 05:25:00,0.0
2022-07-21 05:30:00,0.0
2022-07-21 05:35:00,0.0
2022-07-21 05:40:00,0.0
2022-07-21 05:45:00,0.0
2022-07-21 05:50:00,0.0
2022-07-21 05:55:00,0.0
2022-07-21 06:00:00,0.0
2022-07-21 06:05:00,0.0
2022-07-21 06:10:00,0.0
2022-07-21 06:15:00,0.0
2022-07-21 06:20:00,0.0
2022-07-21 06:25:00,0.0
2022-07-21 06:30:00,0.0
2022-07-21 06:35:00,0.0
2022-07-21 06:40:00,0.0
2022-07-21 06:45:00,0.0
2022-07-21 06:50:00,0.0
2022-07-21 06:55:00,0.0
2022-07-21 07:00:00,0.0
2022-07-21 07:05:00,0.0
2022-07-21 07:10:00,0.0
2022-07-21 07:15:00,0.0
2022-07-21 07:20:00,0.0
2022-07-21 07:25:00,0.0
2022-07-21 07:30:00,0.0
2022-07-21 07:35:00,0.0
2022-07-21 07:40:00,0.0
2022-07-21 07:45:00,0.0
2022-07-21 07:50:00,0.0
2022-07-21 07:55:00,0.0
2022-07-21 08:00:00,0.0
2022-07-21 08:05:00,0.0
2022-07-21 08:10:00,0.0
2022-07-21 08:15:00,0.0
2022-07-21 08:20:00,0.0
2022-07-21 08:25:00,0.0
2022-07-21 08:30:00,0.0
2022-07-21 08:35:00,0.0
2022-07-21 08:40:00,0.0
2022-07-21 08:45:00,0.0
2022-07-21 08:50:00,0.0
2022-07-21 08:55:00,0.0
2022-07-21 09:00:00,0.0
2022-07-21 09:05:00,0.0
2022-07-21 09:10:00,0.0
2022-07-21 09:15:00,0.0
2022-07-21 09:20:00,0.0
2022-07-21 09:25:00,0.0
2022-07-21 09:30:00,0.0
2022-07-21 09:35:00,0.0
2022-07-21 09:40:00,11286.79000427008
2022-07-21 09:45:00,22024.729422916247
2022-07-21 09:50:00,25100.248054023086
2022-07-21 09:55:00,21567.577799462975
2022-07-21 10:00:00,22289.065402303222
2022-07-21 10:05:00,28729.40251289274
2022-07-21 10:10:00,26211.950769708386
2022-07-21 10:15:00,3773.337812687964
2022-07-21 10:20:00,0.0
2022-07-21 10:25:00,5273.520691523331
2022-07-21 10:30:00,24794.87696696979
2022-07-21 10:35:00,0.0
2022-07-21 10:40:00,0.0
2022-07-21 10:45:00,0.0
2022-07-21 10:50:00,0.0
2022-07-21 10:55:00,0.0
2022-07-21 11:00:00,0.0
2022-07-21 11:05:00,4022.0085100268684
2022-07-21 11:10:00,23951.120504977316
2022-07-21 11:15:00,17362.74840437407
2022-07-21 11:20:00,19185.045740839534
2022-07-21 11:25:00,30138.91664999108
2022-07-21 11:30:00,14002.339493622316
2022-07-21 11:35:00,17812.471079501647
2022-07-21 11:40:00,17644.39774117618
2022-07-21 11:45:00,29322.554472346073
2022-07-21 11:50:00,28569.607002683813
2022-07-21 11:55:00,24446.959746983794
2022-07-21 12:00:00,23319.596197210558
2022-07-21 12:05:00,19721.673942526366
2022-07-21 12:10:00,26551.929912093743
2022-07-21 12:15:00,26393.944014342716
2022-07-21 12:20:00,14072.564112044365
2022-07-21 12:25:00,0.0
2022-07-21 12:30:00,-733.1117072119256
2022-07-21 12:35:00,25101.042707424607
2022-07-21 12:40:00,34402.49011844382
2022-07-21 12:45:00,32073.13802149725
2022-07-21 12:50:00,23215.890880865118
2022-07-21 12:55:00,23545.721691642957
2022-07-21 13:00:00,18560.649673272994
2022-07-21 13:05:00,32373.578642623434
2022-07-21 13:10:00,23285.147065641064
2022-07-21 13:15:00,21555.34001553236
2022-07-21 13:20:00,23617.288058196078
2022-07-21 13:25:00,18632.60422921759
2022-07-21 13:30:00,22134.62473385383
2022-07-21 13:35:00,18304.137002529616
2022-07-21 13:40:00,17601.089654498894
2022-07-21 13:45:00,17851.268544556435
2022-07-21 13:50:00,20419.012241563025
2022-07-21 13:55:00,20297.098608246462
2022-07-21 14:00:00,23444.925343636132
2022-07-21 14:05:00,33520.61209656166
2022-07-21 14:10:00,33352.430736814815
2022-07-21 14:15:00,32357.67555139518
2022-07-21 14:20:00,26929.994586223067
2022-07-21 14:25:00,25879.235731431767
2022-07-21 14:30:00,24589.107058445108
2022-07-21 14:35:00,24510.35953355041
2022-07-21 14:40:00,27387.931388645986
2022-07-21 14:45:00,24898.73119987229
2022-07-21 14:50:00,19382.52286043338
2022-07-21 14:55:00,17858.477209080735
2022-07-21 15:00:00,20891.204091253367
2022-07-21 15:05:00,20562.955078227405
2022-07-21 15:10:00,18108.697632953095
2022-07-21 15:15:00,21922.133571579845
2022-07-21 15:20:00,23940.444224530893
2022-07-21 15:25:00,23155.28633796405
2022-07-21 15:30:00,31000.907559707353
2022-07-21 15:35:00,17217.243625072657
2022-07-21 15:40:00,16859.628737428648
2022-07-21 15:45:00,13648.090996785297
2022-07-21 15:50:00,16014.454770492483
2022-07-21 15:55:00,9830.381659930526
2022-07-21 16:00:00,14359.349296976492
2022-07-21 16:05:00,16078.548907117036
2022-07-21 16:10:00,15922.198414080029
2022-07-21 16:15:00,18305.10715934804
2022-07-21 16:20:00,15658.199225388269
2022-07-21 16:25:00,17129.460625027783
2022-07-21 16:30:00,19364.817598254802
2022-07-21 16:35:00,21752.12098544018
2022-07-21 16:40:00,19322.782077491865
2022-07-21 16:45:00,17432.021736601208
2022-07-21 16:50:00,20897.12747202199
2022-07-21 16:55:00,24931.334502071124
2022-07-21 17:00:00,17424.727981735316
2022-07-21 17:05:00,26923.62833557848
2022-07-21 17:10:00,16349.88708972448
2022-07-21 17:15:00,19340.251784103817
2022-07-21 17:20:00,19180.437140307222
2022-07-21 17:25:00,18846.91346288224
2022-07-21 17:30:00,15980.031906588925
2022-07-21 17:35:00,22361.165838668243
2022-07-21 17:40:00,18879.220596653788
2022-07-21 17:45:00,15100.014780728952
2022-07-21 17:50:00,17319.274391878487
2022-07-21 17:55:00,13050.383457610815
2022-07-21 18:00:00,14641.024627670484
2022-07-21 18:05:00,20678.355873548004
2022-07-21 18:10:00,18877.62007167937
2022-07-21 18:15:00,24008.667660175634
2022-07-21 18:20:00,24718.454036293493
2022-07-21 18:25:00,27970.2874736764
2022-07-21 18:30:00,26566.854291385847
2022-07-21 18:35:00,17738.6612622002
2022-07-21 18:40:00,18509.47364370713
2022-07-21 18:45:00,20527.469604530997
2022-07-21 18:50:00,15844.311498444857
2022-07-21 18:55:00,22930.00891284949
2022-07-21 19:00:00,0.0
2022-07-21 19:05:00,0.0
2022-07-21 19:10:00,0.0
2022-07-21 19:15:00,0.0
2022-07-21 19:20:00,0.0
2022-07-21 19:25:00,0.0
2022-07-21 19:30:00,0.0
2022-07-21 19:35:00,0.0
2022-07-21 19:40:00,
2022-07-21 19:45:00,20877.53741592983
2022-07-21 19:50:00,22047.40163377573
2022-07-21 19:55:00,21774.829062996225
2022-07-21 20:00:00,19790.569455506164
2022-07-21 20:05:00,0.0
2022-07-21 20:10:00,0.0
2022-07-21 20:15:00,0.0
2022-07-21 20:20:00,0.0
2022-07-21 20:25:00,0.0
2022-07-21 20:30:00,0.0
2022-07-21 20:35:00,0.0
2022-07-21 20:40:00,0.0
2022-07-21 20:45:00,0.0
2022-07-21 20:50:00,0.0
2022-07-21 20:55:00,0.0
2022-07-21 21:00:00,0.0
2022-07-21 21:05:00,0.0
2022-07-21 21:10:00,0.0
2022-07-21 21:15:00,0.0
2022-07-21 21:20:00,0.0
2022-07-21 21:25:00,0.0
2022-07-21 21:30:00,0.0
2022-07-21 21:35:00,0.0
2022-07-21 21:40:00,0.0
2022-07-21 21:45:00,0.0
2022-07-21 21:50:00,0.0
2022-07-21 21:55:00,0.0
2022-07-21 22:00:00,0.0
2022-07-21 22:05:00,0.0
2022-07-21 22:10:00,0.0
2022-07-21 22:15:00,0.0
2022-07-21 22:20:00,0.0
2022-07-21 22:25:00,0.0
2022-07-21 22:30:00,0.0
2022-07-21 22:35:00,0.0
2022-07-21 22:40:00,0.0
2022-07-21 22:45:00,0.0
2022-07-21 22:50:00,0.0
2022-07-21 22:55:00,0.0
2022-07-21 23:00:00,0.0
2022-07-21 23:05:00,0.0
2022-07-21 23:10:00,0.0
2022-07-21 23:15:00,0.0
2022-07-21 23:20:00,0.0
2022-07-21 23:25:00,0.0
2022-07-21 23:30:00,0.0
2022-07-21 23:35:00,0.0
2022-07-21 23:40:00,0.0
2022-07-21 23:45:00,0.0
2022-07-21 23:50:00,0.0
2022-07-21 23:55:00,0.0
2022-07-22 00:00:00,0.0
2022-07-22 00:05:00,0.0
2022-07-22 00:10:00,0.0
2022-07-22 00:15:00,0.0
2022-07-22 00:20:00,0.0
2022-07-22 00:25:00,0.0
2022-07-22 00:30:00,0.0
2022-07-22 00:35:00,0.0
2022-07-22 00:40:00,0.0
2022-07-22 00:45:00,0.0
2022-07-22 00:50:00,0.0
2022-07-22 00:55:00,0.0
2022-07-22 01:00:00,0.0
2022-07-22 01:05:00,0.0
2022-07-22 01:10:00,0.0
2022-07-22 01:15:00,0.0
2022-07-22 01:20:00,0.0
2022-07-22 01:25:00,0.0
2022-07-22 01:30:00,0.0
2022-07-22 01:35:00,0.0
2022-07-22 01:40:00,0.0
2022-07-22 01:45:00,0.0
2022-07-22 01:50:00,0.0
2022-07-22 01:55:00,0.0
2022-07-22 02:00:00,0.0
2022-07-22 02:05:00,0.0
2022-07-22 02:10:00,0.0
2022-07-22 02:15:00,0.0
2022-07-22 02:20:00,0.0
2022-07-22 02:25:00,0.0
2022-07-22 02:30:00,0.0
2022-07-22 02:35:00,0.0
2022-07-22 02:40:00,0.0
2022-07-22 02:45:00,0.0
2022-07-22 02:50:00,0.0
2022-07-22 02:55:00,0.0
2022-07-22 03:00:00,0.0
2022-07-22 03:05:00,0.0
2022-07-22 03:10:00,0.0
2022-07-22 03:15:00,0.0
2022-07-22 03:20:00,0.0
2022-07-22 03:25:00,0.0
2022-07-22 03:30:00,0.0
2022-07-22 03:35:00,0.0
2022-07-22 03:40:00,0.0
2022-07-22 03:45:00,0.0
2022-07-22 03:50:00,0.0
2022-07-22 03:55:00,0.0
2022-07-22 04:00:00,0.0
2022-07-22 04:05:00,0.0
2022-07-22 04:10:00,0.0
2022-07-22 04:15:00,0.0
2022-07-22 04:20:00,0.0
2022-07-22 04:25:00,0.0
2022-07-22 04:30:00,0.0
2022-07-22 04:35:00,0.0
2022-07-22 04:40:00,0.0
2022-07-22 04:45:00,0.0
2022-07-22 04:50:00,0.0
2022-07-22 04:55:00,0.0
2022-07-22 05:00:00,0.0
2022-07-22 05:05:00,0.0
2022-07-22 05:10:00,0.0
2022-07-22 05:15:00,0.0
2022-07-22 05:20:00,0.0
2022-07-22 05:25:00,0.0
2022-07-22 05:30:00,0.0
2022-07-22 05:35:00,0.0
2022-07-22 05:40:00,0.0
2022-07-22 05:45:00,0.0
2022-07-22 05:50:00,0.0
2022-07-22 05:55:00,0.0
2022-07-22 06:00:00,0.0
2022-07-22 06:05:00,0.0
2022-07-22 06:10:00,0.0
2022-07-22 06:15:00,0.0
2022-07-22 06:20:00,0.0
2022-07-22 06:25:00,0.0
2022-07-22 06:30:00,0.0
2022-07-22 06:35:00,0.0
2022-07-22 06:40:00,0.0
2022-07-22 06:45:00,0.0
2022-07-22 06:50:00,0.0
2022-07-22 06:55:00,0.0
2022-07-22 07:00:00,0.0
2022-07-22 07:05:00,0.0
2022-07-22 07:10:00,0.0
2022-07-22 07:15:00,0.0
2022-07-22 07:20:00,0.0
2022-07-22 07:25:00,0.0
2022-07-22 07:30:00,0.0
2022-07-22 07:35:00,0.0
2022-07-22 07:40:00,0.0
2022-07-22 07:45:00,0.0
2022-07-22 07:50:00,0.0
2022-07-22 07:55:00,0.0
2022-07-22 08:00:00,0.0
2022-07-22 08:05:00,0.0
2022-07-22 08:10:00,0.0
2022-07-22 08:15:00,0.0
2022-07-22 08:20:00,0.0
2022-07-22 08:25:00,0.0
2022-07-22 08:30:00,0.0
2022-07-22 08:35:00,0.0
2022-07-22 08:40:00,0.0
2022-07-22 08:45:00,0.0
2022-07-22 08:50:00,0.0
2022-07-22 08:55:00,0.0
2022-07-22 09:00:00,0.0
2022-07-22 09:05:00,0.0
2022-07-22 09:10:00,0.0
2022-07-22 09:15:00,0.0
2022-07-22 09:20:00,0.0
2022-07-22 09:25:00,0.0
2022-07-22 09:30:00,0.0
2022-07-22 09:35:00,0.0
2022-07-22 09:40:00,0.0
2022-07-22 09:45:00,0.0
2022-07-22 09:50:00,0.0
2022-07-22 09:55:00,0.0
2022-07-22 10:00:00,0.0
2022-07-22 10:05:00,0.0
2022-07-22 10:10:00,0.0
2022-07-22 10:15:00,0.0
2022-07-22 10:20:00,0.0
2022-07-22 10:25:00,0.0
2022-07-22 10:30:00,0.0
2022-07-22 10:35:00,0.0
2022-07-22 10:40:00,0.0
2022-07-22 10:45:00,0.0
2022-07-22 10:50:00,0.0
2022-07-22 10:55:00,0.0
2022-07-22 11:00:00,0.0
2022-07-22 11:05:00,0.0
2022-07-22 11:10:00,0.0
2022-07-22 11:15:00,0.0
2022-07-22 11:20:00,0.0
2022-07-22 11:25:00,0.0
2022-07-22 11:30:00,0.0
2022-07-22 11:35:00,0.0
2022-07-22 11:40:00,0.0
2022-07-22 11:45:00,0.0
2022-07-22 11:50:00,0.0
2022-07-22 11:55:00,0.0
2022-07-22 12:00:00,0.0
2022-07-22 12:05:00,9107.764500691455
2022-07-22 12:10:00,22950.927707568895
2022-07-22 12:15:00,25384.99763905018
2022-07-22 12:20:00,19962.469348032253
2022-07-22 12:25:00,15416.394851309055
2022-07-22 12:30:00,23155.59310573201
2022-07-22 12:35:00,11809.77473540424
2022-07-22 12:40:00,-934.4900084476078
2022-07-22 12:45:00,17448.77455724511
2022-07-22 12:50:00,20876.22763337142
2022-07-22 12:55:00,16927.620503785318
2022-07-22 13:00:00,17028.135292927476
2022-07-22 13:05:00,20148.65712630889
2022-07-22 13:10:00,19615.340024499143
2022-07-22 13:15:00,17179.563499305368
2022-07-22 13:20:00,17006.11183767643
2022-07-22 13:25:00,5208.054649086547
2022-07-22 13:30:00,0.0
2022-07-22 13:35:00,0.0
2022-07-22 13:40:00,0.0
2022-07-22 13:45:00,0.0
2022-07-22 13:50:00,0.0
2022-07-22 13:55:00,0.0
2022-07-22 14:00:00,0.0
2022-07-22 14:05:00,0.0
2022-07-22 14:10:00,0.0
2022-07-22 14:15:00,0.0
2022-07-22 14:20:00,0.0
2022-07-22 14:25:00,0.0
2022-07-22 14:30:00,0.0
2022-07-22 14:35:00,0.0
2022-07-22 14:40:00,0.0
2022-07-22 14:45:00,0.0
2022-07-22 14:50:00,0.0
2022-07-22 14:55:00,0.0
2022-07-22 15:00:00,0.0
2022-07-22 15:05:00,0.0
2022-07-22 15:10:00,8937.037925341556
2022-07-22 15:15:00,6908.954043612537
2022-07-22 15:20:00,4666.438471156544
2022-07-22 15:25:00,21145.102170438382
2022-07-22 15:30:00,26322.452647534796
2022-07-22 15:35:00,6392.742537226986
2022-07-22 15:40:00,17450.9246440987
2022-07-22 15:45:00,19679.930641615654
2022-07-22 15:50:00,3550.5566865628143
2022-07-22 15:55:00,14640.964805191361
2022-07-22 16:00:00,-927.1235705519516
2022-07-22 16:05:00,24174.81583915184
2022-07-22 16:10:00,21961.24049063495
2022-07-22 16:15:00,7107.645222169399
2022-07-22 16:20:00,12787.420565425191
2022-07-22 16:25:00,6781.824159091208
2022-07-22 16:30:00,6645.692439677646
2022-07-22 16:35:00,18138.647237290286
2022-07-22 16:40:00,0.0
2022-07-22 16:45:00,17278.305386294775
2022-07-22 16:50:00,0.0
2022-07-22 16:55:00,5383.831483498706
2022-07-22 17:00:00,19362.118399022784
2022-07-22 17:05:00,-906.1824383554201
2022-07-22 17:10:00,17966.217688384284
2022-07-22 17:15:00,5612.591485338787
2022-07-22 17:20:00,4659.153954237756
2022-07-22 17:25:00,12232.727329969597
2022-07-22 17:30:00,-844.1530112769933
2022-07-22 17:35:00,23163.024080597817
2022-07-22 17:40:00,17286.461126309416
2022-07-22 17:45:00,5202.354666957911
2022-07-22 17:50:00,36545.59593636197
2022-07-22 17:55:00,-1068.7132959193093
2022-07-22 18:00:00,18613.64791238516
2022-07-22 18:05:00,9541.17558902106
2022-07-22 18:10:00,4401.473585179294
2022-07-22 18:15:00,19740.06939094484
2022-07-22 18:20:00,-894.2600904430348
2022-07-22 18:25:00,12278.051308799819
2022-07-22 18:30:00,0.0
2022-07-22 18:35:00,3468.391455829503
2022-07-22 18:40:00,19101.940794618742
2022-07-22 18:45:00,-873.6560800358227
2022-07-22 18:50:00,7766.103339207462
2022-07-22 18:55:00,2766.1485755194867
2022-07-22 19:00:00,0.0
2022-07-22 19:05:00,0.0
2022-07-22 19:10:00,0.0
2022-07-22 19:15:00,0.0
2022-07-22 19:20:00,0.0
2022-07-22 19:25:00,0.0
2022-07-22 19:30:00,0.0
2022-07-22 19:35:00,0.0
2022-07-22 19:40:00,0.0
2022-07-22 19:45:00,0.0
2022-07-22 19:50:00,0.0
2022-07-22 19:55:00,0.0
2022-07-22 20:00:00,0.0
2022-07-22 20:05:00,0.0
2022-07-22 20:10:00,0.0
2022-07-22 20:15:00,0.0
2022-07-22 20:20:00,0.0
2022-07-22 20:25:00,0.0
2022-07-22 20:30:00,0.0
2022-07-22 20:35:00,0.0
2022-07-22 20:40:00,0.0
2022-07-22 20:45:00,0.0
2022-07-22 20:50:00,0.0
2022-07-22 20:55:00,0.0
2022-07-22 21:00:00,0.0
2022-07-22 21:05:00,0.0
2022-07-22 21:10:00,0.0
2022-07-22 21:15:00,0.0
2022-07-22 21:20:00,0.0
2022-07-22 21:25:00,0.0
2022-07-22 21:30:00,0.0
2022-07-22 21:35:00,0.0
2022-07-22 21:40:00,0.0
2022-07-22 21:45:00,0.0
2022-07-22 21:50:00,0.0
2022-07-22 21:55:00,0.0
2022-07-22 22:00:00,0.0
2022-07-22 22:05:00,0.0
2022-07-22 22:10:00,0.0
2022-07-22 22:15:00,0.0
2022-07-22 22:20:00,0.0
2022-07-22 22:25:00,0.0
2022-07-22 22:30:00,0.0
2022-07-22 22:35:00,0.0
2022-07-22 22:40:00,0.0
2022-07-22 22:45:00,0.0
2022-07-22 22:50:00,0.0
2022-07-22 22:55:00,0.0
2022-07-22 23:00:00,0.0
2022-07-22 23:05:00,0.0
2022-07-22 23:10:00,0.0
2022-07-22 23:15:00,0.0
2022-07-22 23:20:00,0.0
2022-07-22 23:25:00,0.0
2022-07-22 23:30:00,0.0
2022-07-22 23:35:00,0.0
2022-07-22 23:40:00,0.0
2022-07-22 23:45:00,0.0
2022-07-22 23:50:00,0.0
2022-07-22 23:55:00,0.0
2022-07-23 00:00:00,0.0
2022-07-23 00:05:00,0.0
2022-07-23 00:10:00,0.0
2022-07-23 00:15:00,0.0
2022-07-23 00:20:00,0.0
2022-07-23 00:25:00,0.0
2022-07-23 00:30:00,0.0
2022-07-23 00:35:00,0.0
2022-07-23 00:40:00,0.0
2022-07-23 00:45:00,0.0
2022-07-23 00:50:00,0.0
2022-07-23 00:55:00,0.0
2022-07-23 01:00:00,0.0
2022-07-23 01:05:00,0.0
2022-07-23 01:10:00,0.0
2022-07-23 01:15:00,0.0
2022-07-23 01:20:00,0.0
2022-07-23 01:25:00,0.0
2022-07-23 01:35:00,0.0
2022-07-23 01:40:00,0.0
2022-07-23 01:45:00,0.0
2022-07-23 01:50:00,0.0
2022-07-23 01:55:00,0.0
2022-07-23 02:00:00,0.0
2022-07-23 02:05:00,0.0
2022-07-23 02:10:00,0.0
2022-07-23 02:15:00,0.0
2022-07-23 02:20:00,0.0
2022-07-23 02:25:00,0.0
2022-07-23 02:30:00,0.0
2022-07-23 02:35:00,0.0
2022-07-23 02:40:00,0.0
2022-07-23 02:45:00,0.0
2022-07-23 02:50:00,0.0
2022-07-23 02:55:00,0.0
2022-07-23 03:00:00,0.0
2022-07-23 03:05:00,0.0
2022-07-23 03:10:00,0.0
2022-07-23 03:15:00,0.0
2022-07-23 03:20:00,0.0
2022-07-23 03:25:00,0.0
2022-07-23 03:30:00,0.0
2022-07-23 03:35:00,0.0
2022-07-23 03:40:00,0.0
2022-07-23 03:45:00,0.0
2022-07-23 03:50:00,0.0
2022-07-23 03:55:00,0.0
2022-07-23 04:00:00,0.0
2022-07-23 04:05:00,0.0
2022-07-23 04:10:00,0.0
2022-07-23 04:15:00,0.0
2022-07-23 04:20:00,0.0
2022-07-23 04:25:00,0.0
2022-07-23 04:30:00,0.0
2022-07-23 04:35:00,0.0
2022-07-23 04:40:00,0.0
2022-07-23 04:45:00,0.0
2022-07-23 04:50:00,0.0
2022-07-23 04:55:00,0.0
2022-07-23 05:00:00,0.0
2022-07-23 05:05:00,0.0
2022-07-23 05:10:00,0.0
2022-07-23 05:15:00,0.0
2022-07-23 05:20:00,0.0
2022-07-23 05:25:00,0.0
2022-07-23 05:30:00,0.0
2022-07-23 05:35:00,0.0
2022-07-23 05:40:00,0.0
2022-07-23 05:45:00,0.0
2022-07-23 05:50:00,0.0
2022-07-23 05:55:00,0.0
2022-07-23 06:00:00,0.0
2022-07-23 06:05:00,0.0
2022-07-23 06:10:00,0.0
2022-07-23 06:15:00,0.0
2022-07-23 06:20:00,0.0
2022-07-23 06:25:00,0.0
2022-07-23 06:30:00,0.0
2022-07-23 06:35:00,0.0
2022-07-23 06:40:00,0.0
2022-07-23 06:45:00,0.0
2022-07-23 06:50:00,0.0
2022-07-23 06:55:00,0.0
2022-07-23 07:00:00,0.0
2022-07-23 07:05:00,0.0
2022-07-23 07:10:00,0.0
2022-07-23 07:15:00,0.0
2022-07-23 07:20:00,0.0
2022-07-23 07:25:00,0.0
2022-07-23 07:30:00,0.0
2022-07-23 07:35:00,0.0
2022-07-23 07:40:00,0.0
2022-07-23 07:45:00,0.0
2022-07-23 07:50:00,0.0
2022-07-23 07:55:00,0.0
2022-07-23 08:00:00,0.0
2022-07-23 08:05:00,0.0
2022-07-23 08:10:00,0.0
2022-07-23 08:15:00,0.0
2022-07-23 08:20:00,0.0
2022-07-23 08:25:00,0.0
2022-07-23 08:30:00,0.0
2022-07-23 08:35:00,0.0
2022-07-23 08:40:00,0.0
2022-07-23 08:45:00,0.0
2022-07-23 08:50:00,0.0
2022-07-23 08:55:00,0.0
2022-07-23 09:00:00,0.0
2022-07-23 09:05:00,0.0
2022-07-23 09:10:00,0.0
2022-07-23 09:15:00,0.0
2022-07-23 09:20:00,0.0
2022-07-23 09:25:00,0.0
2022-07-23 09:30:00,0.0
2022-07-23 09:35:00,0.0
2022-07-23 09:40:00,0.0
2022-07-23 09:45:00,0.0
2022-07-23 09:50:00,0.0
2022-07-23 09:55:00,0.0
2022-07-23 10:00:00,0.0
2022-07-23 10:05:00,0.0
2022-07-23 10:10:00,0.0
2022-07-23 10:15:00,0.0
2022-07-23 10:20:00,0.0
2022-07-23 10:25:00,0.0
2022-07-23 10:30:00,0.0
2022-07-23 10:35:00,0.0
2022-07-23 10:40:00,0.0
2022-07-23 10:45:00,0.0
2022-07-23 10:50:00,0.0
2022-07-23 10:55:00,0.0
2022-07-23 11:00:00,0.0
2022-07-23 11:05:00,0.0
2022-07-23 11:10:00,0.0
2022-07-23 11:15:00,0.0
2022-07-23 11:20:00,0.0
2022-07-23 11:25:00,0.0
2022-07-23 11:30:00,0.0
2022-07-23 11:35:00,0.0
2022-07-23 11:40:00,0.0
2022-07-23 11:45:00,0.0
2022-07-23 11:50:00,0.0
2022-07-23 11:55:00,0.0
2022-07-23 12:00:00,0.0
2022-07-23 12:05:00,0.0
2022-07-23 12:10:00,0.0
2022-07-23 12:15:00,0.0
2022-07-23 12:20:00,0.0
2022-07-23 12:25:00,0.0
2022-07-23 12:30:00,0.0
2022-07-23 12:35:00,17759.042994730255
2022-07-23 12:40:00,24994.370320105427
2022-07-23 12:45:00,25634.00063617737
2022-07-23 12:50:00,14919.173168065648
2022-07-23 12:55:00,17380.034857683244
2022-07-23 13:00:00,4325.003445536031
2022-07-23 13:05:00,23405.52788960469
2022-07-23 13:10:00,23247.35164662674
2022-07-23 13:15:00,22141.75135959019
2022-07-23 13:20:00,23739.2292159743
2022-07-23 13:25:00,5802.830326409449
2022-07-23 13:30:00,24820.403449383488
2022-07-23 13:35:00,18402.232950449117
2022-07-23 13:40:00,5130.062568787855
2022-07-23 13:45:00,4799.037918051064
2022-07-23 13:50:00,0.0
2022-07-23 13:55:00,0.0
2022-07-23 14:00:00,0.0
2022-07-23 14:05:00,0.0
2022-07-23 14:10:00,0.0
2022-07-23 14:15:00,0.0
2022-07-23 14:20:00,0.0
2022-07-23 14:25:00,0.0
2022-07-23 14:30:00,0.0
2022-07-23 14:35:00,0.0
2022-07-23 14:40:00,0.0
2022-07-23 14:45:00,0.0
2022-07-23 14:50:00,0.0
2022-07-23 14:55:00,-779.0190406125038
2022-07-23 15:00:00,20706.344109177844
2022-07-23 15:05:00,27626.948632297223
2022-07-23 15:10:00,25656.612576521933
2022-07-23 15:15:00,21129.85812968619
2022-07-23 15:20:00,20588.485651678002
2022-07-23 15:25:00,22647.999345345685
2022-07-23 15:30:00,22250.90265467069
2022-07-23 15:35:00,20452.48551664171
2022-07-23 15:40:00,13928.171483273845
2022-07-23 15:45:00,0.0
2022-07-23 15:50:00,0.0
2022-07-23 15:55:00,2102.339472617007
2022-07-23 16:00:00,15562.485885961123
2022-07-23 16:05:00,23712.831209761272
2022-07-23 16:10:00,0.0
2022-07-23 16:15:00,-933.5872608240837
2022-07-23 16:20:00,-912.7715605281865
2022-07-23 16:25:00,-946.8810175445522
2022-07-23 16:30:00,3634.5417760584764
2022-07-23 16:35:00,22128.585066631767
2022-07-23 16:40:00,25778.387763917974
2022-07-23 16:45:00,6265.408289490854
2022-07-23 16:50:00,0.0
2022-07-23 16:55:00,0.0
2022-07-23 17:00:00,0.0
2022-07-23 17:05:00,16053.902802430432
2022-07-23 17:10:00,23996.788089827827
2022-07-23 17:15:00,23898.53141210521
2022-07-23 17:20:00,20797.293902906964
2022-07-23 17:25:00,16923.574580114357
2022-07-23 17:30:00,-990.6745846213198
2022-07-23 17:35:00,-935.6265940729115
2022-07-23 17:40:00,-927.4269231072567
2022-07-23 17:45:00,-970.1901763653442
2022-07-23 17:50:00,-951.1965000937034
2022-07-23 17:55:00,-933.9977001278968
2022-07-23 18:00:00,-924.4131654746118
2022-07-23 18:05:00,0.0
2022-07-23 18:10:00,0.0
2022-07-23 18:15:00,0.0
2022-07-23 18:20:00,0.0
2022-07-23 18:25:00,0.0
2022-07-23 18:30:00,0.0
2022-07-23 18:35:00,0.0
2022-07-23 18:40:00,0.0
2022-07-23 18:45:00,0.0
2022-07-23 18:50:00,0.0
2022-07-23 18:55:00,0.0
2022-07-23 19:00:00,0.0
2022-07-23 19:05:00,0.0
2022-07-23 19:10:00,0.0
2022-07-23 19:15:00,0.0
2022-07-23 19:20:00,0.0
2022-07-23 19:25:00,0.0
2022-07-23 19:30:00,0.0
2022-07-23 19:35:00,0.0
2022-07-23 19:40:00,0.0
2022-07-23 19:45:00,0.0
2022-07-23 19:50:00,0.0
2022-07-23 19:55:00,0.0
2022-07-23 20:00:00,0.0
2022-07-23 20:05:00,0.0
2022-07-23 20:10:00,0.0
2022-07-23 20:15:00,0.0
2022-07-23 20:20:00,0.0
2022-07-23 20:25:00,0.0
2022-07-23 20:30:00,0.0
2022-07-23 20:35:00,0.0
2022-07-23 20:40:00,0.0
2022-07-23 20:45:00,0.0
2022-07-23 20:50:00,0.0
2022-07-23 20:55:00,0.0
2022-07-23 21:00:00,0.0
2022-07-23 21:05:00,0.0
2022-07-23 21:10:00,0.0
2022-07-23 21:15:00,0.0
2022-07-23 21:20:00,0.0
2022-07-23 21:25:00,0.0
2022-07-23 21:30:00,0.0
2022-07-23 21:35:00,0.0
2022-07-23 21:40:00,0.0
2022-07-23 21:45:00,0.0
2022-07-23 21:50:00,0.0
2022-07-23 21:55:00,0.0
2022-07-23 22:00:00,0.0
2022-07-23 22:05:00,0.0
2022-07-23 22:10:00,0.0
2022-07-23 22:15:00,0.0
2022-07-23 22:20:00,0.0
2022-07-23 22:25:00,0.0
2022-07-23 22:30:00,0.0
2022-07-23 22:35:00,0.0
2022-07-23 22:40:00,0.0
2022-07-23 22:45:00,0.0
2022-07-23 22:50:00,0.0
2022-07-23 22:55:00,0.0
2022-07-23 23:00:00,0.0
2022-07-23 23:05:00,0.0
2022-07-23 23:10:00,0.0
2022-07-23 23:15:00,0.0
2022-07-23 23:20:00,0.0
2022-07-23 23:25:00,0.0
2022-07-23 23:30:00,0.0
2022-07-23 23:35:00,0.0
2022-07-23 23:40:00,0.0
2022-07-23 23:45:00,0.0
2022-07-23 23:50:00,0.0
2022-07-23 23:55:00,0.0
2022-07-24 00:00:00,0.0
2022-07-24 00:05:00,0.0
2022-07-24 00:10:00,0.0
2022-07-24 00:15:00,0.0
2022-07-24 00:20:00,0.0
2022-07-24 00:25:00,0.0
2022-07-24 00:30:00,0.0
2022-07-24 00:35:00,0.0
2022-07-24 00:40:00,0.0
2022-07-24 00:45:00,0.0
2022-07-24 00:50:00,0.0
2022-07-24 00:55:00,0.0
2022-07-24 01:00:00,0.0
2022-07-24 01:05:00,0.0
2022-07-24 01:10:00,0.0
2022-07-24 01:15:00,0.0
2022-07-24 01:20:00,0.0
2022-07-24 01:25:00,0.0
2022-07-24 01:30:00,0.0
2022-07-24 01:35:00,0.0
2022-07-24 01:40:00,0.0
2022-07-24 01:45:00,0.0
2022-07-24 01:50:00,0.0
2022-07-24 01:55:00,0.0
2022-07-24 02:00:00,0.0
2022-07-24 02:05:00,0.0
2022-07-24 02:10:00,0.0
2022-07-24 02:15:00,0.0
2022-07-24 02:20:00,0.0
2022-07-24 02:25:00,0.0
2022-07-24 02:30:00,0.0
2022-07-24 02:35:00,0.0
2022-07-24 02:40:00,0.0
2022-07-24 02:45:00,0.0
2022-07-24 02:50:00,0.0
2022-07-24 02:55:00,0.0
2022-07-24 03:00:00,0.0
2022-07-24 03:05:00,0.0
2022-07-24 03:10:00,0.0
2022-07-24 03:15:00,0.0
2022-07-24 03:20:00,0.0
2022-07-24 03:25:00,0.0
2022-07-24 03:30:00,0.0
2022-07-24 03:35:00,0.0
2022-07-24 03:40:00,0.0
2022-07-24 03:45:00,0.0
2022-07-24 03:50:00,0.0
2022-07-24 03:55:00,0.0
2022-07-24 04:00:00,0.0
2022-07-24 04:05:00,0.0
2022-07-24 04:10:00,0.0
2022-07-24 04:15:00,0.0
2022-07-24 04:20:00,0.0
2022-07-24 04:25:00,0.0
2022-07-24 04:30:00,0.0
2022-07-24 04:35:00,0.0
2022-07-24 04:40:00,0.0
2022-07-24 04:45:00,0.0
2022-07-24 04:50:00,0.0
2022-07-24 04:55:00,0.0
2022-07-24 05:00:00,0.0
2022-07-24 05:05:00,0.0
2022-07-24 05:10:00,0.0
2022-07-24 05:15:00,0.0
2022-07-24 05:20:00,0.0
2022-07-24 05:25:00,0.0
2022-07-24 05:30:00,0.0
2022-07-24 05:35:00,0.0
2022-07-24 05:40:00,0.0
2022-07-24 05:45:00,0.0
2022-07-24 05:50:00,0.0
2022-07-24 05:55:00,0.0
2022-07-24 06:00:00,0.0
2022-07-24 06:05:00,0.0
2022-07-24 06:10:00,0.0
2022-07-24 06:15:00,0.0
2022-07-24 06:20:00,0.0
2022-07-24 06:25:00,0.0
2022-07-24 06:30:00,0.0
2022-07-24 06:35:00,0.0
2022-07-24 06:40:00,0.0
2022-07-24 06:45:00,0.0
2022-07-24 06:50:00,0.0
2022-07-24 06:55:00,0.0
2022-07-24 07:00:00,0.0
2022-07-24 07:05:00,0.0
2022-07-24 07:10:00,0.0
2022-07-24 07:15:00,0.0
2022-07-24 07:20:00,0.0
2022-07-24 07:25:00,0.0
2022-07-24 07:30:00,0.0
2022-07-24 07:35:00,0.0
2022-07-24 07:40:00,0.0
2022-07-24 07:45:00,0.0
2022-07-24 07:50:00,0.0
2022-07-24 07:55:00,0.0
2022-07-24 08:00:00,0.0
2022-07-24 08:05:00,0.0
2022-07-24 08:10:00,0.0
2022-07-24 08:15:00,0.0
2022-07-24 08:20:00,0.0
2022-07-24 08:25:00,0.0
2022-07-24 08:30:00,0.0
2022-07-24 08:35:00,0.0
2022-07-24 08:40:00,0.0
2022-07-24 08:45:00,0.0
2022-07-24 08:50:00,0.0
2022-07-24 08:55:00,0.0
2022-07-24 09:00:00,0.0
2022-07-24 09:05:00,0.0
2022-07-24 09:10:00,0.0
2022-07-24 09:15:00,0.0
2022-07-24 09:20:00,0.0
2022-07-24 09:25:00,0.0
2022-07-24 09:30:00,0.0
2022-07-24 09:35:00,0.0
2022-07-24 09:40:00,0.0
2022-07-24 09:45:00,0.0
2022-07-24 09:50:00,0.0
2022-07-24 09:55:00,0.0
2022-07-24 10:00:00,0.0
2022-07-24 10:05:00,0.0
2022-07-24 10:10:00,0.0
2022-07-24 10:15:00,0.0
2022-07-24 10:20:00,0.0
2022-07-24 10:25:00,0.0
2022-07-24 10:30:00,0.0
2022-07-24 10:35:00,0.0
2022-07-24 10:40:00,0.0
2022-07-24 10:45:00,0.0
2022-07-24 10:50:00,0.0
2022-07-24 10:55:00,0.0
2022-07-24 11:00:00,0.0
2022-07-24 11:05:00,0.0
2022-07-24 11:10:00,0.0
2022-07-24 11:15:00,0.0
2022-07-24 11:20:00,0.0
2022-07-24 11:25:00,0.0
2022-07-24 11:30:00,0.0
2022-07-24 11:35:00,0.0
2022-07-24 11:40:00,0.0
2022-07-24 11:45:00,23322.765480673716
2022-07-24 11:50:00,25404.286041940195
2022-07-24 11:55:00,20413.170127761983
2022-07-24 12:00:00,-689.0658547358003
2022-07-24 12:05:00,19962.283338373418
2022-07-24 12:10:00,0.0
2022-07-24 12:15:00,20281.095140163176
2022-07-24 12:20:00,8570.282796540512
2022-07-24 12:25:00,-824.2470609431978
2022-07-24 12:30:00,0.0
2022-07-24 12:35:00,0.0
2022-07-24 12:40:00,0.0
2022-07-24 12:45:00,0.0
2022-07-24 12:50:00,0.0
2022-07-24 12:55:00,0.0
2022-07-24 13:00:00,0.0
2022-07-24 13:05:00,0.0
2022-07-24 13:10:00,0.0
2022-07-24 13:15:00,0.0
2022-07-24 13:20:00,0.0
2022-07-24 13:25:00,0.0
2022-07-24 13:30:00,0.0
2022-07-24 13:35:00,0.0
2022-07-24 13:40:00,0.0
2022-07-24 13:45:00,0.0
2022-07-24 13:50:00,0.0
2022-07-24 13:55:00,0.0
2022-07-24 14:00:00,0.0
2022-07-24 14:05:00,0.0
2022-07-24 14:10:00,0.0
2022-07-24 14:15:00,0.0
2022-07-24 14:20:00,0.0
2022-07-24 14:25:00,0.0
2022-07-24 14:30:00,0.0
2022-07-24 14:35:00,0.0
2022-07-24 14:40:00,0.0
2022-07-24 14:45:00,0.0
2022-07-24 14:50:00,0.0
2022-07-24 14:55:00,0.0
2022-07-24 15:00:00,0.0
2022-07-24 15:05:00,0.0
2022-07-24 15:10:00,0.0
2022-07-24 15:15:00,0.0
2022-07-24 15:20:00,0.0
2022-07-24 15:25:00,0.0
2022-07-24 15:30:00,0.0
2022-07-24 15:35:00,0.0
2022-07-24 15:40:00,0.0
2022-07-24 15:45:00,0.0
2022-07-24 15:50:00,0.0
2022-07-24 15:55:00,0.0
2022-07-24 16:00:00,0.0
2022-07-24 16:05:00,0.0
2022-07-24 16:10:00,0.0
2022-07-24 16:15:00,0.0
2022-07-24 16:20:00,0.0
2022-07-24 16:25:00,0.0
2022-07-24 16:30:00,0.0
2022-07-24 16:35:00,0.0
2022-07-24 16:40:00,0.0
2022-07-24 16:45:00,0.0
2022-07-24 16:50:00,0.0
2022-07-24 16:55:00,0.0
2022-07-24 17:00:00,0.0
2022-07-24 17:05:00,0.0
2022-07-24 17:10:00,0.0
2022-07-24 17:15:00,0.0
2022-07-24 17:20:00,0.0
2022-07-24 17:25:00,0.0
2022-07-24 17:30:00,0.0
2022-07-24 17:35:00,0.0
2022-07-24 17:40:00,0.0
2022-07-24 17:45:00,0.0
2022-07-24 17:50:00,0.0
2022-07-24 17:55:00,0.0
2022-07-24 18:00:00,0.0
2022-07-24 18:05:00,0.0
2022-07-24 18:10:00,0.0
2022-07-24 18:15:00,0.0
2022-07-24 18:20:00,0.0
2022-07-24 18:25:00,0.0
2022-07-24 18:30:00,0.0
2022-07-24 18:35:00,0.0
2022-07-24 18:40:00,0.0
2022-07-24 18:45:00,0.0
2022-07-24 18:50:00,0.0
2022-07-24 18:55:00,0.0
2022-07-24 19:00:00,0.0
2022-07-24 19:05:00,0.0
2022-07-24 19:10:00,0.0
2022-07-24 19:15:00,0.0
2022-07-24 19:20:00,0.0
2022-07-24 19:25:00,0.0
2022-07-24 19:30:00,0.0
2022-07-24 19:35:00,0.0
2022-07-24 19:40:00,0.0
2022-07-24 19:45:00,0.0
2022-07-24 19:50:00,0.0
2022-07-24 19:55:00,0.0
2022-07-24 20:00:00,0.0
2022-07-24 20:05:00,0.0
2022-07-24 20:10:00,0.0
2022-07-24 20:15:00,0.0
2022-07-24 20:20:00,0.0
2022-07-24 20:25:00,0.0
2022-07-24 20:30:00,0.0
2022-07-24 20:35:00,0.0
2022-07-24 20:40:00,0.0
2022-07-24 20:45:00,0.0
2022-07-24 20:50:00,0.0
2022-07-24 20:55:00,0.0
2022-07-24 21:00:00,0.0
2022-07-24 21:05:00,0.0
2022-07-24 21:10:00,0.0
2022-07-24 21:15:00,0.0
2022-07-24 23:40:00,0.0
2022-07-25 08:15:00,23726.88017403969
2022-07-25 08:20:00,30153.118139914608
2022-07-25 08:25:00,14689.626651304246
2022-07-25 08:30:00,0.0
2022-07-25 08:35:00,0.0
2022-07-25 08:40:00,0.0
2022-07-25 08:45:00,0.0
2022-07-25 08:50:00,4751.684535955519
2022-07-25 08:55:00,24657.232535332496
2022-07-25 09:00:00,25366.184551919632
2022-07-25 09:05:00,14667.562877027893
2022-07-25 09:10:00,18560.53538488616
2022-07-25 09:15:00,26674.679064235606
2022-07-25 09:20:00,15040.122276039252
2022-07-25 09:25:00,11728.348477726464
2022-07-25 09:30:00,23449.159442497712
2022-07-25 09:35:00,31219.618823972312
2022-07-25 09:40:00,24386.57996256906
2022-07-25 09:45:00,23300.94365635106
2022-07-25 09:50:00,26881.954083162465
2022-07-25 09:55:00,21566.343085131382
2022-07-25 10:00:00,16677.336216924017
2022-07-25 10:05:00,22226.032665831615
2022-07-25 10:10:00,18709.643890559
2022-07-25 10:15:00,12476.938652761646
2022-07-25 10:20:00,7528.524866520767
2022-07-25 10:25:00,20615.223159057256
2022-07-25 10:30:00,-921.7511023836473
2022-07-25 10:35:00,17703.74907084083
2022-07-25 10:40:00,16024.987114860598
2022-07-25 10:45:00,-779.7331397898602
2022-07-25 10:50:00,18937.646685801476
2022-07-25 10:55:00,-888.956395928306
2022-07-25 11:00:00,14962.965221537332
2022-07-25 11:05:00,19750.907298040347
2022-07-25 11:10:00,4341.040318502422
2022-07-25 11:15:00,13086.399385234405
2022-07-25 11:20:00,4947.180517565253
2022-07-25 11:25:00,17782.047649144395
2022-07-25 11:30:00,-1009.7868130407852
2022-07-25 11:35:00,7462.807569656792
2022-07-25 11:40:00,12413.530031656557
2022-07-25 11:45:00,4308.995883997098
2022-07-25 11:50:00,27581.75505952022
2022-07-25 11:55:00,18821.167560989503
2022-07-25 12:00:00,-872.2962635961053
2022-07-25 12:05:00,19584.231226504457
2022-07-25 12:10:00,16870.458298156194
2022-07-25 12:15:00,-809.8662608659178
2022-07-25 12:20:00,18778.572563490554
2022-07-25 12:25:00,21652.469633038116
2022-07-25 12:30:00,24010.008457308217
2022-07-25 12:35:00,14458.19755973475
2022-07-25 12:40:00,-903.5163105661354
2022-07-25 12:45:00,-909.6018811545276
2022-07-25 12:50:00,16914.12686391272
2022-07-25 12:55:00,-947.4423298461435
2022-07-25 13:00:00,15126.916712294442
2022-07-25 13:05:00,16366.956378769191
2022-07-25 13:10:00,7793.381952522891
2022-07-25 13:15:00,13474.428323351298
2022-07-25 13:20:00,4660.106831995017
2022-07-25 13:25:00,12853.201233360156
2022-07-25 13:30:00,0.0
2022-07-25 13:35:00,0.0
2022-07-25 13:40:00,0.0
2022-07-25 13:45:00,0.0
2022-07-25 13:50:00,0.0
2022-07-25 13:55:00,18633.351427096823
2022-07-25 14:00:00,27943.708050977017
2022-07-25 14:05:00,29035.085130245025
2022-07-25 14:10:00,27548.095753547037
2022-07-25 14:15:00,28478.14879565334
2022-07-25 14:20:00,24351.84070510943
2022-07-25 14:25:00,22264.881309389948
2022-07-25 14:30:00,26839.803269394502
2022-07-25 14:35:00,-1224.386569159315
2022-07-25 14:40:00,16994.24321021671
2022-07-25 14:45:00,21686.152602373128
2022-07-25 14:50:00,4664.898656159373
2022-07-25 14:55:00,16656.210166779234
2022-07-25 15:00:00,18804.155706170415
2022-07-25 15:05:00,5456.347255010818
2022-07-25 15:10:00,20514.393170129526
2022-07-25 15:15:00,-1152.0133167645674
2022-07-25 15:20:00,23360.275890966885
2022-07-25 15:25:00,31247.704502313096
2022-07-25 15:30:00,1611.026600897834
2022-07-25 15:35:00,22546.608169637486
2022-07-25 15:40:00,28753.43939131782
2022-07-25 15:45:00,-1180.0155465015453
2022-07-25 15:50:00,21204.808995168598
2022-07-25 15:55:00,19873.15263846133
2022-07-25 16:00:00,4388.653330085919
2022-07-25 16:05:00,21842.63490055928
2022-07-25 16:10:00,20236.578149084246
2022-07-25 16:15:00,-1084.0248126305405
2022-07-25 16:20:00,25906.487114899057
2022-07-25 16:25:00,10176.312417000623
2022-07-25 16:30:00,17739.410885667876
2022-07-25 16:35:00,6624.980308350699
2022-07-25 16:40:00,21308.911415747574
2022-07-25 16:45:00,-931.2808399688912
2022-07-25 16:50:00,17252.80316476658
2022-07-25 16:55:00,11912.48474573073
2022-07-25 17:00:00,13902.18881563752
2022-07-25 17:05:00,23694.299397843515
2022-07-25 17:10:00,4245.828048480116
2022-07-25 17:15:00,21485.820616458215
2022-07-25 17:20:00,3531.202676467642
2022-07-25 17:25:00,7278.041421886826
2022-07-25 17:30:00,17329.855968198674
2022-07-25 17:35:00,-919.6993911070232
2022-07-25 17:40:00,19149.09118604051
2022-07-25 17:45:00,-1061.213547482313
2022-07-25 17:50:00,18649.086901826882
2022-07-25 17:55:00,13791.144749663821
2022-07-25 18:00:00,11217.158737744106
2022-07-25 18:05:00,24803.418722537735
2022-07-25 18:10:00,2303.853136640139
2022-07-25 18:15:00,21021.678707757495
2022-07-25 18:20:00,9598.288224440943
2022-07-25 18:25:00,17716.144385627675
2022-07-25 18:30:00,9184.9496570049
2022-07-25 18:35:00,6137.0839845627515
2022-07-25 18:40:00,20766.93559831892
2022-07-25 18:45:00,5399.772333232874
2022-07-25 18:50:00,15723.347276445584
2022-07-25 18:55:00,8837.043416739503
2022-07-25 19:00:00,0.0
2022-07-25 19:05:00,0.0
2022-07-25 19:10:00,0.0
2022-07-25 19:15:00,0.0
2022-07-25 19:20:00,0.0
2022-07-25 19:25:00,0.0
2022-07-25 19:30:00,0.0
2022-07-25 19:35:00,0.0
2022-07-25 19:40:00,0.0
2022-07-25 19:45:00,0.0
2022-07-25 19:50:00,0.0
2022-07-25 19:55:00,0.0
2022-07-25 20:00:00,0.0
2022-07-25 20:05:00,0.0
2022-07-25 20:10:00,0.0
2022-07-25 20:15:00,0.0
2022-07-25 20:20:00,0.0
2022-07-25 20:25:00,0.0
2022-07-25 20:30:00,0.0
2022-07-25 20:35:00,0.0
2022-07-25 20:40:00,0.0
2022-07-25 20:45:00,0.0
2022-07-25 20:50:00,0.0
2022-07-25 20:55:00,0.0
2022-07-25 21:00:00,0.0
2022-07-25 21:05:00,0.0
2022-07-25 21:10:00,0.0
2022-07-25 21:15:00,0.0
2022-07-25 21:20:00,0.0
2022-07-25 21:25:00,0.0
2022-07-25 21:30:00,0.0
2022-07-25 21:35:00,0.0
2022-07-25 21:40:00,0.0
2022-07-25 21:45:00,0.0
2022-07-25 21:50:00,0.0
2022-07-25 21:55:00,0.0
2022-07-25 22:00:00,0.0
2022-07-25 22:05:00,0.0
2022-07-25 22:10:00,0.0
2022-07-25 22:15:00,0.0
2022-07-25 22:20:00,0.0
2022-07-25 22:25:00,0.0
2022-07-25 22:30:00,0.0
2022-07-25 22:35:00,0.0
2022-07-25 22:40:00,0.0
2022-07-25 22:45:00,0.0
2022-07-25 22:50:00,0.0
2022-07-25 22:55:00,0.0
2022-07-25 23:00:00,0.0
2022-07-25 23:05:00,0.0
2022-07-25 23:10:00,0.0
2022-07-25 23:15:00,0.0
2022-07-25 23:20:00,0.0
2022-07-25 23:25:00,0.0
2022-07-25 23:30:00,0.0
2022-07-25 23:35:00,0.0
2022-07-25 23:40:00,0.0
2022-07-25 23:45:00,0.0
2022-07-25 23:50:00,0.0
2022-07-25 23:55:00,0.0
2022-07-26 00:00:00,0.0
2022-07-26 00:05:00,0.0
2022-07-26 00:10:00,0.0
2022-07-26 00:15:00,0.0
2022-07-26 00:20:00,0.0
2022-07-26 00:25:00,0.0
2022-07-26 00:30:00,0.0
2022-07-26 00:35:00,0.0
2022-07-26 00:40:00,0.0
2022-07-26 00:45:00,0.0
2022-07-26 00:50:00,0.0
2022-07-26 00:55:00,0.0
2022-07-26 01:00:00,0.0
2022-07-26 01:05:00,0.0
2022-07-26 01:10:00,0.0
2022-07-26 01:15:00,0.0
2022-07-26 01:20:00,0.0
2022-07-26 01:25:00,0.0
2022-07-26 01:30:00,0.0
2022-07-26 01:35:00,0.0
2022-07-26 01:40:00,0.0
2022-07-26 01:45:00,0.0
2022-07-26 01:50:00,0.0
2022-07-26 01:55:00,0.0
2022-07-26 02:00:00,0.0
2022-07-26 02:05:00,0.0
2022-07-26 02:10:00,0.0
2022-07-26 02:15:00,0.0
2022-07-26 02:20:00,0.0
2022-07-26 02:25:00,0.0
2022-07-26 02:30:00,0.0
2022-07-26 02:35:00,0.0
2022-07-26 02:40:00,0.0
2022-07-26 02:45:00,0.0
2022-07-26 02:50:00,0.0
2022-07-26 02:55:00,0.0
2022-07-26 03:00:00,0.0
2022-07-26 03:05:00,0.0
2022-07-26 03:10:00,0.0
2022-07-26 03:15:00,0.0
2022-07-26 03:20:00,0.0
2022-07-26 03:25:00,0.0
2022-07-26 03:30:00,0.0
2022-07-26 03:35:00,0.0
2022-07-26 03:40:00,0.0
2022-07-26 03:45:00,0.0
2022-07-26 03:50:00,0.0
2022-07-26 03:55:00,0.0
2022-07-26 04:00:00,0.0
2022-07-26 04:05:00,0.0
2022-07-26 04:10:00,0.0
2022-07-26 04:15:00,0.0
2022-07-26 04:20:00,0.0
2022-07-26 04:25:00,0.0
2022-07-26 04:30:00,0.0
2022-07-26 04:35:00,0.0
2022-07-26 04:40:00,0.0
2022-07-26 04:45:00,0.0
2022-07-26 04:50:00,0.0
2022-07-26 04:55:00,0.0
2022-07-26 05:00:00,0.0
2022-07-26 05:05:00,0.0
2022-07-26 05:10:00,0.0
2022-07-26 05:15:00,0.0
2022-07-26 05:20:00,0.0
2022-07-26 05:25:00,0.0
2022-07-26 05:30:00,0.0
2022-07-26 05:35:00,0.0
2022-07-26 05:40:00,0.0
2022-07-26 05:45:00,0.0
2022-07-26 05:50:00,0.0
2022-07-26 05:55:00,0.0
2022-07-26 06:00:00,0.0
2022-07-26 06:05:00,0.0
2022-07-26 06:10:00,0.0
2022-07-26 06:15:00,0.0
2022-07-26 06:20:00,0.0
2022-07-26 06:25:00,0.0
2022-07-26 06:30:00,0.0
2022-07-26 06:35:00,0.0
2022-07-26 06:40:00,0.0
2022-07-26 06:45:00,0.0
2022-07-26 06:50:00,0.0
2022-07-26 06:55:00,0.0
2022-07-26 07:00:00,0.0
2022-07-26 07:05:00,0.0
2022-07-26 07:10:00,0.0
2022-07-26 07:15:00,0.0
2022-07-26 07:20:00,0.0
2022-07-26 07:25:00,0.0
2022-07-26 07:30:00,0.0
2022-07-26 07:35:00,0.0
2022-07-26 07:40:00,0.0
2022-07-26 07:45:00,0.0
2022-07-26 07:50:00,0.0
2022-07-26 07:55:00,0.0
2022-07-26 08:00:00,0.0
2022-07-26 08:05:00,17554.169331220968
2022-07-26 08:10:00,28332.605941633494
2022-07-26 08:15:00,22861.357153843906
2022-07-26 08:20:00,38728.58896205271
2022-07-26 08:25:00,39617.55813771988
2022-07-26 08:30:00,28249.982505852167
2022-07-26 08:35:00,28575.55471871186
2022-07-26 08:40:00,25476.751583311656
2022-07-26 08:45:00,20175.883970721447
2022-07-26 08:50:00,5922.911729468973
2022-07-26 08:55:00,21242.350113957018
2022-07-26 09:00:00,22201.345866553787
2022-07-26 09:05:00,0.0
2022-07-26 09:10:00,21785.081864743348
2022-07-26 09:15:00,8372.543418502151
2022-07-26 09:20:00,13186.230512003207
2022-07-26 09:25:00,21232.778490486817
2022-07-26 09:30:00,6131.851683085104
2022-07-26 09:35:00,17493.388978556475
2022-07-26 09:40:00,17868.86835462211
2022-07-26 09:45:00,14123.160300941858
2022-07-26 09:50:00,20392.408929076508
2022-07-26 09:55:00,-863.931524908716
2022-07-26 10:00:00,19558.18747478962
2022-07-26 10:05:00,26453.266086770254
2022-07-26 10:10:00,12816.459969129573
2022-07-26 10:15:00,14131.77521637885
2022-07-26 10:20:00,9569.59292049769
2022-07-26 10:25:00,0.0
2022-07-26 10:30:00,0.0
2022-07-26 10:35:00,0.0
2022-07-26 10:40:00,0.0
2022-07-26 10:45:00,0.0
2022-07-26 10:50:00,0.0
2022-07-26 10:55:00,0.0
2022-07-26 11:00:00,0.0
2022-07-26 11:05:00,0.0
2022-07-26 11:10:00,0.0
2022-07-26 11:15:00,0.0
2022-07-26 11:20:00,0.0
2022-07-26 11:25:00,0.0
2022-07-26 11:30:00,0.0
2022-07-26 11:35:00,0.0
2022-07-26 11:40:00,0.0
2022-07-26 11:45:00,0.0
2022-07-26 11:50:00,0.0
2022-07-26 11:55:00,0.0
2022-07-26 12:00:00,
2022-07-26 12:05:00,20607.210200288555
2022-07-26 12:10:00,25440.229028679238
2022-07-26 12:15:00,9836.84985310747
2022-07-26 12:20:00,0.0
2022-07-26 12:25:00,0.0
2022-07-26 12:30:00,0.0
2022-07-26 12:35:00,0.0
2022-07-26 12:40:00,13331.981292678893
2022-07-26 12:45:00,5740.318931265323
2022-07-26 12:50:00,-776.0509994501354
2022-07-26 12:55:00,-806.7198289722686
2022-07-26 13:00:00,8159.615091783782
2022-07-26 13:05:00,19862.01002333896
2022-07-26 13:10:00,-764.264818394605
2022-07-26 13:15:00,-776.092001290622
2022-07-26 13:20:00,5324.51175188504
2022-07-26 13:25:00,18098.231247325173
2022-07-26 13:30:00,0.0
2022-07-26 13:35:00,0.0
2022-07-26 13:40:00,0.0
2022-07-26 13:45:00,0.0
2022-07-26 13:50:00,0.0
2022-07-26 13:55:00,0.0
2022-07-26 14:00:00,0.0
2022-07-26 14:05:00,0.0
2022-07-26 14:10:00,0.0
2022-07-26 14:15:00,0.0
2022-07-26 14:20:00,0.0
2022-07-26 14:25:00,0.0
2022-07-26 14:30:00,0.0
2022-07-26 14:35:00,0.0
2022-07-26 14:40:00,
2022-07-26 14:45:00,24227.041810735038
2022-07-26 14:50:00,28960.617806108414
2022-07-26 14:55:00,32281.111444950144
2022-07-26 15:00:00,29165.226588104728
2022-07-26 15:05:00,15821.133319617025
2022-07-26 15:10:00,4303.919746388253
2022-07-26 15:15:00,21936.990312616916
2022-07-26 15:20:00,18667.161946824057
2022-07-26 15:25:00,20632.93375674158
2022-07-26 15:30:00,20384.410080149533
2022-07-26 15:35:00,18808.090613341992
2022-07-26 15:40:00,21195.804220894915
2022-07-26 15:45:00,17891.99094625287
2022-07-26 15:50:00,22134.218451955672
2022-07-26 15:55:00,4467.076580756102
2022-07-26 16:00:00,24428.21266979212
2022-07-26 16:05:00,14039.451062036374
2022-07-26 16:10:00,1699.5652748333296
2022-07-26 16:15:00,19681.725717888192
2022-07-26 16:20:00,13151.506111527786
2022-07-26 16:25:00,4642.428988751152
2022-07-26 16:30:00,17037.971859381603
2022-07-26 16:35:00,-1017.2274135255468
2022-07-26 16:40:00,12104.285726143058
2022-07-26 16:45:00,25002.948149733817
2022-07-26 16:50:00,12668.786198969361
2022-07-26 16:55:00,11971.955728957926
2022-07-26 17:00:00,12105.185061627819
2022-07-26 17:05:00,8043.650677466581
2022-07-26 17:10:00,4896.010517640392
2022-07-26 17:15:00,3004.2570856737843
2022-07-26 17:20:00,3874.113925958817
2022-07-26 17:25:00,18456.250776946767
2022-07-26 17:30:00,20497.39449549071
2022-07-26 17:35:00,20295.90803041238
2022-07-26 17:40:00,3304.8623071581846
2022-07-26 17:45:00,17982.117758041484
2022-07-26 17:50:00,15709.026200997732
2022-07-26 17:55:00,0.0
2022-07-26 18:00:00,0.0
2022-07-26 18:05:00,0.0
2022-07-26 18:10:00,0.0
2022-07-26 18:15:00,0.0
2022-07-26 18:20:00,0.0
2022-07-26 18:25:00,13923.762660008377
2022-07-26 18:30:00,22776.15630836122
2022-07-26 18:35:00,20371.997132509605
2022-07-26 18:40:00,4095.8036515337694
2022-07-26 18:45:00,19592.522859009532
2022-07-26 18:50:00,9020.273492567825
2022-07-26 18:55:00,-661.5035640304516
2022-07-26 19:00:00,0.0
2022-07-26 19:05:00,0.0
2022-07-26 19:10:00,0.0
2022-07-26 19:15:00,0.0
2022-07-26 19:20:00,0.0
2022-07-26 19:25:00,0.0
2022-07-26 19:30:00,0.0
2022-07-26 19:35:00,0.0
2022-07-26 19:40:00,0.0
2022-07-26 19:45:00,0.0
2022-07-26 19:50:00,0.0
2022-07-26 19:55:00,0.0
2022-07-26 20:00:00,0.0
2022-07-26 20:05:00,0.0
2022-07-26 20:10:00,0.0
2022-07-26 20:15:00,0.0
2022-07-26 20:20:00,0.0
2022-07-26 20:25:00,0.0
2022-07-26 20:30:00,0.0
2022-07-26 20:35:00,0.0
2022-07-26 20:40:00,0.0
2022-07-26 20:45:00,0.0
2022-07-26 20:50:00,0.0
2022-07-26 20:55:00,0.0
2022-07-26 21:00:00,0.0
2022-07-26 21:05:00,0.0
2022-07-26 21:10:00,0.0
2022-07-26 21:15:00,0.0
2022-07-26 21:20:00,0.0
2022-07-26 21:25:00,0.0
2022-07-26 21:30:00,0.0
2022-07-26 21:35:00,0.0
2022-07-26 21:40:00,0.0
2022-07-26 21:45:00,0.0
2022-07-26 21:50:00,0.0
2022-07-26 21:55:00,0.0
2022-07-26 22:00:00,0.0
2022-07-26 22:05:00,0.0
2022-07-26 22:10:00,0.0
2022-07-26 22:15:00,0.0
2022-07-26 22:20:00,0.0
2022-07-26 22:25:00,0.0
2022-07-26 22:30:00,0.0
2022-07-26 22:35:00,0.0
2022-07-26 22:40:00,0.0
2022-07-26 22:45:00,0.0
2022-07-26 22:50:00,0.0
2022-07-26 22:55:00,0.0
2022-07-26 23:00:00,0.0
2022-07-26 23:05:00,0.0
2022-07-26 23:10:00,0.0
2022-07-26 23:15:00,0.0
2022-07-26 23:20:00,0.0
2022-07-26 23:25:00,0.0
2022-07-26 23:30:00,0.0
2022-07-26 23:35:00,0.0
2022-07-26 23:40:00,0.0
2022-07-26 23:45:00,0.0
2022-07-26 23:50:00,0.0
2022-07-26 23:55:00,0.0
2022-07-27 00:00:00,0.0
2022-07-27 00:05:00,0.0
2022-07-27 00:10:00,0.0
2022-07-27 00:15:00,0.0
2022-07-27 00:20:00,0.0
2022-07-27 00:25:00,0.0
2022-07-27 00:30:00,0.0
2022-07-27 00:35:00,0.0
2022-07-27 00:40:00,0.0
2022-07-27 00:45:00,0.0
2022-07-27 00:50:00,0.0
2022-07-27 00:55:00,0.0
2022-07-27 01:00:00,0.0
2022-07-27 01:05:00,0.0
2022-07-27 01:10:00,0.0
2022-07-27 01:15:00,0.0
2022-07-27 01:20:00,0.0
2022-07-27 01:25:00,0.0
2022-07-27 01:30:00,0.0
2022-07-27 01:35:00,0.0
2022-07-27 01:40:00,0.0
2022-07-27 01:45:00,0.0
2022-07-27 01:50:00,0.0
2022-07-27 01:55:00,0.0
2022-07-27 02:00:00,0.0
2022-07-27 02:05:00,0.0
2022-07-27 02:10:00,0.0
2022-07-27 02:15:00,0.0
2022-07-27 02:20:00,0.0
2022-07-27 02:25:00,0.0
2022-07-27 02:30:00,0.0
2022-07-27 02:35:00,0.0
2022-07-27 02:40:00,0.0
2022-07-27 02:45:00,0.0
2022-07-27 02:50:00,0.0
2022-07-27 02:55:00,0.0
2022-07-27 03:00:00,0.0
2022-07-27 03:05:00,0.0
2022-07-27 03:10:00,0.0
2022-07-27 03:15:00,0.0
2022-07-27 03:20:00,0.0
2022-07-27 03:25:00,0.0
2022-07-27 03:30:00,0.0
2022-07-27 03:35:00,0.0
2022-07-27 03:40:00,0.0
2022-07-27 03:45:00,0.0
2022-07-27 03:50:00,0.0
2022-07-27 03:55:00,0.0
2022-07-27 04:00:00,0.0
2022-07-27 04:05:00,0.0
2022-07-27 04:10:00,0.0
2022-07-27 04:15:00,0.0
2022-07-27 04:20:00,0.0
2022-07-27 04:25:00,0.0
2022-07-27 04:30:00,0.0
2022-07-27 04:35:00,0.0
2022-07-27 04:40:00,0.0
2022-07-27 04:45:00,0.0
2022-07-27 04:50:00,0.0
2022-07-27 04:55:00,0.0
2022-07-27 05:00:00,0.0
2022-07-27 05:05:00,0.0
2022-07-27 05:10:00,0.0
2022-07-27 05:15:00,0.0
2022-07-27 05:20:00,0.0
2022-07-27 05:25:00,0.0
2022-07-27 05:30:00,0.0
2022-07-27 05:35:00,0.0
2022-07-27 05:40:00,0.0
2022-07-27 05:45:00,0.0
2022-07-27 05:50:00,0.0
2022-07-27 05:55:00,0.0
2022-07-27 06:00:00,0.0
2022-07-27 06:05:00,0.0
2022-07-27 06:10:00,0.0
2022-07-27 06:15:00,0.0
2022-07-27 06:20:00,0.0
2022-07-27 06:25:00,0.0
2022-07-27 06:30:00,0.0
2022-07-27 06:35:00,0.0
2022-07-27 06:40:00,0.0
2022-07-27 06:45:00,0.0
2022-07-27 06:50:00,0.0
2022-07-27 06:55:00,0.0
2022-07-27 07:00:00,0.0
2022-07-27 07:05:00,0.0
2022-07-27 07:10:00,0.0
2022-07-27 07:15:00,0.0
2022-07-27 07:20:00,0.0
2022-07-27 07:25:00,0.0
2022-07-27 07:30:00,0.0
2022-07-27 07:35:00,0.0
2022-07-27 07:40:00,0.0
2022-07-27 07:45:00,0.0
2022-07-27 07:50:00,0.0
2022-07-27 07:55:00,0.0
2022-07-27 08:00:00,0.0
2022-07-27 08:05:00,0.0
2022-07-27 08:10:00,0.0
2022-07-27 08:15:00,0.0
2022-07-27 08:20:00,0.0
2022-07-27 08:25:00,0.0
2022-07-27 08:30:00,0.0
2022-07-27 08:35:00,0.0
2022-07-27 08:40:00,0.0
2022-07-27 08:45:00,0.0
2022-07-27 08:50:00,0.0
2022-07-27 08:55:00,0.0
2022-07-27 09:00:00,0.0
2022-07-27 09:05:00,0.0
2022-07-27 09:10:00,0.0
2022-07-27 09:15:00,0.0
2022-07-27 09:20:00,0.0
2022-07-27 09:25:00,0.0
2022-07-27 09:30:00,0.0
2022-07-27 09:35:00,0.0
2022-07-27 09:40:00,0.0
2022-07-27 09:45:00,0.0
2022-07-27 09:50:00,0.0
2022-07-27 09:55:00,16796.428944602503
2022-07-27 10:00:00,20009.01690213117
2022-07-27 10:05:00,27539.795137074263
2022-07-27 10:10:00,23814.493387187427
2022-07-27 10:15:00,29072.229188413145
2022-07-27 10:20:00,15935.931921910895
2022-07-27 10:25:00,2538.84604686162
2022-07-27 10:30:00,13276.427695437198
2022-07-27 10:35:00,0.0
2022-07-27 10:40:00,0.0
2022-07-27 10:45:00,0.0
2022-07-27 10:50:00,0.0
2022-07-27 10:55:00,0.0
2022-07-27 11:00:00,0.0
2022-07-27 11:05:00,0.0
2022-07-27 11:10:00,0.0
2022-07-27 11:15:00,0.0
2022-07-27 11:20:00,0.0
2022-07-27 11:25:00,0.0
2022-07-27 11:30:00,0.0
2022-07-27 11:35:00,0.0
2022-07-27 11:40:00,0.0
2022-07-27 11:45:00,18660.37419166443
2022-07-27 11:50:00,20994.92000382195
2022-07-27 11:55:00,23277.562214258836
2022-07-27 12:00:00,0.0
2022-07-27 12:05:00,0.0
2022-07-27 12:10:00,0.0
2022-07-27 12:15:00,0.0
2022-07-27 12:20:00,0.0
2022-07-27 12:25:00,12917.565340825886
2022-07-27 12:30:00,21805.425046880708
2022-07-27 12:35:00,18200.562759050572
2022-07-27 12:40:00,-1006.4430693889719
2022-07-27 12:45:00,-799.6227217689544
2022-07-27 12:50:00,-883.0001020260353
2022-07-27 12:55:00,15100.818052828265
2022-07-27 13:00:00,-886.1999403754431
2022-07-27 13:05:00,-806.4400990858596
2022-07-27 13:10:00,7613.9006632310075
2022-07-27 13:15:00,3441.3438392482135
2022-07-27 13:20:00,-765.2075487704816
2022-07-27 13:25:00,4427.917252650816
2022-07-27 13:30:00,16896.64252415001
2022-07-27 13:35:00,-795.1824411284723
2022-07-27 13:40:00,20050.832326982614
2022-07-27 13:45:00,23757.87768545249
2022-07-27 13:50:00,19093.399291925125
2022-07-27 13:55:00,21069.494972500663
2022-07-27 14:00:00,20017.575488787304
2022-07-27 14:05:00,26304.02777141013
2022-07-27 14:10:00,11345.901704483913
2022-07-27 14:15:00,14691.228587397343
2022-07-27 14:20:00,18598.827807555364
2022-07-27 14:25:00,20349.170714544627
2022-07-27 14:30:00,18656.348794643247
2022-07-27 14:35:00,11177.987508092472
2022-07-27 14:40:00,11144.278366874672
2022-07-27 14:45:00,13156.265188473468
2022-07-27 14:50:00,13288.575967964949
2022-07-27 14:55:00,-1120.4611902077725
2022-07-27 15:00:00,5344.396293623263
2022-07-27 15:05:00,17115.984658399295
2022-07-27 15:10:00,19708.711418541512
2022-07-27 15:15:00,-985.6102420927635
2022-07-27 15:20:00,17536.674482548486
2022-07-27 15:25:00,14379.202907252338
2022-07-27 15:30:00,-1078.219739414197
2022-07-27 15:35:00,17263.582617229364
2022-07-27 15:40:00,17471.318304558128
2022-07-27 15:45:00,8663.40111512605
2022-07-27 15:50:00,17159.182674036703
2022-07-27 15:55:00,18300.868454583302
2022-07-27 16:00:00,15997.852029652722
2022-07-27 16:05:00,3846.459716842657
2022-07-27 16:10:00,21470.548370379085
2022-07-27 16:15:00,16110.899668658565
2022-07-27 16:20:00,-946.0908641230077
2022-07-27 16:25:00,16174.97379957815
2022-07-27 16:30:00,17439.948485609588
2022-07-27 16:35:00,3016.9470184654424
2022-07-27 16:40:00,16303.468193938375
2022-07-27 16:45:00,15620.619348773127
2022-07-27 16:50:00,-952.1777849033231
2022-07-27 16:55:00,15234.521809137264
2022-07-27 17:00:00,17606.98940012533
2022-07-27 17:05:00,-915.5785465611108
2022-07-27 17:10:00,17868.059111542694
2022-07-27 17:15:00,14946.68094828694
2022-07-27 17:20:00,0.0
2022-07-27 17:25:00,0.0
2022-07-27 17:30:00,0.0
2022-07-27 17:35:00,0.0
2022-07-27 17:40:00,0.0
2022-07-27 17:45:00,0.0
2022-07-27 17:50:00,0.0
2022-07-27 17:55:00,0.0
2022-07-27 18:00:00,0.0
2022-07-27 18:05:00,0.0
2022-07-27 18:10:00,0.0
2022-07-27 18:15:00,0.0
2022-07-27 18:20:00,0.0
2022-07-27 18:25:00,0.0
2022-07-27 18:30:00,0.0
2022-07-27 18:35:00,0.0
2022-07-27 18:40:00,0.0
2022-07-27 18:45:00,0.0
2022-07-27 18:50:00,0.0
2022-07-27 18:55:00,0.0
2022-07-27 19:00:00,0.0
2022-07-27 19:05:00,0.0
2022-07-27 19:10:00,0.0
2022-07-27 19:15:00,0.0
2022-07-27 19:20:00,0.0
2022-07-27 19:25:00,0.0
2022-07-27 19:30:00,0.0
2022-07-27 19:35:00,0.0
2022-07-27 19:40:00,0.0
2022-07-27 19:45:00,0.0
2022-07-27 19:50:00,0.0
2022-07-27 19:55:00,0.0
2022-07-27 20:00:00,0.0
2022-07-27 20:05:00,0.0
2022-07-27 20:10:00,0.0
2022-07-27 20:15:00,0.0
2022-07-27 20:20:00,0.0
2022-07-27 20:25:00,0.0
2022-07-27 20:30:00,0.0
2022-07-27 20:35:00,0.0
2022-07-27 20:40:00,0.0
2022-07-27 20:45:00,0.0
2022-07-27 20:50:00,0.0
2022-07-27 20:55:00,0.0
2022-07-27 21:00:00,0.0
2022-07-27 21:05:00,0.0
2022-07-27 21:10:00,0.0
2022-07-27 21:15:00,0.0
2022-07-27 21:20:00,0.0
2022-07-27 21:25:00,0.0
2022-07-27 21:30:00,0.0
2022-07-27 21:35:00,0.0
2022-07-27 21:40:00,0.0
2022-07-27 21:45:00,0.0
2022-07-27 21:50:00,0.0
2022-07-27 21:55:00,0.0
2022-07-27 22:00:00,0.0
2022-07-27 22:05:00,0.0
2022-07-27 22:10:00,0.0
2022-07-27 22:15:00,0.0
2022-07-27 22:20:00,0.0
2022-07-27 22:25:00,0.0
2022-07-27 22:30:00,0.0
2022-07-27 22:35:00,0.0
2022-07-27 22:40:00,0.0
2022-07-27 22:45:00,0.0
2022-07-27 22:50:00,0.0
2022-07-27 22:55:00,0.0
2022-07-27 23:00:00,0.0
2022-07-27 23:05:00,0.0
2022-07-27 23:10:00,0.0
2022-07-27 23:15:00,0.0
2022-07-27 23:20:00,0.0
2022-07-27 23:25:00,0.0
2022-07-27 23:30:00,0.0
2022-07-27 23:35:00,0.0
2022-07-27 23:40:00,0.0
2022-07-27 23:45:00,0.0
2022-07-27 23:50:00,0.0
2022-07-27 23:55:00,0.0
2022-07-28 00:00:00,20413.487446228257
2022-07-28 00:05:00,45999.64304435003
2022-07-28 00:10:00,60229.562853454445
2022-07-28 00:15:00,58445.92886815026
2022-07-28 00:20:00,57714.919730485715
2022-07-28 00:25:00,58373.83736453212
2022-07-28 00:30:00,51132.19277049199
2022-07-28 00:35:00,26868.98573790314
2022-07-28 00:40:00,46284.83465070482
2022-07-28 00:45:00,25720.841148307612
2022-07-28 00:50:00,36430.0028199669
2022-07-28 00:55:00,25974.003428142394
2022-07-28 01:00:00,38393.897078837086
2022-07-28 01:05:00,32932.15043075033
2022-07-28 01:10:00,32687.68593802994
2022-07-28 01:15:00,33280.047474242965
2022-07-28 01:20:00,27361.477819656702
2022-07-28 01:25:00,33756.988878562624
2022-07-28 01:30:00,24312.220642561686
2022-07-28 01:35:00,35472.73702655141
2022-07-28 01:40:00,30320.21764270475
2022-07-28 01:45:00,31133.09348621797
2022-07-28 01:50:00,31378.411441090946
2022-07-28 01:55:00,30076.62954022045
2022-07-28 02:00:00,37265.30540955237
2022-07-28 02:05:00,29443.15696628455
2022-07-28 02:10:00,31364.814594661108
2022-07-28 02:15:00,36378.08674339718
2022-07-28 02:20:00,27627.66767884406
2022-07-28 02:25:00,43440.85530565142
2022-07-28 02:30:00,25922.0871871624
2022-07-28 02:35:00,35081.20535358446
2022-07-28 02:40:00,26130.878881634653
2022-07-28 02:45:00,35196.634612553265
2022-07-28 02:50:00,31333.31407487718
2022-07-28 02:55:00,27718.58197535869
2022-07-28 03:00:00,37243.69704006408
2022-07-28 03:05:00,21776.954143727653
2022-07-28 03:10:00,28642.657665563172
2022-07-28 03:15:00,34841.23351773883
2022-07-28 03:20:00,19456.155439614817
2022-07-28 03:25:00,35193.19156652365
2022-07-28 03:30:00,28555.186721345883
2022-07-28 03:35:00,14531.99325091565
2022-07-28 03:40:00,37977.28177060739
2022-07-28 03:45:00,13235.12522754953
2022-07-28 03:50:00,36440.32377665577
2022-07-28 03:55:00,15272.37538939797
2022-07-28 04:00:00,21703.191435991754
2022-07-28 04:05:00,35208.743840504816
2022-07-28 04:10:00,14948.998798832754
2022-07-28 04:15:00,34733.52217853489
2022-07-28 04:20:00,15606.828262700503
2022-07-28 04:25:00,35408.868574460335
2022-07-28 04:30:00,27577.592602835106
2022-07-28 04:35:00,21830.512991227708
2022-07-28 04:40:00,45789.8692900654
2022-07-28 04:45:00,22192.850378114832
2022-07-28 04:50:00,28932.26021603375
2022-07-28 04:55:00,19551.336012987704
2022-07-28 05:00:00,31752.39025388224
2022-07-28 05:05:00,21888.348373469562
2022-07-28 05:10:00,40702.901032151785
2022-07-28 05:15:00,19144.82557184895
2022-07-28 05:20:00,28432.817734425338
2022-07-28 05:25:00,22343.938864025375
2022-07-28 05:30:00,18659.390475760458
2022-07-28 05:35:00,33039.31142565717
2022-07-28 05:40:00,25225.6301010785
2022-07-28 05:45:00,19202.115446114603
2022-07-28 05:50:00,15932.461141038673
2022-07-28 05:55:00,22992.7803276365
2022-07-28 06:00:00,21476.244346518757
2022-07-28 06:05:00,39890.92040739484
2022-07-28 06:10:00,23403.705998185767
2022-07-28 06:15:00,30721.681184319506
2022-07-28 06:20:00,23664.53524970025
2022-07-28 06:25:00,24377.157147153695
2022-07-28 06:30:00,23183.05107859428
2022-07-28 06:35:00,31624.626918843634
2022-07-28 06:40:00,15214.537634948798
2022-07-28 06:45:00,32290.806507601126
2022-07-28 06:50:00,14978.157085804767
2022-07-28 06:55:00,27602.226502355625
2022-07-28 07:00:00,19029.751141109835
2022-07-28 07:05:00,21853.801117356426
2022-07-28 07:10:00,24145.241332004716
2022-07-28 07:15:00,19575.49955225671
2022-07-28 07:20:00,25252.26636579129
2022-07-28 07:25:00,23068.44096931227
2022-07-28 07:30:00,22054.842957914403
2022-07-28 07:35:00,41636.90086355158
2022-07-28 07:40:00,18274.037216162415
2022-07-28 07:45:00,33041.1087373027
2022-07-28 07:50:00,16255.727870507342
2022-07-28 07:55:00,24032.663734582977
2022-07-28 08:00:00,24092.586208452372
2022-07-28 08:05:00,28676.20007570862
2022-07-28 08:10:00,34788.98625213804
2022-07-28 08:15:00,32697.134532813874
2022-07-28 08:20:00,26866.70304761455
2022-07-28 08:25:00,42338.246717741116
2022-07-28 08:30:00,30617.3674930101
2022-07-28 08:35:00,29157.934225524645
2022-07-28 08:40:00,32198.39943501915
2022-07-28 08:45:00,29436.40017994087
2022-07-28 08:50:00,29547.53334207005
2022-07-28 08:55:00,34485.879802194526
2022-07-28 09:00:00,29772.326643589196
2022-07-28 09:05:00,35333.47106775446
2022-07-28 09:10:00,37418.839689224704
2022-07-28 09:15:00,37096.470817449364
2022-07-28 09:20:00,38139.21226528429
2022-07-28 09:25:00,39098.57141934058
2022-07-28 09:30:00,39220.9310930646
2022-07-28 09:35:00,38458.26849066044
2022-07-28 09:40:00,43100.87730850923
2022-07-28 09:45:00,37937.99889870066
2022-07-28 09:50:00,41895.97177492094
2022-07-28 09:55:00,45323.025471872395
2022-07-28 10:00:00,36397.34573085519
2022-07-28 10:05:00,42110.891967171076
2022-07-28 10:10:00,41382.34761916257
2022-07-28 10:15:00,38260.96632433402
2022-07-28 10:20:00,37265.96835184709
2022-07-28 10:25:00,38590.33349164282
2022-07-28 10:30:00,35791.438879647634
2022-07-28 10:35:00,32466.74554024434
2022-07-28 10:40:00,34072.89888533182
2022-07-28 10:45:00,42146.81289014767
2022-07-28 10:50:00,33958.62409547709
2022-07-28 10:55:00,38427.13853792288
2022-07-28 11:00:00,33501.023173763766
2022-07-28 11:05:00,36674.03259499256
2022-07-28 11:10:00,35140.38616471853
2022-07-28 11:15:00,33295.883628693686
2022-07-28 11:20:00,32825.2722236692
2022-07-28 11:25:00,25838.71256715711
2022-07-28 11:30:00,20723.169133713865
2022-07-28 11:35:00,34211.2006091303
2022-07-28 11:40:00,39023.390594042954
2022-07-28 11:45:00,40864.296847356985
2022-07-28 11:50:00,36586.77241706286
2022-07-28 11:55:00,33435.23277418756
2022-07-28 12:00:00,37769.85813813166
2022-07-28 12:05:00,21347.94508502601
2022-07-28 12:10:00,34311.29921834835
2022-07-28 12:15:00,18646.107524224888
2022-07-28 12:20:00,21359.224481354446
2022-07-28 12:25:00,21161.042007079875
2022-07-28 12:30:00,25512.44199515469
2022-07-28 12:35:00,29104.756560910606
2022-07-28 12:40:00,31106.580142965446
2022-07-28 12:45:00,21894.984636414592
2022-07-28 12:50:00,28286.178064401654
2022-07-28 12:55:00,26189.67157415508
2022-07-28 13:00:00,35623.50553327188
2022-07-28 13:05:00,29939.09394222772
2022-07-28 13:10:00,31696.32722619681
2022-07-28 13:15:00,35622.096429676654
2022-07-28 13:20:00,30426.042454298717
2022-07-28 13:25:00,30691.121676496383
2022-07-28 13:30:00,27558.30899551471
2022-07-28 13:35:00,30201.078889657234
2022-07-28 13:40:00,29740.854832131703
2022-07-28 13:45:00,29992.85644369109
2022-07-28 13:50:00,29020.670222629098
2022-07-28 13:55:00,40082.14548513168
2022-07-28 14:00:00,40761.110723750055
2022-07-28 14:05:00,33056.99695614192
2022-07-28 14:10:00,33231.119615813644
2022-07-28 14:15:00,38962.60787930226
2022-07-28 14:20:00,32044.554852846308
2022-07-28 14:25:00,36212.732522038845
2022-07-28 14:30:00,32195.93440261474
2022-07-28 14:35:00,35495.45995264139
2022-07-28 14:40:00,25301.53361645529
2022-07-28 14:45:00,27983.591378065314
2022-07-28 14:50:00,28960.252537357424
2022-07-28 14:55:00,28078.654770999667
2022-07-28 15:00:00,33044.25976203929
2022-07-28 15:05:00,33070.07899388927
2022-07-28 15:10:00,35041.28650541616
2022-07-28 15:15:00,36278.60069908076
2022-07-28 15:20:00,41158.44125056068
2022-07-28 15:25:00,34356.41950325244
2022-07-28 15:30:00,40595.62012244345
2022-07-28 15:35:00,39104.611392816325
2022-07-28 15:40:00,38784.911460197785
2022-07-28 15:45:00,37332.89974687462
2022-07-28 15:50:00,38359.99616368447
2022-07-28 15:55:00,35080.79658800739
2022-07-28 16:00:00,29995.062067094077
2022-07-28 16:05:00,29972.267101716025
2022-07-28 16:10:00,30957.140577002352
2022-07-28 16:15:00,32865.14361461798
2022-07-28 16:20:00,35351.15403961829
2022-07-28 16:25:00,36693.7021766434
2022-07-28 16:30:00,30339.335725575114
2022-07-28 16:35:00,30784.753037991646
2022-07-28 16:40:00,30512.352028278125
2022-07-28 16:45:00,25603.880932066317
2022-07-28 16:50:00,30687.306728472307
2022-07-28 16:55:00,27830.075168706837
2022-07-28 17:00:00,31859.49735644838
2022-07-28 17:05:00,29877.794428556
2022-07-28 17:10:00,29319.300984939375
2022-07-28 17:15:00,32869.885384034
2022-07-28 17:20:00,24883.21759792792
2022-07-28 17:25:00,32802.99922374283
2022-07-28 17:30:00,30410.265022858595
2022-07-28 17:35:00,28246.85724352481
2022-07-28 17:40:00,23359.533207684573
2022-07-28 17:45:00,31273.56818555648
2022-07-28 17:50:00,29010.521973795985
2022-07-28 17:55:00,31483.50294901072
2022-07-28 18:25:00,6593.873904144382
2022-07-28 18:30:00,0.0
2022-07-28 18:35:00,0.0
2022-07-28 18:40:00,0.0
2022-07-28 18:45:00,0.0
2022-07-28 18:50:00,0.0
2022-07-28 18:55:00,0.0
2022-07-28 19:20:00,0.0
2022-07-28 19:25:00,0.0
2022-07-28 19:30:00,0.0
2022-07-28 19:35:00,0.0
2022-07-28 19:40:00,0.0
2022-07-28 19:45:00,0.0
2022-07-28 19:50:00,0.0
2022-07-28 19:55:00,0.0
2022-07-28 20:00:00,0.0
2022-07-28 20:05:00,0.0
2022-07-28 20:10:00,0.0
2022-07-28 20:15:00,0.0
2022-07-28 20:20:00,0.0
2022-07-28 20:25:00,0.0
2022-07-28 20:30:00,0.0
2022-07-28 20:35:00,0.0
2022-07-28 20:40:00,0.0
2022-07-28 20:45:00,0.0
2022-07-28 20:50:00,0.0
2022-07-28 20:55:00,0.0
2022-07-28 21:00:00,0.0
2022-07-28 21:05:00,0.0
2022-07-28 21:10:00,0.0
2022-07-28 21:15:00,0.0
2022-07-28 21:20:00,0.0
2022-07-28 21:25:00,0.0
2022-07-28 21:30:00,0.0
2022-07-28 21:35:00,0.0
2022-07-28 21:40:00,0.0
2022-07-28 21:45:00,0.0
2022-07-28 21:50:00,0.0
2022-07-28 21:55:00,0.0
2022-07-28 22:00:00,0.0
2022-07-28 22:05:00,0.0
2022-07-28 22:10:00,0.0
2022-07-28 22:15:00,0.0
2022-07-28 22:20:00,0.0
2022-07-28 22:25:00,0.0
2022-07-28 22:30:00,0.0
2022-07-28 22:35:00,0.0
2022-07-28 22:40:00,0.0
2022-07-28 22:45:00,0.0
2022-07-28 22:50:00,0.0
2022-07-28 22:55:00,0.0
2022-07-28 23:00:00,0.0
2022-07-28 23:05:00,0.0
2022-07-28 23:10:00,0.0
2022-07-28 23:15:00,0.0
2022-07-28 23:20:00,0.0
2022-07-28 23:25:00,0.0
2022-07-28 23:30:00,0.0
2022-07-28 23:35:00,0.0
2022-07-28 23:40:00,0.0
2022-07-28 23:45:00,0.0
2022-07-28 23:50:00,0.0
2022-07-28 23:55:00,0.0
2022-07-29 00:00:00,21258.21888765581
2022-07-29 00:05:00,47811.983927069006
2022-07-29 00:10:00,60226.7295211895
2022-07-29 00:15:00,62659.68205792671
2022-07-29 00:20:00,47522.17401354046
2022-07-29 00:25:00,44077.911404119965
2022-07-29 00:30:00,40587.8661832214
2022-07-29 00:35:00,42780.381632953664
2022-07-29 00:40:00,37203.90694511919
2022-07-29 00:45:00,38106.29727979782
2022-07-29 00:50:00,31685.996437363414
2022-07-29 00:55:00,42034.113439794826
2022-07-29 01:00:00,32233.549570124756
2022-07-29 01:05:00,36781.11822236776
2022-07-29 01:10:00,34087.3107339529
2022-07-29 01:15:00,35239.19938929647
2022-07-29 01:20:00,37444.283908418416
2022-07-29 01:25:00,33256.45020077507
2022-07-29 01:30:00,33336.75951982498
2022-07-29 01:35:00,31999.820531015874
2022-07-29 01:40:00,31835.517381258087
2022-07-29 01:45:00,33871.16875070892
2022-07-29 01:50:00,29676.52010783863
2022-07-29 01:55:00,27366.445413134767
2022-07-29 02:00:00,27065.89336925721
2022-07-29 02:05:00,29562.008475287
2022-07-29 02:10:00,26378.94968424469
2022-07-29 02:15:00,40983.39923973887
2022-07-29 02:20:00,30924.543525128112
2022-07-29 02:25:00,36230.18861919513
2022-07-29 02:30:00,24940.525124317035
2022-07-29 02:35:00,28439.515121165834
2022-07-29 02:40:00,26150.00893429804
2022-07-29 16:25:00,24380.93597855567
2022-07-29 16:30:00,28300.193110795102
2022-07-29 16:35:00,25584.75875987735
2022-07-29 16:40:00,31398.92350752669
2022-07-29 16:45:00,31813.28345627997
2022-07-29 16:50:00,25696.135676067548
2022-07-29 16:55:00,35016.97048381991
2022-07-29 17:00:00,23676.250423309037
2022-07-29 17:05:00,25394.93523126553
2022-07-29 17:10:00,25093.988475844955
2022-07-29 17:15:00,27967.697096848002
2022-07-29 17:20:00,17173.15679657257
2022-07-29 17:25:00,28579.431737614897
2022-07-29 17:30:00,23561.967144141778
2022-07-29 17:35:00,28464.546296339464
2022-07-29 17:40:00,20702.916083253775
2022-07-29 17:45:00,30619.646125534942
2022-07-29 17:50:00,21162.37030786682
2022-07-29 17:55:00,25616.603900017308
2022-07-29 18:00:00,26213.75261254942
2022-07-29 18:05:00,25189.256675559584
2022-07-29 18:10:00,24720.397646647878
2022-07-29 18:15:00,22461.69580637399
2022-07-29 18:20:00,29739.751825892883
2022-07-29 18:25:00,22440.35948059163
2022-07-29 18:30:00,26747.257678657425
2022-07-29 18:35:00,24151.97151045344
2022-07-29 18:40:00,24469.969701542515
2022-07-29 18:45:00,27749.073679862508
2022-07-29 18:50:00,29510.716314418343
2022-07-29 18:55:00,21708.431581986613
2022-07-29 19:00:00,0.0
2022-07-29 19:05:00,4189.461102088823
2022-07-29 19:10:00,15702.753173304285
2022-07-29 19:15:00,22091.521519929713
2022-07-29 19:20:00,30598.703523641616
2022-07-29 19:25:00,14401.615514311872
2022-07-29 19:30:00,-885.4578284448162
2022-07-29 19:35:00,11192.722396158826
2022-07-29 19:40:00,-828.9492341341354
2022-07-29 19:45:00,-791.92814259554
2022-07-29 19:50:00,-818.3643811968029
2022-07-29 19:55:00,5309.928350565481
2022-07-29 20:00:00,8938.934242550813
2022-07-29 20:05:00,-709.1164691611156
2022-07-29 20:10:00,-706.7959780182606
2022-07-29 20:15:00,11992.126608934634
2022-07-29 20:20:00,-814.9645762732831
2022-07-29 20:25:00,-713.0343005959452
2022-07-29 21:40:00,0.0
2022-07-29 21:45:00,0.0
2022-07-29 21:50:00,0.0
2022-07-29 21:55:00,0.0
2022-07-29 22:00:00,0.0
2022-07-29 22:05:00,0.0
2022-07-29 22:10:00,0.0
2022-07-29 22:15:00,0.0
2022-07-29 22:20:00,0.0
2022-07-29 22:25:00,0.0
2022-07-29 22:30:00,0.0
2022-07-29 22:35:00,0.0
2022-07-29 22:40:00,0.0
2022-07-29 22:45:00,0.0
2022-07-29 22:50:00,0.0
2022-07-29 22:55:00,0.0
2022-07-29 23:00:00,0.0
2022-07-29 23:05:00,0.0
2022-07-29 23:10:00,0.0
2022-07-29 23:15:00,0.0
2022-07-29 23:20:00,0.0
2022-07-29 23:25:00,0.0
2022-07-29 23:30:00,0.0
2022-07-29 23:35:00,0.0
2022-07-29 23:40:00,0.0
2022-07-29 23:45:00,0.0
2022-07-29 23:50:00,0.0
2022-07-29 23:55:00,0.0
2022-07-30 00:00:00,20071.887057750442
2022-07-30 00:05:00,45276.942322343944
2022-07-30 00:10:00,58687.27643148166
2022-07-30 00:15:00,61154.620856712325
2022-07-30 00:20:00,42753.07755131341
2022-07-30 00:25:00,41662.296273351334
2022-07-30 00:30:00,40724.15058721943
2022-07-30 00:35:00,37080.981265717644
2022-07-30 00:40:00,38491.11449723797
2022-07-30 00:45:00,29256.824294305083
2022-07-30 00:50:00,30072.362941600673
2022-07-30 00:55:00,22179.3427956579
2022-07-30 01:00:00,34390.25446091129
2022-07-30 01:05:00,27346.177639909605
2022-07-30 01:10:00,28372.20730414941
2022-07-30 01:15:00,30902.43620774334
2022-07-30 01:20:00,27604.82487564855
2022-07-30 01:25:00,19686.259482880807
2022-07-30 01:30:00,21744.80613481089
2022-07-30 01:35:00,35658.023736614065
2022-07-30 01:40:00,21403.724945375478
2022-07-30 01:45:00,31294.043531694217
2022-07-30 01:50:00,24232.915962588555
2022-07-30 01:55:00,31500.602428055074
2022-07-30 02:00:00,30153.573015739355
2022-07-30 02:05:00,31949.11729114508
2022-07-30 02:10:00,27286.743337571766
2022-07-30 02:15:00,12491.831730096046
2022-07-30 02:20:00,40179.31321669905
2022-07-30 02:25:00,20196.274498761082
2022-07-30 02:30:00,23329.021137872965
2022-07-30 02:35:00,33929.38155020059
2022-07-30 02:40:00,20420.778075804523
2022-07-30 02:45:00,36700.52060000562
2022-07-30 02:50:00,19762.407855344427
2022-07-30 02:55:00,20154.772802987616
2022-07-30 03:00:00,24991.864368767852
2022-07-30 03:05:00,18854.72576821321
2022-07-30 03:10:00,27501.012640200275
2022-07-30 03:15:00,31084.94495505298
2022-07-30 03:20:00,21047.22025946534
2022-07-30 03:25:00,44422.0146708786
2022-07-30 03:30:00,17227.084822168894
2022-07-30 03:35:00,14385.097445527734
2022-07-30 03:40:00,20630.0705727043
2022-07-30 03:45:00,31895.489024849925
2022-07-30 03:50:00,21908.609998474672
2022-07-30 03:55:00,18384.583844513043
2022-07-30 04:00:00,25599.05045551843
2022-07-30 04:05:00,29965.09063214348
2022-07-30 04:10:00,19406.246610720817
2022-07-30 04:15:00,18611.682781674397
2022-07-30 04:20:00,20861.984928562313
2022-07-30 04:25:00,17084.02678371306
2022-07-30 04:30:00,35750.62519716777
2022-07-30 04:35:00,12153.867460222173
2022-07-30 04:40:00,11432.609160787242
2022-07-30 04:45:00,36009.41115625079
2022-07-30 04:50:00,26184.899935699195
2022-07-30 04:55:00,38046.57285735792
2022-07-30 05:00:00,17648.309332765562
2022-07-30 05:05:00,23537.273560487683
2022-07-30 05:10:00,19862.527715879158
2022-07-30 05:15:00,17913.479030438044
2022-07-30 05:20:00,40175.894277922045
2022-07-30 05:25:00,19736.372100081517
2022-07-30 05:30:00,14281.04938714068
2022-07-30 05:35:00,31363.843453174035
2022-07-30 05:40:00,22882.01318211548
2022-07-30 05:45:00,25630.65955162094
2022-07-30 05:50:00,21685.467343104094
2022-07-30 05:55:00,16539.739715060463
2022-07-30 06:00:00,27883.615959280898
2022-07-30 06:05:00,19183.989935514535
2022-07-30 06:10:00,37886.98744481297
2022-07-30 06:15:00,21985.81911419261
2022-07-30 06:20:00,27112.9003545542
2022-07-30 06:25:00,20072.664984337254
2022-07-30 06:30:00,20597.97879474947
2022-07-30 06:35:00,25549.555322174023
2022-07-30 06:40:00,21510.711653378814
2022-07-30 06:45:00,22778.584438490656
2022-07-30 06:50:00,27115.64743261442
2022-07-30 06:55:00,24882.75839524794
2022-07-30 07:00:00,22916.01746136964
2022-07-30 07:05:00,31205.042269953978
2022-07-30 07:10:00,20190.425115720638
2022-07-30 07:15:00,22149.389351827318
2022-07-30 07:20:00,30511.972909320903
2022-07-30 07:25:00,19095.1581941039
2022-07-30 07:30:00,29725.21026590636
2022-07-30 07:35:00,21437.63016628251
2022-07-30 07:40:00,21289.049328775207
2022-07-30 07:45:00,35327.79386575766
2022-07-30 07:50:00,32252.71789564976
2022-07-30 07:55:00,19306.030978836287
2022-07-30 08:00:00,22736.500016237507
2022-07-30 08:05:00,24894.897144791812
2022-07-30 08:10:00,31156.913206137033
2022-07-30 08:15:00,24538.371554449233
2022-07-30 08:20:00,27550.568941014728
2022-07-30 08:25:00,18251.706948974355
2022-07-30 08:30:00,26086.012851024538
2022-07-30 08:35:00,27722.286464454915
2022-07-30 08:40:00,20584.17479112491
2022-07-30 08:45:00,28989.772093927546
2022-07-30 08:50:00,19012.675205577176
2022-07-30 08:55:00,24680.529894517287
2022-07-30 09:00:00,29533.607190430637
2022-07-30 09:05:00,12749.796848517797
2022-07-30 09:10:00,29228.98581966966
2022-07-30 09:15:00,24368.219896196042
2022-07-30 09:20:00,21427.477978958097
2022-07-30 09:25:00,29769.50615515832
2022-07-30 09:30:00,21838.68300518934
2022-07-30 09:35:00,32114.997636073396
2022-07-30 09:40:00,20590.29152486755
2022-07-30 09:45:00,26860.29213157079
2022-07-30 09:50:00,21691.98637394681
2022-07-30 09:55:00,24587.260923726757
2022-07-30 10:00:00,36578.44329219737
2022-07-30 10:05:00,25156.098219795822
2022-07-30 10:10:00,36174.22302373128
2022-07-30 10:15:00,13380.957184863944
2022-07-30 10:20:00,32383.838949960704
2022-07-30 10:25:00,27833.94051049739
2022-07-30 10:30:00,21359.750853325902
2022-07-30 10:35:00,17220.727117151793
2022-07-30 10:40:00,23053.75948104992
2022-07-30 10:45:00,28579.491535843208
2022-07-30 10:50:00,44697.29213303368
2022-07-30 10:55:00,20531.57470576114
2022-07-30 11:00:00,42662.47112823191
2022-07-30 11:05:00,22745.615895420302
2022-07-30 11:10:00,25639.365497509585
2022-07-30 11:15:00,37312.47958962805
2022-07-30 11:20:00,22778.65075289016
2022-07-30 11:25:00,31245.621540126092
2022-07-30 11:30:00,25665.587346617052
2022-07-30 11:35:00,24215.602946017916
2022-07-30 11:40:00,24403.904521611505
2022-07-30 11:45:00,30017.770033867768
2022-07-30 11:50:00,27916.418059688658
2022-07-30 11:55:00,30983.5527817308
2022-07-30 12:00:00,29470.271850693585
2022-07-30 12:05:00,24112.32925462804
2022-07-30 12:10:00,36178.578139077974
2022-07-30 12:15:00,25476.737822954172
2022-07-30 12:20:00,28297.048274999477
2022-07-30 12:25:00,31678.63165044249
2022-07-30 12:30:00,29221.633140719463
2022-07-30 12:35:00,37962.02154267396
2022-07-30 12:40:00,23464.303519388905
2022-07-30 12:45:00,28061.353889232145
2022-07-30 12:50:00,18281.18390968512
2022-07-30 12:55:00,22286.40657260322
2022-07-30 13:00:00,32010.17238788456
2022-07-30 13:05:00,17885.72340660266
2022-07-30 13:10:00,18986.353000659514
2022-07-30 13:15:00,16601.968096509627
2022-07-30 13:20:00,24700.448179498268
2022-07-30 13:25:00,20938.336849678562
2022-07-30 13:30:00,16403.44145676331
2022-07-30 13:35:00,23863.783324531072
2022-07-30 13:40:00,14456.958917104239
2022-07-30 13:45:00,24092.606936506225
2022-07-30 13:50:00,16352.67908809531
2022-07-30 13:55:00,16969.866372563956
2022-07-30 14:00:00,27108.33510436557
2022-07-30 14:05:00,18319.516594234185
2022-07-30 14:10:00,24814.97149841904
2022-07-30 14:15:00,19086.466575057508
2022-07-30 14:20:00,15404.806004207929
2022-07-30 14:25:00,21084.897551617403
2022-07-30 14:30:00,19672.515344937518
2022-07-30 14:35:00,18126.094948475813
2022-07-30 14:40:00,17925.96549299127
2022-07-30 14:45:00,14653.756778624025
2022-07-30 14:50:00,18581.93990297401
2022-07-30 14:55:00,30766.977995026573
2022-07-30 15:00:00,1843.8758236906333
2022-07-30 15:05:00,17797.3900831787
2022-07-30 15:10:00,18373.709902856317
2022-07-30 15:15:00,19986.101781789857
2022-07-30 15:20:00,10636.927119890943
2022-07-30 15:25:00,20085.95345272378
2022-07-30 15:30:00,10977.327925799294
2022-07-30 15:35:00,15384.014133464623
2022-07-30 15:40:00,15885.93002868639
2022-07-30 15:45:00,15401.423797330022
2022-07-30 15:50:00,8082.6892290212745
2022-07-30 15:55:00,17762.404246096634
2022-07-30 16:00:00,11235.326738930986
2022-07-30 16:05:00,11425.844991235741
2022-07-30 16:10:00,17079.515582531203
2022-07-30 16:15:00,7515.999076319844
2022-07-30 16:20:00,18717.73221566485
2022-07-30 16:25:00,16426.192842941105
2022-07-30 16:30:00,18478.65231930497
2022-07-30 16:35:00,18525.37481043207
2022-07-30 16:40:00,12213.934932773385
2022-07-30 16:45:00,19921.62939871577
2022-07-30 16:50:00,12206.935174846492
2022-07-30 16:55:00,15022.232974040742
2022-07-30 17:00:00,21972.94644517463
2022-07-30 17:05:00,15269.72453403593
2022-07-30 17:10:00,7536.258339216525
2022-07-30 17:15:00,19662.34298293753
2022-07-30 17:20:00,11296.310808232724
2022-07-30 17:25:00,14481.440816789234
2022-07-30 17:30:00,22640.296397695234
2022-07-30 17:35:00,15846.808341146489
2022-07-30 17:40:00,14909.228911190674
2022-07-30 17:45:00,18977.436599269022
2022-07-30 17:50:00,11477.489042874828
2022-07-30 17:55:00,8777.699909764311
2022-07-30 18:00:00,15315.79371551483
2022-07-30 18:05:00,9025.324290091727
2022-07-30 18:10:00,17099.82808926502
2022-07-30 18:15:00,18064.69429058397
2022-07-30 18:20:00,22126.30390582771
2022-07-30 18:25:00,6698.168174854967
2022-07-30 18:30:00,20008.336995053316
2022-07-30 18:35:00,18759.37822743302
2022-07-30 18:40:00,10704.874571530094
2022-07-30 18:45:00,20268.558078348084
2022-07-30 18:50:00,10653.904716251895
2022-07-30 18:55:00,11617.371592616777
2022-07-30 19:00:00,4924.075106086359
2022-07-30 19:05:00,0.0
2022-07-30 19:10:00,0.0
2022-07-30 19:15:00,0.0
2022-07-30 19:20:00,0.0
2022-07-30 19:25:00,0.0
2022-07-30 19:30:00,0.0
2022-07-30 19:35:00,0.0
2022-07-30 19:40:00,0.0
2022-07-30 19:45:00,0.0
2022-07-30 19:50:00,0.0
2022-07-30 19:55:00,0.0
2022-07-30 20:00:00,0.0
2022-07-30 20:05:00,0.0
2022-07-30 20:10:00,0.0
2022-07-30 20:15:00,0.0
2022-07-30 20:20:00,0.0
2022-07-30 20:25:00,0.0
2022-07-30 20:30:00,0.0
2022-07-30 20:35:00,0.0
2022-07-30 20:40:00,0.0
2022-07-30 20:45:00,0.0
2022-07-30 20:50:00,0.0
2022-07-30 20:55:00,0.0
2022-07-30 21:00:00,0.0
2022-07-30 21:05:00,0.0
2022-07-30 21:10:00,0.0
2022-07-30 21:15:00,0.0
2022-07-30 21:20:00,0.0
2022-07-30 21:25:00,0.0
2022-07-30 21:30:00,0.0
2022-07-30 21:35:00,0.0
2022-07-30 21:40:00,0.0
2022-07-30 21:45:00,0.0
2022-07-30 21:50:00,0.0
2022-07-30 21:55:00,0.0
2022-07-30 22:00:00,0.0
2022-07-30 22:05:00,0.0
2022-07-30 22:10:00,0.0
2022-07-30 22:15:00,0.0
2022-07-30 22:20:00,0.0
2022-07-30 22:25:00,0.0
2022-07-30 22:30:00,0.0
2022-07-30 22:35:00,0.0
2022-07-30 22:40:00,0.0
2022-07-30 22:45:00,0.0
2022-07-30 22:50:00,0.0
2022-07-30 22:55:00,0.0
2022-07-30 23:00:00,0.0
2022-07-30 23:05:00,0.0
2022-07-30 23:10:00,0.0
2022-07-30 23:15:00,0.0
2022-07-30 23:20:00,0.0
2022-07-30 23:25:00,0.0
2022-07-30 23:30:00,0.0
2022-07-30 23:35:00,0.0
2022-07-30 23:40:00,0.0
2022-07-30 23:45:00,0.0
2022-07-30 23:50:00,0.0
2022-07-30 23:55:00,0.0
2022-07-31 00:00:00,15424.401403320251
2022-07-31 00:05:00,39696.60410042461
2022-07-31 00:10:00,48566.510477305455
2022-07-31 00:15:00,29464.805896609363
2022-07-31 00:20:00,24214.752230852355
2022-07-31 00:25:00,27134.267170653133
2022-07-31 00:30:00,25542.41851511002
2022-07-31 00:35:00,20686.013841463744
2022-07-31 00:40:00,22864.430659969392
2022-07-31 00:45:00,25650.840718289335
2022-07-31 00:50:00,19014.59092041812
2022-07-31 00:55:00,18273.65790334028
2022-07-31 01:00:00,7621.236091735018
2022-07-31 01:05:00,25665.555436588205
2022-07-31 01:10:00,17064.618193700622
2022-07-31 01:15:00,15085.702605893357
2022-07-31 01:20:00,24494.875427776868
2022-07-31 01:25:00,7211.339264499725
2022-07-31 01:30:00,36976.642885854104
2022-07-31 01:35:00,19487.949537216373
2022-07-31 01:40:00,13246.364831561845
2022-07-31 01:45:00,24067.58904036463
2022-07-31 01:50:00,19724.958958289026
2022-07-31 01:55:00,15865.844521451478
2022-07-31 02:00:00,14288.902846496918
2022-07-31 02:05:00,7656.01455766999
2022-07-31 02:10:00,22562.06693356278
2022-07-31 02:15:00,9332.65473117706
2022-07-31 02:20:00,16309.898394951722
2022-07-31 02:25:00,15790.936692814501
2022-07-31 02:30:00,18817.17792985278
2022-07-31 02:35:00,9585.73983013592
2022-07-31 02:40:00,19788.64124030496
2022-07-31 02:45:00,19918.278939822292
2022-07-31 02:50:00,19939.00064642138
2022-07-31 02:55:00,14086.83853193571
2022-07-31 03:00:00,32247.310929205672
2022-07-31 03:05:00,20331.123152355158
2022-07-31 03:10:00,16180.691556722637
2022-07-31 03:15:00,14551.192172857965
2022-07-31 03:20:00,21260.19238077995
2022-07-31 03:25:00,13452.359933500426
2022-07-31 03:30:00,21729.337523055136
2022-07-31 03:35:00,5680.310505319514
2022-07-31 03:40:00,19747.745485498213
2022-07-31 03:45:00,20163.84076288109
2022-07-31 03:50:00,12033.6979698017
2022-07-31 03:55:00,18567.710527971398
2022-07-31 04:00:00,5875.269785362053
2022-07-31 04:05:00,21280.92240457768
2022-07-31 04:10:00,21317.953376107434
2022-07-31 04:15:00,17726.510571009232
2022-07-31 04:20:00,23740.896973620904
2022-07-31 04:25:00,22027.927711587854
2022-07-31 04:30:00,30801.479210768233
2022-07-31 04:35:00,5823.911767938446
2022-07-31 04:40:00,16656.5815605843
2022-07-31 04:45:00,15488.130646951402
2022-07-31 04:50:00,24649.357218602643
2022-07-31 04:55:00,18427.712287229566
2022-07-31 05:00:00,18955.990615148006
2022-07-31 05:05:00,20899.38839669506
2022-07-31 05:10:00,12786.199689130593
2022-07-31 05:15:00,25198.687545354987
2022-07-31 05:20:00,17059.697809614223
2022-07-31 05:25:00,13043.84456624649
2022-07-31 05:30:00,28998.8333232816
2022-07-31 05:35:00,13147.843011616338
2022-07-31 05:40:00,19823.87035240555
2022-07-31 05:45:00,17957.45442807191
2022-07-31 05:50:00,20826.103627675217
2022-07-31 05:55:00,21964.45726579027
2022-07-31 06:00:00,19547.330026219402
2022-07-31 06:05:00,29043.474607270786
2022-07-31 06:10:00,14864.139507273641
2022-07-31 06:15:00,18474.350511103577
2022-07-31 06:20:00,10168.945315330222
2022-07-31 06:25:00,23412.956734105137
2022-07-31 06:30:00,18886.589115680337
2022-07-31 06:35:00,19270.036095938372
2022-07-31 06:40:00,22683.48278041318
2022-07-31 06:45:00,7431.005917548226
2022-07-31 06:50:00,28438.679170539082
2022-07-31 06:55:00,19120.824247907738
2022-07-31 07:00:00,17989.3005686858
2022-07-31 07:05:00,22825.44785014036
2022-07-31 07:10:00,17525.579709911
2022-07-31 07:15:00,8813.116635179798
2022-07-31 07:20:00,23037.33771442713
2022-07-31 07:25:00,10800.465327928558
2022-07-31 07:30:00,28027.20245377617
2022-07-31 07:35:00,13334.903742428289
2022-07-31 07:40:00,26261.72107091584
2022-07-31 07:45:00,8847.844172785733
2022-07-31 07:50:00,18423.219169700784
2022-07-31 07:55:00,19795.84345961819
2022-07-31 08:00:00,15459.749419309675
2022-07-31 08:05:00,14661.911209124088
2022-07-31 08:10:00,14637.008258761613
2022-07-31 08:15:00,16695.989113373776
2022-07-31 08:20:00,18117.39711032528
2022-07-31 08:25:00,16598.749716165716
2022-07-31 08:30:00,15106.57378162305
2022-07-31 08:35:00,24879.682131538684
2022-07-31 08:40:00,12628.812630824877
2022-07-31 08:45:00,14845.00165024852
2022-07-31 08:50:00,20395.74168970431
2022-07-31 08:55:00,14813.535660754813
2022-07-31 09:00:00,15088.957007808578
2022-07-31 09:05:00,20710.83182503148
2022-07-31 09:10:00,31521.360541634054
2022-07-31 09:15:00,3934.2110365452168
2022-07-31 09:20:00,18508.73799034535
2022-07-31 09:25:00,15593.501949659365
2022-07-31 09:30:00,12542.46864488113
2022-07-31 09:35:00,14363.865088383134
2022-07-31 09:40:00,14297.533671339714
2022-07-31 09:45:00,14772.515347959205
2022-07-31 09:50:00,6245.910835900027
2022-07-31 09:55:00,20354.73705148812
2022-07-31 10:00:00,7550.053763934289
2022-07-31 10:05:00,19426.359814329197
2022-07-31 10:10:00,19737.33147090472
2022-07-31 10:15:00,14308.966081514416
2022-07-31 10:20:00,20597.285816890388
2022-07-31 10:25:00,17806.318764781823
2022-07-31 10:30:00,16570.243479051343
2022-07-31 10:35:00,15854.570711546186
2022-07-31 10:40:00,35203.48001519592
2022-07-31 10:45:00,9414.803410813742
2022-07-31 10:50:00,24790.77493175451
2022-07-31 10:55:00,12221.693435811394
2022-07-31 11:00:00,22214.47472810134
2022-07-31 11:05:00,12997.126588392346
2022-07-31 11:10:00,20876.48304397295
2022-07-31 11:15:00,19657.59655489823
2022-07-31 11:20:00,23220.667976789107
2022-07-31 11:25:00,20902.224007964815
2022-07-31 11:30:00,16934.818462500294
2022-07-31 11:35:00,27652.53228701662
2022-07-31 11:40:00,9884.014101942897
2022-07-31 11:45:00,13458.732736779977
2022-07-31 11:50:00,17202.648509657574
2022-07-31 11:55:00,16681.562051893008
2022-07-31 12:00:00,21291.072723091656
2022-07-31 12:05:00,10555.916745662
2022-07-31 12:10:00,21172.861747192153
2022-07-31 12:15:00,23943.080519440908
2022-07-31 12:20:00,25229.938692042357
2022-07-31 12:25:00,29937.727426528203
2022-07-31 12:30:00,7993.834076983405
2022-07-31 12:35:00,18218.497244433063
2022-07-31 12:40:00,26593.879046230875
2022-07-31 12:45:00,25583.407494232248
2022-07-31 12:50:00,9229.604727357364
2022-07-31 12:55:00,21823.401014703402
2022-07-31 13:00:00,15276.31166810722
2022-07-31 13:05:00,23589.385101025917
2022-07-31 13:10:00,19647.73669718493
2022-07-31 13:15:00,12876.705614278879
2022-07-31 13:20:00,25326.05464899262
2022-07-31 13:25:00,27813.222900983066
2022-07-31 13:30:00,25184.50200877649
2022-07-31 13:35:00,10927.578200455853
2022-07-31 13:40:00,23026.969255897708
2022-07-31 13:45:00,25459.20908114993
2022-07-31 13:50:00,24503.22336576328
2022-07-31 13:55:00,19383.828409753532
2022-07-31 14:00:00,13732.657050139936
2022-07-31 14:05:00,14451.096003082645
2022-07-31 14:10:00,26770.831632348145
2022-07-31 14:15:00,7737.131650124585
2022-07-31 14:20:00,14646.755281673815
2022-07-31 14:25:00,17022.935895465773
2022-07-31 14:30:00,24478.579923964204
2022-07-31 14:35:00,4315.627294549401
2022-07-31 14:40:00,25950.327004120085
2022-07-31 14:45:00,12863.39656576669
2022-07-31 14:50:00,15053.403731542181
2022-07-31 14:55:00,17085.569627384823
2022-07-31 15:00:00,27027.765416439936
2022-07-31 15:05:00,18586.808089638896
2022-07-31 15:10:00,23093.26581804228
2022-07-31 15:15:00,13727.802308440105
2022-07-31 15:20:00,19114.205581561062
2022-07-31 15:25:00,29029.374681882273
2022-07-31 15:30:00,18698.266313033662
2022-07-31 15:35:00,19690.72365682615
2022-07-31 15:40:00,15858.499651938002
2022-07-31 15:45:00,18321.506803192475
2022-07-31 15:50:00,21837.815598443547
2022-07-31 15:55:00,11320.689000999611
2022-07-31 16:00:00,16445.942322925905
2022-07-31 16:05:00,15633.744127282022
2022-07-31 16:10:00,21229.260787137082
2022-07-31 16:15:00,22628.47501416374
2022-07-31 16:20:00,21260.974478717304
2022-07-31 16:25:00,19108.29951698857
2022-07-31 16:30:00,23423.247764340922
2022-07-31 16:35:00,18576.874831382313
2022-07-31 16:40:00,21166.038484148423
2022-07-31 16:45:00,11048.946015126345
2022-07-31 16:50:00,21537.194777995308
2022-07-31 16:55:00,9073.860278078891
2022-07-31 17:00:00,19687.837750171337
2022-07-31 17:05:00,29721.757926355658
2022-07-31 17:10:00,18000.25368734931
2022-07-31 17:15:00,17965.589264655246
2022-07-31 17:20:00,24677.18168061023
2022-07-31 17:25:00,17185.21758547331
2022-07-31 17:30:00,12164.193630638747
2022-07-31 17:35:00,25468.797767040025
2022-07-31 17:40:00,15794.575201340303
2022-07-31 17:45:00,33970.13250571084
2022-07-31 17:50:00,14749.100080474833
2022-07-31 17:55:00,17140.72791555775
2022-07-31 18:00:00,21150.32474130574
2022-07-31 18:05:00,17923.479692069843
2022-07-31 18:10:00,16392.62522269696
2022-07-31 18:15:00,26141.63961130904
2022-07-31 18:20:00,14264.34573166008
2022-07-31 18:25:00,13289.349781573841
2022-07-31 18:30:00,27711.870513557475
2022-07-31 18:35:00,8569.808447812717
2022-07-31 18:40:00,17571.81673090845
2022-07-31 18:45:00,11818.70969225078
2022-07-31 18:50:00,29134.204807755563
2022-07-31 18:55:00,3916.1811618770757
2022-07-31 19:00:00,0.0
2022-07-31 19:05:00,0.0
2022-07-31 19:10:00,0.0
2022-07-31 19:15:00,0.0
2022-07-31 19:20:00,0.0
2022-07-31 19:25:00,0.0
2022-07-31 19:30:00,0.0
2022-07-31 19:35:00,0.0
2022-07-31 19:40:00,0.0
2022-07-31 19:45:00,0.0
2022-07-31 19:50:00,0.0
2022-07-31 19:55:00,0.0
2022-07-31 20:00:00,0.0
2022-07-31 20:05:00,0.0
2022-07-31 20:10:00,0.0
2022-07-31 20:15:00,0.0
2022-07-31 20:20:00,0.0
2022-07-31 20:25:00,0.0
2022-07-31 20:30:00,0.0
2022-07-31 20:35:00,0.0
2022-07-31 20:40:00,0.0
2022-07-31 20:45:00,0.0
2022-07-31 20:50:00,0.0
2022-07-31 20:55:00,0.0
2022-07-31 21:00:00,0.0
2022-07-31 21:05:00,0.0
2022-07-31 21:10:00,0.0
2022-07-31 21:15:00,0.0
2022-07-31 21:20:00,0.0
2022-07-31 21:25:00,0.0
2022-07-31 21:30:00,0.0
2022-07-31 21:35:00,0.0
2022-07-31 21:40:00,0.0
2022-07-31 21:45:00,0.0
2022-07-31 21:50:00,0.0
2022-07-31 21:55:00,0.0
2022-07-31 22:00:00,0.0
2022-07-31 22:05:00,0.0
2022-07-31 22:10:00,0.0
2022-07-31 22:15:00,0.0
2022-07-31 22:20:00,0.0
2022-07-31 22:25:00,0.0
2022-07-31 22:30:00,0.0
2022-07-31 22:35:00,0.0
2022-07-31 22:40:00,0.0
2022-07-31 22:45:00,0.0
2022-07-31 22:50:00,0.0
2022-07-31 22:55:00,0.0
2022-07-31 23:00:00,0.0
2022-07-31 23:05:00,0.0
2022-07-31 23:10:00,0.0
2022-07-31 23:15:00,0.0
2022-07-31 23:20:00,0.0
2022-07-31 23:25:00,0.0
2022-07-31 23:30:00,0.0
2022-07-31 23:35:00,0.0
2022-07-31 23:40:00,0.0
2022-07-31 23:45:00,0.0
2022-07-31 23:50:00,0.0
2022-07-31 23:55:00,0.0
2022-08-01 00:00:00,0.0
2022-08-01 00:05:00,0.0
2022-08-01 00:10:00,0.0
2022-08-01 00:15:00,0.0
2022-08-01 00:20:00,0.0
2022-08-01 00:25:00,0.0
2022-08-01 00:30:00,0.0
2022-08-01 00:35:00,0.0
2022-08-01 00:40:00,0.0
2022-08-01 00:45:00,0.0
2022-08-01 00:50:00,0.0
2022-08-01 00:55:00,0.0
2022-08-01 01:00:00,0.0
2022-08-01 01:05:00,0.0
2022-08-01 01:10:00,0.0
2022-08-01 01:15:00,0.0
2022-08-01 01:20:00,0.0
2022-08-01 01:25:00,0.0
2022-08-01 01:30:00,0.0
2022-08-01 01:35:00,0.0
2022-08-01 01:40:00,0.0
2022-08-01 01:45:00,0.0
2022-08-01 01:50:00,0.0
2022-08-01 01:55:00,0.0
2022-08-01 02:00:00,0.0
2022-08-01 02:05:00,0.0
2022-08-01 02:10:00,0.0
2022-08-01 02:15:00,0.0
2022-08-01 02:20:00,0.0
2022-08-01 02:25:00,0.0
2022-08-01 02:30:00,0.0
2022-08-01 02:35:00,0.0
2022-08-01 02:40:00,0.0
2022-08-01 02:45:00,0.0
2022-08-01 02:50:00,0.0
2022-08-01 02:55:00,0.0
2022-08-01 03:00:00,0.0
2022-08-01 03:05:00,0.0
2022-08-01 03:10:00,0.0
2022-08-01 03:15:00,0.0
2022-08-01 03:20:00,0.0
2022-08-01 03:25:00,0.0
2022-08-01 03:30:00,0.0
2022-08-01 03:35:00,0.0
2022-08-01 03:40:00,0.0
2022-08-01 03:45:00,0.0
2022-08-01 03:50:00,0.0
2022-08-01 03:55:00,0.0
2022-08-01 04:00:00,0.0
2022-08-01 04:05:00,0.0
2022-08-01 04:10:00,0.0
2022-08-01 04:15:00,0.0
2022-08-01 04:20:00,0.0
2022-08-01 04:25:00,0.0
2022-08-01 04:30:00,0.0
2022-08-01 04:35:00,0.0
2022-08-01 04:40:00,0.0
2022-08-01 04:45:00,0.0
2022-08-01 04:50:00,0.0
2022-08-01 04:55:00,0.0
2022-08-01 05:00:00,0.0
2022-08-01 05:05:00,0.0
2022-08-01 05:10:00,0.0
2022-08-01 05:15:00,0.0
2022-08-01 05:20:00,0.0
2022-08-01 05:25:00,0.0
2022-08-01 05:30:00,0.0
2022-08-01 05:35:00,0.0
2022-08-01 05:40:00,0.0
2022-08-01 05:45:00,0.0
2022-08-01 05:50:00,0.0
2022-08-01 05:55:00,0.0
2022-08-01 06:00:00,0.0
2022-08-01 06:05:00,0.0
2022-08-01 06:10:00,0.0
2022-08-01 06:15:00,0.0
2022-08-01 06:20:00,0.0
2022-08-01 06:25:00,0.0
2022-08-01 06:30:00,0.0
2022-08-01 06:35:00,0.0
2022-08-01 06:40:00,0.0
2022-08-01 06:45:00,0.0
2022-08-01 06:50:00,0.0
2022-08-01 06:55:00,0.0
2022-08-01 07:00:00,0.0
2022-08-01 07:05:00,0.0
2022-08-01 07:10:00,0.0
2022-08-01 07:15:00,0.0
2022-08-01 07:20:00,0.0
2022-08-01 07:25:00,0.0
2022-08-01 07:30:00,0.0
2022-08-01 07:35:00,0.0
2022-08-01 07:40:00,0.0
2022-08-01 07:45:00,0.0
2022-08-01 07:50:00,0.0
2022-08-01 07:55:00,0.0
2022-09-09 08:00:00,0.0
2022-09-09 08:05:00,0.0
2022-09-09 08:10:00,0.0
2022-09-09 08:15:00,0.0
2022-09-09 08:20:00,0.0
2022-09-09 08:25:00,11199.427771200735
2022-09-09 08:30:00,1917.3217999155122
2022-09-09 08:35:00,-1076.310246703955
2022-09-09 08:40:00,-1433.5301313872546
2022-09-09 08:45:00,857.7043911483777
2022-09-09 08:50:00,7017.591107782974
2022-09-09 08:55:00,25369.81801547242
2022-09-09 09:00:00,19077.23149521123
2022-09-09 09:05:00,17954.92804230366
2022-09-09 09:10:00,16622.44053129486
2022-09-09 09:15:00,15156.150929455609
2022-09-09 09:20:00,11333.710943172187
2022-09-09 09:25:00,7858.285303142084
2022-09-09 09:30:00,8359.123344855141
2022-09-09 09:35:00,8062.788565080651
2022-09-09 09:40:00,7649.193016442037
2022-09-09 09:45:00,5015.976656413289
2022-09-09 09:50:00,1846.581990084818
2022-09-09 09:55:00,-1105.8148020996923
2022-09-09 10:00:00,-1903.4146579738538
2022-09-09 10:05:00,-2740.1380623611067
2022-09-09 10:10:00,-3238.0337465972266
2022-09-09 10:15:00,-3613.95254519855
2022-09-09 10:20:00,-4163.543118962099
2022-09-09 10:25:00,-4375.051376263183
2022-09-09 10:30:00,-4728.888730812228
2022-09-09 10:35:00,-1059.747582939194
2022-09-09 10:40:00,4033.698806294484
2022-09-09 10:45:00,2533.7628592054793
2022-09-09 10:50:00,1047.8069919833065
2022-09-09 10:55:00,-752.6662539149221
2022-09-09 11:00:00,8272.542674628512
2022-09-09 11:05:00,12957.381727602531
2022-09-09 11:10:00,10737.638964651736
2022-09-09 11:15:00,10558.974536984595
2022-09-09 11:20:00,7987.451465197153
2022-09-09 11:25:00,7904.21309259002
2022-09-09 11:30:00,12343.083842600745
2022-09-09 11:35:00,17890.82308498938
2022-09-09 11:40:00,14782.639990242813
2022-09-09 11:45:00,20055.48775388831
2022-09-09 11:50:00,19700.674962169014
2022-09-09 11:55:00,19366.6909876517
2022-09-09 12:00:00,18365.57010450676
2022-09-09 12:05:00,10249.451845048632
2022-09-09 12:10:00,14008.327182038529
2022-09-09 12:15:00,15769.35539526417
2022-09-09 12:20:00,14343.462944691079
2022-09-09 12:25:00,16329.485168850397
2022-09-09 12:30:00,14263.46793301512
2022-09-09 12:35:00,11717.450172066732
2022-09-09 12:40:00,8285.765723856175
2022-09-09 12:45:00,5904.77459410733
2022-09-09 12:50:00,19239.637786109408
2022-09-09 12:55:00,998.7353819842776
2022-09-09 13:00:00,3606.5015757259034
2022-09-09 13:05:00,826.7353419730814
2022-09-09 13:10:00,2577.593122949711
2022-09-09 13:15:00,10295.671199658185
2022-09-09 13:20:00,12005.65115759371
2022-09-09 13:25:00,7896.885019208813
2022-09-09 13:30:00,12577.460902545437
2022-09-09 13:35:00,14623.498291355818
2022-09-09 13:40:00,14650.62753118985
2022-09-09 13:45:00,13279.39911217817
2022-09-09 13:50:00,16031.35919217722
2022-09-09 13:55:00,10794.718615487718
2022-09-09 14:00:00,11799.87351739981
2022-09-09 14:05:00,8638.323830885947
2022-09-09 14:10:00,3833.196060842544
2022-09-09 14:15:00,-614.4499293554575
2022-09-09 14:20:00,-1906.3793584426946
2022-09-09 14:25:00,-1020.7637891813798
2022-09-09 14:30:00,-957.5965257767745
2022-09-09 14:35:00,-928.4720102039582
2022-09-09 14:40:00,-909.5335479659211
2022-09-09 14:45:00,-896.1214429695208
2022-09-09 14:50:00,-881.870754342595
2022-09-09 14:55:00,4483.173780007381
2022-09-09 15:00:00,7660.513282915557
2022-09-09 15:05:00,0.0
2022-09-09 15:10:00,0.0
2022-09-09 15:15:00,0.0
2022-09-09 15:20:00,0.0
2022-09-09 15:25:00,14643.195428465315
2022-09-09 15:30:00,26987.017341960054
2022-09-09 15:35:00,29721.487483303827
2022-09-09 15:40:00,4639.877933566778
2022-09-09 15:45:00,18221.34547557508
2022-09-09 15:50:00,9341.480329554213
2022-09-09 15:55:00,-690.2180661931595
2022-09-09 16:00:00,-729.6119145154312
2022-09-09 16:05:00,-645.3194394151187
2022-09-09 16:10:00,17181.1894556947
2022-09-09 16:15:00,-718.8499669719182
2022-09-09 16:20:00,13485.109179149547
2022-09-09 16:25:00,20754.49302934927
2022-09-09 16:30:00,-718.4127240777042
2022-09-09 16:35:00,0.0
2022-09-09 16:40:00,0.0
2022-09-09 16:45:00,0.0
2022-09-09 16:50:00,0.0
2022-09-09 16:55:00,0.0
2022-09-09 17:00:00,0.0
2022-09-09 17:05:00,0.0
2022-09-09 17:10:00,0.0
2022-09-09 17:15:00,0.0
2022-09-09 17:20:00,0.0
2022-09-09 17:25:00,0.0
2022-09-09 17:30:00,0.0
2022-09-09 17:35:00,0.0
2022-09-09 17:40:00,0.0
2022-09-09 17:45:00,0.0
2022-09-09 17:50:00,0.0
2022-09-09 17:55:00,0.0
2022-09-09 18:00:00,0.0
2022-09-09 18:05:00,0.0
2022-09-09 18:10:00,0.0
2022-09-09 18:15:00,0.0
2022-09-09 18:20:00,0.0
2022-09-09 18:25:00,0.0
2022-09-09 18:30:00,0.0
2022-09-09 18:35:00,0.0
2022-09-09 18:40:00,0.0
2022-09-09 18:45:00,0.0
2022-09-09 18:50:00,0.0
2022-09-09 18:55:00,0.0
2022-09-09 19:00:00,0.0
2022-09-09 19:05:00,0.0
2022-09-09 19:10:00,0.0
2022-09-09 19:15:00,0.0
2022-09-09 19:20:00,0.0
2022-09-09 19:25:00,0.0
2022-09-09 19:30:00,0.0
2022-09-09 19:35:00,0.0
2022-09-09 19:40:00,0.0
2022-09-09 19:45:00,0.0
2022-09-09 19:50:00,0.0
2022-09-09 19:55:00,0.0
2022-09-09 20:00:00,0.0
2022-09-09 20:05:00,0.0
2022-09-09 20:10:00,0.0
2022-09-09 20:15:00,0.0
2022-09-09 20:20:00,0.0
2022-09-09 20:25:00,0.0
2022-09-09 20:30:00,0.0
2022-09-09 20:35:00,0.0
2022-09-09 20:40:00,0.0
2022-09-09 20:45:00,0.0
2022-09-09 20:50:00,0.0
2022-09-09 20:55:00,0.0
2022-09-09 21:00:00,0.0
2022-09-09 21:05:00,0.0
2022-09-09 21:10:00,0.0
2022-09-09 21:15:00,0.0
2022-09-09 21:20:00,0.0
2022-09-09 21:25:00,0.0
2022-09-09 21:30:00,0.0
2022-09-09 21:35:00,0.0
2022-09-09 21:40:00,0.0
2022-09-09 21:45:00,0.0
2022-09-09 21:50:00,0.0
2022-09-09 21:55:00,0.0
2022-09-09 22:00:00,0.0
2022-09-09 22:05:00,0.0
2022-09-09 22:10:00,0.0
2022-09-09 22:15:00,0.0
2022-09-09 22:20:00,0.0
2022-09-09 22:25:00,0.0
2022-09-09 22:30:00,0.0
2022-09-09 22:35:00,0.0
2022-09-09 22:40:00,0.0
2022-09-09 22:45:00,0.0
2022-09-09 22:50:00,0.0
2022-09-09 22:55:00,0.0
2022-09-09 23:00:00,0.0
2022-09-09 23:05:00,0.0
2022-09-09 23:10:00,0.0
2022-09-09 23:15:00,0.0
2022-09-09 23:20:00,0.0
2022-09-09 23:25:00,0.0
2022-09-09 23:30:00,0.0
2022-09-09 23:35:00,0.0
2022-09-09 23:40:00,0.0
2022-09-09 23:45:00,0.0
2022-09-09 23:50:00,0.0
2022-09-09 23:55:00,0.0
2022-09-10 00:00:00,0.0
2022-09-10 00:05:00,0.0
2022-09-10 00:10:00,0.0
2022-09-10 00:15:00,0.0
2022-09-10 00:20:00,0.0
2022-09-10 00:25:00,0.0
2022-09-10 00:30:00,0.0
2022-09-10 00:35:00,0.0
2022-09-10 00:40:00,0.0
2022-09-10 00:45:00,0.0
2022-09-10 00:50:00,0.0
2022-09-10 00:55:00,0.0
2022-09-10 01:00:00,0.0
2022-09-10 01:05:00,0.0
2022-09-10 01:10:00,0.0
2022-09-10 01:15:00,0.0
2022-09-10 01:20:00,0.0
2022-09-10 01:25:00,0.0
2022-09-10 01:30:00,0.0
2022-09-10 01:35:00,0.0
2022-09-10 01:40:00,0.0
2022-09-10 01:45:00,0.0
2022-09-10 01:50:00,0.0
2022-09-10 01:55:00,0.0
2022-09-10 02:00:00,0.0
2022-09-10 02:05:00,0.0
2022-09-10 02:10:00,0.0
2022-09-10 02:15:00,0.0
2022-09-10 02:20:00,0.0
2022-09-10 02:25:00,0.0
2022-09-10 02:30:00,0.0
2022-09-10 02:35:00,0.0
2022-09-10 02:40:00,0.0
2022-09-10 02:45:00,0.0
2022-09-10 02:50:00,0.0
2022-09-10 02:55:00,0.0
2022-09-10 03:00:00,0.0
2022-09-10 03:05:00,0.0
2022-09-10 03:10:00,0.0
2022-09-10 03:15:00,0.0
2022-09-10 03:20:00,0.0
2022-09-10 03:25:00,0.0
2022-09-10 03:30:00,0.0
2022-09-10 03:35:00,0.0
2022-09-10 03:40:00,0.0
2022-09-10 03:45:00,0.0
2022-09-10 03:50:00,0.0
2022-09-10 03:55:00,0.0
2022-09-10 04:00:00,0.0
2022-09-10 04:05:00,0.0
2022-09-10 04:10:00,0.0
2022-09-10 04:15:00,0.0
2022-09-10 04:20:00,0.0
2022-09-10 04:25:00,0.0
2022-09-10 04:30:00,0.0
2022-09-10 04:35:00,0.0
2022-09-10 04:40:00,0.0
2022-09-10 04:45:00,0.0
2022-09-10 04:50:00,0.0
2022-09-10 04:55:00,0.0
2022-09-10 05:00:00,0.0
2022-09-10 05:05:00,0.0
2022-09-10 05:10:00,0.0
2022-09-10 05:15:00,0.0
2022-09-10 05:20:00,0.0
2022-09-10 05:25:00,0.0
2022-09-10 05:30:00,0.0
2022-09-10 05:35:00,0.0
2022-09-10 05:40:00,0.0
2022-09-10 05:45:00,0.0
2022-09-10 05:50:00,0.0
2022-09-10 05:55:00,0.0
2022-09-10 06:00:00,0.0
2022-09-10 06:05:00,0.0
2022-09-10 06:10:00,0.0
2022-09-10 06:15:00,0.0
2022-09-10 06:20:00,0.0
2022-09-10 06:25:00,0.0
2022-09-10 06:30:00,0.0
2022-09-10 06:35:00,0.0
2022-09-10 06:40:00,0.0
2022-09-10 06:45:00,0.0
2022-09-10 06:50:00,0.0
2022-09-10 06:55:00,0.0
2022-09-10 07:00:00,0.0
2022-09-10 07:05:00,0.0
2022-09-10 07:10:00,0.0
2022-09-10 07:15:00,0.0
2022-09-10 07:20:00,0.0
2022-09-10 07:25:00,0.0
2022-09-10 07:30:00,0.0
2022-09-10 07:35:00,0.0
2022-09-10 07:40:00,0.0
2022-09-10 07:45:00,0.0
2022-09-10 07:50:00,0.0
2022-09-10 07:55:00,0.0
2022-09-10 08:00:00,0.0
2022-09-10 08:05:00,0.0
2022-09-10 08:10:00,0.0
2022-09-10 08:15:00,0.0
2022-09-10 08:20:00,0.0
2022-09-10 08:25:00,0.0
2022-09-10 08:30:00,0.0
2022-09-10 08:35:00,0.0
2022-09-10 08:40:00,0.0
2022-09-10 08:45:00,0.0
2022-09-10 08:50:00,0.0
2022-09-10 08:55:00,0.0
2022-09-10 09:00:00,0.0
2022-09-10 09:05:00,0.0
2022-09-10 09:10:00,0.0
2022-09-10 09:15:00,0.0
2022-09-10 09:20:00,0.0
2022-09-10 09:25:00,0.0
2022-09-10 09:30:00,0.0
2022-09-10 09:35:00,0.0
2022-09-10 09:40:00,0.0
2022-09-10 09:45:00,0.0
2022-09-10 09:50:00,0.0
2022-09-10 09:55:00,0.0
2022-09-10 10:00:00,0.0
2022-09-10 10:05:00,0.0
2022-09-10 10:10:00,0.0
2022-09-10 10:15:00,0.0
2022-09-10 10:20:00,0.0
2022-09-10 10:25:00,0.0
2022-09-10 10:30:00,0.0
2022-09-10 10:35:00,0.0
2022-09-10 10:40:00,0.0
2022-09-10 10:45:00,0.0
2022-09-10 10:50:00,0.0
2022-09-10 10:55:00,0.0
2022-09-10 11:00:00,0.0
2022-09-10 11:05:00,0.0
2022-09-10 11:10:00,0.0
2022-09-10 11:15:00,0.0
2022-09-10 11:20:00,0.0
2022-09-10 11:25:00,0.0
2022-09-10 11:30:00,0.0
2022-09-10 11:35:00,0.0
2022-09-10 11:40:00,0.0
2022-09-10 11:45:00,0.0
2022-09-10 11:50:00,0.0
2022-09-10 11:55:00,0.0
2022-09-10 12:00:00,0.0
2022-09-10 12:05:00,0.0
2022-09-10 12:10:00,0.0
2022-09-10 12:15:00,0.0
2022-09-10 12:20:00,0.0
2022-09-10 12:25:00,0.0
2022-09-10 12:30:00,0.0
2022-09-10 12:35:00,0.0
2022-09-10 12:40:00,0.0
2022-09-10 12:45:00,0.0
2022-09-10 12:50:00,0.0
2022-09-10 12:55:00,0.0
2022-09-10 13:00:00,0.0
2022-09-10 13:05:00,0.0
2022-09-10 13:10:00,0.0
2022-09-10 13:15:00,0.0
2022-09-10 13:20:00,0.0
2022-09-10 13:25:00,0.0
2022-09-10 13:30:00,0.0
2022-09-10 13:35:00,0.0
2022-09-10 13:40:00,0.0
2022-09-10 13:45:00,0.0
2022-09-10 13:50:00,0.0
2022-09-10 13:55:00,0.0
2022-09-10 14:00:00,0.0
2022-09-10 14:05:00,0.0
2022-09-10 14:10:00,0.0
2022-09-10 14:15:00,0.0
2022-09-10 14:20:00,0.0
2022-09-10 14:25:00,0.0
2022-09-10 14:30:00,0.0
2022-09-10 14:35:00,0.0
2022-09-10 14:40:00,0.0
2022-09-10 14:45:00,0.0
2022-09-10 14:50:00,0.0
2022-09-10 14:55:00,0.0
2022-09-10 15:00:00,0.0
2022-09-10 15:05:00,0.0
2022-09-10 15:10:00,0.0
2022-09-10 15:15:00,0.0
2022-09-10 15:20:00,0.0
2022-09-10 15:25:00,0.0
2022-09-10 15:30:00,0.0
2022-09-10 15:35:00,0.0
2022-09-10 15:40:00,0.0
2022-09-10 15:45:00,0.0
2022-09-10 15:50:00,0.0
2022-09-10 15:55:00,0.0
2022-09-10 16:00:00,0.0
2022-09-10 16:05:00,0.0
2022-09-10 16:10:00,0.0
2022-09-10 16:15:00,0.0
2022-09-10 16:20:00,0.0
2022-09-10 16:25:00,0.0
2022-09-10 16:30:00,0.0
2022-09-10 16:35:00,0.0
2022-09-10 16:40:00,0.0
2022-09-10 16:45:00,0.0
2022-09-10 16:50:00,0.0
2022-09-10 16:55:00,0.0
2022-09-10 17:00:00,0.0
2022-09-10 17:05:00,0.0
2022-09-10 17:10:00,0.0
2022-09-10 17:15:00,0.0
2022-09-10 17:20:00,0.0
2022-09-10 17:25:00,0.0
2022-09-10 17:30:00,0.0
2022-09-10 17:35:00,0.0
2022-09-10 17:40:00,0.0
2022-09-10 17:45:00,0.0
2022-09-10 17:50:00,0.0
2022-09-10 17:55:00,0.0
2022-09-10 18:00:00,0.0
2022-09-10 18:05:00,0.0
2022-09-10 18:10:00,0.0
2022-09-10 18:15:00,0.0
2022-09-10 18:20:00,0.0
2022-09-10 18:25:00,0.0
2022-09-10 18:30:00,0.0
2022-09-10 18:35:00,0.0
2022-09-10 18:40:00,0.0
2022-09-10 18:45:00,0.0
2022-09-10 18:50:00,0.0
2022-09-10 18:55:00,0.0
2022-09-10 19:00:00,0.0
2022-09-10 19:05:00,0.0
2022-09-10 19:10:00,0.0
2022-09-10 19:15:00,0.0
2022-09-10 19:20:00,0.0
2022-09-10 19:25:00,0.0
2022-09-10 19:30:00,0.0
2022-09-10 19:35:00,0.0
2022-09-10 19:40:00,0.0
2022-09-10 19:45:00,0.0
2022-09-10 19:50:00,0.0
2022-09-10 19:55:00,0.0
2022-09-10 20:00:00,0.0
2022-09-10 20:05:00,0.0
2022-09-10 20:10:00,0.0
2022-09-10 20:15:00,0.0
2022-09-10 20:20:00,0.0
2022-09-10 20:25:00,0.0
2022-09-10 20:30:00,0.0
2022-09-10 20:35:00,0.0
2022-09-10 20:40:00,0.0
2022-09-10 20:45:00,0.0
2022-09-10 20:50:00,0.0
2022-09-10 20:55:00,0.0
2022-09-10 21:00:00,0.0
2022-09-10 21:05:00,0.0
2022-09-10 21:10:00,0.0
2022-09-10 21:15:00,0.0
2022-09-10 21:20:00,0.0
2022-09-10 21:25:00,0.0
2022-09-10 21:30:00,0.0
2022-09-10 21:35:00,0.0
2022-09-10 21:40:00,0.0
2022-09-10 21:45:00,0.0
2022-09-10 21:50:00,0.0
2022-09-10 21:55:00,0.0
2022-09-10 22:00:00,0.0
2022-09-10 22:05:00,0.0
2022-09-10 22:10:00,0.0
2022-09-10 22:15:00,0.0
2022-09-10 22:20:00,0.0
2022-09-10 22:25:00,0.0
2022-09-10 22:30:00,0.0
2022-09-10 22:35:00,0.0
2022-09-10 22:40:00,0.0
2022-09-10 22:45:00,0.0
2022-09-10 22:50:00,0.0
2022-09-10 22:55:00,0.0
2022-09-10 23:00:00,0.0
2022-09-10 23:05:00,0.0
2022-09-10 23:10:00,0.0
2022-09-10 23:15:00,0.0
2022-09-10 23:20:00,0.0
2022-09-10 23:25:00,0.0
2022-09-10 23:30:00,0.0
2022-09-10 23:35:00,0.0
2022-09-10 23:40:00,0.0
2022-09-10 23:45:00,0.0
2022-09-10 23:50:00,0.0
2022-09-10 23:55:00,0.0
2022-09-11 00:00:00,0.0
2022-09-11 00:05:00,0.0
2022-09-11 00:10:00,0.0
2022-09-11 00:15:00,0.0
2022-09-11 00:20:00,0.0
2022-09-11 00:25:00,0.0
2022-09-11 00:30:00,0.0
2022-09-11 00:35:00,0.0
2022-09-11 00:40:00,0.0
2022-09-11 00:45:00,0.0
2022-09-11 00:50:00,0.0
2022-09-11 00:55:00,0.0
2022-09-11 01:00:00,0.0
2022-09-11 01:05:00,0.0
2022-09-11 01:10:00,0.0
2022-09-11 01:15:00,0.0
2022-09-11 01:20:00,0.0
2022-09-11 01:25:00,0.0
2022-09-11 01:30:00,0.0
2022-09-11 01:35:00,0.0
2022-09-11 01:40:00,0.0
2022-09-11 01:45:00,0.0
2022-09-11 01:50:00,0.0
2022-09-11 01:55:00,0.0
2022-09-11 02:00:00,0.0
2022-09-11 02:05:00,0.0
2022-09-11 02:10:00,0.0
2022-09-11 02:15:00,0.0
2022-09-11 02:20:00,0.0
2022-09-11 02:25:00,0.0
2022-09-11 02:30:00,0.0
2022-09-11 02:35:00,0.0
2022-09-11 02:40:00,0.0
2022-09-11 02:45:00,0.0
2022-09-11 02:50:00,0.0
2022-09-11 02:55:00,0.0
2022-09-11 03:00:00,0.0
2022-09-11 03:05:00,0.0
2022-09-11 03:10:00,0.0
2022-09-11 03:15:00,0.0
2022-09-11 03:20:00,0.0
2022-09-11 03:25:00,0.0
2022-09-11 03:30:00,0.0
2022-09-11 03:35:00,0.0
2022-09-11 03:40:00,0.0
2022-09-11 03:45:00,0.0
2022-09-11 03:50:00,0.0
2022-09-11 03:55:00,0.0
2022-09-11 04:00:00,0.0
2022-09-11 04:05:00,0.0
2022-09-11 04:10:00,0.0
2022-09-11 04:15:00,0.0
2022-09-11 04:20:00,0.0
2022-09-11 04:25:00,0.0
2022-09-11 04:30:00,0.0
2022-09-11 04:35:00,0.0
2022-09-11 04:40:00,0.0
2022-09-11 04:45:00,0.0
2022-09-11 04:50:00,0.0
2022-09-11 04:55:00,0.0
2022-09-11 05:00:00,0.0
2022-09-11 05:05:00,0.0
2022-09-11 05:10:00,0.0
2022-09-11 05:15:00,0.0
2022-09-11 05:20:00,0.0
2022-09-11 05:25:00,0.0
2022-09-11 05:30:00,0.0
2022-09-11 05:35:00,0.0
2022-09-11 05:40:00,0.0
2022-09-11 05:45:00,0.0
2022-09-11 05:50:00,0.0
2022-09-11 05:55:00,0.0
2022-09-11 06:00:00,0.0
2022-09-11 06:05:00,0.0
2022-09-11 06:10:00,0.0
2022-09-11 06:15:00,0.0
2022-09-11 06:20:00,0.0
2022-09-11 06:25:00,0.0
2022-09-11 06:30:00,0.0
2022-09-11 06:35:00,0.0
2022-09-11 06:40:00,0.0
2022-09-11 06:45:00,0.0
2022-09-11 06:50:00,0.0
2022-09-11 06:55:00,0.0
2022-09-11 07:00:00,0.0
2022-09-11 07:05:00,0.0
2022-09-11 07:10:00,0.0
2022-09-11 07:15:00,0.0
2022-09-11 07:20:00,0.0
2022-09-11 07:25:00,0.0
2022-09-11 07:30:00,0.0
2022-09-11 07:35:00,0.0
2022-09-11 07:40:00,0.0
2022-09-11 07:45:00,0.0
2022-09-11 07:50:00,0.0
2022-09-11 07:55:00,0.0
2022-09-11 08:00:00,0.0
2022-09-11 08:05:00,0.0
2022-09-11 08:10:00,0.0
2022-09-11 08:15:00,0.0
2022-09-11 08:20:00,0.0
2022-09-11 08:25:00,0.0
2022-09-11 08:30:00,0.0
2022-09-11 08:35:00,0.0
2022-09-11 08:40:00,0.0
2022-09-11 08:45:00,0.0
2022-09-11 08:50:00,0.0
2022-09-11 08:55:00,0.0
2022-09-11 09:00:00,0.0
2022-09-11 09:05:00,0.0
2022-09-11 09:10:00,0.0
2022-09-11 09:15:00,0.0
2022-09-11 09:20:00,0.0
2022-09-11 09:25:00,0.0
2022-09-11 09:30:00,0.0
2022-09-11 09:35:00,0.0
2022-09-11 09:40:00,0.0
2022-09-11 09:45:00,0.0
2022-09-11 09:50:00,0.0
2022-09-11 09:55:00,0.0
2022-09-11 10:00:00,0.0
2022-09-11 10:05:00,0.0
2022-09-11 10:10:00,0.0
2022-09-11 10:15:00,0.0
2022-09-11 10:20:00,0.0
2022-09-11 10:25:00,0.0
2022-09-11 10:30:00,0.0
2022-09-11 10:35:00,0.0
2022-09-11 10:40:00,0.0
2022-09-11 10:45:00,0.0
2022-09-11 10:50:00,0.0
2022-09-11 10:55:00,0.0
2022-09-11 11:00:00,0.0
2022-09-11 11:05:00,0.0
2022-09-11 11:10:00,0.0
2022-09-11 11:15:00,0.0
2022-09-11 11:20:00,0.0
2022-09-11 11:25:00,0.0
2022-09-11 11:30:00,0.0
2022-09-11 11:35:00,0.0
2022-09-11 11:40:00,0.0
2022-09-11 11:45:00,0.0
2022-09-11 11:50:00,0.0
2022-09-11 11:55:00,0.0
2022-09-11 12:00:00,0.0
2022-09-11 12:05:00,0.0
2022-09-11 12:10:00,0.0
2022-09-11 12:15:00,0.0
2022-09-11 12:20:00,0.0
2022-09-11 12:25:00,0.0
2022-09-11 12:30:00,0.0
2022-09-11 12:35:00,0.0
2022-09-11 12:40:00,0.0
2022-09-11 12:45:00,0.0
2022-09-11 12:50:00,0.0
2022-09-11 12:55:00,0.0
2022-09-11 13:00:00,0.0
2022-09-11 13:05:00,0.0
2022-09-11 13:10:00,0.0
2022-09-11 13:15:00,0.0
2022-09-11 13:20:00,0.0
2022-09-11 13:25:00,0.0
2022-09-11 13:30:00,0.0
2022-09-11 13:35:00,0.0
2022-09-11 13:40:00,0.0
2022-09-11 13:45:00,0.0
2022-09-11 13:50:00,0.0
2022-09-11 13:55:00,0.0
2022-09-11 14:00:00,0.0
2022-09-11 14:05:00,0.0
2022-09-11 14:10:00,0.0
2022-09-11 14:15:00,0.0
2022-09-11 14:20:00,0.0
2022-09-11 14:25:00,0.0
2022-09-11 14:30:00,0.0
2022-09-11 14:35:00,0.0
2022-09-11 14:40:00,0.0
2022-09-11 14:45:00,0.0
2022-09-11 14:50:00,0.0
2022-09-11 14:55:00,0.0
2022-09-11 15:00:00,0.0
2022-09-11 15:05:00,0.0
2022-09-11 15:10:00,0.0
2022-09-11 15:15:00,0.0
2022-09-11 15:20:00,0.0
2022-09-11 15:25:00,0.0
2022-09-11 15:30:00,0.0
2022-09-11 15:35:00,0.0
2022-09-11 15:40:00,0.0
2022-09-11 15:45:00,0.0
2022-09-11 15:50:00,0.0
2022-09-11 15:55:00,0.0
2022-09-11 16:00:00,0.0
2022-09-11 16:05:00,0.0
2022-09-11 16:10:00,0.0
2022-09-11 16:15:00,0.0
2022-09-11 16:20:00,0.0
2022-09-11 16:25:00,0.0
2022-09-11 16:30:00,0.0
2022-09-11 16:35:00,0.0
2022-09-11 16:40:00,0.0
2022-09-11 16:45:00,0.0
2022-09-11 16:50:00,0.0
2022-09-11 16:55:00,0.0
2022-09-11 17:00:00,0.0
2022-09-11 17:05:00,0.0
2022-09-11 17:10:00,0.0
2022-09-11 17:15:00,0.0
2022-09-11 17:20:00,0.0
2022-09-11 17:25:00,0.0
2022-09-11 17:30:00,0.0
2022-09-11 17:35:00,0.0
2022-09-11 17:40:00,0.0
2022-09-11 17:45:00,0.0
2022-09-11 17:50:00,0.0
2022-09-11 17:55:00,0.0
2022-09-11 18:00:00,0.0
2022-09-11 18:05:00,0.0
2022-09-11 18:10:00,0.0
2022-09-11 18:15:00,0.0
2022-09-11 18:20:00,0.0
2022-09-11 18:25:00,0.0
2022-09-11 18:30:00,0.0
2022-09-11 18:35:00,0.0
2022-09-11 18:40:00,0.0
2022-09-11 18:45:00,0.0
2022-09-11 18:50:00,0.0
2022-09-11 18:55:00,0.0
2022-09-11 19:00:00,0.0
2022-09-11 19:05:00,0.0
2022-09-11 19:10:00,0.0
2022-09-11 19:15:00,0.0
2022-09-11 19:20:00,0.0
2022-09-11 19:25:00,0.0
2022-09-11 19:30:00,0.0
2022-09-11 19:35:00,0.0
2022-09-11 19:40:00,0.0
2022-09-11 19:45:00,0.0
2022-09-11 19:50:00,0.0
2022-09-11 19:55:00,0.0
2022-09-11 20:00:00,0.0
2022-09-11 20:05:00,0.0
2022-09-11 20:10:00,0.0
2022-09-11 20:15:00,0.0
2022-09-11 20:20:00,0.0
2022-09-11 20:25:00,0.0
2022-09-11 20:30:00,0.0
2022-09-11 20:35:00,0.0
2022-09-11 20:40:00,0.0
2022-09-11 20:45:00,0.0
2022-09-11 20:50:00,0.0
2022-09-11 20:55:00,0.0
2022-09-11 21:00:00,0.0
2022-09-11 21:05:00,0.0
2022-09-11 21:10:00,0.0
2022-09-11 21:20:00,0.0
2022-09-11 21:25:00,0.0
2022-09-11 21:30:00,0.0
2022-09-11 21:35:00,0.0
2022-09-11 21:40:00,0.0
2022-09-11 21:45:00,0.0
2022-09-11 21:50:00,0.0
2022-09-11 21:55:00,0.0
2022-09-11 22:00:00,0.0
2022-09-11 22:05:00,0.0
2022-09-11 22:10:00,0.0
2022-09-11 22:15:00,0.0
2022-09-11 22:20:00,0.0
2022-09-11 22:25:00,0.0
2022-09-11 22:30:00,0.0
2022-09-11 22:35:00,0.0
2022-09-11 22:40:00,0.0
2022-09-11 22:45:00,0.0
2022-09-11 22:50:00,0.0
2022-09-11 22:55:00,0.0
2022-09-11 23:00:00,0.0
2022-09-11 23:05:00,0.0
2022-09-11 23:10:00,0.0
2022-09-11 23:15:00,0.0
2022-09-11 23:20:00,0.0
2022-09-11 23:25:00,0.0
2022-09-11 23:30:00,0.0
2022-09-11 23:35:00,0.0
2022-09-11 23:40:00,0.0
2022-09-11 23:45:00,0.0
2022-09-11 23:50:00,0.0
2022-09-11 23:55:00,0.0
2022-09-12 00:00:00,0.0
2022-09-12 00:05:00,0.0
2022-09-12 00:10:00,0.0
2022-09-12 00:15:00,0.0
2022-09-12 00:20:00,0.0
2022-09-12 00:25:00,0.0
2022-09-12 00:30:00,0.0
2022-09-12 00:35:00,0.0
2022-09-12 00:40:00,0.0
2022-09-12 00:45:00,0.0
2022-09-12 00:50:00,0.0
2022-09-12 00:55:00,0.0
2022-09-12 01:00:00,0.0
2022-09-12 01:05:00,0.0
2022-09-12 01:10:00,0.0
2022-09-12 01:15:00,0.0
2022-09-12 01:20:00,0.0
2022-09-12 01:25:00,0.0
2022-09-12 01:30:00,0.0
2022-09-12 01:35:00,0.0
2022-09-12 01:40:00,0.0
2022-09-12 01:45:00,0.0
2022-09-12 01:50:00,0.0
2022-09-12 01:55:00,0.0
2022-09-12 02:00:00,0.0
2022-09-12 02:05:00,0.0
2022-09-12 02:10:00,0.0
2022-09-12 02:15:00,0.0
2022-09-12 02:20:00,0.0
2022-09-12 02:25:00,0.0
2022-09-12 02:30:00,0.0
2022-09-12 02:35:00,0.0
2022-09-12 02:40:00,0.0
2022-09-12 02:45:00,0.0
2022-09-12 02:50:00,0.0
2022-09-12 02:55:00,0.0
2022-09-12 03:00:00,0.0
2022-09-12 03:05:00,0.0
2022-09-12 03:10:00,0.0
2022-09-12 03:15:00,0.0
2022-09-12 03:20:00,0.0
2022-09-12 03:25:00,0.0
2022-09-12 03:30:00,0.0
2022-09-12 03:35:00,0.0
2022-09-12 03:40:00,0.0
2022-09-12 03:45:00,0.0
2022-09-12 03:50:00,0.0
2022-09-12 03:55:00,0.0
2022-09-12 04:00:00,0.0
2022-09-12 04:05:00,0.0
2022-09-12 04:10:00,0.0
2022-09-12 04:15:00,0.0
2022-09-12 04:20:00,0.0
2022-09-12 04:25:00,0.0
2022-09-12 04:30:00,0.0
2022-09-12 04:35:00,0.0
2022-09-12 04:40:00,0.0
2022-09-12 04:45:00,0.0
2022-09-12 04:50:00,0.0
2022-09-12 04:55:00,0.0
2022-09-12 05:00:00,0.0
2022-09-12 05:05:00,0.0
2022-09-12 05:10:00,0.0
2022-09-12 05:15:00,0.0
2022-09-12 05:20:00,0.0
2022-09-12 05:25:00,0.0
2022-09-12 05:30:00,0.0
2022-09-12 05:35:00,0.0
2022-09-12 05:40:00,0.0
2022-09-12 05:45:00,0.0
2022-09-12 05:50:00,0.0
2022-09-12 05:55:00,0.0
2022-09-12 06:00:00,0.0
2022-09-12 06:05:00,0.0
2022-09-12 06:10:00,0.0
2022-09-12 06:15:00,0.0
2022-09-12 06:20:00,0.0
2022-09-12 06:25:00,0.0
2022-09-12 06:30:00,0.0
2022-09-12 06:35:00,0.0
2022-09-12 06:40:00,0.0
2022-09-12 06:45:00,0.0
2022-09-12 06:50:00,0.0
2022-09-12 06:55:00,0.0
2022-09-12 07:00:00,0.0
2022-09-12 07:05:00,0.0
2022-09-12 07:10:00,0.0
2022-09-12 07:15:00,0.0
2022-09-12 07:20:00,0.0
2022-09-12 07:25:00,0.0
2022-09-12 07:30:00,0.0
2022-09-12 07:35:00,0.0
2022-09-12 07:40:00,0.0
2022-09-12 07:45:00,0.0
2022-09-12 07:50:00,0.0
2022-09-12 07:55:00,0.0
2022-09-12 08:00:00,0.0
2022-09-12 08:05:00,0.0
2022-09-12 08:10:00,0.0
2022-09-12 08:15:00,0.0
2022-09-12 08:20:00,0.0
2022-09-12 08:25:00,0.0
2022-09-12 08:30:00,0.0
2022-09-12 08:35:00,0.0
2022-09-12 08:40:00,10763.796497762063
2022-09-12 08:45:00,27309.742061978413
2022-09-12 08:50:00,0.0
2022-09-12 08:55:00,0.0
2022-09-12 09:00:00,0.0
2022-09-12 09:05:00,0.0
2022-09-12 09:10:00,0.0
2022-09-12 09:15:00,0.0
2022-09-12 09:20:00,0.0
2022-09-12 09:25:00,0.0
2022-09-12 09:30:00,0.0
2022-09-12 09:35:00,0.0
2022-09-12 09:40:00,0.0
2022-09-12 09:45:00,0.0
2022-09-12 09:50:00,0.0
2022-09-12 09:55:00,0.0
2022-09-12 10:00:00,0.0
2022-09-12 10:05:00,0.0
2022-09-12 10:10:00,0.0
2022-09-12 10:15:00,0.0
2022-09-12 10:20:00,0.0
2022-09-12 10:25:00,0.0
2022-09-12 10:30:00,0.0
2022-09-12 10:35:00,0.0
2022-09-12 10:40:00,0.0
2022-09-12 10:45:00,0.0
2022-09-12 10:50:00,0.0
2022-09-12 10:55:00,0.0
2022-09-12 11:00:00,0.0
2022-09-12 11:05:00,0.0
2022-09-12 11:10:00,0.0
2022-09-12 11:15:00,0.0
2022-09-12 11:20:00,0.0
2022-09-12 11:25:00,0.0
2022-09-12 11:30:00,0.0
2022-09-12 11:35:00,0.0
2022-09-12 11:40:00,0.0
2022-09-12 11:45:00,0.0
2022-09-12 11:50:00,0.0
2022-09-12 11:55:00,0.0
2022-09-12 12:00:00,0.0
2022-09-12 12:05:00,0.0
2022-09-12 12:10:00,0.0
2022-09-12 12:15:00,0.0
2022-09-12 12:20:00,0.0
2022-09-12 12:25:00,0.0
2022-09-12 12:30:00,0.0
2022-09-12 12:35:00,0.0
2022-09-12 12:40:00,0.0
2022-09-12 12:45:00,0.0
2022-09-12 12:50:00,0.0
2022-09-12 12:55:00,0.0
2022-09-12 13:00:00,0.0
2022-09-12 13:05:00,0.0
2022-09-12 13:10:00,0.0
2022-09-12 13:15:00,0.0
2022-09-12 13:20:00,0.0
2022-09-12 13:25:00,0.0
2022-09-12 13:30:00,0.0
2022-09-12 13:35:00,0.0
2022-09-12 13:40:00,0.0
2022-09-12 13:45:00,0.0
2022-09-12 13:50:00,0.0
2022-09-12 13:55:00,0.0
2022-09-12 14:00:00,0.0
2022-09-12 14:05:00,0.0
2022-09-12 14:10:00,0.0
2022-09-12 14:15:00,0.0
2022-09-12 14:20:00,0.0
2022-09-12 14:25:00,0.0
2022-09-12 14:30:00,0.0
2022-09-12 14:35:00,0.0
2022-09-12 14:40:00,0.0
2022-09-12 14:45:00,0.0
2022-09-12 14:50:00,0.0
2022-09-12 14:55:00,0.0
2022-09-12 15:00:00,0.0
2022-09-12 15:05:00,0.0
2022-09-12 15:10:00,0.0
2022-09-12 15:15:00,0.0
2022-09-12 15:20:00,0.0
2022-09-12 15:25:00,0.0
2022-09-12 15:30:00,0.0
2022-09-12 15:35:00,0.0
2022-09-12 15:40:00,0.0
2022-09-12 15:45:00,0.0
2022-09-12 15:50:00,0.0
2022-09-12 15:55:00,0.0
2022-09-12 16:00:00,0.0
2022-09-12 16:05:00,0.0
2022-09-12 16:10:00,0.0
2022-09-12 16:15:00,0.0
2022-09-12 16:20:00,0.0
2022-09-12 16:25:00,0.0
2022-09-12 16:30:00,0.0
2022-09-12 16:35:00,0.0
2022-09-12 16:40:00,0.0
2022-09-12 16:45:00,0.0
2022-09-12 16:50:00,0.0
2022-09-12 16:55:00,0.0
2022-09-12 17:00:00,0.0
2022-09-12 17:05:00,0.0
2022-09-12 17:10:00,0.0
2022-09-12 17:15:00,0.0
2022-09-12 17:20:00,0.0
2022-09-12 17:25:00,0.0
2022-09-12 17:30:00,0.0
2022-09-12 17:35:00,0.0
2022-09-12 17:40:00,0.0
2022-09-12 17:45:00,0.0
2022-09-12 17:50:00,0.0
2022-09-12 17:55:00,0.0
2022-09-12 18:00:00,0.0
2022-09-12 18:05:00,0.0
2022-09-12 18:10:00,0.0
2022-09-12 18:15:00,0.0
2022-09-12 18:20:00,0.0
2022-09-12 18:25:00,0.0
2022-09-12 18:30:00,0.0
2022-09-12 18:35:00,0.0
2022-09-12 18:40:00,0.0
2022-09-12 18:45:00,0.0
2022-09-12 18:50:00,0.0
2022-09-12 18:55:00,0.0
2022-09-12 19:00:00,0.0
2022-09-12 19:05:00,0.0
2022-09-12 19:10:00,0.0
2022-09-12 19:15:00,0.0
2022-09-12 19:20:00,0.0
2022-09-12 19:25:00,0.0
2022-09-12 19:30:00,0.0
2022-09-12 19:35:00,0.0
2022-09-12 19:40:00,0.0
2022-09-12 19:45:00,0.0
2022-09-12 19:50:00,0.0
2022-09-12 19:55:00,0.0
2022-09-12 20:00:00,0.0
2022-09-12 20:05:00,0.0
2022-09-12 20:10:00,0.0
2022-09-12 20:15:00,0.0
2022-09-12 20:20:00,0.0
2022-09-12 20:30:00,0.0
2022-09-12 20:35:00,0.0
2022-09-12 20:40:00,0.0
2022-09-12 20:45:00,0.0
2022-09-12 20:50:00,0.0
2022-09-12 21:25:00,0.0
2022-09-12 21:40:00,0.0
2022-09-12 21:45:00,0.0
2022-09-12 21:50:00,0.0
2022-09-12 21:55:00,0.0
2022-09-12 22:00:00,0.0
2022-09-12 22:05:00,0.0
2022-09-12 22:10:00,0.0
2022-09-12 22:15:00,0.0
2022-09-12 22:20:00,0.0
2022-09-12 22:25:00,0.0
2022-09-12 22:30:00,0.0
2022-09-12 22:35:00,0.0
2022-09-12 22:40:00,0.0
2022-09-12 22:45:00,0.0
2022-09-12 22:50:00,0.0
2022-09-12 22:55:00,0.0
2022-09-12 23:00:00,0.0
2022-09-12 23:05:00,0.0
2022-09-12 23:10:00,0.0
2022-09-12 23:15:00,0.0
2022-09-12 23:20:00,0.0
2022-09-12 23:25:00,0.0
2022-09-12 23:30:00,0.0
2022-09-12 23:35:00,0.0
2022-09-12 23:40:00,0.0
2022-09-12 23:45:00,0.0
2022-09-12 23:50:00,0.0
2022-09-12 23:55:00,0.0
2022-09-13 00:00:00,0.0
2022-09-13 00:05:00,0.0
2022-09-13 00:10:00,0.0
2022-09-13 00:15:00,0.0
2022-09-13 00:20:00,0.0
2022-09-13 00:25:00,0.0
2022-09-13 00:30:00,0.0
2022-09-13 00:35:00,0.0
2022-09-13 00:40:00,0.0
2022-09-13 00:45:00,0.0
2022-09-13 00:50:00,0.0
2022-09-13 00:55:00,0.0
2022-09-13 01:00:00,0.0
2022-09-13 01:05:00,0.0
2022-09-13 01:10:00,0.0
2022-09-13 01:15:00,0.0
2022-09-13 01:20:00,0.0
2022-09-13 01:25:00,0.0
2022-09-13 01:30:00,0.0
2022-09-13 01:35:00,0.0
2022-09-13 01:40:00,0.0
2022-09-13 01:45:00,0.0
2022-09-13 01:50:00,0.0
2022-09-13 01:55:00,0.0
2022-09-13 02:00:00,0.0
2022-09-13 02:05:00,0.0
2022-09-13 02:10:00,0.0
2022-09-13 02:15:00,0.0
2022-09-13 02:20:00,0.0
2022-09-13 02:25:00,0.0
2022-09-13 02:30:00,0.0
2022-09-13 02:35:00,0.0
2022-09-13 02:40:00,0.0
2022-09-13 02:45:00,0.0
2022-09-13 02:50:00,0.0
2022-09-13 02:55:00,0.0
2022-09-13 03:00:00,0.0
2022-09-13 03:05:00,0.0
2022-09-13 03:10:00,0.0
2022-09-13 03:15:00,0.0
2022-09-13 03:20:00,0.0
2022-09-13 03:25:00,0.0
2022-09-13 03:30:00,0.0
2022-09-13 03:35:00,0.0
2022-09-13 03:40:00,0.0
2022-09-13 03:45:00,0.0
2022-09-13 03:50:00,0.0
2022-09-13 03:55:00,0.0
2022-09-13 04:00:00,0.0
2022-09-13 04:05:00,0.0
2022-09-13 04:10:00,0.0
2022-09-13 04:15:00,0.0
2022-09-13 04:20:00,0.0
2022-09-13 04:25:00,0.0
2022-09-13 04:30:00,0.0
2022-09-13 04:35:00,0.0
2022-09-13 04:40:00,0.0
2022-09-13 04:45:00,0.0
2022-09-13 04:50:00,0.0
2022-09-13 04:55:00,0.0
2022-09-13 05:00:00,0.0
2022-09-13 05:05:00,0.0
2022-09-13 05:10:00,0.0
2022-09-13 05:15:00,0.0
2022-09-13 05:20:00,0.0
2022-09-13 05:25:00,0.0
2022-09-13 05:30:00,0.0
2022-09-13 05:35:00,0.0
2022-09-13 05:40:00,0.0
2022-09-13 05:45:00,0.0
2022-09-13 05:50:00,0.0
2022-09-13 05:55:00,0.0
2022-09-13 06:00:00,0.0
2022-09-13 06:05:00,0.0
2022-09-13 06:10:00,0.0
2022-09-13 06:15:00,0.0
2022-09-13 06:20:00,0.0
2022-09-13 06:25:00,0.0
2022-09-13 06:30:00,0.0
2022-09-13 06:35:00,0.0
2022-09-13 06:40:00,0.0
2022-09-13 06:45:00,0.0
2022-09-13 06:50:00,0.0
2022-09-13 06:55:00,0.0
2022-09-13 07:00:00,0.0
2022-09-13 07:05:00,0.0
2022-09-13 07:10:00,0.0
2022-09-13 07:15:00,0.0
2022-09-13 07:20:00,0.0
2022-09-13 07:25:00,0.0
2022-09-13 07:30:00,0.0
2022-09-13 07:35:00,0.0
2022-09-13 07:40:00,0.0
2022-09-13 07:45:00,0.0
2022-09-13 07:50:00,0.0
2022-09-13 07:55:00,0.0
2022-09-13 08:00:00,0.0
2022-09-13 08:05:00,0.0
2022-09-13 08:10:00,0.0
2022-09-13 08:15:00,0.0
2022-09-13 08:20:00,0.0
2022-09-13 08:25:00,0.0
2022-09-13 08:30:00,0.0
2022-09-13 08:35:00,0.0
2022-09-13 08:40:00,0.0
2022-09-13 08:45:00,0.0
2022-09-13 08:50:00,0.0
2022-09-13 08:55:00,0.0
2022-09-13 09:00:00,0.0
2022-09-13 09:05:00,0.0
2022-09-13 09:10:00,0.0
2022-09-13 09:15:00,0.0
2022-09-13 09:20:00,0.0
2022-09-13 09:25:00,0.0
2022-09-13 09:30:00,0.0
2022-09-13 09:35:00,0.0
2022-09-13 09:40:00,0.0
2022-09-13 09:45:00,0.0
2022-09-13 09:50:00,0.0
2022-09-13 09:55:00,0.0
2022-09-13 10:00:00,0.0
2022-09-13 10:05:00,0.0
2022-09-13 10:10:00,0.0
2022-09-13 10:15:00,0.0
2022-09-13 10:20:00,0.0
2022-09-13 10:25:00,0.0
2022-09-13 10:30:00,0.0
2022-09-13 10:35:00,0.0
2022-09-13 10:40:00,0.0
2022-09-13 10:45:00,0.0
2022-09-13 10:50:00,-1032.8496618854883
2022-09-13 10:55:00,0.0
2022-09-13 11:00:00,0.0
2022-09-13 11:05:00,0.0
2022-09-13 11:10:00,0.0
2022-09-13 11:15:00,0.0
2022-09-13 11:20:00,0.0
2022-09-13 11:25:00,0.0
2022-09-13 11:30:00,0.0
2022-09-13 11:35:00,0.0
2022-09-13 11:40:00,0.0
2022-09-13 11:45:00,9032.166731293391
2022-09-13 11:50:00,20779.997453216998
2022-09-13 11:55:00,23625.7315077622
2022-09-13 12:00:00,-691.2210222180172
2022-09-13 12:05:00,21008.408452350883
2022-09-13 12:10:00,-879.7290240491425
2022-09-13 12:15:00,22188.27954784066
2022-09-13 12:20:00,21232.477271624794
2022-09-13 12:25:00,-744.6927474352935
2022-09-13 12:30:00,18995.33061639321
2022-09-13 12:35:00,-897.4928887437325
2022-09-13 12:40:00,0.0
2022-09-13 12:45:00,0.0
2022-09-13 12:50:00,0.0
2022-09-13 12:55:00,0.0
2022-09-13 13:00:00,0.0
2022-09-13 13:05:00,0.0
2022-09-13 13:10:00,0.0
2022-09-13 13:15:00,0.0
2022-09-13 13:20:00,0.0
2022-09-13 13:25:00,0.0
2022-09-13 13:30:00,0.0
2022-09-13 13:35:00,0.0
2022-09-13 13:40:00,0.0
2022-09-13 13:45:00,0.0
2022-09-13 13:50:00,0.0
2022-09-13 13:55:00,0.0
2022-09-13 14:00:00,0.0
2022-09-13 14:05:00,0.0
2022-09-13 14:10:00,0.0
2022-09-13 14:15:00,0.0
2022-09-13 14:20:00,0.0
2022-09-13 14:25:00,0.0
2022-09-13 14:30:00,0.0
2022-09-13 14:35:00,0.0
2022-09-13 14:40:00,0.0
2022-09-13 14:45:00,0.0
2022-09-13 14:50:00,0.0
2022-09-13 14:55:00,0.0
2022-09-13 15:00:00,0.0
2022-09-13 15:05:00,0.0
2022-09-13 15:10:00,0.0
2022-09-13 15:15:00,0.0
2022-09-13 15:20:00,0.0
2022-09-13 15:25:00,0.0
2022-09-13 15:30:00,0.0
2022-09-13 15:35:00,0.0
2022-09-13 15:40:00,21931.701414617626
2022-09-13 15:45:00,33804.344775903344
2022-09-13 15:50:00,23555.256859411904
2022-09-13 15:55:00,10070.694281638733
2022-09-13 16:00:00,18141.071383828177
2022-09-13 16:05:00,28545.5769093996
2022-09-13 16:10:00,-931.324461435097
2022-09-13 16:15:00,20525.727265885147
2022-09-13 16:20:00,22492.348864045136
2022-09-13 16:25:00,18873.278563804008
2022-09-13 16:30:00,25091.830685322275
2022-09-13 16:35:00,-902.3053633412794
2022-09-13 16:40:00,23148.516026335412
2022-09-13 16:45:00,6844.795299077351
2022-09-13 16:50:00,11561.965429856253
2022-09-13 16:55:00,10327.415085015537
2022-09-13 17:00:00,0.0
2022-09-13 17:05:00,0.0
2022-09-13 17:10:00,0.0
2022-09-13 17:15:00,0.0
2022-09-13 17:20:00,0.0
2022-09-13 17:25:00,0.0
2022-09-13 17:30:00,0.0
2022-09-13 17:35:00,0.0
2022-09-13 17:40:00,0.0
2022-09-13 17:45:00,0.0
2022-09-13 17:50:00,0.0
2022-09-13 17:55:00,0.0
2022-09-13 18:00:00,0.0
2022-09-13 18:05:00,0.0
2022-09-13 18:10:00,0.0
2022-09-13 18:15:00,0.0
2022-09-13 18:20:00,0.0
2022-09-13 18:25:00,0.0
2022-09-13 18:30:00,0.0
2022-09-13 18:35:00,0.0
2022-09-13 18:40:00,0.0
2022-09-13 18:45:00,0.0
2022-09-13 18:50:00,0.0
2022-09-13 18:55:00,11860.871354749264
2022-09-13 19:00:00,9308.353881191519
2022-09-13 19:05:00,0.0
2022-09-13 19:10:00,0.0
2022-09-13 19:15:00,0.0
2022-09-13 19:20:00,0.0
2022-09-13 19:25:00,0.0
2022-09-13 19:30:00,0.0
2022-09-13 19:35:00,0.0
2022-09-13 19:40:00,0.0
2022-09-13 19:45:00,0.0
2022-09-13 19:50:00,0.0
2022-09-13 19:55:00,0.0
2022-09-13 20:00:00,0.0
2022-09-13 20:05:00,0.0
2022-09-13 20:10:00,0.0
2022-09-13 20:15:00,0.0
2022-09-13 20:20:00,0.0
2022-09-13 20:25:00,0.0
2022-09-13 20:30:00,0.0
2022-09-13 20:35:00,0.0
2022-09-13 20:40:00,0.0
2022-09-13 20:45:00,0.0
2022-09-13 20:50:00,0.0
2022-09-13 20:55:00,0.0
2022-09-13 21:00:00,0.0
2022-09-13 21:05:00,0.0
2022-09-13 21:10:00,0.0
2022-09-13 21:15:00,0.0
2022-09-13 21:20:00,0.0
2022-09-13 21:25:00,0.0
2022-09-13 21:30:00,0.0
2022-09-13 21:35:00,0.0
2022-09-13 21:40:00,0.0
2022-09-13 21:45:00,0.0
2022-09-13 21:50:00,0.0
2022-09-13 21:55:00,0.0
2022-09-13 22:00:00,0.0
2022-09-13 22:05:00,0.0
2022-09-13 22:10:00,0.0
2022-09-13 22:15:00,0.0
2022-09-13 22:20:00,0.0
2022-09-13 22:25:00,0.0
2022-09-13 22:30:00,0.0
2022-09-13 22:35:00,0.0
2022-09-13 22:40:00,0.0
2022-09-13 22:45:00,0.0
2022-09-13 22:50:00,0.0
2022-09-13 22:55:00,0.0
2022-09-13 23:00:00,0.0
2022-09-13 23:05:00,0.0
2022-09-13 23:10:00,0.0
2022-09-13 23:15:00,0.0
2022-09-13 23:20:00,0.0
2022-09-13 23:25:00,0.0
2022-09-13 23:30:00,0.0
2022-09-13 23:35:00,0.0
2022-09-13 23:40:00,0.0
2022-09-13 23:45:00,0.0
2022-09-13 23:50:00,0.0
2022-09-13 23:55:00,0.0
2022-09-14 00:00:00,0.0
2022-09-14 00:05:00,0.0
2022-09-14 00:10:00,0.0
2022-09-14 00:15:00,0.0
2022-09-14 00:20:00,0.0
2022-09-14 00:25:00,0.0
2022-09-14 00:30:00,0.0
2022-09-14 00:35:00,0.0
2022-09-14 00:40:00,0.0
2022-09-14 00:45:00,0.0
2022-09-14 00:50:00,0.0
2022-09-14 00:55:00,0.0
2022-09-14 01:00:00,0.0
2022-09-14 01:05:00,0.0
2022-09-14 01:10:00,0.0
2022-09-14 01:15:00,0.0
2022-09-14 01:20:00,0.0
2022-09-14 01:25:00,0.0
2022-09-14 01:30:00,0.0
2022-09-14 01:35:00,0.0
2022-09-14 01:40:00,0.0
2022-09-14 01:45:00,0.0
2022-09-14 01:50:00,0.0
2022-09-14 01:55:00,0.0
2022-09-14 02:00:00,0.0
2022-09-14 02:05:00,0.0
2022-09-14 02:10:00,0.0
2022-09-14 02:15:00,0.0
2022-09-14 02:20:00,0.0
2022-09-14 02:25:00,0.0
2022-09-14 02:30:00,0.0
2022-09-14 02:35:00,0.0
2022-09-14 02:40:00,0.0
2022-09-14 02:45:00,0.0
2022-09-14 02:50:00,0.0
2022-09-14 02:55:00,0.0
2022-09-14 03:00:00,0.0
2022-09-14 03:05:00,0.0
2022-09-14 03:10:00,0.0
2022-09-14 03:15:00,0.0
2022-09-14 03:20:00,0.0
2022-09-14 03:25:00,0.0
2022-09-14 03:30:00,0.0
2022-09-14 03:35:00,0.0
2022-09-14 03:40:00,0.0
2022-09-14 03:45:00,0.0
2022-09-14 03:50:00,0.0
2022-09-14 03:55:00,0.0
2022-09-14 04:00:00,0.0
2022-09-14 04:05:00,0.0
2022-09-14 04:10:00,0.0
2022-09-14 04:15:00,0.0
2022-09-14 04:20:00,0.0
2022-09-14 04:25:00,0.0
2022-09-14 04:30:00,0.0
2022-09-14 04:35:00,0.0
2022-09-14 04:40:00,0.0
2022-09-14 04:45:00,0.0
2022-09-14 04:50:00,0.0
2022-09-14 04:55:00,0.0
2022-09-14 05:00:00,0.0
2022-09-14 05:05:00,0.0
2022-09-14 05:10:00,0.0
2022-09-14 05:15:00,0.0
2022-09-14 05:20:00,0.0
2022-09-14 05:25:00,0.0
2022-09-14 05:30:00,0.0
2022-09-14 05:35:00,0.0
2022-09-14 05:40:00,0.0
2022-09-14 05:45:00,0.0
2022-09-14 05:50:00,0.0
2022-09-14 05:55:00,0.0
2022-09-14 06:00:00,0.0
2022-09-14 06:05:00,0.0
2022-09-14 06:10:00,0.0
2022-09-14 06:15:00,0.0
2022-09-14 06:20:00,0.0
2022-09-14 06:25:00,0.0
2022-09-14 06:30:00,0.0
2022-09-14 06:35:00,0.0
2022-09-14 06:40:00,0.0
2022-09-14 06:45:00,0.0
2022-09-14 06:50:00,0.0
2022-09-14 06:55:00,0.0
2022-09-14 07:00:00,0.0
2022-09-14 07:05:00,0.0
2022-09-14 07:10:00,0.0
2022-09-14 07:15:00,0.0
2022-09-14 07:20:00,0.0
2022-09-14 07:25:00,0.0
2022-09-14 07:30:00,0.0
2022-09-14 07:35:00,0.0
2022-09-14 07:40:00,0.0
2022-09-14 07:45:00,0.0
2022-09-14 07:50:00,0.0
2022-09-14 07:55:00,
2022-09-14 08:00:00,21087.994024051215
2022-09-14 08:05:00,29950.132067869567
2022-09-14 08:10:00,-967.7723923469359
2022-09-14 08:15:00,7813.148895324281
2022-09-14 08:20:00,8737.760565658553
2022-09-14 08:25:00,6161.696152784154
2022-09-14 08:30:00,17424.55621562626
2022-09-14 08:35:00,15614.838651580747
2022-09-14 08:40:00,-744.3209293525092
2022-09-14 08:45:00,0.0
2022-09-14 08:50:00,0.0
2022-09-14 08:55:00,0.0
2022-09-14 09:00:00,0.0
2022-09-14 09:05:00,0.0
2022-09-14 09:10:00,0.0
2022-09-14 09:15:00,0.0
2022-09-14 09:20:00,0.0
2022-09-14 09:25:00,7812.339907908829
2022-09-14 09:30:00,19997.92131019863
2022-09-14 09:35:00,10357.106052760264
2022-09-14 09:40:00,6374.738101609851
2022-09-14 09:45:00,8800.804296797305
2022-09-14 09:50:00,17373.044482896235
2022-09-14 09:55:00,12665.575404639807
2022-09-14 10:00:00,18074.770405475312
2022-09-14 10:05:00,12336.62524434846
2022-09-14 10:10:00,12841.441709540633
2022-09-14 10:15:00,13917.30958943714
2022-09-14 10:20:00,13746.978691245353
2022-09-14 10:25:00,14331.756622872026
2022-09-14 10:30:00,13599.599730672826
2022-09-14 10:35:00,14334.192664284517
2022-09-14 10:40:00,12386.283967301115
2022-09-14 10:45:00,14172.76067244386
2022-09-14 10:50:00,13956.047390023177
2022-09-14 10:55:00,12980.598813607616
2022-09-14 11:00:00,13993.198140266346
2022-09-14 11:05:00,15299.004935447396
2022-09-14 11:10:00,13218.06315136054
2022-09-14 11:15:00,13148.308249554239
2022-09-14 11:20:00,13574.99840621317
2022-09-14 11:25:00,13736.163268157308
2022-09-14 11:30:00,13568.137182900582
2022-09-14 11:35:00,15409.605988621513
2022-09-14 11:40:00,10333.889430400885
2022-09-14 11:45:00,15484.423764334882
2022-09-14 11:50:00,19495.75258862976
2022-09-14 11:55:00,9812.7922467586
2022-09-14 12:00:00,8303.763313852774
2022-09-14 12:05:00,12345.489994595999
2022-09-14 12:10:00,10750.941684936184
2022-09-14 12:15:00,14777.89946073802
2022-09-14 12:20:00,13539.804970667754
2022-09-14 12:25:00,13545.930098637102
2022-09-14 12:30:00,13798.87644093396
2022-09-14 12:35:00,14000.812917033181
2022-09-14 12:40:00,11492.23042404026
2022-09-14 12:45:00,13468.44789817755
2022-09-14 12:50:00,15084.83856498521
2022-09-14 12:55:00,14410.786488575379
2022-09-14 13:00:00,0.0
2022-09-14 13:05:00,0.0
2022-09-14 13:10:00,5439.303764933834
2022-09-14 13:15:00,6714.451218148144
2022-09-14 13:20:00,-1857.0270634083236
2022-09-14 13:25:00,-6263.794237794963
2022-09-14 13:30:00,-6662.156270513337
2022-09-14 13:35:00,-7353.944502856824
2022-09-14 13:40:00,-8375.247085481813
2022-09-14 13:45:00,-8802.521001917485
2022-09-14 13:50:00,-9226.281769077475
2022-09-14 13:55:00,-8845.388411216021
2022-09-14 14:00:00,-8842.647101090084
2022-09-14 14:05:00,-9219.259816278049
2022-09-14 14:10:00,-5036.567181438152
2022-09-14 14:15:00,-1224.7266355540075
2022-09-14 14:20:00,-2401.8430651686886
2022-09-14 14:25:00,-2644.9610837198625
2022-09-14 14:30:00,-3271.6271586592566
2022-09-14 14:35:00,-4140.599278712328
2022-09-14 14:40:00,-4607.727156488739
2022-09-14 14:45:00,-4997.8485389561365
2022-09-14 14:50:00,17270.621560297033
2022-09-14 14:55:00,4319.952784587123
2022-09-14 15:00:00,1238.231164641368
2022-09-14 15:05:00,7382.474467593849
2022-09-14 15:10:00,15158.21445746189
2022-09-14 15:15:00,11734.3943823319
2022-09-14 15:20:00,11429.194628328602
2022-09-14 15:25:00,14928.484513209354
2022-09-14 15:30:00,11265.91527351335
2022-09-14 15:35:00,11767.377851417044
2022-09-14 15:40:00,11748.702155910578
2022-09-14 15:45:00,12841.946607565593
2022-09-14 15:50:00,15054.174618108726
2022-09-14 15:55:00,14677.784709035666
2022-09-14 16:00:00,17117.48138275717
2022-09-14 16:05:00,10910.63914993638
2022-09-14 16:10:00,6620.205672131851
2022-09-14 16:15:00,11291.578765850387
2022-09-14 16:20:00,11972.711220293117
2022-09-14 16:25:00,14848.53397743547
2022-09-14 16:30:00,13560.457216919282
2022-09-14 16:35:00,15762.208115016168
2022-09-14 16:40:00,16330.724746053775
2022-09-14 16:45:00,15023.059042848414
2022-09-14 16:50:00,14375.647011700921
2022-09-14 16:55:00,11850.5149974522
2022-09-14 17:00:00,3582.4203683759324
2022-09-14 17:05:00,-3614.076622424391
2022-09-14 17:10:00,-7618.472581198963
2022-09-14 17:15:00,-9559.069499255827
2022-09-14 17:20:00,-10211.62297450354
2022-09-14 17:25:00,-10811.833341973856
2022-09-14 17:30:00,-10970.92854533525
2022-09-14 17:35:00,-7594.999003600561
2022-09-14 17:40:00,1075.918724993797
2022-09-14 17:45:00,-2488.856867407787
2022-09-14 17:50:00,-3711.77075070864
2022-09-14 17:55:00,-6283.2607168849645
2022-09-14 18:00:00,-8014.466907758347
2022-09-14 18:05:00,-7976.025070291148
2022-09-14 18:10:00,-8012.735506676814
2022-09-14 18:15:00,-8423.575989528119
2022-09-14 18:20:00,-8497.675807825008
2022-09-14 18:25:00,-8847.162596014345
2022-09-14 18:30:00,-9342.873722919066
2022-09-14 18:35:00,-9428.539540110976
2022-09-14 18:40:00,-7655.57010568029
2022-09-14 18:45:00,-1343.2362952675974
2022-09-14 18:50:00,11100.510425878336
2022-09-14 18:55:00,21085.553688491942
2022-09-14 19:00:00,0.0
2022-09-14 19:05:00,10830.786961252781
2022-09-14 19:10:00,18537.398165693743
2022-09-14 19:15:00,18256.399471842175
2022-09-14 19:20:00,8997.595803821814
2022-09-14 19:25:00,19915.204759500346
2022-09-14 19:30:00,-800.6684545637684
2022-09-14 19:35:00,13225.023034086806
2022-09-14 19:40:00,11492.951461025654
2022-09-14 19:45:00,7828.738987049758
2022-09-14 19:50:00,19522.730108335145
2022-09-14 19:55:00,19940.04935996072
2022-09-14 20:00:00,-567.2051388410156
2022-09-14 20:05:00,15964.068744235703
2022-09-14 20:10:00,0.0
2022-09-14 20:15:00,10825.162300181863
2022-09-14 20:20:00,10207.37745637295
2022-09-14 20:25:00,3045.3374109507486
2022-09-14 20:30:00,18304.082895986012
2022-09-14 20:35:00,18639.540279731824
2022-09-14 20:40:00,-690.150132356126
2022-09-14 20:45:00,0.0
2022-09-14 20:50:00,0.0
2022-09-14 20:55:00,0.0
2022-09-14 21:00:00,0.0
2022-09-14 21:05:00,0.0
2022-09-14 21:10:00,0.0
2022-09-14 21:15:00,0.0
2022-09-14 21:20:00,0.0
2022-09-14 21:25:00,0.0
2022-09-14 21:30:00,0.0
2022-09-14 21:35:00,0.0
2022-09-14 21:40:00,0.0
2022-09-14 21:45:00,0.0
2022-09-14 21:50:00,0.0
2022-09-14 21:55:00,0.0
2022-09-14 22:00:00,0.0
2022-09-14 22:05:00,0.0
2022-09-14 22:10:00,0.0
2022-09-14 22:15:00,0.0
2022-09-14 22:20:00,0.0
2022-09-14 22:25:00,0.0
2022-09-14 22:30:00,0.0
2022-09-14 22:35:00,0.0
2022-09-14 22:40:00,0.0
2022-09-14 22:45:00,0.0
2022-09-14 22:50:00,0.0
2022-09-14 22:55:00,0.0
2022-09-14 23:00:00,0.0
2022-09-14 23:05:00,0.0
2022-09-14 23:10:00,0.0
2022-09-14 23:15:00,0.0
2022-09-14 23:20:00,0.0
2022-09-14 23:25:00,0.0
2022-09-14 23:30:00,0.0
2022-09-14 23:35:00,0.0
2022-09-14 23:40:00,0.0
2022-09-14 23:45:00,0.0
2022-09-14 23:50:00,0.0
2022-09-14 23:55:00,0.0
2022-09-15 00:00:00,0.0
2022-09-15 00:05:00,0.0
2022-09-15 00:10:00,0.0
2022-09-15 00:15:00,0.0
2022-09-15 00:20:00,0.0
2022-09-15 00:25:00,0.0
2022-09-15 00:30:00,0.0
2022-09-15 00:35:00,0.0
2022-09-15 00:40:00,0.0
2022-09-15 00:45:00,0.0
2022-09-15 00:50:00,0.0
2022-09-15 00:55:00,0.0
2022-09-15 01:00:00,0.0
2022-09-15 01:05:00,0.0
2022-09-15 01:10:00,0.0
2022-09-15 01:15:00,0.0
2022-09-15 01:20:00,0.0
2022-09-15 01:25:00,0.0
2022-09-15 01:30:00,0.0
2022-09-15 01:35:00,0.0
2022-09-15 01:40:00,0.0
2022-09-15 01:45:00,0.0
2022-09-15 01:50:00,0.0
2022-09-15 01:55:00,0.0
2022-09-15 02:00:00,0.0
2022-09-15 02:05:00,0.0
2022-09-15 02:10:00,0.0
2022-09-15 02:15:00,0.0
2022-09-15 02:20:00,0.0
2022-09-15 02:25:00,0.0
2022-09-15 02:30:00,0.0
2022-09-15 02:35:00,0.0
2022-09-15 02:40:00,0.0
2022-09-15 02:45:00,0.0
2022-09-15 02:50:00,0.0
2022-09-15 02:55:00,0.0
2022-09-15 03:00:00,0.0
2022-09-15 03:05:00,0.0
2022-09-15 03:10:00,0.0
2022-09-15 03:15:00,0.0
2022-09-15 03:20:00,0.0
2022-09-15 03:25:00,0.0
2022-09-15 03:30:00,0.0
2022-09-15 03:35:00,0.0
2022-09-15 03:40:00,0.0
2022-09-15 03:45:00,0.0
2022-09-15 03:50:00,0.0
2022-09-15 03:55:00,0.0
2022-09-15 04:00:00,0.0
2022-09-15 04:05:00,0.0
2022-09-15 04:10:00,0.0
2022-09-15 04:15:00,0.0
2022-09-15 04:20:00,0.0
2022-09-15 04:25:00,0.0
2022-09-15 04:30:00,0.0
2022-09-15 04:35:00,0.0
2022-09-15 04:40:00,0.0
2022-09-15 04:45:00,0.0
2022-09-15 04:50:00,0.0
2022-09-15 04:55:00,0.0
2022-09-15 05:00:00,0.0
2022-09-15 05:05:00,0.0
2022-09-15 05:10:00,0.0
2022-09-15 05:15:00,0.0
2022-09-15 05:20:00,0.0
2022-09-15 05:25:00,0.0
2022-09-15 05:30:00,0.0
2022-09-15 05:35:00,0.0
2022-09-15 05:40:00,0.0
2022-09-15 05:45:00,0.0
2022-09-15 05:50:00,0.0
2022-09-15 05:55:00,0.0
2022-09-15 06:00:00,0.0
2022-09-15 06:05:00,0.0
2022-09-15 06:10:00,0.0
2022-09-15 06:15:00,0.0
2022-09-15 06:20:00,0.0
2022-09-15 06:25:00,0.0
2022-09-15 06:30:00,0.0
2022-09-15 06:35:00,0.0
2022-09-15 06:40:00,0.0
2022-09-15 06:45:00,0.0
2022-09-15 06:50:00,0.0
2022-09-15 06:55:00,0.0
2022-09-15 07:00:00,0.0
2022-09-15 07:05:00,0.0
2022-09-15 07:10:00,0.0
2022-09-15 07:15:00,0.0
2022-09-15 07:20:00,0.0
2022-09-15 07:25:00,0.0
2022-09-15 07:30:00,0.0
2022-09-15 07:35:00,0.0
2022-09-15 07:40:00,0.0
2022-09-15 07:45:00,0.0
2022-09-15 07:50:00,0.0
2022-09-15 07:55:00,0.0
2022-09-15 08:00:00,0.0
2022-09-15 08:05:00,13522.04628061814
2022-09-15 08:10:00,16276.394474320783
2022-09-15 08:15:00,0.0
2022-09-15 08:20:00,0.0
2022-09-15 08:25:00,0.0
2022-09-15 08:30:00,18239.78950449651
2022-09-15 08:35:00,21183.470613545727
2022-09-15 08:40:00,5385.955650123821
2022-09-15 08:45:00,18118.720927160597
2022-09-15 08:50:00,0.0
2022-09-15 08:55:00,0.0
2022-09-15 09:00:00,0.0
2022-09-15 09:05:00,0.0
2022-09-15 09:10:00,0.0
2022-09-15 09:15:00,0.0
2022-09-15 09:20:00,0.0
2022-09-15 09:25:00,0.0
2022-09-15 09:30:00,0.0
2022-09-15 09:35:00,0.0
2022-09-15 09:40:00,0.0
2022-09-15 09:45:00,-628.3403892554498
2022-09-15 09:50:00,15189.98622582006
2022-09-15 09:55:00,22593.606750825867
2022-09-15 10:00:00,6971.568446724741
2022-09-15 10:05:00,10721.436011616735
2022-09-15 10:10:00,13471.598368803521
2022-09-15 10:15:00,-475.11409924186796
2022-09-15 10:20:00,20066.82456266547
2022-09-15 10:25:00,-834.4863899334654
2022-09-15 10:30:00,19365.19985154431
2022-09-15 10:35:00,11888.149637233822
2022-09-15 10:40:00,-761.4563610617453
2022-09-15 10:45:00,19448.42733541175
2022-09-15 10:50:00,13639.4948297481
2022-09-15 10:55:00,-448.96145097077397
2022-09-15 11:00:00,8935.66001075319
2022-09-15 11:05:00,0.0
2022-09-15 11:10:00,17474.984424048307
2022-09-15 11:15:00,-769.7318310848858
2022-09-15 11:20:00,9960.798272116814
2022-09-15 11:30:00,-436.9680894896678
2022-09-15 11:35:00,25048.884325343217
2022-09-15 11:40:00,10681.877577562063
2022-09-15 11:45:00,0.0
2022-09-15 11:50:00,0.0
2022-09-15 11:55:00,0.0
2022-09-15 12:00:00,0.0
2022-09-15 12:05:00,0.0
2022-09-15 12:10:00,0.0
2022-09-15 12:15:00,0.0
2022-09-15 12:20:00,0.0
2022-09-15 12:25:00,0.0
2022-09-15 12:30:00,5277.837354987331
2022-09-15 12:35:00,18571.028507928982
2022-09-15 12:40:00,13275.252873463107
2022-09-15 12:45:00,-745.6789827767508
2022-09-15 12:50:00,5465.138385523676
2022-09-15 12:55:00,13986.766178279522
2022-09-15 13:00:00,-839.8517938854136
2022-09-15 13:05:00,9526.025517750717
2022-09-15 13:10:00,11931.874380688156
2022-09-15 13:15:00,-798.0856147395128
2022-09-15 13:20:00,11541.02140711515
2022-09-15 13:25:00,-856.8230256214587
2022-09-15 13:30:00,-699.328269111871
2022-09-15 13:35:00,0.0
2022-09-15 13:40:00,0.0
2022-09-15 13:45:00,0.0
2022-09-15 13:50:00,0.0
2022-09-15 13:55:00,0.0
2022-09-15 14:00:00,8750.930518854977
2022-09-15 14:05:00,24836.26904800366
2022-09-15 14:10:00,11459.638820881159
2022-09-15 14:15:00,4900.769357190627
2022-09-15 14:20:00,23586.93105147047
2022-09-15 14:25:00,-920.420815052054
2022-09-15 14:30:00,12126.809731297766
2022-09-15 14:35:00,9499.20544303806
2022-09-15 14:40:00,-826.7571693044868
2022-09-15 14:45:00,17505.220438892607
2022-09-15 14:50:00,-954.6529361592095
2022-09-15 14:55:00,-779.9027305833264
2022-09-15 15:00:00,19770.513475667092
2022-09-15 15:05:00,18681.46734086448
2022-09-15 15:10:00,13343.833877707282
2022-09-15 15:15:00,21041.83731693104
2022-09-15 15:20:00,5030.198749906299
2022-09-15 15:25:00,19089.24770595305
2022-09-15 15:30:00,-915.9152216242935
2022-09-15 15:35:00,8048.624677866696
2022-09-15 15:40:00,13124.026431420063
2022-09-15 15:45:00,-847.2666116679887
2022-09-15 15:50:00,19185.931760188814
2022-09-15 15:55:00,31255.98585647038
2022-09-15 16:00:00,2833.108124594678
2022-09-15 16:05:00,14408.14613169427
2022-09-15 16:10:00,7529.245260001118
2022-09-15 16:15:00,19824.09620084414
2022-09-15 16:20:00,5549.62340819667
2022-09-15 16:25:00,-700.7321149256308
2022-09-15 16:30:00,22504.35796686166
2022-09-15 16:35:00,-892.2341445531333
2022-09-15 16:40:00,13785.22369260597
2022-09-15 16:45:00,8782.738044830536
2022-09-15 16:50:00,0.0
2022-09-15 16:55:00,0.0
2022-09-15 17:00:00,0.0
2022-09-15 17:05:00,0.0
2022-09-15 17:10:00,0.0
2022-09-15 17:15:00,0.0
2022-09-15 17:20:00,0.0
2022-09-15 17:25:00,0.0
2022-09-15 17:30:00,0.0
2022-09-15 17:35:00,0.0
2022-09-15 17:40:00,0.0
2022-09-15 17:45:00,0.0
2022-09-15 17:50:00,0.0
2022-09-15 17:55:00,0.0
2022-09-15 18:00:00,0.0
2022-09-15 18:05:00,0.0
2022-09-15 18:10:00,0.0
2022-09-15 18:15:00,0.0
2022-09-15 18:20:00,0.0
2022-09-15 18:25:00,0.0
2022-09-15 18:30:00,0.0
2022-09-15 18:35:00,0.0
2022-09-15 18:40:00,0.0
2022-09-15 18:45:00,0.0
2022-09-15 18:50:00,0.0
2022-09-15 18:55:00,0.0
2022-09-15 19:00:00,0.0
2022-09-15 19:05:00,0.0
2022-09-15 19:10:00,0.0
2022-09-15 19:15:00,0.0
2022-09-15 19:20:00,0.0
2022-09-15 19:25:00,0.0
2022-09-15 19:30:00,0.0
2022-09-15 19:35:00,0.0
2022-09-15 19:40:00,0.0
2022-09-15 19:45:00,0.0
2022-09-15 19:50:00,0.0
2022-09-15 19:55:00,0.0
2022-09-15 20:00:00,0.0
2022-09-15 20:05:00,0.0
2022-09-15 20:10:00,0.0
2022-09-15 20:15:00,0.0
2022-09-15 20:20:00,0.0
2022-09-15 20:25:00,0.0
2022-09-15 20:30:00,0.0
2022-09-15 20:35:00,0.0
2022-09-15 20:40:00,0.0
2022-09-15 20:45:00,0.0
2022-09-15 20:50:00,0.0
2022-09-15 20:55:00,0.0
2022-09-15 21:00:00,0.0
2022-09-15 21:05:00,0.0
2022-09-15 21:10:00,0.0
2022-09-15 21:15:00,0.0
2022-09-15 21:20:00,0.0
2022-09-15 21:25:00,0.0
2022-09-15 21:30:00,0.0
2022-09-15 21:35:00,0.0
2022-09-15 21:40:00,0.0
2022-09-15 21:45:00,0.0
2022-09-15 21:50:00,0.0
2022-09-15 21:55:00,0.0
2022-09-15 22:00:00,0.0
2022-09-15 22:05:00,0.0
2022-09-15 22:10:00,0.0
2022-09-15 22:15:00,0.0
2022-09-15 22:20:00,0.0
2022-09-15 22:25:00,0.0
2022-09-15 22:30:00,0.0
2022-09-15 22:35:00,0.0
2022-09-15 22:40:00,0.0
2022-09-15 22:45:00,0.0
2022-09-15 22:50:00,0.0
2022-09-15 22:55:00,0.0
2022-09-15 23:00:00,0.0
2022-09-15 23:05:00,0.0
2022-09-15 23:10:00,0.0
2022-09-15 23:15:00,0.0
2022-09-15 23:20:00,0.0
2022-09-15 23:25:00,0.0
2022-09-15 23:30:00,0.0
2022-09-15 23:35:00,0.0
2022-09-15 23:40:00,0.0
2022-09-15 23:45:00,0.0
2022-09-15 23:50:00,0.0
2022-09-15 23:55:00,0.0
2022-09-16 00:00:00,0.0
2022-09-16 00:05:00,0.0
2022-09-16 00:10:00,0.0
2022-09-16 00:15:00,0.0
2022-09-16 00:20:00,0.0
2022-09-16 00:25:00,0.0
2022-09-16 00:30:00,0.0
2022-09-16 00:35:00,0.0
2022-09-16 00:40:00,0.0
2022-09-16 00:45:00,0.0
2022-09-16 00:50:00,0.0
2022-09-16 00:55:00,0.0
2022-09-16 01:00:00,0.0
2022-09-16 01:05:00,0.0
2022-09-16 01:10:00,0.0
2022-09-16 01:15:00,0.0
2022-09-16 01:20:00,0.0
2022-09-16 01:25:00,0.0
2022-09-16 01:30:00,0.0
2022-09-16 01:35:00,0.0
2022-09-16 01:40:00,0.0
2022-09-16 01:45:00,0.0
2022-09-16 01:50:00,0.0
2022-09-16 01:55:00,0.0
2022-09-16 02:00:00,0.0
2022-09-16 02:05:00,0.0
2022-09-16 02:10:00,0.0
2022-09-16 02:15:00,0.0
2022-09-16 02:20:00,0.0
2022-09-16 02:25:00,0.0
2022-09-16 02:30:00,0.0
2022-09-16 02:35:00,0.0
2022-09-16 02:40:00,0.0
2022-09-16 02:45:00,0.0
2022-09-16 02:50:00,0.0
2022-09-16 02:55:00,0.0
2022-09-16 03:00:00,0.0
2022-09-16 03:05:00,0.0
2022-09-16 03:10:00,0.0
2022-09-16 03:15:00,0.0
2022-09-16 03:20:00,0.0
2022-09-16 03:25:00,0.0
2022-09-16 03:30:00,0.0
2022-09-16 03:35:00,0.0
2022-09-16 03:40:00,0.0
2022-09-16 03:45:00,0.0
2022-09-16 03:50:00,0.0
2022-09-16 03:55:00,0.0
2022-09-16 04:00:00,0.0
2022-09-16 04:05:00,0.0
2022-09-16 04:10:00,0.0
2022-09-16 04:15:00,0.0
2022-09-16 04:20:00,0.0
2022-09-16 04:25:00,0.0
2022-09-16 04:30:00,0.0
2022-09-16 04:35:00,0.0
2022-09-16 04:40:00,0.0
2022-09-16 04:45:00,0.0
2022-09-16 04:50:00,0.0
2022-09-16 04:55:00,0.0
2022-09-16 05:00:00,0.0
2022-09-16 05:05:00,0.0
2022-09-16 05:10:00,0.0
2022-09-16 05:15:00,0.0
2022-09-16 05:20:00,0.0
2022-09-16 05:25:00,0.0
2022-09-16 05:30:00,0.0
2022-09-16 05:35:00,0.0
2022-09-16 05:40:00,0.0
2022-09-16 05:45:00,0.0
2022-09-16 05:50:00,0.0
2022-09-16 05:55:00,0.0
2022-09-16 06:00:00,0.0
2022-09-16 06:05:00,0.0
2022-09-16 06:10:00,0.0
2022-09-16 06:15:00,0.0
2022-09-16 06:20:00,0.0
2022-09-16 06:25:00,0.0
2022-09-16 06:30:00,0.0
2022-09-16 06:35:00,0.0
2022-09-16 06:40:00,0.0
2022-09-16 06:45:00,0.0
2022-09-16 06:50:00,0.0
2022-09-16 06:55:00,0.0
2022-09-16 07:00:00,0.0
2022-09-16 07:05:00,0.0
2022-09-16 07:10:00,0.0
2022-09-16 07:15:00,0.0
2022-09-16 07:20:00,0.0
2022-09-16 07:25:00,22456.002922939988
2022-09-16 07:30:00,10670.582185718671
2022-09-16 07:35:00,-318.542639925497
2022-09-16 07:40:00,-6140.881009592806
2022-09-16 07:45:00,-5932.344445759636
2022-09-16 07:50:00,74.31840176782387
2022-09-16 07:55:00,-5979.89669800412
2022-09-16 08:00:00,-8203.047306557817
2022-09-16 08:05:00,-8037.665130955374
2022-09-16 08:10:00,-6740.710627005833
2022-09-16 08:15:00,-6571.6283764290665
2022-09-16 08:20:00,-6287.281308570331
2022-09-16 08:25:00,-3413.9256299896574
2022-09-16 08:30:00,4681.731316021901
2022-09-16 08:35:00,5479.961138996254
2022-09-16 08:40:00,2050.2397120526584
2022-09-16 08:45:00,2788.19009680681
2022-09-16 08:50:00,431.16402126340364
2022-09-16 08:55:00,-2355.6506045956044
2022-09-16 09:00:00,14735.57924106444
2022-09-16 09:05:00,7663.109714916219
2022-09-16 09:10:00,0.0
2022-09-16 09:15:00,20615.955572290593
2022-09-16 09:20:00,25329.0098581964
2022-09-16 09:25:00,27069.38318883445
2022-09-16 09:30:00,29084.235696307693
2022-09-16 09:35:00,30369.293220783966
2022-09-16 09:40:00,36364.89885255005
2022-09-16 09:45:00,41689.98379523373
2022-09-16 09:50:00,44674.878339860334
2022-09-16 09:55:00,0.0
2022-09-16 10:00:00,0.0
2022-09-16 10:05:00,11777.202884747874
2022-09-16 10:10:00,40003.377607780276
2022-09-16 10:15:00,50743.88975746412
2022-09-16 10:20:00,53676.34128988019
2022-09-16 10:25:00,55153.75434296075
2022-09-16 10:30:00,58733.12736714931
2022-09-16 10:35:00,58997.99884786401
2022-09-16 10:40:00,58704.90319774359
2022-09-16 10:45:00,47831.25488315451
2022-09-16 10:50:00,47478.4157102012
2022-09-16 10:55:00,47087.847197248586
2022-09-16 11:00:00,48544.13513031041
2022-09-16 11:05:00,44796.08994888467
2022-09-16 11:10:00,41852.200461956534
2022-09-16 11:15:00,40891.172092148496
2022-09-16 11:20:00,45114.0351631586
2022-09-16 11:25:00,48663.01178346915
2022-09-16 11:30:00,50923.10105961027
2022-09-16 11:35:00,50187.11307464659
2022-09-16 11:40:00,47321.37169392625
2022-09-16 11:45:00,41115.276446432785
2022-09-16 11:50:00,39798.00726364067
2022-09-16 11:55:00,39556.244459184694
2022-09-16 12:00:00,38240.137048349425
2022-09-16 12:05:00,41810.05060012257
2022-09-16 12:10:00,37190.662302754536
2022-09-16 12:15:00,31951.335817714247
2022-09-16 12:20:00,30250.515208117813
2022-09-16 12:25:00,29683.824265291005
2022-09-16 12:30:00,29506.14422235517
2022-09-16 12:35:00,36290.506360921594
2022-09-16 12:40:00,34911.610363687716
2022-09-16 12:45:00,42550.79457324682
2022-09-16 12:50:00,45869.643564962964
2022-09-16 12:55:00,46463.98138392628
2022-09-16 13:00:00,49234.28210167029
2022-09-16 13:05:00,49895.48625210389
2022-09-16 13:10:00,49357.8938743576
2022-09-16 13:15:00,49429.31608611546
2022-09-16 13:20:00,42788.94979243954
2022-09-16 13:25:00,0.0
2022-09-16 13:30:00,-739.3729356083627
2022-09-16 13:35:00,26763.76509551464
2022-09-16 13:40:00,42201.80247362115
2022-09-16 13:45:00,44325.64197003208
2022-09-16 13:50:00,40143.07397257082
2022-09-16 13:55:00,43154.05118381477
2022-09-16 14:00:00,42858.103199966674
2022-09-16 14:05:00,39148.40013483671
2022-09-16 14:10:00,32834.74998405155
2022-09-16 14:15:00,27358.4842958722
2022-09-16 14:20:00,26463.459750167218
2022-09-16 14:25:00,27312.001768618225
2022-09-16 14:30:00,26705.278803861675
2022-09-16 14:35:00,25607.352877337053
2022-09-16 14:40:00,28460.512304524793
2022-09-16 14:45:00,26764.351246285485
2022-09-16 14:50:00,28615.77424570816
2022-09-16 14:55:00,28582.190260658863
2022-09-16 15:00:00,27578.904723444433
2022-09-16 15:05:00,27088.598760065935
2022-09-16 15:10:00,26754.89841505515
2022-09-16 15:15:00,27026.20038949078
2022-09-16 15:20:00,29249.223737613494
2022-09-16 15:25:00,15280.892154261383
2022-09-16 15:30:00,12524.075420766514
2022-09-16 15:35:00,12578.681970157997
2022-09-16 15:40:00,14570.361264747135
2022-09-16 15:45:00,16204.583322506372
2022-09-16 15:50:00,16013.27791598806
2022-09-16 15:55:00,17659.515579293726
2022-09-16 16:00:00,17595.646446786555
2022-09-16 16:05:00,22844.57430114967
2022-09-16 16:35:00,30379.06819407668
2022-09-16 16:40:00,16313.657040150112
2022-09-16 16:45:00,21226.715058845857
2022-09-16 16:50:00,15106.001303651108
2022-09-16 16:55:00,20194.98007284661
2022-09-16 17:00:00,23486.62682217925
2022-09-16 17:05:00,24308.816985312413
2022-09-16 17:10:00,23215.91853611765
2022-09-16 17:15:00,22864.26975076697
2022-09-16 17:20:00,29061.84376200738
2022-09-16 17:25:00,18068.228635556432
2022-09-16 17:30:00,21166.489306091542
2022-09-16 17:35:00,15107.04224737345
2022-09-16 17:40:00,15522.239267963503
2022-09-16 17:45:00,25625.17147687654
2022-09-16 17:50:00,21762.168789980944
2022-09-16 17:55:00,19685.401373901437
2022-09-16 18:00:00,38140.82691922339
2022-09-16 18:05:00,16092.90471685393
2022-09-16 18:10:00,21160.722544479333
2022-09-16 18:15:00,24016.585020153554
2022-09-16 18:20:00,14310.766790319994
2022-09-16 18:25:00,20654.34157059336
2022-09-16 18:30:00,23387.301688438907
2022-09-16 18:35:00,23711.025446466625
2022-09-16 18:40:00,19638.374739014213
2022-09-16 18:45:00,18882.773800011644
2022-09-16 18:50:00,18564.593823901105
2022-09-16 18:55:00,20878.791679036065
2022-09-16 19:00:00,0.0
2022-09-16 19:05:00,0.0
2022-09-16 19:10:00,0.0
2022-09-16 19:15:00,0.0
2022-09-16 19:20:00,0.0
2022-09-16 19:25:00,0.0
2022-09-16 19:30:00,0.0
2022-09-16 19:35:00,0.0
2022-09-16 19:40:00,0.0
2022-09-16 19:45:00,0.0
2022-09-16 19:50:00,0.0
2022-09-16 19:55:00,0.0
2022-09-16 20:00:00,0.0
2022-09-16 20:05:00,0.0
2022-09-16 20:10:00,0.0
2022-09-16 20:15:00,0.0
2022-09-16 20:20:00,0.0
2022-09-16 20:25:00,0.0
2022-09-16 20:30:00,0.0
2022-09-16 20:35:00,0.0
2022-09-16 20:40:00,0.0
2022-09-16 20:45:00,0.0
2022-09-16 20:50:00,0.0
2022-09-16 20:55:00,0.0
2022-09-16 21:00:00,0.0
2022-09-16 21:05:00,0.0
2022-09-16 21:10:00,0.0
2022-09-16 21:15:00,0.0
2022-09-16 21:20:00,0.0
2022-09-16 21:25:00,0.0
2022-09-16 21:30:00,0.0
2022-09-16 21:35:00,0.0
2022-09-16 21:40:00,0.0
2022-09-16 21:45:00,0.0
2022-09-16 21:50:00,0.0
2022-09-16 21:55:00,0.0
2022-09-16 22:00:00,0.0
2022-09-16 22:05:00,0.0
2022-09-16 22:10:00,0.0
2022-09-16 22:15:00,0.0
2022-09-16 22:20:00,0.0
2022-09-16 22:25:00,0.0
2022-09-16 22:30:00,0.0
2022-09-16 22:35:00,0.0
2022-09-16 22:40:00,0.0
2022-09-16 22:45:00,0.0
2022-09-16 22:50:00,0.0
2022-09-16 22:55:00,0.0
2022-09-16 23:00:00,0.0
2022-09-16 23:05:00,0.0
2022-09-16 23:10:00,0.0
2022-09-16 23:15:00,0.0
2022-09-16 23:20:00,0.0
2022-09-16 23:25:00,0.0
2022-09-16 23:30:00,0.0
2022-09-16 23:35:00,0.0
2022-09-16 23:40:00,0.0
2022-09-16 23:45:00,0.0
2022-09-16 23:50:00,0.0
2022-09-16 23:55:00,0.0
2022-09-17 00:00:00,0.0
2022-09-17 00:05:00,0.0
2022-09-17 00:10:00,0.0
2022-09-17 00:15:00,0.0
2022-09-17 00:20:00,0.0
2022-09-17 00:25:00,0.0
2022-09-17 00:30:00,0.0
2022-09-17 00:35:00,0.0
2022-09-17 00:40:00,0.0
2022-09-17 00:45:00,0.0
2022-09-17 00:50:00,0.0
2022-09-17 00:55:00,0.0
2022-09-17 01:00:00,0.0
2022-09-17 01:05:00,0.0
2022-09-17 01:10:00,0.0
2022-09-17 01:15:00,0.0
2022-09-17 01:20:00,0.0
2022-09-17 01:25:00,0.0
2022-09-17 01:30:00,0.0
2022-09-17 01:35:00,0.0
2022-09-17 01:40:00,0.0
2022-09-17 01:45:00,0.0
2022-09-17 01:50:00,0.0
2022-09-17 01:55:00,0.0
2022-09-17 02:00:00,0.0
2022-09-17 02:05:00,0.0
2022-09-17 02:10:00,0.0
2022-09-17 02:15:00,0.0
2022-09-17 02:20:00,0.0
2022-09-17 02:25:00,0.0
2022-09-17 02:30:00,0.0
2022-09-17 02:35:00,0.0
2022-09-17 02:40:00,0.0
2022-09-17 02:45:00,0.0
2022-09-17 02:50:00,0.0
2022-09-17 02:55:00,0.0
2022-09-17 03:00:00,0.0
2022-09-17 03:05:00,0.0
2022-09-17 03:10:00,0.0
2022-09-17 03:15:00,0.0
2022-09-17 03:20:00,0.0
2022-09-17 03:25:00,0.0
2022-09-17 03:30:00,0.0
2022-09-17 03:35:00,0.0
2022-09-17 03:40:00,0.0
2022-09-17 03:45:00,0.0
2022-09-17 03:50:00,0.0
2022-09-17 03:55:00,0.0
2022-09-17 04:00:00,0.0
2022-09-17 04:05:00,0.0
2022-09-17 04:10:00,0.0
2022-09-17 04:15:00,0.0
2022-09-17 04:20:00,0.0
2022-09-17 04:25:00,0.0
2022-09-17 04:30:00,0.0
2022-09-17 04:35:00,0.0
2022-09-17 04:40:00,0.0
2022-09-17 04:45:00,0.0
2022-09-17 04:50:00,0.0
2022-09-17 04:55:00,0.0
2022-09-17 05:00:00,0.0
2022-09-17 05:05:00,0.0
2022-09-17 05:10:00,0.0
2022-09-17 05:15:00,0.0
2022-09-17 05:20:00,0.0
2022-09-17 05:25:00,0.0
2022-09-17 05:30:00,0.0
2022-09-17 05:35:00,0.0
2022-09-17 05:40:00,0.0
2022-09-17 05:45:00,0.0
2022-09-17 05:50:00,0.0
2022-09-17 05:55:00,0.0
2022-09-17 06:00:00,0.0
2022-09-17 06:05:00,0.0
2022-09-17 06:10:00,0.0
2022-09-17 06:15:00,0.0
2022-09-17 06:20:00,0.0
2022-09-17 06:25:00,0.0
2022-09-17 06:30:00,0.0
2022-09-17 06:35:00,0.0
2022-09-17 06:40:00,0.0
2022-09-17 06:45:00,0.0
2022-09-17 06:50:00,0.0
2022-09-17 06:55:00,0.0
2022-09-17 07:00:00,0.0
2022-09-17 07:05:00,0.0
2022-09-17 07:10:00,0.0
2022-09-17 07:15:00,0.0
2022-09-17 07:20:00,0.0
2022-09-17 07:25:00,0.0
2022-09-17 07:30:00,0.0
2022-09-17 07:35:00,0.0
2022-09-17 07:40:00,0.0
2022-09-17 07:45:00,0.0
2022-09-17 07:50:00,0.0
2022-09-17 07:55:00,0.0
2022-09-17 08:00:00,0.0
2022-09-17 08:05:00,0.0
2022-09-17 08:10:00,0.0
2022-09-17 08:15:00,0.0
2022-09-17 08:20:00,0.0
2022-09-17 08:25:00,0.0
2022-09-17 08:30:00,0.0
2022-09-17 08:35:00,0.0
2022-09-17 08:40:00,0.0
2022-09-17 08:45:00,0.0
2022-09-17 08:50:00,0.0
2022-09-17 08:55:00,0.0
2022-09-17 09:00:00,0.0
2022-09-17 09:05:00,0.0
2022-09-17 09:10:00,0.0
2022-09-17 09:15:00,0.0
2022-09-17 09:20:00,0.0
2022-09-17 09:25:00,0.0
2022-09-17 09:30:00,0.0
2022-09-17 09:35:00,0.0
2022-09-17 09:40:00,0.0
2022-09-17 09:45:00,0.0
2022-09-17 09:50:00,0.0
2022-09-17 09:55:00,0.0
2022-09-17 10:00:00,0.0
2022-09-17 10:05:00,0.0
2022-09-17 10:10:00,0.0
2022-09-17 10:15:00,0.0
2022-09-17 10:20:00,0.0
2022-09-17 10:25:00,0.0
2022-09-17 10:30:00,0.0
2022-09-17 10:35:00,15156.33471615046
2022-09-17 10:40:00,25187.141264397265
2022-09-17 10:45:00,27213.219244975888
2022-09-17 10:50:00,25544.762154665343
2022-09-17 10:55:00,29997.54908033975
2022-09-17 11:00:00,18552.593883097074
2022-09-17 11:05:00,19615.810433063627
2022-09-17 11:10:00,2981.5406060235377
2022-09-17 11:15:00,13996.263760921194
2022-09-17 11:20:00,5649.447774523375
2022-09-17 11:25:00,0.0
2022-09-17 11:30:00,0.0
2022-09-17 11:35:00,0.0
2022-09-17 11:40:00,0.0
2022-09-17 11:45:00,0.0
2022-09-17 11:50:00,0.0
2022-09-17 11:55:00,0.0
2022-09-17 12:00:00,0.0
2022-09-17 12:05:00,0.0
2022-09-17 12:10:00,0.0
2022-09-17 12:15:00,0.0
2022-09-17 12:20:00,0.0
2022-09-17 12:25:00,0.0
2022-09-17 12:30:00,0.0
2022-09-17 12:35:00,0.0
2022-09-17 12:40:00,0.0
2022-09-17 12:45:00,0.0
2022-09-17 12:50:00,0.0
2022-09-17 12:55:00,0.0
2022-09-17 13:00:00,0.0
2022-09-17 13:05:00,0.0
2022-09-17 13:10:00,0.0
2022-09-17 13:15:00,0.0
2022-09-17 13:20:00,0.0
2022-09-17 13:25:00,0.0
2022-09-17 13:30:00,0.0
2022-09-17 13:35:00,0.0
2022-09-17 13:40:00,0.0
2022-09-17 13:45:00,0.0
2022-09-17 13:50:00,0.0
2022-09-17 13:55:00,0.0
2022-09-17 14:00:00,0.0
2022-09-17 14:05:00,0.0
2022-09-17 14:10:00,0.0
2022-09-17 14:15:00,0.0
2022-09-17 14:20:00,0.0
2022-09-17 14:25:00,0.0
2022-09-17 14:30:00,0.0
2022-09-17 14:35:00,0.0
2022-09-17 14:40:00,0.0
2022-09-17 14:45:00,0.0
2022-09-17 14:50:00,0.0
2022-09-17 14:55:00,0.0
2022-09-17 15:00:00,0.0
2022-09-17 15:05:00,0.0
2022-09-17 15:10:00,0.0
2022-09-17 15:15:00,0.0
2022-09-17 15:20:00,0.0
2022-09-17 15:25:00,0.0
2022-09-17 15:30:00,0.0
2022-09-17 15:35:00,0.0
2022-09-17 15:40:00,0.0
2022-09-17 15:45:00,0.0
2022-09-17 15:50:00,0.0
2022-09-17 15:55:00,0.0
2022-09-17 16:00:00,0.0
2022-09-17 16:05:00,0.0
2022-09-17 16:10:00,0.0
2022-09-17 16:15:00,0.0
2022-09-17 16:20:00,0.0
2022-09-17 16:25:00,0.0
2022-09-17 16:30:00,0.0
2022-09-17 16:35:00,0.0
2022-09-17 16:40:00,0.0
2022-09-17 16:45:00,0.0
2022-09-17 16:50:00,0.0
2022-09-17 16:55:00,0.0
2022-09-17 17:00:00,0.0
2022-09-17 17:05:00,0.0
2022-09-17 17:10:00,0.0
2022-09-17 17:15:00,
2022-09-17 17:20:00,12876.599921418907
2022-09-17 17:25:00,26996.549171386043
2022-09-17 17:30:00,29971.22361026507
2022-09-17 17:35:00,28257.188273802476
2022-09-17 17:40:00,25509.396224242926
2022-09-17 17:45:00,21467.76646658374
2022-09-17 17:50:00,17270.45999419074
2022-09-17 17:55:00,0.0
2022-09-17 18:00:00,-575.7378390517076
2022-09-17 18:05:00,18283.184835109172
2022-09-17 18:10:00,20372.179953481864
2022-09-17 18:15:00,23818.085257040966
2022-09-17 18:20:00,25015.828042289304
2022-09-17 18:25:00,27498.990641071996
2022-09-17 18:30:00,25143.184731531408
2022-09-17 18:35:00,12484.592676538343
2022-09-17 18:40:00,0.0
2022-09-17 18:45:00,0.0
2022-09-17 18:50:00,0.0
2022-09-17 18:55:00,0.0
2022-09-17 19:00:00,0.0
2022-09-17 19:05:00,0.0
2022-09-17 19:10:00,0.0
2022-09-17 19:15:00,0.0
2022-09-17 19:20:00,0.0
2022-09-17 19:25:00,0.0
2022-09-17 19:30:00,0.0
2022-09-17 19:35:00,0.0
2022-09-17 19:40:00,0.0
2022-09-17 19:45:00,0.0
2022-09-17 19:50:00,0.0
2022-09-17 19:55:00,0.0
2022-09-17 20:00:00,0.0
2022-09-17 20:05:00,0.0
2022-09-17 20:10:00,0.0
2022-09-17 20:15:00,0.0
2022-09-17 20:20:00,0.0
2022-09-17 20:25:00,0.0
2022-09-17 20:30:00,0.0
2022-09-17 20:35:00,0.0
2022-09-17 20:40:00,0.0
2022-09-17 20:45:00,0.0
2022-09-17 20:50:00,0.0
2022-09-23 08:00:00,0.0
2022-09-23 08:05:00,0.0
2022-09-23 08:10:00,0.0
2022-09-23 08:15:00,0.0
2022-09-23 08:20:00,0.0
2022-09-23 08:25:00,0.0
2022-09-23 08:30:00,0.0
2022-09-23 08:35:00,0.0
2022-09-23 08:40:00,0.0
2022-09-23 08:45:00,0.0
2022-09-23 08:50:00,0.0
2022-09-23 08:55:00,0.0
2022-09-23 09:00:00,0.0
2022-09-23 09:05:00,0.0
2022-09-23 09:10:00,0.0
2022-09-23 09:15:00,0.0
2022-09-23 09:20:00,0.0
2022-09-23 09:25:00,0.0
2022-09-23 09:30:00,0.0
2022-09-23 09:35:00,0.0
2022-09-23 09:40:00,0.0
2022-09-23 09:45:00,0.0
2022-09-23 09:50:00,0.0
2022-09-23 09:55:00,0.0
2022-09-23 10:00:00,0.0
2022-09-23 10:05:00,0.0
2022-09-23 10:10:00,21551.012769787383
2022-09-23 10:15:00,34886.10303887142
2022-09-23 10:20:00,0.0
2022-09-23 10:25:00,-598.6274304800418
2022-09-23 10:30:00,19301.80198712987
2022-09-23 10:35:00,32254.875928300567
2022-09-23 10:40:00,11630.4222680105
2022-09-23 10:45:00,0.0
2022-09-23 10:50:00,15180.965942899704
2022-09-23 10:55:00,32019.82606067568
2022-09-23 11:00:00,14590.9045494895
2022-09-23 11:05:00,19794.067826516548
2022-09-23 11:10:00,11657.367842454656
2022-09-23 11:15:00,13314.426052958846
2022-09-23 11:20:00,17016.342391270133
2022-09-23 11:25:00,6993.891231685688
2022-09-23 11:30:00,18236.95634603924
2022-09-23 11:35:00,8767.441602290972
2022-09-23 11:40:00,10082.453161563826
2022-09-23 11:45:00,10718.607913097227
2022-09-23 11:50:00,19432.02781856646
2022-09-23 11:55:00,8822.542185168219
2022-09-23 12:00:00,12667.581509275833
2022-09-23 12:05:00,7883.660877929122
2022-09-23 12:10:00,10017.837065812704
2022-09-23 12:15:00,15760.385814600022
2022-09-23 12:20:00,32958.489738998695
2022-09-23 12:25:00,14739.615259616983
2022-09-23 12:30:00,12231.422024628519
2022-09-23 12:35:00,15175.65732238632
2022-09-23 12:40:00,13527.832518348494
2022-09-23 12:45:00,12810.459030176327
2022-09-23 12:50:00,13350.251411032046
2022-09-23 12:55:00,9647.67401857147
2022-09-23 13:00:00,12776.500208377684
2022-09-23 13:05:00,10995.069189254404
2022-09-23 13:10:00,7970.331632194344
2022-09-23 13:15:00,8937.78003702633
2022-09-23 13:20:00,12690.792184948376
2022-09-23 13:25:00,10011.754226367162
2022-09-23 13:30:00,16104.95875566476
2022-09-23 13:35:00,10660.705029160363
2022-09-23 13:40:00,15580.205883097347
2022-09-23 13:45:00,7941.487175256703
2022-09-23 13:50:00,16816.23016380426
2022-09-23 13:55:00,8993.262461674036
2022-09-23 14:00:00,23950.914805961427
2022-09-23 14:05:00,16695.749004055666
2022-09-23 14:10:00,34053.16240451611
2022-09-23 14:15:00,11486.718332802588
2022-09-23 14:20:00,11665.098497207837
2022-09-23 14:25:00,20562.17528745889
2022-09-23 14:30:00,11875.485106311084
2022-09-23 14:35:00,10589.13763903172
2022-09-23 14:40:00,16188.095794195806
2022-09-23 14:45:00,0.0
2022-09-23 14:50:00,0.0
2022-09-23 14:55:00,0.0
2022-09-23 15:00:00,0.0
2022-09-23 15:05:00,0.0
2022-09-23 15:10:00,0.0
2022-09-23 15:15:00,0.0
2022-09-23 15:20:00,0.0
2022-09-23 15:25:00,0.0
2022-09-23 15:30:00,0.0
2022-09-23 15:35:00,0.0
2022-09-23 15:40:00,0.0
2022-09-23 15:45:00,0.0
2022-09-23 15:50:00,0.0
2022-09-23 15:55:00,0.0
2022-09-23 16:00:00,0.0
2022-09-23 16:05:00,0.0
2022-09-23 16:10:00,0.0
2022-09-23 16:15:00,0.0
2022-09-23 16:20:00,0.0
2022-09-23 16:25:00,0.0
2022-09-23 16:30:00,0.0
2022-09-23 16:35:00,0.0
2022-09-23 16:40:00,0.0
2022-09-23 16:45:00,0.0
2022-09-23 16:50:00,0.0
2022-09-23 16:55:00,0.0
2022-09-23 17:00:00,0.0
2022-09-23 17:05:00,0.0
2022-09-23 17:10:00,0.0
2022-09-23 17:15:00,0.0
2022-09-23 17:20:00,0.0
2022-09-23 17:25:00,0.0
2022-09-23 17:30:00,0.0
2022-09-23 17:35:00,0.0
2022-09-23 17:40:00,0.0
2022-09-23 17:45:00,0.0
2022-09-23 17:50:00,0.0
2022-09-23 17:55:00,0.0
2022-09-23 18:00:00,0.0
2022-09-23 18:05:00,0.0
2022-09-23 18:10:00,0.0
2022-09-23 18:15:00,0.0
2022-09-23 18:20:00,0.0
2022-09-23 18:25:00,0.0
2022-09-23 18:30:00,0.0
2022-09-23 18:35:00,0.0
2022-09-23 18:40:00,0.0
2022-09-23 18:45:00,0.0
2022-09-23 18:50:00,0.0
2022-09-23 18:55:00,0.0
2022-09-23 19:00:00,0.0
2022-09-23 19:05:00,0.0
2022-09-23 19:10:00,0.0
2022-09-23 19:15:00,0.0
2022-09-23 19:20:00,0.0
2022-09-23 19:25:00,0.0
2022-09-23 19:30:00,0.0
2022-09-23 19:35:00,0.0
2022-09-23 19:40:00,0.0
2022-09-23 19:45:00,0.0
2022-09-23 19:50:00,0.0
2022-09-23 19:55:00,0.0
2022-09-23 20:00:00,0.0
2022-09-23 20:05:00,0.0
2022-09-23 20:10:00,0.0
2022-09-23 20:15:00,0.0
2022-09-23 20:20:00,0.0
2022-09-23 20:25:00,0.0
2022-09-23 20:30:00,0.0
2022-09-23 20:35:00,0.0
2022-09-23 20:40:00,0.0
2022-09-23 20:45:00,0.0
2022-09-23 20:50:00,0.0
2022-09-23 20:55:00,0.0
2022-09-23 21:00:00,0.0
2022-09-23 21:05:00,0.0
2022-09-23 21:10:00,0.0
2022-09-23 21:15:00,0.0
2022-09-23 21:20:00,0.0
2022-09-23 21:25:00,0.0
2022-09-23 21:30:00,0.0
2022-09-23 21:35:00,0.0
2022-09-23 21:40:00,0.0
2022-09-23 21:45:00,0.0
2022-09-23 21:50:00,0.0
2022-09-23 21:55:00,0.0
2022-09-23 22:00:00,0.0
2022-09-23 22:05:00,0.0
2022-09-23 22:10:00,0.0
2022-09-23 22:15:00,0.0
2022-09-23 22:20:00,0.0
2022-09-23 22:25:00,0.0
2022-09-23 22:30:00,0.0
2022-09-23 22:35:00,0.0
2022-09-23 22:40:00,0.0
2022-09-23 22:45:00,0.0
2022-09-23 22:50:00,0.0
2022-09-23 22:55:00,0.0
2022-09-23 23:00:00,0.0
2022-09-23 23:05:00,0.0
2022-09-23 23:10:00,0.0
2022-09-23 23:15:00,0.0
2022-09-23 23:20:00,0.0
2022-09-23 23:25:00,0.0
2022-09-23 23:30:00,0.0
2022-09-23 23:35:00,0.0
2022-09-23 23:40:00,0.0
2022-09-23 23:45:00,0.0
2022-09-23 23:50:00,0.0
2022-09-23 23:55:00,0.0
2022-09-24 00:00:00,0.0
2022-09-24 00:05:00,0.0
2022-09-24 00:10:00,0.0
2022-09-24 00:15:00,0.0
2022-09-24 00:20:00,0.0
2022-09-24 00:25:00,0.0
2022-09-24 00:30:00,0.0
2022-09-24 00:35:00,0.0
2022-09-24 00:40:00,0.0
2022-09-24 00:45:00,0.0
2022-09-24 00:50:00,0.0
2022-09-24 00:55:00,0.0
2022-09-24 01:00:00,0.0
2022-09-24 01:05:00,0.0
2022-09-24 01:10:00,0.0
2022-09-24 01:15:00,0.0
2022-09-24 01:20:00,0.0
2022-09-24 01:25:00,0.0
2022-09-24 01:30:00,0.0
2022-09-24 01:35:00,0.0
2022-09-24 01:40:00,0.0
2022-09-24 01:45:00,0.0
2022-09-24 01:50:00,0.0
2022-09-24 01:55:00,0.0
2022-09-24 02:00:00,0.0
2022-09-24 02:05:00,0.0
2022-09-24 02:10:00,0.0
2022-09-24 02:15:00,0.0
2022-09-24 02:20:00,0.0
2022-09-24 02:25:00,0.0
2022-09-24 02:30:00,0.0
2022-09-24 02:35:00,0.0
2022-09-24 02:40:00,0.0
2022-09-24 02:45:00,0.0
2022-09-24 02:50:00,0.0
2022-09-24 02:55:00,0.0
2022-09-24 03:00:00,0.0
2022-09-24 03:05:00,0.0
2022-09-24 03:10:00,0.0
2022-09-24 03:15:00,0.0
2022-09-24 03:20:00,0.0
2022-09-24 03:25:00,0.0
2022-09-24 03:30:00,0.0
2022-09-24 03:35:00,0.0
2022-09-24 03:40:00,0.0
2022-09-24 03:45:00,0.0
2022-09-24 03:50:00,0.0
2022-09-24 03:55:00,0.0
2022-09-24 04:00:00,0.0
2022-09-24 04:05:00,0.0
2022-09-24 04:10:00,0.0
2022-09-24 04:15:00,0.0
2022-09-24 04:20:00,0.0
2022-09-24 04:25:00,0.0
2022-09-24 04:30:00,0.0
2022-09-24 04:35:00,0.0
2022-09-24 04:40:00,0.0
2022-09-24 04:45:00,0.0
2022-09-24 04:50:00,0.0
2022-09-24 04:55:00,0.0
2022-09-24 05:00:00,0.0
2022-09-24 05:05:00,0.0
2022-09-24 05:10:00,0.0
2022-09-24 05:15:00,0.0
2022-09-24 05:20:00,0.0
2022-09-24 05:25:00,0.0
2022-09-24 05:30:00,0.0
2022-09-24 05:35:00,0.0
2022-09-24 05:40:00,0.0
2022-09-24 05:45:00,0.0
2022-09-24 05:50:00,0.0
2022-09-24 05:55:00,0.0
2022-09-24 06:00:00,0.0
2022-09-24 06:05:00,0.0
2022-09-24 06:10:00,0.0
2022-09-24 06:15:00,0.0
2022-09-24 06:20:00,0.0
2022-09-24 06:25:00,0.0
2022-09-24 06:30:00,0.0
2022-09-24 06:35:00,0.0
2022-09-24 06:40:00,0.0
2022-09-24 06:45:00,0.0
2022-09-24 06:50:00,0.0
2022-09-24 06:55:00,0.0
2022-09-24 07:00:00,0.0
2022-09-24 07:05:00,0.0
2022-09-24 07:10:00,0.0
2022-09-24 07:15:00,0.0
2022-09-24 07:20:00,0.0
2022-09-24 07:25:00,0.0
2022-09-24 07:30:00,0.0
2022-09-24 07:35:00,0.0
2022-09-24 07:40:00,0.0
2022-09-24 07:45:00,0.0
2022-09-24 07:50:00,0.0
2022-09-24 07:55:00,0.0
2022-09-24 08:00:00,0.0
2022-09-24 08:05:00,0.0
2022-09-24 08:10:00,0.0
2022-09-24 08:15:00,0.0
2022-09-24 08:20:00,0.0
2022-09-24 08:25:00,0.0
2022-09-24 08:30:00,0.0
2022-09-24 08:35:00,0.0
2022-09-24 08:40:00,0.0
2022-09-24 08:45:00,0.0
2022-09-24 08:50:00,0.0
2022-09-24 08:55:00,0.0
2022-09-24 09:00:00,0.0
2022-09-24 09:05:00,0.0
2022-09-24 09:10:00,0.0
2022-09-24 09:15:00,0.0
2022-09-24 09:20:00,0.0
2022-09-24 09:25:00,0.0
2022-09-24 09:30:00,0.0
2022-09-24 09:35:00,0.0
2022-09-24 09:40:00,0.0
2022-09-24 09:45:00,0.0
2022-09-24 09:50:00,0.0
2022-09-24 09:55:00,0.0
2022-09-24 10:00:00,0.0
2022-09-24 10:05:00,0.0
2022-09-24 10:10:00,0.0
2022-09-24 10:15:00,0.0
2022-09-24 10:20:00,0.0
2022-09-24 10:25:00,0.0
2022-09-24 10:30:00,0.0
2022-09-24 10:35:00,0.0
2022-09-24 10:40:00,0.0
2022-09-24 10:45:00,0.0
2022-09-24 10:50:00,0.0
2022-09-24 10:55:00,0.0
2022-09-24 11:00:00,0.0
2022-09-24 11:05:00,0.0
2022-09-24 11:10:00,0.0
2022-09-24 11:15:00,0.0
2022-09-24 11:20:00,0.0
2022-09-24 11:25:00,
2022-09-24 11:30:00,12562.904371973655
2022-09-24 11:35:00,1461.7651204223896
2022-09-24 11:40:00,0.0
2022-09-24 11:45:00,0.0
2022-09-24 11:50:00,0.0
2022-09-24 11:55:00,0.0
2022-09-24 12:00:00,0.0
2022-09-24 12:05:00,0.0
2022-09-24 12:10:00,0.0
2022-09-24 12:15:00,0.0
2022-09-24 12:20:00,0.0
2022-09-24 12:25:00,0.0
2022-09-24 12:30:00,0.0
2022-09-24 12:35:00,0.0
2022-09-24 12:40:00,0.0
2022-09-24 12:45:00,0.0
2022-09-24 12:50:00,0.0
2022-09-24 12:55:00,0.0
2022-09-24 13:00:00,0.0
2022-09-24 13:05:00,0.0
2022-09-24 13:10:00,0.0
2022-09-24 13:15:00,0.0
2022-09-24 13:20:00,0.0
2022-09-24 13:25:00,0.0
2022-09-24 13:30:00,0.0
2022-09-24 13:35:00,0.0
2022-09-24 13:40:00,0.0
2022-09-24 13:45:00,0.0
2022-09-24 13:50:00,0.0
2022-09-24 13:55:00,0.0
2022-09-24 14:00:00,0.0
2022-09-24 14:05:00,0.0
2022-09-24 14:10:00,0.0
2022-09-24 14:15:00,0.0
2022-09-24 14:20:00,0.0
2022-09-24 14:25:00,0.0
2022-09-24 14:30:00,0.0
2022-09-24 14:35:00,
2022-09-24 14:40:00,14161.911941922179
2022-09-24 14:45:00,6811.8465595691105
2022-09-24 14:50:00,0.0
2022-09-24 14:55:00,0.0
2022-09-24 15:00:00,0.0
2022-09-24 15:05:00,0.0
2022-09-24 15:10:00,0.0
2022-09-24 15:15:00,0.0
2022-09-24 15:20:00,0.0
2022-09-24 15:25:00,0.0
2022-09-24 15:30:00,0.0
2022-09-24 15:35:00,0.0
2022-09-24 15:40:00,9321.130068794946
2022-09-24 15:45:00,11776.87199858109
2022-09-24 15:50:00,410.3420334673426
2022-09-24 15:55:00,-448.9923561464604
2022-09-24 16:00:00,-1148.15924432258
2022-09-24 16:05:00,-1493.3126007134033
2022-09-24 16:10:00,-1905.8263850910307
2022-09-24 16:15:00,-2414.5649918219683
2022-09-24 16:20:00,-2673.5545960664717
2022-09-24 16:25:00,-3167.7525728036394
2022-09-24 16:30:00,-3569.706778475516
2022-09-24 16:35:00,-3852.8075824669445
2022-09-24 16:40:00,-3899.1483687190307
2022-09-24 16:45:00,-4415.407190035006
2022-09-24 16:50:00,-4694.449411226327
2022-09-24 16:55:00,-4938.459781039523
2022-09-24 17:00:00,-4874.135385994671
2022-09-24 17:05:00,-5300.217801753535
2022-09-24 17:10:00,-5276.654233762527
2022-09-24 17:15:00,-5733.76291892504
2022-09-24 17:20:00,-5693.807760793637
2022-09-24 17:25:00,-6140.887583874611
2022-09-24 17:30:00,-6299.481589615214
2022-09-24 17:35:00,-6182.059153779235
2022-09-24 17:40:00,-6001.094360738234
2022-09-24 17:45:00,-6196.312660952683
2022-09-24 17:50:00,-6109.9396154438255
2022-09-24 17:55:00,-6531.741686142842
2022-09-24 18:00:00,-6394.493150923019
2022-09-24 18:05:00,-6767.239945693328
2022-09-24 18:10:00,-6637.830276970068
2022-09-24 18:15:00,-7023.653279230884
2022-09-24 18:20:00,-6909.486078590555
2022-09-24 18:25:00,-7313.5440640919605
2022-09-24 18:30:00,-7374.832122067803
2022-09-24 18:35:00,-7506.100047686591
2022-09-24 18:40:00,-7656.60251502407
2022-09-24 18:45:00,-7746.054300327197
2022-09-24 18:50:00,-7595.2113365130335
2022-09-24 18:55:00,-7934.93265516931
2022-09-24 19:00:00,-7651.403800695451
2022-09-24 19:05:00,-8147.1968847293765
2022-09-24 19:10:00,-8250.558931494492
2022-09-24 19:15:00,-8322.877187784592
2022-09-24 19:20:00,-8280.812174408507
2022-09-24 19:25:00,-8190.799232737553
2022-09-24 19:30:00,-8250.383467797154
2022-09-24 19:35:00,-8640.681466159676
2022-09-24 19:40:00,-8863.168062624049
2022-09-24 19:45:00,-8717.998829548533
2022-09-24 19:50:00,-8399.031571688314
2022-09-24 19:55:00,-8710.883670724854
2022-09-24 20:00:00,-8755.209234522054
2022-09-24 20:05:00,-8835.103181066623
2022-09-24 20:10:00,-8577.807708861486
2022-09-24 20:15:00,-8534.441434804701
2022-09-24 20:20:00,-8560.041199558376
2022-09-24 20:25:00,-8895.812184215387
2022-09-24 20:30:00,-8838.267102131955
2022-09-24 20:35:00,-8717.483213445696
2022-09-24 20:40:00,-8627.376710163097
2022-09-24 20:45:00,-9800.038673006537
2022-09-24 20:50:00,-9119.646388851783
2022-09-24 20:55:00,-8934.133821277717
2022-09-24 21:00:00,-9274.378470122934
2022-09-24 21:05:00,-9663.72900677551
2022-09-24 21:10:00,-9754.700565014437
2022-09-24 21:15:00,688.2074560221031
2022-09-24 21:20:00,-7620.809250510395
2022-09-24 21:25:00,-8237.732278242767
2022-09-24 21:30:00,-8871.1731422493
2022-09-24 21:35:00,-8831.877868291833
2022-09-24 21:40:00,-8676.280744549174
2022-09-24 21:45:00,-8754.480959430568
2022-09-24 21:50:00,-8968.123386087682
2022-09-24 21:55:00,-9181.713838328973
2022-09-24 22:00:00,-9016.127756000564
2022-09-24 22:05:00,-9162.041863174145
2022-09-24 22:10:00,-9648.297798988773
2022-09-24 22:15:00,-9726.703134037003
2022-09-24 22:20:00,-9146.913040120788
2022-09-24 22:25:00,-10122.12880946105
2022-09-24 22:30:00,-9759.145727189256
2022-09-24 22:35:00,-10071.779852338766
2022-09-24 22:40:00,-9777.610776554924
2022-09-24 22:45:00,-10086.303088267385
2022-09-24 22:50:00,-9920.99537973233
2022-09-24 22:55:00,-9859.45639019383
2022-09-24 23:00:00,-9450.24739552009
2022-09-24 23:05:00,-9744.503450445898
2022-09-24 23:10:00,-9419.058801244668
2022-09-24 23:15:00,-9844.76575880682
2022-09-24 23:20:00,-9781.173846051102
2022-09-24 23:25:00,-9781.225157714216
2022-09-24 23:30:00,-9453.837844708436
2022-09-24 23:35:00,-9781.237768318535
2022-09-24 23:40:00,-9548.970024957545
2022-09-24 23:45:00,-8966.051549152806
2022-09-24 23:50:00,-8398.189795123291
2022-09-24 23:55:00,-8579.961704721352
2022-09-25 00:00:00,-8601.229737306832
2022-09-25 00:05:00,-8338.650191773622
2022-09-25 00:10:00,-8791.598272669757
2022-09-25 00:15:00,-9230.163773259355
2022-09-25 00:20:00,-8874.158677664907
2022-09-25 00:25:00,-9468.734362976087
2022-09-25 00:30:00,-9154.562872346281
2022-09-25 00:35:00,-9295.194142396016
2022-09-25 00:40:00,-8750.294658537625
2022-09-25 00:45:00,-9034.356614461483
2022-09-25 00:55:00,-10158.822448302677
2022-09-25 01:00:00,-9853.069058129322
2022-09-25 01:05:00,-9856.336557835835
2022-09-25 01:10:00,-9856.35492207012
2022-09-25 01:15:00,-9890.122878239452
2022-09-25 01:20:00,-9562.245008987353
2022-09-25 01:25:00,-9873.22749515253
2022-09-25 01:30:00,-9886.330568402998
2022-09-25 01:35:00,-9886.330568402998
2022-09-25 01:40:00,-9886.330568402998
2022-09-25 01:45:00,-9886.330568402998
2022-09-25 01:50:00,-9886.330568402998
2022-09-25 01:55:00,-9553.744308821106
2022-09-25 02:00:00,-9555.994348780532
2022-09-25 02:05:00,-9882.835767398477
2022-09-25 02:10:00,-9555.994348780532
2022-09-25 02:15:00,-9884.002343389951
2022-09-25 02:20:00,-9884.969646541811
2022-09-25 02:25:00,-9555.328015687266
2022-09-25 02:30:00,-9950.245879133572
2022-09-25 02:35:00,-9702.359168704075
2022-09-25 02:40:00,-9562.004885785509
2022-09-25 02:45:00,-9498.184355355379
2022-09-25 02:50:00,-9243.060937554916
2022-09-25 02:55:00,-9561.986955255472
2022-09-25 03:00:00,-9243.060937554916
2022-09-25 03:05:00,-9243.060937554916
2022-09-25 03:10:00,-9562.016738066046
2022-09-25 03:15:00,-9228.421358710362
2022-09-25 03:20:00,-9457.622557782028
2022-09-25 03:25:00,-9791.933312325784
2022-09-25 03:30:00,-10183.356812253569
2022-09-25 03:35:00,-9935.81330577264
2022-09-25 03:45:00,-9295.141527777769
2022-09-25 03:50:00,-8318.510393971492
2022-09-25 03:55:00,-8970.918333904732
2022-09-25 04:00:00,-9654.10451306873
2022-09-25 04:05:00,-10159.64777654585
2022-09-25 04:10:00,-9013.362357520378
2022-09-25 04:15:00,-8991.512415436297
2022-09-25 04:20:00,-9399.350306968116
2022-09-25 04:25:00,-9205.405575824596
2022-09-25 04:30:00,-9340.917050600188
2022-09-25 04:35:00,-9507.778577361818
2022-09-25 04:40:00,-9448.013994943944
2022-09-25 04:45:00,-9769.632717375649
2022-09-25 04:50:00,-10186.61549982769
2022-09-25 04:55:00,-10118.39835840931
2022-09-25 05:00:00,-9953.529145644428
2022-09-25 05:05:00,-9622.93319083742
2022-09-25 05:10:00,-9953.553453541652
2022-09-25 05:15:00,-9622.93319083742
2022-09-25 05:20:00,-526.0308483688533
2022-09-25 05:25:00,4726.678050343697
2022-09-25 05:30:00,-935.5394872000586
2022-09-25 05:35:00,-5327.447792595783
2022-09-25 05:40:00,-4784.491601743779
2022-09-25 05:45:00,-9017.260863949823
2022-09-25 05:50:00,-8933.945133705127
2022-09-25 05:55:00,-8999.504313211299
2022-09-25 06:00:00,-8973.508811538864
2022-09-25 06:05:00,-8943.052495605289
2022-09-25 06:10:00,-8925.599218520952
2022-09-25 06:15:00,-8966.666948471671
2022-09-25 06:20:00,-9049.420649813692
2022-09-25 06:25:00,-8989.964075490065
2022-09-25 06:30:00,-9060.94738208376
2022-09-25 06:35:00,-8834.619901675134
2022-09-25 06:40:00,-9080.119246295362
2022-09-25 06:45:00,-8670.138538254021
2022-09-25 06:50:00,-8908.321628825688
2022-09-25 06:55:00,-8927.752616723987
2022-09-25 07:00:00,-8689.885986598309
2022-09-25 07:05:00,-8851.502897079923
2022-09-25 07:10:00,-8849.918016441803
2022-09-25 07:15:00,-9604.50289052
2022-09-25 07:20:00,-9500.537309506804
2022-09-25 07:25:00,-9908.426394224063
2022-09-25 07:30:00,-9904.591156895529
2022-09-25 07:35:00,-9088.052900780649
2022-09-25 07:40:00,-9835.146648639016
2022-09-25 07:45:00,-9002.875425466202
2022-09-25 07:50:00,-9775.030780276498
2022-09-25 07:55:00,-9371.933954021584
2022-09-25 08:00:00,-10115.146435350951
2022-09-25 08:05:00,-9276.998626071601
2022-09-25 08:10:00,-9231.86203353427
2022-09-25 08:15:00,-9433.904979397781
2022-09-25 08:20:00,-8991.73341277133
2022-09-25 08:25:00,-8960.825361720355
2022-09-25 08:30:00,-9313.981239866518
2022-09-25 08:35:00,-9268.029404811705
2022-09-25 08:40:00,-9066.828561321314
2022-09-25 08:45:00,-9062.697658826452
2022-09-25 08:50:00,-9138.2446128044
2022-09-25 08:55:00,-8876.910345732022
2022-09-25 09:00:00,-9081.508920247808
2022-09-25 09:05:00,-8993.08904724077
2022-09-25 09:10:00,-9236.559433532298
2022-09-25 09:15:00,-9795.736106991075
2022-09-25 09:20:00,-9283.56482852837
2022-09-25 09:25:00,-9677.188114034692
2022-09-25 09:30:00,11125.44586637947
2022-09-25 09:35:00,1820.9273694830483
2022-09-25 09:40:00,-5038.789303176379
2022-09-25 09:45:00,-6470.964824318719
2022-09-25 09:50:00,-8838.467865339671
2022-09-25 09:55:00,-8769.16216939315
2022-09-25 10:00:00,-9884.804078481504
2022-09-25 10:05:00,-9760.421855235576
2022-09-25 10:10:00,-9447.4936281615
2022-09-25 10:15:00,-9792.45753214841
2022-09-25 10:20:00,-9961.322737978027
2022-09-25 10:25:00,-10003.900388224725
2022-09-25 10:30:00,-9926.557094604956
2022-09-25 10:35:00,-10508.76304483482
2022-09-25 10:40:00,-10771.753935595947
2022-09-25 10:45:00,-10155.385482038077
2022-09-25 10:50:00,-10134.506028361482
2022-09-25 10:55:00,-9935.383963388236
2022-09-25 11:00:00,-10402.619033475981
2022-09-25 11:05:00,-10029.790668878395
2022-09-25 11:10:00,-9198.295102717419
2022-09-25 11:15:00,-7983.5944426879505
2022-09-25 11:20:00,-7691.180482240144
2022-09-25 11:25:00,-6626.709420823637
2022-09-25 11:30:00,-11097.818136207314
2022-09-25 11:35:00,-7519.032440122312
2022-09-25 11:40:00,-7570.9691454032945
2022-09-25 11:45:00,-10237.607787871713
2022-09-25 11:50:00,-7788.061082285661
2022-09-25 11:55:00,-6165.089628685212
2022-09-25 12:00:00,-9038.811204651327
2022-09-25 12:05:00,-8651.847337325005
2022-09-25 12:10:00,-7118.7797104036745
2022-09-25 12:15:00,-10642.12861691563
2022-09-25 12:20:00,-8640.349720397951
2022-09-25 12:25:00,-6463.520172618212
2022-09-25 12:30:00,-7135.867953180419
2022-09-25 12:35:00,-10056.39127352619
2022-09-25 12:40:00,-7397.705242262803
2022-09-25 12:45:00,-6272.541723399483
2022-09-25 12:50:00,-8477.48305148428
2022-09-25 12:55:00,-8303.85701491355
2022-09-25 13:00:00,-7310.325366521136
2022-09-25 13:05:00,26110.400854697742
2022-09-25 13:10:00,-1915.5935386237047
2022-09-25 13:15:00,-2624.9321989845384
2022-09-25 13:20:00,-1218.4200936042243
2022-09-25 13:25:00,-4824.883418606205
2022-09-25 13:30:00,-4790.444018887619
2022-09-25 13:35:00,-4518.749513545845
2022-09-25 13:40:00,-4451.616945727824
2022-09-25 13:45:00,-5079.761007803812
2022-09-25 13:50:00,-5723.545868836633
2022-09-25 13:55:00,-6503.10180027449
2022-09-25 14:00:00,-6341.660789587151
2022-09-25 14:05:00,-6102.250026970364
2022-09-25 14:10:00,-3991.1956137752295
2022-09-25 14:15:00,-6767.89648356382
2022-09-25 14:20:00,-7587.7550461028795
2022-09-25 14:25:00,-6220.806533663091
2022-09-25 14:30:00,-6035.391114458279
2022-09-25 14:35:00,-6961.802175023825
2022-09-25 14:40:00,-7535.782845806383
2022-09-25 14:45:00,-7680.152689737042
2022-09-25 14:50:00,-7693.883362852616
2022-09-25 14:55:00,-8471.328688523616
2022-09-25 15:00:00,-7303.806267755658
2022-09-25 15:05:00,-6501.641609781921
2022-09-25 15:10:00,-5912.4577784921075
2022-09-25 15:15:00,0.0
2022-09-25 15:20:00,0.0
2022-09-25 15:25:00,0.0
2022-09-25 15:30:00,0.0
2022-09-25 15:35:00,0.0
2022-09-25 15:40:00,0.0
2022-09-25 15:45:00,0.0
2022-09-25 15:50:00,0.0
2022-09-25 15:55:00,0.0
2022-09-25 16:00:00,0.0
2022-09-25 16:05:00,0.0
2022-09-25 16:10:00,0.0
2022-09-25 16:15:00,0.0
2022-09-25 16:20:00,0.0
2022-09-25 16:25:00,0.0
2022-09-25 16:30:00,0.0
2022-09-25 16:35:00,0.0
2022-09-25 16:40:00,0.0
2022-09-25 16:45:00,0.0
2022-09-25 16:50:00,0.0
2022-09-25 16:55:00,0.0
2022-09-25 17:00:00,0.0
2022-09-25 17:05:00,0.0
2022-09-25 17:10:00,0.0
2022-09-25 17:15:00,0.0
2022-09-25 17:20:00,0.0
2022-09-25 17:25:00,0.0
2022-09-25 17:30:00,0.0
2022-09-25 17:35:00,0.0
2022-09-25 17:40:00,0.0
2022-09-25 17:45:00,0.0
2022-09-25 17:50:00,0.0
2022-09-25 17:55:00,0.0
2022-09-25 18:00:00,0.0
2022-09-25 18:05:00,0.0
2022-09-25 18:10:00,0.0
2022-09-25 18:15:00,0.0
2022-09-25 18:20:00,0.0
2022-09-25 18:25:00,0.0
2022-09-25 18:30:00,0.0
2022-09-25 18:35:00,0.0
2022-09-25 18:40:00,0.0
2022-09-25 18:45:00,0.0
2022-09-25 18:50:00,0.0
2022-09-25 18:55:00,0.0
2022-09-25 19:00:00,0.0
2022-09-25 19:05:00,0.0
2022-09-25 19:10:00,0.0
2022-09-25 19:15:00,0.0
2022-09-25 19:20:00,0.0
2022-09-25 19:25:00,0.0
2022-09-25 19:30:00,0.0
2022-09-25 19:35:00,0.0
2022-09-25 19:40:00,0.0
2022-09-25 19:45:00,0.0
2022-09-25 19:50:00,0.0
2022-09-25 19:55:00,0.0
2022-09-25 20:00:00,0.0
2022-09-25 20:05:00,0.0
2022-09-25 20:10:00,0.0
2022-09-25 20:15:00,0.0
2022-09-25 20:20:00,0.0
2022-09-25 20:25:00,0.0
2022-09-25 20:30:00,0.0
2022-09-25 20:35:00,0.0
2022-09-25 20:40:00,0.0
2022-09-25 20:45:00,0.0
2022-09-25 20:50:00,0.0
2022-09-25 20:55:00,0.0
2022-09-25 21:00:00,0.0
2022-09-25 21:05:00,0.0
2022-09-25 21:10:00,0.0
2022-09-25 21:15:00,0.0
2022-09-25 21:25:00,0.0
2022-09-25 21:30:00,0.0
2022-09-25 21:35:00,0.0
2022-09-25 21:40:00,0.0
2022-09-25 21:45:00,0.0
2022-09-25 21:50:00,0.0
2022-09-25 21:55:00,0.0
2022-09-25 22:00:00,0.0
2022-09-25 22:05:00,0.0
2022-09-25 22:10:00,0.0
2022-09-25 22:15:00,0.0
2022-09-25 22:20:00,0.0
2022-09-25 22:25:00,0.0
2022-09-25 22:30:00,0.0
2022-09-25 22:35:00,0.0
2022-09-25 22:40:00,0.0
2022-09-25 22:45:00,0.0
2022-09-25 22:50:00,0.0
2022-09-25 22:55:00,0.0
2022-09-25 23:00:00,0.0
2022-09-25 23:05:00,0.0
2022-09-25 23:10:00,0.0
2022-09-25 23:15:00,0.0
2022-09-25 23:20:00,0.0
2022-09-25 23:25:00,0.0
2022-09-25 23:30:00,0.0
2022-09-25 23:35:00,0.0
2022-09-25 23:40:00,0.0
2022-09-25 23:45:00,0.0
2022-09-25 23:50:00,0.0
2022-09-25 23:55:00,0.0
2022-09-26 00:00:00,0.0
2022-09-26 00:05:00,0.0
2022-09-26 00:10:00,0.0
2022-09-26 00:15:00,0.0
2022-09-26 00:20:00,0.0
2022-09-26 00:25:00,0.0
2022-09-26 00:30:00,0.0
2022-09-26 00:35:00,0.0
2022-09-26 00:40:00,0.0
2022-09-26 00:45:00,0.0
2022-09-26 00:50:00,0.0
2022-09-26 00:55:00,0.0
2022-09-26 01:00:00,0.0
2022-09-26 01:05:00,0.0
2022-09-26 01:10:00,0.0
2022-09-26 01:15:00,0.0
2022-09-26 01:20:00,0.0
2022-09-26 01:25:00,0.0
2022-09-26 01:30:00,0.0
2022-09-26 01:35:00,0.0
2022-09-26 01:40:00,0.0
2022-09-26 01:45:00,0.0
2022-09-26 01:50:00,0.0
2022-09-26 01:55:00,0.0
2022-09-26 02:00:00,0.0
2022-09-26 02:05:00,0.0
2022-09-26 02:10:00,0.0
2022-09-26 02:15:00,0.0
2022-09-26 02:20:00,0.0
2022-09-26 02:25:00,0.0
2022-09-26 02:30:00,0.0
2022-09-26 02:35:00,0.0
2022-09-26 02:40:00,0.0
2022-09-26 02:45:00,0.0
2022-09-26 02:50:00,0.0
2022-09-26 02:55:00,0.0
2022-09-26 03:00:00,0.0
2022-09-26 03:05:00,0.0
2022-09-26 03:10:00,0.0
2022-09-26 03:15:00,0.0
2022-09-26 03:20:00,0.0
2022-09-26 03:25:00,0.0
2022-09-26 03:30:00,0.0
2022-09-26 03:35:00,0.0
2022-09-26 03:40:00,0.0
2022-09-26 03:45:00,0.0
2022-09-26 03:50:00,0.0
2022-09-26 03:55:00,0.0
2022-09-26 04:00:00,0.0
2022-09-26 04:05:00,0.0
2022-09-26 04:10:00,0.0
2022-09-26 04:15:00,0.0
2022-09-26 04:20:00,0.0
2022-09-26 04:25:00,0.0
2022-09-26 04:30:00,0.0
2022-09-26 04:35:00,0.0
2022-09-26 04:40:00,0.0
2022-09-26 04:45:00,0.0
2022-09-26 04:50:00,0.0
2022-09-26 04:55:00,0.0
2022-09-26 05:00:00,0.0
2022-09-26 05:05:00,0.0
2022-09-26 05:10:00,0.0
2022-09-26 05:15:00,0.0
2022-09-26 05:20:00,0.0
2022-09-26 05:25:00,0.0
2022-09-26 05:30:00,0.0
2022-09-26 05:35:00,0.0
2022-09-26 05:40:00,0.0
2022-09-26 05:45:00,0.0
2022-09-26 05:50:00,0.0
2022-09-26 05:55:00,0.0
2022-09-26 06:00:00,0.0
2022-09-26 06:05:00,0.0
2022-09-26 06:10:00,0.0
2022-09-26 06:15:00,0.0
2022-09-26 06:20:00,0.0
2022-09-26 06:25:00,0.0
2022-09-26 06:30:00,0.0
2022-09-26 06:35:00,0.0
2022-09-26 06:40:00,0.0
2022-09-26 06:45:00,0.0
2022-09-26 06:50:00,0.0
2022-09-26 06:55:00,0.0
2022-09-26 07:00:00,0.0
2022-09-26 07:05:00,0.0
2022-09-26 07:10:00,0.0
2022-09-26 07:15:00,0.0
2022-09-26 07:20:00,0.0
2022-09-26 07:25:00,0.0
2022-09-26 07:30:00,0.0
2022-09-26 07:35:00,0.0
2022-09-26 07:40:00,0.0
2022-09-26 07:45:00,0.0
2022-09-26 07:50:00,0.0
2022-09-26 07:55:00,0.0
2022-09-26 08:00:00,0.0
2022-09-26 08:05:00,
2022-09-26 08:10:00,18668.95202471685
2022-09-26 08:15:00,3112.374783993334
2022-09-26 08:20:00,1307.7657635510247
2022-09-26 08:25:00,133.0632273645033
2022-09-26 08:30:00,-444.3141936904504
2022-09-26 08:35:00,-869.2379385667926
2022-09-26 08:40:00,-1078.0212520665123
2022-09-26 08:45:00,-1790.1872751526303
2022-09-26 08:50:00,-2105.3257667585513
2022-09-26 08:55:00,796.4591341225923
2022-09-26 09:00:00,0.0
2022-09-26 09:05:00,0.0
2022-09-26 09:10:00,0.0
2022-09-26 09:15:00,0.0
2022-09-26 09:20:00,0.0
2022-09-26 09:25:00,0.0
2022-09-26 09:30:00,0.0
2022-09-26 09:35:00,0.0
2022-09-26 09:40:00,0.0
2022-09-26 09:45:00,0.0
2022-09-26 09:50:00,0.0
2022-09-26 09:55:00,0.0
2022-09-26 10:00:00,0.0
2022-09-26 10:05:00,0.0
2022-09-26 10:10:00,0.0
2022-09-26 10:15:00,0.0
2022-09-26 10:20:00,0.0
2022-09-26 10:25:00,0.0
2022-09-26 10:30:00,0.0
2022-09-26 10:35:00,0.0
2022-09-26 10:40:00,0.0
2022-09-26 10:45:00,0.0
2022-09-26 10:50:00,0.0
2022-09-26 10:55:00,0.0
2022-09-26 11:00:00,0.0
2022-09-26 11:05:00,0.0
2022-09-26 11:10:00,0.0
2022-09-26 11:15:00,0.0
2022-09-26 11:20:00,0.0
2022-09-26 11:25:00,0.0
2022-09-26 11:30:00,0.0
2022-09-26 11:35:00,0.0
2022-09-26 11:40:00,15589.46443471622
2022-09-26 11:45:00,25469.192721960917
2022-09-26 11:50:00,23173.176772817675
2022-09-26 11:55:00,20062.991074501162
2022-09-26 12:00:00,19277.822098219756
2022-09-26 12:05:00,16918.50966357173
2022-09-26 12:10:00,14067.489670049054
2022-09-26 12:15:00,0.0
2022-09-26 12:20:00,0.0
2022-09-26 12:25:00,0.0
2022-09-26 12:30:00,0.0
2022-09-26 12:35:00,0.0
2022-09-26 12:40:00,0.0
2022-09-26 12:45:00,0.0
2022-09-26 12:50:00,0.0
2022-09-26 12:55:00,0.0
2022-09-26 13:00:00,0.0
2022-09-26 13:05:00,0.0
2022-09-26 13:10:00,0.0
2022-09-26 13:15:00,0.0
2022-09-26 13:20:00,0.0
2022-09-26 13:25:00,-785.1153414740488
2022-09-26 13:30:00,18283.097452022794
2022-09-26 13:35:00,21312.742499575095
2022-09-26 13:40:00,-753.9186410870262
2022-09-26 13:45:00,-674.224396068526
2022-09-26 13:50:00,20037.283945643918
2022-09-26 13:55:00,6770.2561907627405
2022-09-26 14:00:00,-721.1040444082404
2022-09-26 14:05:00,6684.972861778031
2022-09-26 14:10:00,0.0
2022-09-26 14:15:00,0.0
2022-09-26 14:20:00,0.0
2022-09-26 14:25:00,0.0
2022-09-26 14:30:00,0.0
2022-09-26 14:35:00,0.0
2022-09-26 14:40:00,0.0
2022-09-26 14:45:00,0.0
2022-09-26 14:50:00,0.0
2022-09-26 14:55:00,0.0
2022-09-26 15:00:00,0.0
2022-09-26 15:05:00,9083.256994710204
2022-09-26 15:10:00,34272.48226573486
2022-09-26 15:15:00,4201.545249973048
2022-09-26 15:20:00,-972.9742623758722
2022-09-26 15:25:00,13931.430549241142
2022-09-26 15:30:00,0.0
2022-09-26 15:35:00,-812.4948603278071
2022-09-26 15:40:00,16801.44276615155
2022-09-26 15:45:00,4833.780246566753
2022-09-26 15:50:00,-824.1949795816524
2022-09-26 15:55:00,-784.1871034280009
2022-09-26 16:00:00,0.0
2022-09-26 16:05:00,0.0
2022-09-26 16:10:00,0.0
2022-09-26 16:15:00,0.0
2022-09-26 16:20:00,0.0
2022-09-26 16:25:00,0.0
2022-09-26 16:30:00,0.0
2022-09-26 16:35:00,0.0
2022-09-26 16:40:00,0.0
2022-09-26 16:45:00,0.0
2022-09-26 16:50:00,0.0
2022-09-26 16:55:00,0.0
2022-09-26 17:00:00,0.0
2022-09-26 17:05:00,0.0
2022-09-26 17:10:00,0.0
2022-09-26 17:15:00,0.0
2022-09-26 17:20:00,0.0
2022-09-26 17:25:00,0.0
2022-09-26 17:30:00,0.0
2022-09-26 17:35:00,0.0
2022-09-26 17:40:00,0.0
2022-09-26 17:45:00,0.0
2022-09-26 17:50:00,0.0
2022-09-26 17:55:00,0.0
2022-09-26 18:00:00,0.0
2022-09-26 18:05:00,0.0
2022-09-26 18:10:00,0.0
2022-09-26 18:15:00,0.0
2022-09-26 18:20:00,0.0
2022-09-26 18:25:00,0.0
2022-09-26 18:30:00,0.0
2022-09-26 18:35:00,0.0
2022-09-26 18:40:00,0.0
2022-09-26 18:45:00,0.0
2022-09-26 18:50:00,0.0
2022-09-26 18:55:00,0.0
2022-09-26 19:00:00,0.0
2022-09-26 19:05:00,0.0
2022-09-26 19:10:00,0.0
2022-09-26 19:15:00,0.0
2022-09-26 19:20:00,0.0
2022-09-26 19:25:00,0.0
2022-09-26 19:30:00,0.0
2022-09-26 19:35:00,0.0
2022-09-26 19:40:00,0.0
2022-09-26 19:45:00,0.0
2022-09-26 19:50:00,0.0
2022-09-26 19:55:00,0.0
2022-09-26 20:00:00,0.0
2022-09-26 20:05:00,0.0
2022-09-26 20:10:00,0.0
2022-09-26 20:15:00,0.0
2022-09-26 20:20:00,0.0
2022-09-26 20:25:00,0.0
2022-09-26 20:30:00,0.0
2022-09-26 20:35:00,0.0
2022-09-26 20:40:00,0.0
2022-09-26 20:45:00,0.0
2022-09-26 20:50:00,0.0
2022-09-26 20:55:00,0.0
2022-09-26 21:00:00,0.0
2022-09-26 21:05:00,0.0
2022-09-26 21:10:00,0.0
2022-09-26 21:15:00,0.0
2022-09-26 21:20:00,0.0
2022-09-26 21:25:00,0.0
2022-09-26 21:30:00,0.0
2022-09-26 21:35:00,0.0
2022-09-26 21:40:00,0.0
2022-09-26 21:45:00,0.0
2022-09-26 21:50:00,0.0
2022-09-26 21:55:00,0.0
2022-09-26 22:00:00,0.0
2022-09-26 22:05:00,0.0
2022-09-26 22:10:00,0.0
2022-09-26 22:15:00,0.0
2022-09-26 22:20:00,0.0
2022-09-26 22:25:00,0.0
2022-09-26 22:30:00,0.0
2022-09-26 22:35:00,0.0
2022-09-26 22:40:00,0.0
2022-09-26 22:45:00,0.0
2022-09-26 22:50:00,0.0
2022-09-26 22:55:00,0.0
2022-09-26 23:00:00,0.0
2022-09-26 23:05:00,0.0
2022-09-26 23:10:00,0.0
2022-09-26 23:15:00,0.0
2022-09-26 23:20:00,0.0
2022-09-26 23:25:00,0.0
2022-09-26 23:30:00,0.0
2022-09-26 23:35:00,0.0
2022-09-26 23:40:00,0.0
2022-09-26 23:45:00,0.0
2022-09-26 23:50:00,0.0
2022-09-26 23:55:00,0.0
2022-09-27 00:00:00,0.0
2022-09-27 00:05:00,0.0
2022-09-27 00:10:00,0.0
2022-09-27 00:15:00,0.0
2022-09-27 00:20:00,0.0
2022-09-27 00:25:00,0.0
2022-09-27 00:30:00,0.0
2022-09-27 00:35:00,0.0
2022-09-27 00:40:00,0.0
2022-09-27 00:45:00,0.0
2022-09-27 00:50:00,0.0
2022-09-27 00:55:00,0.0
2022-09-27 01:00:00,0.0
2022-09-27 01:05:00,0.0
2022-09-27 01:10:00,0.0
2022-09-27 01:15:00,0.0
2022-09-27 01:20:00,0.0
2022-09-27 01:25:00,0.0
2022-09-27 01:30:00,0.0
2022-09-27 01:35:00,0.0
2022-09-27 01:40:00,0.0
2022-09-27 01:45:00,0.0
2022-09-27 01:50:00,0.0
2022-09-27 01:55:00,0.0
2022-09-27 02:00:00,0.0
2022-09-27 02:05:00,0.0
2022-09-27 02:10:00,0.0
2022-09-27 02:15:00,0.0
2022-09-27 02:20:00,0.0
2022-09-27 02:25:00,0.0
2022-09-27 02:30:00,0.0
2022-09-27 02:35:00,0.0
2022-09-27 02:40:00,0.0
2022-09-27 02:45:00,0.0
2022-09-27 02:50:00,0.0
2022-09-27 02:55:00,0.0
2022-09-27 03:00:00,0.0
2022-09-27 03:05:00,0.0
2022-09-27 03:10:00,0.0
2022-09-27 03:15:00,0.0
2022-09-27 03:20:00,0.0
2022-09-27 03:25:00,0.0
2022-09-27 03:30:00,0.0
2022-09-27 03:35:00,0.0
2022-09-27 03:40:00,0.0
2022-09-27 03:45:00,0.0
2022-09-27 03:50:00,0.0
2022-09-27 03:55:00,0.0
2022-09-27 04:00:00,0.0
2022-09-27 04:05:00,0.0
2022-09-27 04:10:00,13836.332783180038
2022-09-27 04:15:00,969.2788606415343
2022-09-27 04:20:00,813.1397046094975
2022-09-27 04:25:00,-362.7838986672584
2022-09-27 04:30:00,-931.8803951008435
2022-09-27 04:35:00,-1399.6973456923777
2022-09-27 04:40:00,-1938.8140790327166
2022-09-27 04:45:00,-2268.8677736268282
2022-09-27 04:50:00,-2651.0629429261594
2022-09-27 04:55:00,-3232.253517838989
2022-09-27 05:00:00,-3521.6245906498725
2022-09-27 05:05:00,-3778.2618722317
2022-09-27 05:10:00,-3753.717046026032
2022-09-27 05:15:00,-4322.831369867829
2022-09-27 05:20:00,-4581.015331902267
2022-09-27 05:25:00,-4792.113383062996
2022-09-27 05:30:00,-5013.318237187294
2022-09-27 05:35:00,-5101.323394200413
2022-09-27 05:40:00,-5554.2294939742615
2022-09-27 05:45:00,-5391.076346792345
2022-09-27 05:50:00,-5770.661556958351
2022-09-27 05:55:00,-6374.394744021494
2022-09-27 06:00:00,-6356.369442677589
2022-09-27 06:05:00,-6496.000475504199
2022-09-27 06:10:00,-6882.334027675102
2022-09-27 06:15:00,-7099.017387492104
2022-09-27 06:20:00,-7421.192238686932
2022-09-27 06:25:00,-6967.860776753534
2022-09-27 06:30:00,-7454.170979565072
2022-09-27 06:35:00,-7376.77454531493
2022-09-27 06:40:00,-7188.444205264257
2022-09-27 06:45:00,-7455.434180640348
2022-09-27 06:50:00,-7193.775137863359
2022-09-27 06:55:00,-8070.484667962538
2022-09-27 07:00:00,-7961.42454890999
2022-09-27 07:05:00,-7915.925296003357
2022-09-27 07:10:00,-8190.821424466007
2022-09-27 07:15:00,-8068.311153125282
2022-09-27 07:20:00,-8680.657116976596
2022-09-27 07:25:00,-7920.860842196637
2022-09-27 07:30:00,-7800.905891113576
2022-09-27 07:35:00,-8097.923417515647
2022-09-27 07:40:00,-8123.12681392832
2022-09-27 07:45:00,-7628.391478757392
2022-09-27 07:50:00,-8575.053367801547
2022-09-27 07:55:00,-8217.828357647077
2022-09-27 08:00:00,-8296.676446537756
2022-09-27 08:05:00,-8583.990499338768
2022-09-27 08:10:00,-8738.090519837733
2022-09-27 08:15:00,-8603.948476326736
2022-09-27 08:20:00,-8897.399462656856
2022-09-27 08:25:00,-6927.003720010429
2022-09-27 08:30:00,9023.726854868537
2022-09-27 08:35:00,6900.180712240874
2022-09-27 08:40:00,1265.7988352713264
2022-09-27 08:45:00,-399.86797471102904
2022-09-27 08:50:00,-700.1218554503855
2022-09-27 08:55:00,-1042.0091717685614
2022-09-27 09:00:00,-1360.0190794587284
2022-09-27 09:05:00,-1901.444880093988
2022-09-27 09:10:00,-2252.7198035109573
2022-09-27 09:15:00,-2418.2880376814533
2022-09-27 09:20:00,-2363.4293352335603
2022-09-27 09:25:00,-2674.6605413702405
2022-09-27 09:30:00,-3176.2610310457208
2022-09-27 09:35:00,-3410.3140747635694
2022-09-27 09:40:00,-3618.3409125780854
2022-09-27 09:45:00,-3914.626834321845
2022-09-27 09:50:00,-3852.3198656485383
2022-09-27 09:55:00,-4065.0186983094018
2022-09-27 10:00:00,-4661.300687213082
2022-09-27 10:05:00,-5240.867733666499
2022-09-27 10:10:00,-5428.858145035747
2022-09-27 10:15:00,-5675.4712955830155
2022-09-27 10:20:00,-5735.516717157226
2022-09-27 10:25:00,-5875.056821047862
2022-09-27 10:30:00,-6244.861424464263
2022-09-27 10:35:00,-6196.150726192322
2022-09-27 10:40:00,-6400.729357030413
2022-09-27 10:45:00,-6298.992789707219
2022-09-27 10:50:00,-6827.5709294375265
2022-09-27 10:55:00,-7389.19457519342
2022-09-27 11:00:00,-7292.69584596302
2022-09-27 11:05:00,-7816.273855979961
2022-09-27 11:10:00,-7844.760112994787
2022-09-27 11:15:00,-7269.338695566177
2022-09-27 11:20:00,-7000.324233726941
2022-09-27 11:25:00,-6954.081604859994
2022-09-27 11:30:00,-7716.766681333835
2022-09-27 11:35:00,-7603.421038274149
2022-09-27 11:40:00,-6786.908824032391
2022-09-27 11:45:00,8902.825315319558
2022-09-27 11:50:00,13699.303311740852
2022-09-27 11:55:00,10451.562858169742
2022-09-27 12:00:00,6013.488548871422
2022-09-27 12:05:00,11394.23857771914
2022-09-27 12:10:00,10363.05336901945
2022-09-27 12:15:00,5872.781616348997
2022-09-27 12:20:00,19.351502768534477
2022-09-27 12:25:00,-929.0865635310778
2022-09-27 12:30:00,16.15244280577961
2022-09-27 12:35:00,5453.758401568356
2022-09-27 12:40:00,5369.79298994005
2022-09-27 12:45:00,-154.24912009835145
2022-09-27 12:50:00,-822.9279492002593
2022-09-27 12:55:00,-1419.7049025025178
2022-09-27 13:00:00,-1718.4640572654698
2022-09-27 13:05:00,-2216.3018561144227
2022-09-27 13:10:00,-2715.802173463964
2022-09-27 13:15:00,-3004.4925279976464
2022-09-27 13:20:00,-3011.1576050897256
2022-09-27 13:25:00,-3523.026823496722
2022-09-27 13:30:00,-1252.8299428385837
2022-09-27 13:35:00,0.0
2022-09-27 13:40:00,0.0
2022-09-27 13:45:00,1568.5688091433033
2022-09-27 13:50:00,16679.821122591795
2022-09-27 13:55:00,16305.697646376426
2022-09-27 14:00:00,-823.823056068163
2022-09-27 14:05:00,5161.9301072970675
2022-09-27 14:10:00,18483.9959824098
2022-09-27 14:15:00,-831.144332952138
2022-09-27 14:20:00,-760.4934392349775
2022-09-27 14:25:00,11738.797025885611
2022-09-27 14:30:00,-960.9323690768234
2022-09-27 14:35:00,-728.929970524311
2022-09-27 14:40:00,15531.111464206406
2022-09-27 14:45:00,9358.68825030601
2022-09-27 14:50:00,-730.4399684889758
2022-09-27 14:55:00,13215.067338681727
2022-09-27 15:00:00,17034.142130432876
2022-09-27 15:05:00,3326.247096112503
2022-09-27 15:10:00,120.0707069555201
2022-09-27 15:15:00,11394.998847334733
2022-09-27 15:20:00,9341.078942735427
2022-09-27 15:25:00,1863.8717586213488
2022-09-27 15:30:00,563.4934967251052
2022-09-27 15:35:00,-769.2420832182096
2022-09-27 15:40:00,-784.029622708241
2022-09-27 15:45:00,-785.4909877457897
2022-09-27 15:50:00,8896.517412023208
2022-09-27 15:55:00,-765.478605279222
2022-09-27 16:00:00,6394.538418332995
2022-09-27 16:05:00,21470.49747208458
2022-09-27 16:10:00,14935.852465070386
2022-09-27 16:15:00,21290.782205856576
2022-09-27 16:20:00,8643.357004254638
2022-09-27 16:25:00,16397.073304231726
2022-09-27 16:30:00,12594.315447155728
2022-09-27 16:35:00,7311.608673650644
2022-09-27 16:40:00,12010.356685365838
2022-09-27 16:45:00,5935.9376067192115
2022-09-27 16:50:00,2710.8154233469795
2022-09-27 16:55:00,9745.24034999527
2022-09-27 17:00:00,6137.884176180293
2022-09-27 17:05:00,-891.6534681674339
2022-09-27 17:10:00,-1452.1035119035485
2022-09-27 17:15:00,-2202.6219266044322
2022-09-27 17:20:00,-2649.543054546749
2022-09-27 17:25:00,-2782.378446496231
2022-09-27 17:30:00,-3309.8787809482315
2022-09-27 17:35:00,-3622.0347659529602
2022-09-27 17:40:00,-2812.9536552859186
2022-09-27 17:45:00,-882.8765508249409
2022-09-27 17:50:00,-866.2405434490704
2022-09-27 17:55:00,-849.2093773633985
2022-09-27 18:00:00,-842.5504433034657
2022-09-27 18:05:00,9922.631228601482
2022-09-27 18:10:00,4628.4847911406105
2022-09-27 18:15:00,-76.21593396790963
2022-09-27 18:20:00,-933.0554028617751
2022-09-27 18:25:00,-1396.567445546832
2022-09-27 18:30:00,-1689.144923805023
2022-09-27 18:35:00,-1868.2027882906418
2022-09-27 18:40:00,-663.6906464056037
2022-09-27 18:45:00,0.0
2022-09-27 18:50:00,0.0
2022-09-27 18:55:00,0.0
2022-09-27 19:00:00,0.0
2022-09-27 19:05:00,0.0
2022-09-27 19:10:00,0.0
2022-09-27 19:15:00,0.0
2022-09-27 19:20:00,0.0
2022-09-27 19:25:00,0.0
2022-09-27 19:30:00,0.0
2022-09-27 19:35:00,0.0
2022-09-27 19:40:00,0.0
2022-09-27 19:45:00,0.0
2022-09-27 19:50:00,0.0
2022-09-27 19:55:00,0.0
2022-09-27 20:00:00,0.0
2022-09-27 20:05:00,0.0
2022-09-27 20:10:00,0.0
2022-09-27 20:15:00,0.0
2022-09-27 20:20:00,0.0
2022-09-27 20:25:00,0.0
2022-09-27 20:30:00,0.0
2022-09-27 20:35:00,0.0
2022-09-27 20:40:00,0.0
2022-09-27 20:45:00,0.0
2022-09-27 20:50:00,0.0
2022-09-27 20:55:00,0.0
2022-09-27 21:00:00,0.0
2022-09-27 21:05:00,0.0
2022-09-27 21:10:00,0.0
2022-09-27 21:15:00,0.0
2022-09-27 21:20:00,0.0
2022-09-27 21:25:00,0.0
2022-09-27 21:30:00,0.0
2022-09-27 21:35:00,0.0
2022-09-27 21:40:00,0.0
2022-09-27 21:45:00,0.0
2022-09-27 21:50:00,0.0
2022-09-27 21:55:00,0.0
2022-09-27 22:00:00,0.0
2022-09-27 22:05:00,0.0
2022-09-27 22:10:00,0.0
2022-09-27 22:15:00,0.0
2022-09-27 22:20:00,0.0
2022-09-27 22:25:00,0.0
2022-09-27 22:30:00,0.0
2022-09-27 22:35:00,0.0
2022-09-27 22:40:00,0.0
2022-09-27 22:45:00,0.0
2022-09-27 22:50:00,0.0
2022-09-27 22:55:00,0.0
2022-09-27 23:00:00,0.0
2022-09-27 23:05:00,0.0
2022-09-27 23:10:00,0.0
2022-09-27 23:15:00,0.0
2022-09-27 23:20:00,0.0
2022-09-27 23:25:00,0.0
2022-09-27 23:30:00,0.0
2022-09-27 23:35:00,0.0
2022-09-27 23:40:00,0.0
2022-09-27 23:45:00,0.0
2022-09-27 23:50:00,0.0
2022-09-27 23:55:00,0.0
2022-09-28 00:00:00,0.0
2022-09-28 00:05:00,0.0
2022-09-28 00:10:00,0.0
2022-09-28 00:15:00,0.0
2022-09-28 00:20:00,0.0
2022-09-28 00:25:00,0.0
2022-09-28 00:30:00,0.0
2022-09-28 00:35:00,0.0
2022-09-28 00:40:00,0.0
2022-09-28 00:45:00,0.0
2022-09-28 00:50:00,0.0
2022-09-28 00:55:00,0.0
2022-09-28 01:00:00,0.0
2022-09-28 01:05:00,0.0
2022-09-28 01:10:00,0.0
2022-09-28 01:15:00,0.0
2022-09-28 01:20:00,0.0
2022-09-28 01:25:00,0.0
2022-09-28 01:30:00,0.0
2022-09-28 01:35:00,0.0
2022-09-28 01:40:00,0.0
2022-09-28 01:45:00,0.0
2022-09-28 01:50:00,0.0
2022-09-28 01:55:00,0.0
2022-09-28 02:00:00,0.0
2022-09-28 02:05:00,0.0
2022-09-28 02:10:00,0.0
2022-09-28 02:15:00,0.0
2022-09-28 02:20:00,0.0
2022-09-28 02:25:00,0.0
2022-09-28 02:30:00,0.0
2022-09-28 02:35:00,0.0
2022-09-28 02:40:00,0.0
2022-09-28 02:45:00,0.0
2022-09-28 02:50:00,0.0
2022-09-28 02:55:00,0.0
2022-09-28 03:00:00,0.0
2022-09-28 03:05:00,0.0
2022-09-28 03:10:00,0.0
2022-09-28 03:15:00,0.0
2022-09-28 03:20:00,0.0
2022-09-28 03:25:00,0.0
2022-09-28 03:30:00,0.0
2022-09-28 03:35:00,0.0
2022-09-28 03:40:00,0.0
2022-09-28 03:45:00,0.0
2022-09-28 03:50:00,0.0
2022-09-28 03:55:00,0.0
2022-09-28 04:00:00,0.0
2022-09-28 04:05:00,0.0
2022-09-28 04:10:00,0.0
2022-09-28 04:15:00,0.0
2022-09-28 04:20:00,0.0
2022-09-28 04:25:00,0.0
2022-09-28 04:30:00,0.0
2022-09-28 04:35:00,0.0
2022-09-28 04:40:00,0.0
2022-09-28 04:45:00,0.0
2022-09-28 04:50:00,0.0
2022-09-28 04:55:00,0.0
2022-09-28 05:00:00,0.0
2022-09-28 05:05:00,0.0
2022-09-28 05:10:00,0.0
2022-09-28 05:15:00,0.0
2022-09-28 05:20:00,0.0
2022-09-28 05:25:00,0.0
2022-09-28 05:30:00,0.0
2022-09-28 05:35:00,0.0
2022-09-28 05:40:00,0.0
2022-09-28 05:45:00,0.0
2022-09-28 05:50:00,0.0
2022-09-28 05:55:00,0.0
2022-09-28 06:00:00,0.0
2022-09-28 06:05:00,0.0
2022-09-28 06:10:00,0.0
2022-09-28 06:15:00,0.0
2022-09-28 06:20:00,0.0
2022-09-28 06:25:00,0.0
2022-09-28 06:30:00,0.0
2022-09-28 06:35:00,0.0
2022-09-28 06:40:00,0.0
2022-09-28 06:45:00,0.0
2022-09-28 06:50:00,0.0
2022-09-28 06:55:00,0.0
2022-09-28 07:00:00,0.0
2022-09-28 07:05:00,0.0
2022-09-28 07:10:00,0.0
2022-09-28 07:15:00,0.0
2022-09-28 07:20:00,0.0
2022-09-28 07:25:00,0.0
2022-09-28 07:30:00,0.0
2022-09-28 07:35:00,0.0
2022-09-28 07:40:00,0.0
2022-09-28 07:45:00,0.0
2022-09-28 07:50:00,0.0
2022-09-28 07:55:00,0.0
2022-09-28 08:00:00,0.0
2022-09-28 08:05:00,
2022-09-28 08:10:00,19055.272151609515
2022-09-28 08:15:00,0.0
2022-09-28 08:20:00,0.0
2022-09-28 08:25:00,0.0
2022-09-28 08:30:00,15570.841912785367
2022-09-28 08:35:00,1399.215332820939
2022-09-28 08:40:00,1823.7349721012465
2022-09-28 08:45:00,0.0
2022-09-28 08:50:00,0.0
2022-09-28 08:55:00,0.0
2022-09-28 09:00:00,0.0
2022-09-28 09:05:00,0.0
2022-09-28 09:10:00,0.0
2022-09-28 09:15:00,0.0
2022-09-28 09:20:00,0.0
2022-09-28 09:25:00,6745.804128762215
2022-09-28 09:30:00,20791.30229431394
2022-09-28 09:35:00,0.0
2022-09-28 09:40:00,-609.0406339584938
2022-09-28 09:45:00,13177.101066352063
2022-09-28 09:50:00,14434.12124792979
2022-09-28 09:55:00,-666.931146344359
2022-09-28 10:00:00,11233.154091664288
2022-09-28 10:05:00,12703.742743714325
2022-09-28 10:10:00,-666.088717180119
2022-09-28 10:15:00,-642.6355820680628
2022-09-28 10:20:00,12977.06250988743
2022-09-28 10:25:00,12471.530384156646
2022-09-28 10:30:00,-667.2742693270634
2022-09-28 10:35:00,-635.4655012988819
2022-09-28 10:40:00,21010.682294253762
2022-09-28 10:45:00,14567.980534977187
2022-09-28 10:50:00,2414.2705597495938
2022-09-28 10:55:00,-720.2541077120989
2022-09-28 11:00:00,0.0
2022-09-28 11:05:00,-657.2111184081509
2022-09-28 11:10:00,15362.32304168023
2022-09-28 11:15:00,26831.399323090103
2022-09-28 11:20:00,16775.533742590098
2022-09-28 11:25:00,19114.99884608539
2022-09-28 11:30:00,21220.53162056491
2022-09-28 11:35:00,23070.208230699664
2022-09-28 11:40:00,18835.371545349477
2022-09-28 11:45:00,17680.897250962127
2022-09-28 11:50:00,17516.992055870473
2022-09-28 11:55:00,5164.273168313309
2022-09-28 12:00:00,0.0
2022-09-28 12:05:00,10471.737328351284
2022-09-28 12:10:00,19647.17527963088
2022-09-28 12:15:00,19783.855999876097
2022-09-28 12:20:00,22427.110386628054
2022-09-28 12:25:00,21558.193017793576
2022-09-28 12:30:00,11781.198697454054
2022-09-28 12:35:00,9850.928708779129
2022-09-28 12:40:00,17224.402344642323
2022-09-28 12:45:00,8744.892451735881
2022-09-28 12:50:00,12192.429650928414
2022-09-28 12:55:00,16740.185784810743
2022-09-28 13:00:00,27523.675110772743
2022-09-28 13:05:00,19205.45348054174
2022-09-28 13:10:00,15605.137154625427
2022-09-28 13:15:00,0.0
2022-09-28 13:20:00,0.0
2022-09-28 13:25:00,0.0
2022-09-28 13:30:00,0.0
2022-09-28 13:35:00,5452.998086232018
2022-09-28 13:40:00,5148.639038936558
2022-09-28 13:45:00,4532.853642453462
2022-09-28 13:50:00,15577.652669630213
2022-09-28 13:55:00,20871.37877429847
2022-09-28 14:00:00,9162.097396009238
2022-09-28 14:05:00,12149.996417823175
2022-09-28 14:10:00,19229.489067709656
2022-09-28 14:15:00,5733.462482456536
2022-09-28 14:20:00,-697.8346924287267
2022-09-28 14:25:00,17597.77601113362
2022-09-28 14:30:00,6098.806039077562
2022-09-28 14:35:00,-766.1454725077227
2022-09-28 14:40:00,0.0
2022-09-28 14:45:00,0.0
2022-09-28 14:50:00,0.0
2022-09-28 14:55:00,0.0
2022-09-28 15:00:00,0.0
2022-09-28 15:05:00,0.0
2022-09-28 15:10:00,0.0
2022-09-28 15:15:00,0.0
2022-09-28 15:20:00,0.0
2022-09-28 15:25:00,0.0
2022-09-28 15:30:00,0.0
2022-09-28 15:35:00,0.0
2022-09-28 15:40:00,0.0
2022-09-28 15:45:00,0.0
2022-09-28 15:50:00,0.0
2022-09-28 15:55:00,0.0
2022-09-28 16:00:00,0.0
2022-09-28 16:05:00,0.0
2022-09-28 16:10:00,0.0
2022-09-28 16:15:00,9831.520778303926
2022-09-28 16:20:00,20179.810450304212
2022-09-28 16:25:00,24174.399727645083
2022-09-28 16:30:00,-1009.4386656517408
2022-09-28 16:35:00,4896.7957423023145
2022-09-28 16:40:00,15845.607147168419
2022-09-28 16:45:00,-750.5177287518333
2022-09-28 16:50:00,-739.7794322260248
2022-09-28 16:55:00,13620.566312497016
2022-09-28 17:00:00,7601.985446820496
2022-09-28 17:05:00,-687.5783645010191
2022-09-28 17:10:00,10936.99992569042
2022-09-28 17:15:00,14775.468723892478
2022-09-28 17:20:00,-776.6813300831022
2022-09-28 17:25:00,9652.889050239277
2022-09-28 17:30:00,14692.73483595852
2022-09-28 17:35:00,-673.1736238488596
2022-09-28 17:40:00,-693.0035814141398
2022-09-28 17:45:00,15114.716353365404
2022-09-28 17:50:00,7443.440321483976
2022-09-28 17:55:00,-650.0258409022647
2022-09-28 18:00:00,-595.1560505052929
2022-09-28 18:05:00,17744.826455150753
2022-09-28 18:10:00,-838.1861901774192
2022-09-28 18:15:00,-625.3009181374707
2022-09-28 18:20:00,10349.817478012023
2022-09-28 18:25:00,15208.10029582432
2022-09-28 18:30:00,-724.5308033368573
2022-09-28 18:35:00,-634.7238187939415
2022-09-28 18:40:00,8294.069357838807
2022-09-28 18:45:00,24399.209325267908
2022-09-28 18:50:00,18028.347305420346
2022-09-28 18:55:00,-716.3258359684457
2022-09-28 19:00:00,8138.919035069541
2022-09-28 19:05:00,8211.121113823263
2022-09-28 19:10:00,-746.4769633777016
2022-09-28 19:15:00,-680.3762349569919
2022-09-28 19:20:00,0.0
2022-09-28 19:25:00,0.0
2022-09-28 19:30:00,0.0
2022-09-28 19:35:00,0.0
2022-09-28 19:40:00,0.0
2022-09-28 19:45:00,0.0
2022-09-28 19:50:00,0.0
2022-09-28 19:55:00,0.0
2022-09-28 20:00:00,0.0
2022-09-28 20:05:00,0.0
2022-09-28 20:10:00,0.0
2022-09-28 20:15:00,0.0
2022-09-28 20:20:00,0.0
2022-09-28 20:25:00,0.0
2022-09-28 20:30:00,0.0
2022-09-28 20:35:00,0.0
2022-09-28 20:40:00,0.0
2022-09-28 20:45:00,0.0
2022-09-28 20:50:00,0.0
2022-09-28 20:55:00,0.0
2022-09-28 21:00:00,0.0
2022-09-28 21:05:00,0.0
2022-09-28 21:10:00,0.0
2022-09-28 21:15:00,0.0
2022-09-28 21:20:00,0.0
2022-09-28 21:25:00,0.0
2022-09-28 21:30:00,0.0
2022-09-28 21:40:00,0.0
2022-09-28 21:45:00,0.0
2022-09-28 21:50:00,0.0
2022-09-28 21:55:00,0.0
2022-09-28 22:00:00,0.0
2022-09-28 22:05:00,0.0
2022-09-28 22:10:00,0.0
2022-09-28 22:15:00,0.0
2022-09-28 22:20:00,0.0
2022-09-28 22:25:00,0.0
2022-09-28 22:30:00,0.0
2022-09-28 22:35:00,0.0
2022-09-28 22:40:00,0.0
2022-09-28 22:45:00,0.0
2022-09-28 22:50:00,0.0
2022-09-28 22:55:00,0.0
2022-09-28 23:00:00,0.0
2022-09-28 23:05:00,0.0
2022-09-28 23:10:00,0.0
2022-09-28 23:15:00,0.0
2022-09-28 23:20:00,0.0
2022-09-28 23:25:00,0.0
2022-09-28 23:30:00,0.0
2022-09-28 23:35:00,0.0
2022-09-28 23:40:00,0.0
2022-09-28 23:45:00,0.0
2022-09-28 23:50:00,0.0
2022-09-28 23:55:00,0.0
2022-09-29 00:00:00,0.0
2022-09-29 00:05:00,0.0
2022-09-29 00:10:00,0.0
2022-09-29 00:15:00,0.0
2022-09-29 00:20:00,0.0
2022-09-29 00:25:00,0.0
2022-09-29 00:30:00,0.0
2022-09-29 00:35:00,0.0
2022-09-29 00:40:00,0.0
2022-09-29 00:45:00,0.0
2022-09-29 00:50:00,0.0
2022-09-29 00:55:00,0.0
2022-09-29 01:00:00,0.0
2022-09-29 01:05:00,0.0
2022-09-29 01:10:00,0.0
2022-09-29 01:15:00,0.0
2022-09-29 01:20:00,0.0
2022-09-29 01:25:00,0.0
2022-09-29 01:30:00,0.0
2022-09-29 01:35:00,0.0
2022-09-29 01:40:00,0.0
2022-09-29 01:45:00,0.0
2022-09-29 01:50:00,0.0
2022-09-29 01:55:00,0.0
2022-09-29 02:00:00,0.0
2022-09-29 02:05:00,0.0
2022-09-29 02:10:00,0.0
2022-09-29 02:15:00,0.0
2022-09-29 02:20:00,0.0
2022-09-29 02:25:00,0.0
2022-09-29 02:30:00,0.0
2022-09-29 02:35:00,0.0
2022-09-29 02:40:00,0.0
2022-09-29 02:45:00,0.0
2022-09-29 02:50:00,0.0
2022-09-29 02:55:00,0.0
2022-09-29 03:00:00,0.0
2022-09-29 03:05:00,0.0
2022-09-29 03:10:00,0.0
2022-09-29 03:15:00,0.0
2022-09-29 03:20:00,0.0
2022-09-29 03:25:00,0.0
2022-09-29 03:30:00,0.0
2022-09-29 03:35:00,0.0
2022-09-29 03:40:00,0.0
2022-09-29 03:45:00,0.0
2022-09-29 03:50:00,0.0
2022-09-29 03:55:00,0.0
2022-09-29 04:00:00,0.0
2022-09-29 04:05:00,0.0
2022-09-29 04:10:00,0.0
2022-09-29 04:15:00,0.0
2022-09-29 04:20:00,0.0
2022-09-29 04:25:00,0.0
2022-09-29 04:30:00,0.0
2022-09-29 04:35:00,0.0
2022-09-29 04:40:00,0.0
2022-09-29 04:45:00,0.0
2022-09-29 04:50:00,0.0
2022-09-29 04:55:00,0.0
2022-09-29 05:00:00,0.0
2022-09-29 05:05:00,0.0
2022-09-29 05:10:00,0.0
2022-09-29 05:15:00,0.0
2022-09-29 05:20:00,0.0
2022-09-29 05:25:00,0.0
2022-09-29 05:30:00,0.0
2022-09-29 05:35:00,0.0
2022-09-29 05:40:00,0.0
2022-09-29 05:45:00,0.0
2022-09-29 05:50:00,0.0
2022-09-29 05:55:00,0.0
2022-09-29 06:00:00,0.0
2022-09-29 06:05:00,0.0
2022-09-29 06:10:00,0.0
2022-09-29 06:15:00,0.0
2022-09-29 06:20:00,0.0
2022-09-29 06:25:00,0.0
2022-09-29 06:30:00,0.0
2022-09-29 06:35:00,0.0
2022-09-29 06:40:00,0.0
2022-09-29 06:45:00,0.0
2022-09-29 06:50:00,0.0
2022-09-29 06:55:00,0.0
2022-09-29 07:00:00,0.0
2022-09-29 07:05:00,0.0
2022-09-29 07:10:00,0.0
2022-09-29 07:15:00,0.0
2022-09-29 07:20:00,0.0
2022-09-29 07:25:00,0.0
2022-09-29 07:30:00,0.0
2022-09-29 07:35:00,0.0
2022-09-29 07:40:00,0.0
2022-09-29 07:45:00,0.0
2022-09-29 07:50:00,0.0
2022-09-29 07:55:00,0.0
2022-09-29 08:00:00,0.0
2022-09-29 08:05:00,0.0
2022-09-29 08:10:00,0.0
2022-09-29 08:15:00,0.0
2022-09-29 08:20:00,0.0
2022-09-29 08:25:00,0.0
2022-09-29 08:30:00,0.0
2022-09-29 08:35:00,0.0
2022-09-29 08:40:00,0.0
2022-09-29 08:45:00,0.0
2022-09-29 08:50:00,0.0
2022-09-29 08:55:00,0.0
2022-09-29 09:00:00,0.0
2022-09-29 09:05:00,0.0
2022-09-29 09:10:00,0.0
2022-09-29 09:15:00,19065.909736611407
2022-09-29 09:20:00,24163.04665229552
2022-09-29 09:25:00,26595.68753995541
2022-09-29 09:30:00,23235.141631015667
2022-09-29 09:35:00,19960.422363532776
2022-09-29 09:40:00,-664.7125903237294
2022-09-29 09:45:00,19037.703675990695
2022-09-29 09:50:00,20804.321664475025
2022-09-29 09:55:00,3973.852206317453
2022-09-29 10:05:00,19005.60331871123
2022-09-29 10:15:00,22158.114069456093
2022-09-29 10:20:00,21734.084314509
2022-09-29 10:25:00,22196.617611032514
2022-09-29 10:30:00,-657.7117817033507
2022-09-29 10:40:00,-596.1128772875256
2022-09-29 10:45:00,-541.5809138281593
2022-09-29 11:05:00,0.0
2022-09-29 11:10:00,0.0
2022-09-29 11:15:00,0.0
2022-09-29 11:20:00,0.0
2022-09-29 11:25:00,0.0
2022-09-29 11:30:00,0.0
2022-09-29 11:40:00,0.0
2022-09-29 11:45:00,0.0
2022-09-29 11:50:00,0.0
2022-09-29 11:55:00,0.0
2022-09-29 12:05:00,0.0
2022-09-29 12:10:00,0.0
2022-09-29 12:15:00,23802.46043535374
2022-09-29 12:50:00,-766.3767671008467
2022-09-29 12:55:00,-744.5692871597212
2022-09-29 13:00:00,-727.0071676151949
2022-09-29 13:05:00,-687.3791208698428
2022-09-29 13:10:00,17108.148347546237
2022-09-29 13:15:00,8753.620142673286
2022-09-29 13:20:00,-748.449002443259
2022-09-29 13:25:00,-804.1286575907156
2022-09-29 13:30:00,-796.6483815890911
2022-09-29 13:35:00,-784.6813758335578
2022-09-29 13:40:00,-764.4152383739648
2022-09-29 13:55:00,-672.2047343075843
2022-09-29 14:05:00,-600.9144357240893
2022-09-29 14:10:00,-590.0299776435386
2022-09-29 14:15:00,-579.0920817297284
2022-09-29 14:40:00,-569.9321508306364
2022-09-29 16:20:00,20754.351205355673
2022-09-29 16:25:00,7648.79980125715
2022-09-29 16:30:00,-658.120342270992
2022-09-29 16:35:00,21065.36906181227
2022-09-29 16:40:00,5423.23071728871
2022-09-29 16:45:00,8797.607228247292
2022-09-29 16:50:00,7285.238289318295
2022-09-29 16:55:00,6966.1207681233045
2022-09-29 17:00:00,14337.384469751512
2022-09-29 17:05:00,-649.6526126542211
2022-09-29 17:10:00,0.0
2022-09-29 17:15:00,0.0
2022-09-29 17:20:00,0.0
2022-09-29 17:25:00,0.0
2022-09-29 17:30:00,0.0
2022-09-29 17:35:00,0.0
2022-09-29 17:40:00,0.0
2022-09-29 17:45:00,0.0
2022-09-29 17:50:00,0.0
2022-09-29 17:55:00,0.0
2022-09-29 18:00:00,0.0
2022-09-29 18:05:00,0.0
2022-09-29 18:10:00,0.0
2022-09-29 18:15:00,0.0
2022-09-29 18:20:00,0.0
2022-09-29 18:25:00,0.0
2022-09-29 18:30:00,0.0
2022-09-29 18:35:00,0.0
2022-09-29 18:40:00,0.0
2022-09-29 18:45:00,0.0
2022-09-29 18:50:00,0.0
2022-09-29 18:55:00,0.0
2022-09-29 19:00:00,0.0
2022-09-29 19:05:00,0.0
2022-09-29 19:10:00,0.0
2022-09-29 19:15:00,0.0
2022-09-29 19:20:00,0.0
2022-09-29 19:25:00,0.0
2022-09-29 19:30:00,0.0
2022-09-29 19:35:00,0.0
2022-09-29 19:40:00,0.0
2022-09-29 19:45:00,0.0
2022-09-29 19:50:00,0.0
2022-09-29 19:55:00,0.0
2022-09-29 20:00:00,0.0
2022-09-29 20:05:00,0.0
2022-09-29 20:10:00,0.0
2022-09-29 20:15:00,0.0
2022-09-29 20:20:00,0.0
2022-09-29 20:25:00,0.0
2022-09-29 20:30:00,0.0
2022-09-29 20:35:00,0.0
2022-09-29 20:40:00,0.0
2022-09-29 20:45:00,0.0
2022-09-29 20:50:00,0.0
2022-09-29 20:55:00,0.0
2022-09-29 21:00:00,0.0
2022-09-29 21:05:00,0.0
2022-09-29 21:10:00,0.0
2022-09-29 21:15:00,0.0
2022-09-29 21:20:00,0.0
2022-09-29 21:25:00,0.0
2022-09-29 21:30:00,0.0
2022-09-29 21:35:00,0.0
2022-09-29 21:40:00,0.0
2022-09-29 21:45:00,0.0
2022-09-29 21:50:00,0.0
2022-09-29 21:55:00,0.0
2022-09-29 22:00:00,0.0
2022-09-29 22:05:00,0.0
2022-09-29 22:10:00,0.0
2022-09-29 22:15:00,0.0
2022-09-29 22:20:00,0.0
2022-09-29 22:25:00,0.0
2022-09-29 22:30:00,0.0
2022-09-29 22:35:00,0.0
2022-09-29 22:40:00,0.0
2022-09-29 22:45:00,0.0
2022-09-29 22:50:00,0.0
2022-09-29 22:55:00,0.0
2022-09-29 23:00:00,0.0
2022-09-29 23:05:00,0.0
2022-09-29 23:10:00,0.0
2022-09-29 23:15:00,0.0
2022-09-29 23:20:00,0.0
2022-09-29 23:25:00,0.0
2022-09-29 23:30:00,0.0
2022-09-29 23:35:00,0.0
2022-09-29 23:40:00,0.0
2022-09-29 23:45:00,0.0
2022-09-29 23:50:00,0.0
2022-09-29 23:55:00,0.0
2022-09-30 00:00:00,0.0
2022-09-30 00:05:00,0.0
2022-09-30 00:10:00,0.0
2022-09-30 00:15:00,0.0
2022-09-30 00:20:00,0.0
2022-09-30 00:25:00,0.0
2022-09-30 00:30:00,0.0
2022-09-30 00:35:00,0.0
2022-09-30 00:40:00,0.0
2022-09-30 00:45:00,0.0
2022-09-30 00:50:00,0.0
2022-09-30 00:55:00,0.0
2022-09-30 01:00:00,0.0
2022-09-30 01:05:00,0.0
2022-09-30 01:10:00,0.0
2022-09-30 01:15:00,0.0
2022-09-30 01:20:00,0.0
2022-09-30 01:25:00,0.0
2022-09-30 01:30:00,0.0
2022-09-30 01:35:00,0.0
2022-09-30 01:40:00,0.0
2022-09-30 01:45:00,0.0
2022-09-30 01:50:00,0.0
2022-09-30 01:55:00,0.0
2022-09-30 02:00:00,0.0
2022-09-30 02:05:00,0.0
2022-09-30 02:10:00,0.0
2022-09-30 02:15:00,0.0
2022-09-30 02:20:00,0.0
2022-09-30 02:25:00,0.0
2022-09-30 02:30:00,0.0
2022-09-30 02:35:00,0.0
2022-09-30 02:40:00,0.0
2022-09-30 02:45:00,0.0
2022-09-30 02:50:00,0.0
2022-09-30 02:55:00,0.0
2022-09-30 03:00:00,0.0
2022-09-30 03:05:00,0.0
2022-09-30 03:10:00,0.0
2022-09-30 03:15:00,0.0
2022-09-30 03:20:00,0.0
2022-09-30 03:25:00,0.0
2022-09-30 03:30:00,0.0
2022-09-30 03:35:00,0.0
2022-09-30 03:40:00,0.0
2022-09-30 03:45:00,0.0
2022-09-30 03:50:00,0.0
2022-09-30 03:55:00,0.0
2022-09-30 04:00:00,0.0
2022-09-30 04:05:00,0.0
2022-09-30 04:10:00,0.0
2022-09-30 04:15:00,0.0
2022-09-30 04:20:00,0.0
2022-09-30 04:25:00,0.0
2022-09-30 04:30:00,0.0
2022-09-30 04:35:00,0.0
2022-09-30 04:40:00,0.0
2022-09-30 04:45:00,0.0
2022-09-30 04:50:00,0.0
2022-09-30 04:55:00,0.0
2022-09-30 05:00:00,0.0
2022-09-30 05:05:00,0.0
2022-09-30 05:10:00,0.0
2022-09-30 05:15:00,0.0
2022-09-30 05:20:00,0.0
2022-09-30 05:25:00,0.0
2022-09-30 05:30:00,0.0
2022-09-30 05:35:00,0.0
2022-09-30 05:40:00,0.0
2022-09-30 05:45:00,0.0
2022-09-30 05:50:00,0.0
2022-09-30 05:55:00,0.0
2022-09-30 06:00:00,0.0
2022-09-30 06:05:00,0.0
2022-09-30 06:10:00,0.0
2022-09-30 06:15:00,0.0
2022-09-30 06:20:00,0.0
2022-09-30 06:25:00,0.0
2022-09-30 06:30:00,0.0
2022-09-30 06:35:00,0.0
2022-09-30 06:40:00,0.0
2022-09-30 06:45:00,0.0
2022-09-30 06:50:00,0.0
2022-09-30 06:55:00,0.0
2022-09-30 07:00:00,0.0
2022-09-30 07:05:00,0.0
2022-09-30 07:10:00,0.0
2022-09-30 07:15:00,0.0
2022-09-30 07:20:00,0.0
2022-09-30 07:25:00,0.0
2022-09-30 07:30:00,0.0
2022-09-30 07:35:00,0.0
2022-09-30 07:40:00,0.0
2022-09-30 07:45:00,0.0
2022-09-30 07:50:00,
2022-09-30 07:55:00,22726.8617935614
2022-09-30 08:00:00,28193.518608844173
2022-09-30 08:05:00,-789.3582355469655
2022-09-30 08:10:00,19649.67265680532
2022-09-30 08:15:00,6514.737543157542
2022-09-30 08:20:00,11521.0466054573
2022-09-30 08:25:00,6049.209458074545
2022-09-30 08:30:00,0.0
2022-09-30 08:35:00,0.0
2022-09-30 08:40:00,0.0
2022-09-30 08:45:00,0.0
2022-09-30 08:50:00,0.0
2022-09-30 08:55:00,0.0
2022-09-30 09:00:00,0.0
2022-09-30 09:05:00,0.0
2022-09-30 09:10:00,0.0
2022-09-30 09:15:00,0.0
2022-09-30 09:20:00,0.0
2022-09-30 09:25:00,0.0
2022-09-30 09:30:00,0.0
2022-09-30 09:35:00,0.0
2022-09-30 09:40:00,0.0
2022-09-30 09:45:00,0.0
2022-09-30 09:50:00,0.0
2022-09-30 09:55:00,0.0
2022-09-30 10:00:00,0.0
2022-09-30 10:05:00,0.0
2022-09-30 10:10:00,0.0
2022-09-30 10:15:00,0.0
2022-09-30 10:20:00,0.0
2022-09-30 10:25:00,0.0
2022-09-30 10:30:00,0.0
2022-09-30 10:35:00,0.0
2022-09-30 10:40:00,0.0
2022-09-30 10:45:00,0.0
2022-09-30 10:50:00,0.0
2022-09-30 10:55:00,0.0
2022-09-30 11:00:00,0.0
2022-09-30 11:05:00,0.0
2022-09-30 11:10:00,0.0
2022-09-30 11:15:00,0.0
2022-09-30 11:20:00,0.0
2022-09-30 11:25:00,0.0
2022-09-30 11:30:00,0.0
2022-09-30 11:35:00,0.0
2022-09-30 11:40:00,0.0
2022-09-30 11:45:00,0.0
2022-09-30 11:50:00,0.0
2022-09-30 11:55:00,0.0
2022-09-30 12:00:00,0.0
2022-09-30 12:05:00,0.0
2022-09-30 12:10:00,0.0
2022-09-30 12:15:00,0.0
2022-09-30 12:20:00,0.0
2022-09-30 12:25:00,0.0
2022-09-30 12:30:00,0.0
2022-09-30 12:35:00,0.0
2022-09-30 12:40:00,0.0
2022-09-30 12:45:00,0.0
2022-09-30 12:50:00,0.0
2022-09-30 12:55:00,0.0
2022-09-30 13:00:00,0.0
2022-09-30 13:05:00,0.0
2022-09-30 13:10:00,0.0
2022-09-30 13:15:00,0.0
2022-09-30 13:20:00,0.0
2022-09-30 13:25:00,0.0
2022-09-30 13:30:00,0.0
2022-09-30 13:35:00,0.0
2022-09-30 13:40:00,0.0
2022-09-30 13:45:00,0.0
2022-09-30 13:50:00,0.0
2022-09-30 13:55:00,0.0
2022-09-30 14:00:00,0.0
2022-09-30 14:05:00,0.0
2022-09-30 14:10:00,0.0
2022-09-30 14:15:00,0.0
2022-09-30 14:20:00,0.0
2022-09-30 14:25:00,0.0
2022-09-30 14:30:00,0.0
2022-09-30 14:35:00,0.0
2022-09-30 14:40:00,0.0
2022-09-30 14:45:00,7317.982858057941
2022-09-30 14:50:00,19867.52150582188
2022-09-30 14:55:00,31691.377948775378
2022-09-30 15:00:00,27781.049532124747
2022-09-30 15:05:00,8266.640900061138
2022-09-30 15:10:00,14467.4265809498
2022-09-30 15:15:00,10874.577131541453
2022-09-30 15:20:00,10003.71443405419
2022-09-30 15:25:00,13035.681908549312
2022-09-30 15:30:00,0.0
2022-09-30 15:35:00,0.0
2022-09-30 15:40:00,0.0
2022-09-30 15:45:00,0.0
2022-09-30 15:50:00,14427.06011131163
2022-09-30 15:55:00,17179.062399639562
2022-09-30 16:00:00,11129.484979467978
2022-09-30 16:05:00,9221.812047849797
2022-09-30 16:10:00,16481.09871193006
2022-09-30 16:15:00,-502.62909772154546
2022-09-30 16:20:00,11612.456052014692
2022-09-30 16:25:00,12168.36798971354
2022-09-30 16:30:00,-465.1687672700194
2022-09-30 16:35:00,10298.593207264288
2022-09-30 16:40:00,6921.1254031991975
2022-09-30 16:45:00,-492.3604310622268
2022-09-30 16:50:00,11740.445806626418
2022-09-30 16:55:00,12937.146550418318
2022-09-30 17:00:00,-481.21621250993934
2022-09-30 17:05:00,8665.35566546824
2022-09-30 17:10:00,21091.876206952435
2022-09-30 17:15:00,-850.642413993262
2022-09-30 17:20:00,4278.052312623716
2022-09-30 17:25:00,10669.336245570705
2022-09-30 17:30:00,-574.1986933010403
2022-09-30 17:35:00,11473.9861840077
2022-09-30 17:40:00,11068.336263006586
2022-09-30 17:45:00,-502.37987700012985
2022-09-30 17:50:00,13288.319694704265
2022-09-30 17:55:00,15865.109693287304
2022-09-30 18:00:00,-491.97071432330904
2022-09-30 18:05:00,7508.877989017701
2022-09-30 18:10:00,7778.639554405244
2022-09-30 18:15:00,-503.0069313403882
2022-09-30 18:20:00,5286.125859203245
2022-09-30 18:25:00,10240.145062014915
2022-09-30 18:30:00,-448.6128245369863
2022-09-30 18:35:00,9141.278644818718
2022-09-30 18:40:00,6332.565927686581
2022-09-30 18:45:00,-448.3351329696568
2022-09-30 18:50:00,11403.09644529527
2022-09-30 18:55:00,6621.66563246158
2022-09-30 19:00:00,-495.90419900070674
2022-09-30 19:05:00,6899.3026299897465
2022-09-30 19:10:00,24846.30495060338
2022-09-30 19:15:00,12146.852442702262
2022-09-30 19:20:00,-541.7185052047874
2022-09-30 19:25:00,9993.3286211198
2022-09-30 19:30:00,-744.8294492145401
2022-09-30 19:35:00,-517.3657626506699
2022-09-30 19:40:00,9588.784018467954
2022-09-30 19:45:00,-633.9291790334044
2022-09-30 19:50:00,-437.9956316958064
2022-09-30 19:55:00,12851.168944694902
2022-09-30 20:00:00,7371.512543676817
2022-09-30 20:05:00,-430.1050300887824
2022-09-30 20:10:00,9377.443387125717
2022-09-30 20:15:00,16218.166248950043
2022-09-30 20:20:00,-407.3035829085827
2022-09-30 20:25:00,-453.7530689615257
2022-09-30 20:30:00,10183.510349109707
2022-09-30 20:35:00,-537.2601132305846
2022-09-30 20:40:00,-411.453885369576
2022-09-30 20:45:00,11701.94826965372
2022-09-30 20:50:00,-582.794528032067
2022-09-30 20:55:00,-423.23803690299445
2022-09-30 21:00:00,11462.658483885816
2022-09-30 21:05:00,7810.923520701368
2022-09-30 21:10:00,-482.76989842953066
2022-09-30 21:15:00,6649.120062851394
2022-09-30 21:20:00,26575.880133190418
2022-09-30 21:25:00,12688.866223963543
2022-09-30 21:30:00,-582.633960505606
2022-09-30 21:35:00,8888.103213844744
2022-09-30 21:40:00,0.0
2022-09-30 21:45:00,-501.834238971469
2022-09-30 21:50:00,10472.32003004274
2022-09-30 21:55:00,-531.131623499222
2022-09-30 22:00:00,-439.58478572896234
2022-09-30 22:05:00,11768.001136936751
2022-09-30 22:10:00,-576.5358896007385
2022-09-30 22:15:00,-445.13761589619503
2022-09-30 22:20:00,11419.658711215061
2022-09-30 22:25:00,6906.017399450533
2022-09-30 22:30:00,-489.7610160023994
2022-09-30 22:35:00,-465.3733864198121
2022-09-30 22:40:00,11112.517009046067
2022-09-30 22:45:00,-507.86053337803077
2022-09-30 22:50:00,-343.0917467918391
2022-09-30 22:55:00,11320.945687443522
2022-09-30 23:00:00,-551.7456536464252
2022-09-30 23:05:00,-439.9299865465075
2022-09-30 23:10:00,13775.91195506521
2022-09-30 23:15:00,8538.098547643755
2022-09-30 23:20:00,-443.85194693083736
2022-09-30 23:25:00,8171.567947819659
2022-09-30 23:30:00,24673.015400077096
2022-09-30 23:35:00,12454.63898604467
2022-09-30 23:40:00,-586.6905746891391
2022-09-30 23:45:00,8388.705580780315
2022-09-30 23:50:00,5654.291352955429
2022-09-30 23:55:00,-525.769873177939
2022-10-01 00:00:00,11876.154880411244
2022-10-01 00:05:00,6219.356807072655
2022-10-01 00:10:00,-448.43782398869683
2022-10-01 00:15:00,-402.27476745948843
2022-10-01 00:20:00,11309.586403808702
2022-10-01 00:25:00,-536.3264779516446
2022-10-01 00:30:00,-414.9182457204427
2022-10-01 00:35:00,12203.877458840958
2022-10-01 00:40:00,-518.9201032380109
2022-10-01 00:45:00,-434.8045575736622
2022-10-01 00:50:00,14693.490748440125
2022-10-01 00:55:00,15513.049117854236
2022-10-01 01:00:00,-455.62840521693164
2022-10-01 01:05:00,-425.0025006833753
2022-10-01 01:10:00,9862.60521987759
2022-10-01 01:15:00,-585.3887393630594
2022-10-01 01:20:00,-371.8230411371382
2022-10-01 01:25:00,12103.765649438541
2022-10-01 01:30:00,-565.0784474658943
2022-10-01 01:35:00,-411.72901050977947
2022-10-01 01:40:00,12884.638337534563
2022-10-01 01:45:00,25686.695987688963
2022-10-01 01:50:00,-722.4449706646606
2022-10-01 01:55:00,-594.0936536568405
2022-10-01 02:00:00,6864.44137722276
2022-10-01 02:05:00,4955.9206647450055
2022-10-01 02:10:00,-562.4173286823075
2022-10-01 02:15:00,-454.49435629598867
2022-10-01 02:20:00,12616.73889899998
2022-10-01 02:25:00,-526.4770769791986
2022-10-01 02:30:00,-485.79430669715157
2022-10-01 02:35:00,6694.67084138304
2022-10-01 02:40:00,9944.810258860492
2022-10-01 02:45:00,-471.72136416664415
2022-10-01 02:50:00,-409.392862339565
2022-10-01 02:55:00,11044.345687623469
2022-10-01 03:00:00,-479.14015939065234
2022-10-01 03:05:00,-412.46860922289505
2022-10-01 03:10:00,11594.871922570732
2022-10-01 03:15:00,6128.9004407979155
2022-10-01 03:20:00,-423.8613876839824
2022-10-01 03:25:00,-313.2666833022713
2022-10-01 03:30:00,10976.528042684713
2022-10-01 03:35:00,-503.56247012500535
2022-10-01 03:40:00,-434.85139534030316
2022-10-01 03:45:00,13395.90276070319
2022-10-01 03:50:00,9226.77742145672
2022-10-01 03:55:00,-444.75902573673795
2022-10-01 04:00:00,7443.93226430862
2022-10-01 04:05:00,12253.600641485356
2022-10-01 04:10:00,-463.5020364107011
2022-10-01 04:15:00,-443.3600147520005
2022-10-01 04:20:00,12289.854395412412
2022-10-01 04:25:00,6937.48720188209
2022-10-01 04:30:00,-410.93028646061515
2022-10-01 04:35:00,7683.38735214334
2022-10-01 04:40:00,6793.44100196716
2022-10-01 04:45:00,-396.0275665154354
2022-10-01 04:50:00,-193.01267708932926
2022-10-01 04:55:00,13591.239090950363
2022-10-01 05:00:00,5738.046100037353
2022-10-01 05:05:00,-412.30605512350286
2022-10-01 05:10:00,13774.371959807511
2022-10-01 05:15:00,6971.045990264195
2022-10-01 05:20:00,-432.50083644161765
2022-10-01 05:25:00,-386.08624349770076
2022-10-01 05:30:00,10733.647583014445
2022-10-01 05:35:00,-556.8320141788653
2022-10-01 05:40:00,-401.9055791712308
2022-10-01 05:45:00,5756.791828736169
2022-10-01 05:50:00,8170.379629144128
2022-10-01 05:55:00,-448.2892468959825
2022-10-01 06:00:00,-388.5842485012811
2022-10-01 06:05:00,9703.436652370185
2022-10-01 06:10:00,0.0
2022-10-01 06:15:00,-412.3404704258408
2022-10-01 06:20:00,6452.105632949995
2022-10-01 06:25:00,13417.40567936994
2022-10-01 06:30:00,-450.04197930063816
2022-10-01 06:35:00,-396.05109164049355
2022-10-01 06:40:00,15857.61839893283
2022-10-01 06:45:00,-587.674579919464
2022-10-01 06:50:00,-398.1768700210481
2022-10-01 06:55:00,6271.058164547531
2022-10-01 07:00:00,7850.474439263894
2022-10-01 07:05:00,-444.96112118771913
2022-10-01 07:10:00,-386.8974666423181
2022-10-01 07:15:00,10299.315548096798
2022-10-01 07:20:00,0.0
2022-10-01 07:25:00,-410.3648519996942
2022-10-01 07:30:00,-346.3723761888748
2022-10-01 07:35:00,15424.155990522218
2022-10-01 07:40:00,-545.1662586538807
2022-10-01 07:45:00,-427.3810516270013
2022-10-01 07:50:00,9943.466829816822
2022-10-01 07:55:00,8444.112457521194
2022-10-01 08:00:00,-406.9502559389195
2022-10-01 08:05:00,4211.140344592745
2022-10-01 08:10:00,18150.1061725059
2022-10-01 08:15:00,-590.99658675961
2022-10-01 08:20:00,-526.1275620769965
2022-10-01 08:25:00,7118.045259691491
2022-10-01 08:30:00,9214.984738569428
2022-10-01 08:35:00,-527.399341814395
2022-10-01 08:40:00,-501.62190337927655
2022-10-01 08:45:00,14153.081820383779
2022-10-01 08:50:00,-676.8603913124095
2022-10-01 08:55:00,-541.686434160097
2022-10-01 09:00:00,10618.72810191191
2022-10-01 09:05:00,24629.54871579312
2022-10-01 09:10:00,-825.3699699954318
2022-10-01 09:15:00,-667.3874850241411
2022-10-01 09:20:00,14967.342911052556
2022-10-01 09:25:00,8864.089928366988
2022-10-01 09:30:00,-595.7609056029129
2022-10-01 09:35:00,9685.93018486135
2022-10-01 09:40:00,0.0
2022-10-01 09:45:00,-563.4767247577331
2022-10-01 09:50:00,-629.2340485472196
2022-10-01 09:55:00,18153.79831778064
2022-10-01 10:00:00,8446.05390309058
2022-10-01 10:05:00,-638.0458619806648
2022-10-01 10:10:00,10287.700999477072
2022-10-01 10:15:00,7817.214952287868
2022-10-01 10:20:00,-564.7608331012142
2022-10-01 10:25:00,5040.966580017865
2022-10-01 10:30:00,7086.18145339658
2022-10-01 10:35:00,-656.5830942434004
2022-10-01 10:40:00,-669.8742165071304
2022-10-01 10:45:00,9356.789441989684
2022-10-01 10:50:00,0.0
2022-10-01 10:55:00,-626.3324254485004
2022-10-01 11:00:00,4603.842765784904
2022-10-01 11:05:00,17169.65509769348
2022-10-01 11:10:00,-627.096222107792
2022-10-01 11:15:00,-595.9134086919975
2022-10-01 11:20:00,18619.32538756562
2022-10-01 11:25:00,24955.511975585327
2022-10-01 11:30:00,-814.672142549168
2022-10-01 11:35:00,3861.371817869218
2022-10-01 11:40:00,15189.367138150996
2022-10-01 11:45:00,-752.3058518763174
2022-10-01 11:50:00,-694.5531827330317
2022-10-01 11:55:00,8628.436394725743
2022-10-01 12:00:00,7957.717073921086
2022-10-01 12:05:00,-649.3048577302865
2022-10-01 12:10:00,-655.7033506895889
2022-10-01 12:15:00,19216.592098154335
2022-10-01 12:20:00,-740.7814489563498
2022-10-01 12:25:00,-648.0586630486756
2022-10-01 12:30:00,8842.053399788565
2022-10-01 12:35:00,9448.626033272014
2022-10-01 12:40:00,-620.8114904248275
2022-10-01 12:45:00,3784.5478646150154
2022-10-01 12:50:00,16508.13432688553
2022-10-01 12:55:00,-767.1254734396712
2022-10-01 13:00:00,-670.3666498519275
2022-10-01 13:05:00,5072.970068803568
2022-10-01 13:10:00,6657.580768100732
2022-10-01 13:15:00,-726.964356566916
2022-10-01 13:20:00,-701.9699637091447
2022-10-01 13:25:00,16534.020646990444
2022-10-01 13:30:00,3944.0843778633853
2022-10-01 13:35:00,-648.5621797378468
2022-10-01 13:40:00,5951.702064505093
2022-10-01 13:45:00,11919.604382426502
2022-10-01 13:50:00,-717.8890282298719
2022-10-01 13:55:00,-641.0983717916753
2022-10-01 14:00:00,21920.79199817923
2022-10-01 14:05:00,-811.352182151189
2022-10-01 14:10:00,-710.8743471461744
2022-10-01 14:15:00,6542.628917670303
2022-10-01 14:20:00,8592.809704584957
2022-10-01 14:25:00,-618.6614400924442
2022-10-01 14:30:00,-538.015291131216
2022-10-01 14:35:00,15986.037384864827
2022-10-01 14:40:00,-615.5145188903824
2022-10-01 14:45:00,3282.5438744461326
2022-10-01 14:50:00,13970.635164418361
2022-10-01 14:55:00,-635.6874378312057
2022-10-01 15:00:00,-638.7189985140568
2022-10-01 15:05:00,14251.697256773115
2022-10-01 15:10:00,-703.410394849574
2022-10-01 15:15:00,-618.2388282713265
2022-10-01 15:20:00,7354.756030902039
2022-10-01 15:25:00,6640.50415450499
2022-10-01 15:30:00,-664.7063940099665
2022-10-01 15:35:00,5184.4404578060485
2022-10-01 15:40:00,30009.83347788974
2022-10-01 15:45:00,7454.349132873744
2022-10-01 15:50:00,-773.7499827314698
2022-10-01 15:55:00,11196.534270632455
2022-10-01 16:00:00,0.0
2022-10-01 16:05:00,-720.4314177510133
2022-10-01 16:10:00,-758.1731481989607
2022-10-01 16:15:00,12719.13018034224
2022-10-01 16:20:00,-726.6462485263429
2022-10-01 16:25:00,-641.837688933194
2022-10-01 16:30:00,10519.152203733807
2022-10-01 16:35:00,8500.42420238301
2022-10-01 16:40:00,-577.1101333053413
2022-10-01 16:45:00,3889.788355846925
2022-10-01 16:50:00,10160.360745087712
2022-10-01 16:55:00,-646.0946517911229
2022-10-01 17:00:00,-606.3760921461458
2022-10-01 17:05:00,15736.567739507878
2022-10-01 17:10:00,-773.9146500971044
2022-10-01 17:15:00,-641.4643347147929
2022-10-01 17:20:00,4875.668418222785
2022-10-01 17:25:00,10842.260260345944
2022-10-01 17:30:00,-635.8975100758075
2022-10-01 17:35:00,-598.5494403918826
2022-10-01 17:40:00,12534.268117844664
2022-10-01 17:45:00,-656.7824060038831
2022-10-01 17:50:00,-614.3877253449637
2022-10-01 17:55:00,8337.210002911374
2022-10-01 18:00:00,12883.989534069275
2022-10-01 18:05:00,-542.4105175798001
2022-10-01 18:10:00,6334.780693159781
2022-10-01 18:15:00,15882.65676862435
2022-10-01 18:20:00,-579.5635561723418
2022-10-01 18:25:00,-508.0806101481203
2022-10-01 18:30:00,15416.123752978148
2022-10-01 18:35:00,-688.4559907176379
2022-10-01 18:40:00,-534.6894918231425
2022-10-01 18:45:00,-436.77967735918793
2022-10-01 18:50:00,13952.573174221527
2022-10-01 18:55:00,-532.3529317677423
2022-10-01 19:00:00,-485.1343436843747
2022-10-01 19:05:00,19950.082554021003
2022-10-01 19:10:00,-605.5028266838991
2022-10-01 19:15:00,-531.7788150611395
2022-10-01 19:20:00,9171.144559982882
2022-10-01 19:25:00,18101.90948713656
2022-10-01 19:30:00,-555.0538881465193
2022-10-01 19:35:00,-523.3977378066388
2022-10-01 19:40:00,19622.512310194816
2022-10-01 19:45:00,-652.1836466947382
2022-10-01 19:50:00,-527.615869792152
2022-10-01 19:55:00,6913.898106562332
2022-10-01 20:00:00,11662.554824062758
2022-10-01 20:05:00,-534.8019462095004
2022-10-01 20:10:00,6566.127859355849
2022-10-01 20:15:00,20054.113442945327
2022-10-01 20:20:00,-630.091780680653
2022-10-01 20:25:00,-519.4354342646378
2022-10-01 20:30:00,14284.207892575516
2022-10-01 20:35:00,0.0
2022-10-01 20:40:00,-549.5668846668557
2022-10-01 20:45:00,-527.2478793352997
2022-10-01 20:50:00,10894.833155348782
2022-10-01 20:55:00,-542.7474974791309
2022-10-01 21:00:00,-512.7334862870676
2022-10-01 21:05:00,9773.658055433249
2022-10-01 21:10:00,10629.82281195873
2022-10-01 21:15:00,-518.2176793039439
2022-10-01 21:20:00,6171.595714444651
2022-10-01 21:25:00,15775.870051497077
2022-10-01 21:30:00,-567.378053736503
2022-10-01 21:35:00,-542.7597419242068
2022-10-01 21:40:00,13898.662732841285
2022-10-01 21:45:00,-656.7433929923048
2022-10-01 21:50:00,-516.5912781542348
2022-10-01 21:55:00,6868.5970328830035
2022-10-01 22:00:00,24598.843787415095
2022-10-01 22:05:00,-830.554475280468
2022-10-01 22:10:00,-640.648525255223
2022-10-01 22:15:00,7156.08435173792
2022-10-01 22:20:00,15392.619567827282
2022-10-01 22:25:00,-595.1166411895853
2022-10-01 22:30:00,-534.1776641023944
2022-10-01 22:35:00,18149.978935532286
2022-10-01 22:40:00,-623.3380223229201
2022-10-01 22:45:00,-531.2224004403269
2022-10-01 22:50:00,13534.852068405145
2022-10-01 22:55:00,0.0
2022-10-01 23:00:00,-558.3823074284417
2022-10-01 23:05:00,-536.7748165324125
2022-10-01 23:10:00,9557.049901631268
2022-10-01 23:15:00,-558.8843224884632
2022-10-01 23:20:00,-518.6137382157946
2022-10-01 23:25:00,6795.350616516772
2022-10-01 23:30:00,7647.1325290051045
2022-10-01 23:35:00,-556.3122148980885
2022-10-01 23:40:00,-533.2388720623794
2022-10-01 23:45:00,17077.553366616037
2022-10-01 23:50:00,9419.285806160102
2022-10-01 23:55:00,-525.7717442510803
2022-10-02 00:00:00,6241.454333170785
2022-10-02 00:05:00,14147.093897286388
2022-10-02 00:10:00,-573.8084727149135
2022-10-02 00:15:00,-544.337965980303
2022-10-02 00:20:00,12774.410302835604
2022-10-02 00:25:00,0.0
2022-10-02 00:30:00,-459.39719852259435
2022-10-02 00:35:00,-527.2478793352997
2022-10-02 00:40:00,10799.226177203893
2022-10-02 00:45:00,-553.8809930879754
2022-10-02 00:50:00,-512.7166652834875
2022-10-02 00:55:00,7691.475654359281
2022-10-02 01:00:00,13399.68881150208
2022-10-02 01:05:00,-549.2039098886111
2022-10-02 01:10:00,-504.6775229138474
2022-10-02 01:15:00,15051.528540791043
2022-10-02 01:20:00,-562.2330020484833
2022-10-02 01:25:00,-511.0603592442835
2022-10-02 01:30:00,9881.257596193507
2022-10-02 01:35:00,0.0
2022-10-02 01:40:00,-536.9957946695594
2022-10-02 01:45:00,-499.1524472033675
2022-10-02 01:50:00,13496.923789753739
2022-10-02 01:55:00,-585.7490099025785
2022-10-02 02:00:00,-510.66707746297214
2022-10-02 02:05:00,8454.173592943942
2022-10-02 02:10:00,9904.530885970144
2022-10-02 02:15:00,-478.77637303813714
2022-10-02 02:20:00,-525.2132437865349
2022-10-02 02:25:00,16513.285638784404
2022-10-02 02:30:00,-569.173364344109
2022-10-02 02:35:00,-485.37012353815703
2022-10-02 02:40:00,5612.827442046003
2022-10-02 02:45:00,16726.524349081337
2022-10-02 02:50:00,-550.181642043693
2022-10-02 02:55:00,-536.1983109360278
2022-10-02 03:00:00,11594.11087715462
2022-10-02 03:05:00,-503.3986702390184
2022-10-02 03:10:00,-423.63198772107006
2022-10-02 03:15:00,8285.924664979459
2022-10-02 03:20:00,13611.562722306535
2022-10-02 03:25:00,-559.0342139058974
2022-10-02 03:30:00,6921.212831762546
2022-10-02 03:35:00,13041.944537064983
2022-10-02 03:40:00,-549.2735882587443
2022-10-02 03:45:00,-521.6530475983996
2022-10-02 03:50:00,9951.706948359393
2022-10-02 03:55:00,0.0
2022-10-02 04:00:00,-511.54877731946215
2022-10-02 04:05:00,-521.1553153924368
2022-10-02 04:10:00,13709.47071932678
2022-10-02 04:15:00,-592.2290441321792
2022-10-02 04:20:00,-394.98798475632475
2022-10-02 04:25:00,7107.656703441112
2022-10-02 04:30:00,7017.434406983683
2022-10-02 04:35:00,-456.34188481972507
2022-10-02 04:40:00,-515.1965761126198
2022-10-02 04:45:00,8573.945405712593
2022-10-02 04:50:00,9759.013359668676
2022-10-02 04:55:00,-474.4568009610315
2022-10-02 05:00:00,-531.7245106540286
2022-10-02 05:05:00,15741.612115132693
2022-10-02 05:10:00,26896.468975545828
2022-10-02 05:15:00,-696.7370405843392
2022-10-02 05:20:00,-652.9315055007896
2022-10-02 05:25:00,11253.048970597902
2022-10-02 05:30:00,5999.155927496825
2022-10-02 05:35:00,-459.57885091700115
2022-10-02 05:40:00,-414.4676487902602
2022-10-02 05:45:00,16774.89104297885
2022-10-02 05:50:00,-609.9535791641167
2022-10-02 05:55:00,-494.83408253125896
2022-10-02 06:00:00,9890.442165658105
2022-10-02 06:05:00,9729.988834123882
2022-10-02 06:10:00,-445.24393145411574
2022-10-02 06:15:00,-538.0618355121154
2022-10-02 06:20:00,11440.837485925076
2022-10-02 06:25:00,3469.4146737105375
2022-10-02 06:30:00,-502.3453179444631
2022-10-02 06:35:00,-510.9687516502121
2022-10-02 06:40:00,15441.439663898082
2022-10-02 06:45:00,-581.4017429865344
2022-10-02 06:50:00,-527.7840082985634
2022-10-02 06:55:00,-451.3956770078106
2022-10-02 07:00:00,21040.037898319268
2022-10-02 07:05:00,-564.3192169954924
2022-10-02 07:10:00,-551.5117715666211
2022-10-02 07:15:00,4779.694131883936
2022-10-02 07:20:00,10729.348682728592
2022-10-02 07:25:00,-556.5962678398832
2022-10-02 07:30:00,-526.2211380940954
2022-10-02 07:35:00,5993.253914674371
2022-10-02 07:40:00,8677.246673140142
2022-10-02 07:45:00,-547.3639601833704
2022-10-02 07:50:00,-508.3682627664867
2022-10-02 07:55:00,13216.843813813906
2022-10-02 08:00:00,0.0
2022-10-02 08:05:00,-528.1902886358431
2022-10-02 08:10:00,-477.62799917544567
2022-10-02 08:15:00,17253.938861025
2022-10-02 08:20:00,-578.0205289177667
2022-10-02 08:25:00,-542.916562153038
2022-10-02 08:30:00,-492.18214875455965
2022-10-02 08:35:00,16740.315435095134
2022-10-02 08:40:00,-561.9505129619884
2022-10-02 08:45:00,-532.1822276657376
2022-10-02 08:50:00,-393.3032390782224
2022-10-02 08:55:00,16845.352955785547
2022-10-02 09:00:00,-548.0791986984744
2022-10-02 09:05:00,-513.4408094215346
2022-10-02 09:10:00,15894.820451363912
2022-10-02 09:15:00,4638.049905886985
2022-10-02 09:20:00,-570.8919055652714
2022-10-02 09:25:00,7286.786031691947
2022-10-02 09:30:00,10019.549053377434
2022-10-02 09:35:00,-625.2177143241879
2022-10-02 09:40:00,-604.4707435498063
2022-10-02 09:45:00,14853.754973805851
2022-10-02 09:50:00,-659.3573681866121
2022-10-02 09:55:00,-611.3061279105102
2022-10-02 10:00:00,9230.357523726401
2022-10-02 10:05:00,3643.1925596014808
2022-10-02 10:10:00,-632.6083097041654
2022-10-02 10:15:00,-658.8366103562249
2022-10-02 10:20:00,18166.73528793377
2022-10-02 10:25:00,-718.1517156323939
2022-10-02 10:30:00,-609.2648904382473
2022-10-02 10:35:00,13916.180348101554
2022-10-02 10:40:00,9481.95094572114
2022-10-02 10:45:00,-606.3630146652899
2022-10-02 10:50:00,6639.036428022368
2022-10-02 10:55:00,13188.466132295043
2022-10-02 11:00:00,-629.3777274186738
2022-10-02 11:05:00,-624.3457838979247
2022-10-02 11:10:00,23429.09392465211
2022-10-02 11:15:00,-728.7790062005249
2022-10-02 11:20:00,-681.4615156485289
2022-10-02 11:25:00,5808.786670516959
2022-10-02 11:30:00,7667.439387312146
2022-10-02 11:35:00,-663.9144537807291
2022-10-02 11:40:00,-687.7396808456823
2022-10-02 11:45:00,15335.802817348584
2022-10-02 11:50:00,-758.1488680631662
2022-10-02 11:55:00,-702.3624003647619
2022-10-02 12:00:00,6585.797085382928
2022-10-02 12:05:00,11308.972707188206
2022-10-02 12:10:00,-709.32045226612
2022-10-02 12:15:00,-640.0335029897618
2022-10-02 12:20:00,28576.58698488283
2022-10-02 12:25:00,6789.479528382467
2022-10-02 12:30:00,-900.1397051383649
2022-10-02 12:35:00,4063.048975435806
2022-10-02 12:40:00,14331.626859853124
2022-10-02 12:45:00,-806.8223032212233
2022-10-02 12:50:00,-755.7164167337336
2022-10-02 12:55:00,17933.703156549545
2022-10-02 13:00:00,-785.3386855701895
2022-10-02 13:05:00,-661.3333568536989
2022-10-02 13:10:00,7109.688941720375
2022-10-02 13:15:00,11319.648028607025
2022-10-02 13:20:00,-726.8157410458107
2022-10-02 13:25:00,-758.1733784330182
2022-10-02 13:30:00,20318.087263320052
2022-10-02 13:35:00,-860.1645990571325
2022-10-02 13:40:00,-708.2298572368591
2022-10-02 13:45:00,2758.5407570578022
2022-10-02 13:50:00,6519.757294891878
2022-10-02 13:55:00,-770.7031779730937
2022-10-02 14:00:00,-707.718227952515
2022-10-02 14:05:00,18064.255510976145
2022-10-02 14:10:00,-836.5217158317308
2022-10-02 14:15:00,-711.5959128972771
2022-10-02 14:20:00,12351.350854331722
2022-10-02 14:25:00,4632.023835364117
2022-10-02 14:30:00,-775.1183210783997
2022-10-02 14:35:00,5047.544324498459
2022-10-02 14:40:00,6869.633487066681
2022-10-02 14:45:00,-816.6463874133428
2022-10-02 14:50:00,-774.6703201402265
2022-10-02 14:55:00,17252.74764751791
2022-10-02 15:00:00,-871.3121126185171
2022-10-02 15:05:00,-774.4539035653484
2022-10-02 15:10:00,-743.0041696407981
2022-10-02 15:15:00,14515.450013014899
2022-10-02 15:20:00,-783.1881339224021
2022-10-02 15:25:00,-764.851879211925
2022-10-02 15:30:00,11221.700157722355
2022-10-02 15:35:00,4449.611572917251
2022-10-02 15:40:00,-704.0340064357011
2022-10-02 15:45:00,3819.83910920256
2022-10-02 15:50:00,8594.368433820173
2022-10-02 15:55:00,-752.9276579010108
2022-10-02 16:00:00,-731.7172836130303
2022-10-02 16:05:00,12604.780025438202
2022-10-02 16:10:00,-805.6020130522876
2022-10-02 16:15:00,-713.4494502719266
2022-10-02 16:20:00,18455.642398174594
2022-10-02 16:25:00,-911.0310730513552
2022-10-02 16:30:00,-722.7510401808671
2022-10-02 16:35:00,-666.2310196918927
2022-10-02 16:40:00,15402.065085008326
2022-10-02 16:45:00,-753.2218318434648
2022-10-02 16:50:00,-665.195838887686
2022-10-02 16:55:00,19274.547778050703
2022-10-02 17:00:00,-787.1462616631572
2022-10-02 17:05:00,-711.1938917452386
2022-10-02 17:10:00,13508.288529978874
2022-10-02 17:15:00,0.0
2022-10-02 17:20:00,-698.9260424756417
2022-10-02 17:25:00,-656.3562046542249
2022-10-02 17:30:00,9738.991343680678
2022-10-02 17:35:00,-653.4398668531134
2022-10-02 17:40:00,-605.4449631601229
2022-10-02 17:45:00,18491.22840330597
2022-10-02 17:50:00,-798.6524031185879
2022-10-02 17:55:00,-618.9966652037891
2022-10-02 18:00:00,7878.938907093788
2022-10-02 18:05:00,19363.81157813392
2022-10-02 18:10:00,-710.431217935376
2022-10-02 18:15:00,-544.7937798073573
2022-10-02 18:20:00,10407.985613743853
2022-10-02 18:25:00,-622.7583415336896
2022-10-02 18:30:00,-599.386463256181
2022-10-02 18:35:00,24858.28066592967
2022-10-02 18:40:00,20397.72749865753
2022-10-02 18:45:00,-767.477042067661
2022-10-02 18:50:00,4209.427536201633
2022-10-02 18:55:00,11601.905156873761
2022-10-02 19:00:00,-727.928432395299
2022-10-02 19:05:00,-667.860087012674
2022-10-02 19:10:00,9066.955191403256
2022-10-02 19:15:00,-692.1196119130599
2022-10-02 19:20:00,-627.6815880252154
2022-10-02 19:25:00,15248.26498738749
2022-10-02 19:30:00,6980.182955911976
2022-10-02 19:35:00,-570.8462894517265
2022-10-02 19:40:00,9443.829559762273
2022-10-02 19:45:00,5037.366854371505
2022-10-02 19:50:00,-610.9474663208446
2022-10-02 19:55:00,-612.1289873864172
2022-10-02 20:00:00,10170.899980132013
2022-10-02 20:05:00,-650.7276056092645
2022-10-02 20:10:00,-621.8913148844074
2022-10-02 20:15:00,17845.359621994812
2022-10-02 20:20:00,-764.5838417871482
2022-10-02 20:25:00,-536.8012179511793
2022-10-02 20:30:00,7005.167470517056
2022-10-02 20:35:00,9872.075460224934
2022-10-02 20:40:00,-545.1810515137307
2022-10-02 20:45:00,-473.86765974011604
2022-10-02 20:50:00,28425.47687343101
2022-10-02 20:55:00,0.0
2022-10-02 21:00:00,-681.3621020826848
2022-10-02 21:05:00,12823.263912095952
2022-10-02 21:10:00,11534.68216814088
2022-10-02 21:15:00,-609.3128764238769
2022-10-02 21:20:00,4926.142736156175
2022-10-02 21:25:00,17962.521136331787
2022-10-02 21:30:00,-597.9371163120354
2022-10-02 21:35:00,-518.1229387627009
2022-10-02 21:40:00,13959.969519672002
2022-10-02 21:45:00,-716.3094240107533
2022-10-02 21:50:00,-534.8353480830671
2022-10-02 21:55:00,11308.402508925832
2022-10-02 22:00:00,5707.81595560601
2022-10-02 22:05:00,-518.9810782331909
2022-10-02 22:10:00,7566.633685857209
2022-10-02 22:15:00,4488.690370308359
2022-10-02 22:20:00,-575.0408046994615
2022-10-02 22:25:00,-503.05826504918747
2022-10-02 22:30:00,21297.868045263214
2022-10-02 22:35:00,-591.9288956907056
2022-10-02 22:40:00,-511.46932383893835
2022-10-02 22:45:00,12435.085969786014
2022-10-02 22:50:00,8464.472652917699
2022-10-02 22:55:00,-544.6649030154152
2022-10-02 23:00:00,7307.943572689019
2022-10-02 23:05:00,29965.771156332517
2022-10-02 23:10:00,6251.128096809875
2022-10-02 23:15:00,-643.6723263229757
2022-10-02 23:20:00,11505.824001648869
2022-10-02 23:25:00,6590.537584944536
2022-10-02 23:30:00,-597.0600091915189
2022-10-02 23:35:00,-569.0693080234694
2022-10-02 23:40:00,15816.816568131117
2022-10-02 23:45:00,0.0
2022-10-02 23:50:00,-576.0149132447143
2022-10-02 23:55:00,11976.172585463393
2022-10-03 00:00:00,10847.577571329433
2022-10-03 00:05:00,-565.7058429966581
2022-10-03 00:10:00,-520.5392943970651
2022-10-03 00:15:00,17104.50269025248
2022-10-03 00:20:00,-595.9756099276791
2022-10-03 00:25:00,-500.2616275365281
2022-10-03 00:30:00,9533.585648362427
2022-10-03 00:35:00,-553.4831700758925
2022-10-03 00:40:00,-526.1564433490046
2022-10-03 00:45:00,13372.812928261763
2022-10-03 00:50:00,9556.25470520984
2022-10-03 00:55:00,-548.9963301029566
2022-10-03 01:00:00,8111.871811812928
2022-10-03 01:05:00,8995.800306751355
2022-10-03 01:10:00,-558.3836420790552
2022-10-03 01:15:00,-522.8914169986483
2022-10-03 01:20:00,28795.897536299282
2022-10-03 01:25:00,10626.350356140103
2022-10-03 01:30:00,-713.3300873538096
2022-10-03 01:35:00,-509.4733202897022
2022-10-03 01:40:00,10503.850063105565
2022-10-03 01:45:00,-666.7548887665649
2022-10-03 01:50:00,4570.398861875446
2022-10-03 01:55:00,18947.525165907406
2022-10-03 02:00:00,-594.2486550115714
2022-10-03 02:05:00,-541.243952534856
2022-10-03 02:10:00,12476.555516579567
2022-10-03 02:15:00,0.0
2022-10-03 02:20:00,-544.8291006329889
2022-10-03 02:25:00,-382.07570777509903
2022-10-03 02:30:00,13087.667658110116
2022-10-03 02:35:00,-534.4795642506199
2022-10-03 02:40:00,-461.8227007586629
2022-10-03 02:45:00,17988.83613528846
2022-10-03 02:50:00,-555.7828417025125
2022-10-03 02:55:00,-507.77746410007177
2022-10-03 03:00:00,12886.124529358334
2022-10-03 03:05:00,-590.6404311363932
2022-10-03 03:10:00,-518.4975748878592
2022-10-03 03:15:00,12083.590753086302
2022-10-03 03:20:00,5230.270969155918
2022-10-03 03:25:00,-444.6713129411342
2022-10-03 03:30:00,-534.5043404910666
2022-10-03 03:35:00,12746.945451987986
2022-10-03 03:40:00,27882.14195070248
2022-10-03 03:45:00,-709.8330139936966
2022-10-03 03:50:00,-646.4028598901614
2022-10-03 03:55:00,8949.863072727221
2022-10-03 04:00:00,11792.561746621546
2022-10-03 04:05:00,-580.3538717597302
2022-10-03 04:10:00,5145.449982662603
2022-10-03 04:15:00,13851.595978382595
2022-10-03 04:20:00,-565.5283733191519
2022-10-03 04:25:00,-552.8138206642534
2022-10-03 04:30:00,12197.77899991002
2022-10-03 04:35:00,7096.145232704396
2022-10-03 04:40:00,-534.6685465479394
2022-10-03 04:45:00,7998.688878001612
2022-10-03 04:50:00,14113.68237642297
2022-10-03 04:55:00,-500.17172427754645
2022-10-03 05:00:00,-436.07884111672894
2022-10-03 05:05:00,13381.559202791997
2022-10-03 05:10:00,6532.47858724266
2022-10-03 05:15:00,-461.79652997264884
2022-10-03 05:20:00,-517.5908275916754
2022-10-03 05:25:00,9736.028803872812
2022-10-03 05:30:00,-713.8389024665322
2022-10-03 05:35:00,-474.29835034821923
2022-10-03 05:40:00,13469.963214362459
2022-10-03 05:45:00,-622.0636420897004
2022-10-03 05:50:00,-392.85798631342414
2022-10-03 05:55:00,13039.687518158878
2022-10-03 06:00:00,15240.54075241918
2022-10-03 06:05:00,-443.76949992412216
2022-10-03 06:10:00,-511.33442290481554
2022-10-03 06:15:00,12675.65483906928
2022-10-03 06:20:00,6864.846419608257
2022-10-03 06:25:00,-424.6915123082075
2022-10-03 06:30:00,8920.881510689958
2022-10-03 06:35:00,11678.02289523754
2022-10-03 06:40:00,-453.0611771697039
2022-10-03 06:45:00,-372.12245033585697
2022-10-03 06:50:00,16975.16931842043
2022-10-03 06:55:00,-562.4291899021736
2022-10-03 07:00:00,-528.2479182227371
2022-10-03 07:05:00,12456.172993194843
2022-10-03 07:10:00,12893.897832849398
2022-10-03 07:15:00,-528.3198223882702
2022-10-03 07:20:00,-489.2334536906964
2022-10-03 07:25:00,13705.56654535456
2022-10-03 07:30:00,-666.6271040289455
2022-10-03 07:35:00,-540.3142006644774
2022-10-03 07:40:00,6369.502622863464
2022-10-03 07:45:00,15768.413625819263
2022-10-03 07:50:00,-614.0519622391859
2022-10-03 07:55:00,-489.43061824364383
2022-10-03 08:00:00,16509.46165605299
2022-10-03 08:05:00,-612.3470550915034
2022-10-03 08:10:00,-538.2966823160939
2022-10-03 08:15:00,8903.466534681804
2022-10-03 08:20:00,12938.445101655734
2022-10-03 08:25:00,-644.0112940708287
2022-10-03 08:30:00,-608.0240745895036
2022-10-03 08:35:00,17628.648725609342
2022-10-03 08:40:00,9924.839757158004
2022-10-03 08:45:00,-609.4695700062276
2022-10-03 08:50:00,8175.775576545303
2022-10-03 08:55:00,6528.263900562224
2022-10-03 09:00:00,-635.530774524066
2022-10-03 09:05:00,-528.1141385048455
2022-10-03 09:10:00,17320.98532164919
2022-10-03 09:15:00,-671.6972394906338
2022-10-03 09:20:00,-606.2893098928851
2022-10-03 09:25:00,12677.213266084034
2022-10-03 09:30:00,12723.740859100797
2022-10-03 09:35:00,-630.35894720513
2022-10-03 09:40:00,5974.77555340052
2022-10-03 09:45:00,15738.46486488383
2022-10-03 09:50:00,-704.98364339975
2022-10-03 09:55:00,-657.6652124672896
2022-10-03 10:00:00,11279.26209887443
2022-10-03 10:05:00,-757.5135961717095
2022-10-03 10:10:00,-689.2355342699433
2022-10-03 10:15:00,13774.222001179276
2022-10-03 10:20:00,14212.823762621472
2022-10-03 10:25:00,-653.5073112570504
2022-10-03 10:30:00,-644.9367247712499
2022-10-03 10:35:00,31096.834416344114
2022-10-03 10:40:00,11326.614188492644
2022-10-03 10:45:00,-822.4134941565499
2022-10-03 10:50:00,-659.2252889457259
2022-10-03 10:55:00,0.0
2022-10-03 11:00:00,0.0
2022-10-03 11:05:00,0.0
2022-10-03 11:10:00,0.0
2022-10-03 11:15:00,0.0
2022-10-03 11:20:00,0.0
2022-10-03 11:25:00,0.0
2022-10-03 11:30:00,0.0
2022-10-03 11:35:00,0.0
2022-10-03 11:40:00,0.0
2022-10-03 11:45:00,0.0
2022-10-03 11:50:00,0.0
2022-10-03 11:55:00,0.0
2022-10-03 12:00:00,0.0
2022-10-03 12:05:00,0.0
2022-10-03 12:10:00,0.0
2022-10-03 12:15:00,0.0
2022-10-03 12:20:00,0.0
2022-10-03 12:25:00,0.0
2022-10-03 12:30:00,0.0
2022-10-03 12:35:00,0.0
2022-10-03 12:40:00,0.0
2022-10-03 12:45:00,0.0
2022-10-03 12:50:00,0.0
2022-10-03 12:55:00,0.0
2022-10-03 13:00:00,0.0
2022-10-03 13:05:00,0.0
2022-10-03 13:10:00,0.0
2022-10-03 13:15:00,0.0
2022-10-03 13:20:00,0.0
2022-10-03 13:25:00,0.0
2022-10-03 13:30:00,0.0
2022-10-03 13:35:00,0.0
2022-10-03 13:40:00,0.0
2022-10-03 13:45:00,0.0
2022-10-03 13:50:00,0.0
2022-10-03 13:55:00,0.0
2022-10-03 14:00:00,0.0
2022-10-03 14:05:00,0.0
2022-10-03 14:10:00,0.0
2022-10-03 14:15:00,0.0
2022-10-03 14:20:00,0.0
2022-10-03 14:25:00,0.0
2022-10-03 14:30:00,0.0
2022-10-03 14:35:00,0.0
2022-10-03 14:40:00,0.0
2022-10-03 14:45:00,0.0
2022-10-03 14:50:00,0.0
2022-10-03 14:55:00,0.0
2022-10-03 15:00:00,0.0
2022-10-03 15:05:00,0.0
2022-10-03 15:10:00,0.0
2022-10-03 15:15:00,0.0
2022-10-03 15:20:00,0.0
2022-10-03 15:25:00,0.0
2022-10-03 15:30:00,0.0
2022-10-03 15:35:00,0.0
2022-10-03 15:40:00,0.0
2022-10-03 15:45:00,0.0
2022-10-03 15:50:00,0.0
2022-10-03 15:55:00,0.0
2022-10-03 16:00:00,0.0
2022-10-03 16:05:00,0.0
2022-10-03 16:10:00,0.0
2022-10-03 16:15:00,0.0
2022-10-03 16:20:00,0.0
2022-10-03 16:25:00,0.0
2022-10-03 16:30:00,0.0
2022-10-03 16:35:00,0.0
2022-10-03 16:40:00,0.0
2022-10-03 16:45:00,0.0
2022-10-03 16:50:00,0.0
2022-10-03 16:55:00,0.0
2022-10-03 17:00:00,0.0
2022-10-03 17:05:00,0.0
2022-10-03 17:10:00,0.0
2022-10-03 17:15:00,0.0
2022-10-03 17:20:00,0.0
2022-10-03 17:25:00,0.0
2022-10-03 17:30:00,0.0
2022-10-03 17:35:00,0.0
2022-10-03 17:40:00,0.0
2022-10-03 17:45:00,0.0
2022-10-03 17:50:00,0.0
2022-10-03 17:55:00,0.0
2022-10-03 18:00:00,0.0
2022-10-03 18:05:00,0.0
2022-10-03 18:10:00,0.0
2022-10-03 18:15:00,0.0
2022-10-03 18:20:00,0.0
2022-10-03 18:25:00,0.0
2022-10-03 18:30:00,0.0
2022-10-03 18:35:00,0.0
2022-10-03 18:40:00,0.0
2022-10-03 18:45:00,0.0
2022-10-03 18:50:00,0.0
2022-10-03 18:55:00,0.0
2022-10-03 19:00:00,0.0
2022-10-03 19:05:00,0.0
2022-10-03 19:10:00,0.0
2022-10-03 19:15:00,0.0
2022-10-03 19:20:00,0.0
2022-10-03 19:25:00,0.0
2022-10-03 19:30:00,0.0
2022-10-03 19:35:00,0.0
2022-10-03 19:40:00,0.0
2022-10-03 19:45:00,0.0
2022-10-03 19:50:00,0.0
2022-10-03 19:55:00,0.0
2022-10-03 20:00:00,0.0
2022-10-03 20:05:00,0.0
2022-10-03 20:10:00,0.0
2022-10-03 20:15:00,0.0
2022-10-03 20:20:00,0.0
2022-10-03 20:25:00,0.0
2022-10-03 20:30:00,0.0
2022-10-03 20:35:00,0.0
2022-10-03 20:40:00,0.0
2022-10-03 20:45:00,0.0
2022-10-03 20:50:00,0.0
2022-10-03 20:55:00,0.0
2022-10-03 21:00:00,0.0
2022-10-03 21:05:00,0.0
2022-10-03 21:10:00,0.0
2022-10-03 21:15:00,0.0
2022-10-03 21:20:00,0.0
2022-10-03 21:25:00,0.0
2022-10-03 21:30:00,0.0
2022-10-03 21:35:00,0.0
2022-10-03 21:40:00,0.0
2022-10-03 21:45:00,0.0
2022-10-03 21:50:00,0.0
2022-10-03 21:55:00,0.0
2022-10-03 22:00:00,0.0
2022-10-03 22:05:00,0.0
2022-10-03 22:10:00,0.0
2022-10-03 22:15:00,0.0
2022-10-03 22:20:00,0.0
2022-10-03 22:25:00,0.0
2022-10-03 22:30:00,0.0
2022-10-03 22:35:00,0.0
2022-10-03 22:40:00,0.0
2022-10-03 22:45:00,0.0
2022-10-03 22:50:00,0.0
2022-10-03 22:55:00,0.0
2022-10-03 23:00:00,0.0
2022-10-03 23:05:00,0.0
2022-10-03 23:10:00,0.0
2022-10-03 23:15:00,0.0
2022-10-03 23:20:00,0.0
2022-10-03 23:25:00,0.0
2022-10-03 23:30:00,0.0
2022-10-03 23:35:00,0.0
2022-10-03 23:40:00,0.0
2022-10-03 23:45:00,0.0
2022-10-03 23:50:00,0.0
2022-10-03 23:55:00,0.0
2022-10-04 00:00:00,0.0
2022-10-04 00:05:00,0.0
2022-10-04 00:10:00,0.0
2022-10-04 00:15:00,0.0
2022-10-04 00:20:00,0.0
2022-10-04 00:25:00,0.0
2022-10-04 00:30:00,0.0
2022-10-04 00:35:00,0.0
2022-10-04 00:40:00,0.0
2022-10-04 00:45:00,0.0
2022-10-04 00:50:00,0.0
2022-10-04 00:55:00,0.0
2022-10-04 01:00:00,0.0
2022-10-04 01:05:00,0.0
2022-10-04 01:10:00,0.0
2022-10-04 01:15:00,0.0
2022-10-04 01:20:00,0.0
2022-10-04 01:25:00,0.0
2022-10-04 01:30:00,0.0
2022-10-04 01:35:00,0.0
2022-10-04 01:40:00,0.0
2022-10-04 01:45:00,0.0
2022-10-04 01:50:00,0.0
2022-10-04 01:55:00,0.0
2022-10-04 02:00:00,0.0
2022-10-04 02:05:00,0.0
2022-10-04 02:10:00,0.0
2022-10-04 02:15:00,0.0
2022-10-04 02:20:00,0.0
2022-10-04 02:25:00,0.0
2022-10-04 02:30:00,0.0
2022-10-04 02:35:00,0.0
2022-10-04 02:40:00,0.0
2022-10-04 02:45:00,0.0
2022-10-04 02:50:00,0.0
2022-10-04 02:55:00,0.0
2022-10-04 03:00:00,0.0
2022-10-04 03:05:00,0.0
2022-10-04 03:10:00,0.0
2022-10-04 03:15:00,0.0
2022-10-04 03:20:00,0.0
2022-10-04 03:25:00,0.0
2022-10-04 03:30:00,0.0
2022-10-04 03:35:00,0.0
2022-10-04 03:40:00,0.0
2022-10-04 03:45:00,0.0
2022-10-04 03:50:00,0.0
2022-10-04 03:55:00,0.0
2022-10-04 04:00:00,0.0
2022-10-04 04:05:00,0.0
2022-10-04 04:10:00,0.0
2022-10-04 04:15:00,0.0
2022-10-04 04:20:00,0.0
2022-10-04 04:25:00,0.0
2022-10-04 04:30:00,0.0
2022-10-04 04:35:00,0.0
2022-10-04 04:40:00,0.0
2022-10-04 04:45:00,0.0
2022-10-04 04:50:00,0.0
2022-10-04 04:55:00,0.0
2022-10-04 05:00:00,0.0
2022-10-04 05:05:00,0.0
2022-10-04 05:10:00,0.0
2022-10-04 05:15:00,0.0
2022-10-04 05:20:00,0.0
2022-10-04 05:25:00,0.0
2022-10-04 05:30:00,0.0
2022-10-04 05:35:00,0.0
2022-10-04 05:40:00,0.0
2022-10-04 05:45:00,0.0
2022-10-04 05:50:00,0.0
2022-10-04 05:55:00,0.0
2022-10-04 06:00:00,0.0
2022-10-04 06:05:00,0.0
2022-10-04 06:10:00,0.0
2022-10-04 06:15:00,0.0
2022-10-04 06:20:00,0.0
2022-10-04 06:25:00,0.0
2022-10-04 06:30:00,0.0
2022-10-04 06:35:00,0.0
2022-10-04 06:40:00,0.0
2022-10-04 06:45:00,0.0
2022-10-04 06:50:00,0.0
2022-10-04 06:55:00,0.0
2022-10-04 07:00:00,0.0
2022-10-04 07:05:00,0.0
2022-10-04 07:10:00,0.0
2022-10-04 07:15:00,0.0
2022-10-04 07:20:00,0.0
2022-10-04 07:25:00,0.0
2022-10-04 07:30:00,0.0
2022-10-04 07:35:00,0.0
2022-10-04 07:40:00,0.0
2022-10-04 07:45:00,0.0
2022-10-04 07:50:00,0.0
2022-10-04 07:55:00,0.0
2022-10-04 08:00:00,0.0
2022-10-04 08:05:00,0.0
2022-10-04 08:10:00,0.0
2022-10-04 08:15:00,0.0
2022-10-04 08:20:00,0.0
2022-10-04 08:25:00,0.0
2022-10-04 08:30:00,0.0
2022-10-04 08:35:00,0.0
2022-10-04 08:40:00,0.0
2022-10-04 08:45:00,0.0
2022-10-04 08:50:00,0.0
2022-10-04 08:55:00,0.0
2022-10-04 09:00:00,0.0
2022-10-04 09:05:00,0.0
2022-10-04 09:10:00,0.0
2022-10-04 09:15:00,0.0
2022-10-04 09:20:00,0.0
2022-10-04 09:25:00,0.0
2022-10-04 09:30:00,0.0
2022-10-04 09:35:00,0.0
2022-10-04 09:40:00,0.0
2022-10-04 09:45:00,0.0
2022-10-04 09:50:00,0.0
2022-10-04 09:55:00,0.0
2022-10-04 10:00:00,0.0
2022-10-04 10:05:00,0.0
2022-10-04 10:10:00,0.0
2022-10-04 10:15:00,0.0
2022-10-04 10:20:00,0.0
2022-10-04 10:25:00,0.0
2022-10-04 10:30:00,0.0
2022-10-04 10:35:00,0.0
2022-10-04 10:40:00,0.0
2022-10-04 10:45:00,0.0
2022-10-04 10:50:00,0.0
2022-10-04 10:55:00,0.0
2022-10-04 11:00:00,0.0
2022-10-04 11:05:00,0.0
2022-10-04 11:10:00,9964.773425944764
2022-10-04 11:15:00,27578.357005120088
2022-10-04 11:20:00,0.0
2022-10-04 11:25:00,0.0
2022-10-04 11:30:00,0.0
2022-10-04 11:35:00,0.0
2022-10-04 11:40:00,0.0
2022-10-04 11:45:00,2897.5728626225155
2022-10-04 11:50:00,21632.05773132367
2022-10-04 11:55:00,12023.307614090052
2022-10-04 12:00:00,-638.243882905428
2022-10-04 12:05:00,14103.934596059531
2022-10-04 12:10:00,-844.7883041375388
2022-10-04 12:15:00,-666.290977971103
2022-10-04 12:20:00,20394.026621454555
2022-10-04 12:25:00,7886.1125048559725
2022-10-04 12:30:00,-693.7961524943029
2022-10-04 12:35:00,5238.597683352696
2022-10-04 12:40:00,0.0
2022-10-04 12:45:00,0.0
2022-10-04 12:50:00,0.0
2022-10-04 12:55:00,0.0
2022-10-04 13:00:00,0.0
2022-10-04 13:05:00,0.0
2022-10-04 13:10:00,0.0
2022-10-04 13:15:00,0.0
2022-10-04 13:20:00,0.0
2022-10-04 13:25:00,0.0
2022-10-04 13:30:00,0.0
2022-10-04 13:35:00,0.0
2022-10-04 13:40:00,0.0
2022-10-04 13:45:00,0.0
2022-10-04 13:50:00,0.0
2022-10-04 13:55:00,0.0
2022-10-04 14:00:00,0.0
2022-10-04 14:05:00,0.0
2022-10-04 14:10:00,0.0
2022-10-04 14:15:00,0.0
2022-10-04 14:20:00,0.0
2022-10-04 14:25:00,0.0
2022-10-04 14:30:00,0.0
2022-10-04 14:35:00,0.0
2022-10-04 14:40:00,0.0
2022-10-04 14:45:00,0.0
2022-10-04 14:50:00,0.0
2022-10-04 14:55:00,0.0
2022-10-04 15:00:00,0.0
2022-10-04 15:05:00,0.0
2022-10-04 15:10:00,0.0
2022-10-04 15:15:00,0.0
2022-10-04 15:20:00,0.0
2022-10-04 15:25:00,0.0
2022-10-04 15:30:00,0.0
2022-10-04 15:35:00,0.0
2022-10-04 15:40:00,0.0
2022-10-04 15:45:00,0.0
2022-10-04 15:50:00,0.0
2022-10-04 15:55:00,0.0
2022-10-04 16:00:00,0.0
2022-10-04 16:05:00,0.0
2022-10-04 16:10:00,0.0
2022-10-04 16:15:00,0.0
2022-10-04 16:20:00,0.0
2022-10-04 16:25:00,0.0
2022-10-04 16:30:00,0.0
2022-10-04 16:35:00,0.0
2022-10-04 16:40:00,0.0
2022-10-04 16:45:00,0.0
2022-10-04 16:50:00,0.0
2022-10-04 16:55:00,0.0
2022-10-04 17:00:00,0.0
2022-10-04 17:05:00,0.0
2022-10-04 17:10:00,0.0
2022-10-04 17:15:00,0.0
2022-10-04 17:20:00,0.0
2022-10-04 17:25:00,0.0
2022-10-04 17:30:00,0.0
2022-10-04 17:35:00,0.0
2022-10-04 17:40:00,0.0
2022-10-04 17:45:00,0.0
2022-10-04 17:50:00,0.0
2022-10-04 17:55:00,0.0
2022-10-04 18:00:00,0.0
2022-10-04 18:05:00,0.0
2022-10-04 18:10:00,0.0
2022-10-04 18:15:00,0.0
2022-10-04 18:20:00,0.0
2022-10-04 18:25:00,0.0
2022-10-04 18:30:00,0.0
2022-10-04 18:35:00,0.0
2022-10-04 18:40:00,0.0
2022-10-04 18:45:00,0.0
2022-10-04 18:50:00,0.0
2022-10-04 18:55:00,0.0
2022-10-04 19:00:00,0.0
2022-10-04 19:05:00,0.0
2022-10-04 19:10:00,0.0
2022-10-04 19:15:00,0.0
2022-10-04 19:20:00,0.0
2022-10-04 19:25:00,0.0
2022-10-04 19:30:00,0.0
2022-10-04 19:35:00,0.0
2022-10-04 19:40:00,0.0
2022-10-04 19:45:00,0.0
2022-10-04 19:50:00,0.0
2022-10-04 19:55:00,0.0
2022-10-04 20:00:00,0.0
2022-10-04 20:05:00,0.0
2022-10-04 20:10:00,0.0
2022-10-04 20:15:00,0.0
2022-10-04 20:20:00,0.0
2022-10-04 20:25:00,0.0
2022-10-04 20:30:00,0.0
2022-10-04 20:35:00,0.0
2022-10-04 20:40:00,0.0
2022-10-04 20:45:00,0.0
2022-10-04 20:50:00,0.0
2022-10-04 20:55:00,0.0
2022-10-04 21:00:00,0.0
2022-10-04 21:05:00,0.0
2022-10-04 21:10:00,0.0
2022-10-04 21:15:00,0.0
2022-10-04 21:20:00,0.0
2022-10-04 21:25:00,0.0
2022-10-04 21:30:00,0.0
2022-10-04 21:35:00,0.0
2022-10-04 21:40:00,0.0
2022-10-04 21:45:00,0.0
2022-10-04 21:50:00,0.0
2022-10-04 21:55:00,0.0
2022-10-04 22:00:00,0.0
2022-10-04 22:05:00,0.0
2022-10-04 22:10:00,0.0
2022-10-04 22:15:00,0.0
2022-10-04 22:20:00,0.0
2022-10-04 22:25:00,0.0
2022-10-04 22:30:00,0.0
2022-10-04 22:35:00,0.0
2022-10-04 22:40:00,0.0
2022-10-04 22:45:00,0.0
2022-10-04 22:50:00,0.0
2022-10-04 22:55:00,0.0
2022-10-04 23:00:00,0.0
2022-10-04 23:05:00,0.0
2022-10-04 23:10:00,0.0
2022-10-04 23:15:00,0.0
2022-10-04 23:20:00,0.0
2022-10-04 23:25:00,0.0
2022-10-04 23:30:00,0.0
2022-10-04 23:35:00,0.0
2022-10-04 23:40:00,0.0
2022-10-04 23:45:00,0.0
2022-10-04 23:50:00,0.0
2022-10-04 23:55:00,0.0
2022-10-05 00:00:00,0.0
2022-10-05 00:05:00,0.0
2022-10-05 00:10:00,0.0
2022-10-05 00:15:00,0.0
2022-10-05 00:20:00,0.0
2022-10-05 00:25:00,0.0
2022-10-05 00:30:00,0.0
2022-10-05 00:35:00,0.0
2022-10-05 00:40:00,0.0
2022-10-05 00:45:00,0.0
2022-10-05 00:50:00,0.0
2022-10-05 00:55:00,0.0
2022-10-05 01:00:00,0.0
2022-10-05 01:05:00,0.0
2022-10-05 01:10:00,0.0
2022-10-05 01:15:00,0.0
2022-10-05 01:20:00,0.0
2022-10-05 01:25:00,0.0
2022-10-05 01:30:00,0.0
2022-10-05 01:35:00,0.0
2022-10-05 01:40:00,0.0
2022-10-05 01:45:00,0.0
2022-10-05 01:50:00,0.0
2022-10-05 01:55:00,0.0
2022-10-05 02:00:00,0.0
2022-10-05 02:05:00,0.0
2022-10-05 02:10:00,0.0
2022-10-05 02:15:00,0.0
2022-10-05 02:20:00,0.0
2022-10-05 02:25:00,0.0
2022-10-05 02:30:00,0.0
2022-10-05 02:35:00,0.0
2022-10-05 02:40:00,0.0
2022-10-05 02:45:00,0.0
2022-10-05 02:50:00,0.0
2022-10-05 02:55:00,0.0
2022-10-05 03:00:00,0.0
2022-10-05 03:05:00,0.0
2022-10-05 03:10:00,0.0
2022-10-05 03:15:00,0.0
2022-10-05 03:20:00,0.0
2022-10-05 03:25:00,0.0
2022-10-05 03:30:00,0.0
2022-10-05 03:35:00,0.0
2022-10-05 03:40:00,0.0
2022-10-05 03:45:00,0.0
2022-10-05 03:50:00,0.0
2022-10-05 03:55:00,0.0
2022-10-05 04:00:00,0.0
2022-10-05 04:05:00,0.0
2022-10-05 04:10:00,0.0
2022-10-05 04:15:00,0.0
2022-10-05 04:20:00,0.0
2022-10-05 04:25:00,0.0
2022-10-05 04:30:00,0.0
2022-10-05 04:35:00,0.0
2022-10-05 04:40:00,0.0
2022-10-05 04:45:00,0.0
2022-10-05 04:50:00,0.0
2022-10-05 04:55:00,0.0
2022-10-05 05:00:00,0.0
2022-10-05 05:05:00,0.0
2022-10-05 05:10:00,0.0
2022-10-05 05:15:00,0.0
2022-10-05 05:20:00,0.0
2022-10-05 05:25:00,0.0
2022-10-05 05:30:00,0.0
2022-10-05 05:35:00,0.0
2022-10-05 05:40:00,0.0
2022-10-05 05:45:00,0.0
2022-10-05 05:50:00,0.0
2022-10-05 05:55:00,0.0
2022-10-05 06:00:00,0.0
2022-10-05 06:05:00,0.0
2022-10-05 06:10:00,0.0
2022-10-05 06:15:00,0.0
2022-10-05 06:20:00,0.0
2022-10-05 06:25:00,0.0
2022-10-05 06:30:00,0.0
2022-10-05 06:35:00,0.0
2022-10-05 06:40:00,0.0
2022-10-05 06:45:00,0.0
2022-10-05 06:50:00,0.0
2022-10-05 06:55:00,0.0
2022-10-05 07:00:00,0.0
2022-10-05 07:05:00,0.0
2022-10-05 07:10:00,0.0
2022-10-05 07:15:00,0.0
2022-10-05 07:20:00,0.0
2022-10-05 07:25:00,0.0
2022-10-05 07:30:00,0.0
2022-10-05 07:35:00,0.0
2022-10-05 07:40:00,0.0
2022-10-05 07:45:00,0.0
2022-10-05 07:50:00,0.0
2022-10-05 07:55:00,0.0
2022-10-05 08:00:00,0.0
2022-10-05 08:05:00,0.0
2022-10-05 08:10:00,0.0
2022-10-05 08:15:00,0.0
2022-10-05 08:20:00,0.0
2022-10-05 08:25:00,0.0
2022-10-05 08:30:00,0.0
2022-10-05 08:35:00,0.0
2022-10-05 08:40:00,0.0
2022-10-05 08:45:00,0.0
2022-10-05 08:50:00,0.0
2022-10-05 08:55:00,0.0
2022-10-05 09:00:00,0.0
2022-10-05 09:05:00,0.0
2022-10-05 09:10:00,0.0
2022-10-05 09:15:00,0.0
2022-10-05 09:20:00,0.0
2022-10-05 09:25:00,0.0
2022-10-05 09:30:00,0.0
2022-10-05 09:35:00,0.0
2022-10-05 09:40:00,0.0
2022-10-05 09:45:00,0.0
2022-10-05 09:50:00,0.0
2022-10-05 09:55:00,0.0
2022-10-05 10:00:00,0.0
2022-10-05 10:05:00,0.0
2022-10-05 10:10:00,0.0
2022-10-05 10:15:00,0.0
2022-10-05 10:20:00,0.0
2022-10-05 10:25:00,0.0
2022-10-05 10:30:00,0.0
2022-10-05 10:35:00,0.0
2022-10-05 10:40:00,0.0
2022-10-05 10:45:00,0.0
2022-10-05 10:50:00,0.0
2022-10-05 10:55:00,0.0
2022-10-05 11:00:00,0.0
2022-10-05 11:05:00,0.0
2022-10-05 11:10:00,0.0
2022-10-05 11:15:00,0.0
2022-10-05 11:20:00,0.0
2022-10-05 11:25:00,0.0
2022-10-05 11:30:00,0.0
2022-10-05 11:35:00,0.0
2022-10-05 11:40:00,0.0
2022-10-05 11:45:00,0.0
2022-10-05 11:50:00,0.0
2022-10-05 11:55:00,0.0
2022-10-05 12:00:00,0.0
2022-10-05 12:05:00,0.0
2022-10-05 12:10:00,0.0
2022-10-05 12:15:00,0.0
2022-10-05 12:20:00,
2022-10-05 12:25:00,23880.712169094673
2022-10-05 12:30:00,26237.177385177998
2022-10-05 12:35:00,-789.7279667525885
2022-10-05 12:40:00,13635.074463960984
2022-10-05 12:45:00,10045.215477008644
2022-10-05 12:50:00,0.0
2022-10-05 12:55:00,19831.820464062075
2022-10-05 13:00:00,-776.2390894508827
2022-10-05 13:05:00,4480.363012527485
2022-10-05 13:10:00,24690.076896062277
2022-10-05 13:15:00,-767.0935029480419
2022-10-05 13:20:00,-540.674121950264
2022-10-05 13:25:00,16884.541867410968
2022-10-05 13:30:00,0.0
2022-10-05 13:35:00,0.0
2022-10-05 13:40:00,0.0
2022-10-05 13:45:00,0.0
2022-10-05 13:50:00,0.0
2022-10-05 13:55:00,0.0
2022-10-05 14:00:00,0.0
2022-10-05 14:05:00,12226.44033899356
2022-10-05 14:10:00,21663.733391122376
2022-10-05 14:15:00,25916.26951722281
2022-10-05 14:20:00,5133.077948808148
2022-10-05 14:25:00,5015.773164152309
2022-10-05 14:30:00,0.0
2022-10-05 14:35:00,0.0
2022-10-05 14:40:00,0.0
2022-10-05 14:45:00,0.0
2022-10-05 14:50:00,0.0
2022-10-05 14:55:00,0.0
2022-10-05 15:00:00,0.0
2022-10-05 15:05:00,0.0
2022-10-05 15:10:00,0.0
2022-10-05 15:15:00,0.0
2022-10-05 15:20:00,0.0
2022-10-05 15:25:00,0.0
2022-10-05 15:30:00,0.0
2022-10-05 15:35:00,0.0
2022-10-05 15:40:00,0.0
2022-10-05 15:45:00,0.0
2022-10-05 15:50:00,0.0
2022-10-05 15:55:00,0.0
2022-10-05 16:00:00,0.0
2022-10-05 16:05:00,0.0
2022-10-05 16:10:00,0.0
2022-10-05 16:15:00,0.0
2022-10-05 16:20:00,0.0
2022-10-05 16:25:00,0.0
2022-10-05 16:30:00,0.0
2022-10-05 16:35:00,0.0
2022-10-05 16:40:00,0.0
2022-10-05 16:45:00,0.0
2022-10-05 16:50:00,0.0
2022-10-05 16:55:00,0.0
2022-10-05 17:00:00,17952.195142233002
2022-10-05 17:05:00,26464.173975066442
2022-10-05 17:10:00,13853.43847091861
2022-10-05 17:15:00,-631.8454359905177
2022-10-05 17:20:00,30641.173159409194
2022-10-05 17:25:00,11329.951487758011
2022-10-05 17:30:00,7297.02343345896
2022-10-05 17:35:00,15067.867228434414
2022-10-05 17:40:00,9166.17480152778
2022-10-05 17:45:00,4205.599894748279
2022-10-05 17:50:00,14239.74807016087
2022-10-05 17:55:00,-800.9746584202384
2022-10-05 18:00:00,6328.266264355033
2022-10-05 18:05:00,11568.263443760588
2022-10-05 18:10:00,-664.4634832434111
2022-10-05 18:15:00,6975.920288046915
2022-10-05 18:20:00,13491.266892186744
2022-10-05 18:25:00,-663.943826015774
2022-10-05 18:30:00,0.0
2022-10-05 18:35:00,0.0
2022-10-05 18:40:00,0.0
2022-10-05 18:45:00,0.0
2022-10-05 18:50:00,0.0
2022-10-05 18:55:00,0.0
2022-10-05 19:00:00,0.0
2022-10-05 19:05:00,0.0
2022-10-05 19:10:00,0.0
2022-10-05 19:15:00,0.0
2022-10-05 19:20:00,0.0
2022-10-05 19:25:00,0.0
2022-10-05 19:30:00,0.0
2022-10-05 19:35:00,0.0
2022-10-05 19:40:00,0.0
2022-10-05 19:45:00,0.0
2022-10-05 19:50:00,0.0
2022-10-05 19:55:00,0.0
2022-10-05 20:00:00,0.0
2022-10-05 20:05:00,0.0
2022-10-05 20:10:00,0.0
2022-10-05 20:15:00,0.0
2022-10-05 20:20:00,0.0
2022-10-05 20:25:00,0.0
2022-10-05 20:30:00,0.0
2022-10-05 20:35:00,0.0
2022-10-05 20:40:00,0.0
2022-10-05 20:45:00,0.0
2022-10-05 20:50:00,0.0
2022-10-05 20:55:00,0.0
2022-10-05 21:00:00,0.0
2022-10-05 21:05:00,0.0
2022-10-05 21:10:00,0.0
2022-10-05 21:15:00,0.0
2022-10-05 21:20:00,0.0
2022-10-05 21:25:00,0.0
2022-10-05 21:30:00,0.0
2022-10-05 21:35:00,0.0
2022-10-05 21:40:00,0.0
2022-10-05 21:45:00,0.0
2022-10-05 21:50:00,0.0
2022-10-05 21:55:00,0.0
2022-10-05 22:00:00,0.0
2022-10-05 22:05:00,0.0
2022-10-05 22:10:00,0.0
2022-10-05 22:15:00,0.0
2022-10-05 22:20:00,0.0
2022-10-05 22:25:00,0.0
2022-10-05 22:30:00,0.0
2022-10-05 22:35:00,0.0
2022-10-05 22:40:00,0.0
2022-10-05 22:45:00,0.0
2022-10-05 22:50:00,0.0
2022-10-05 22:55:00,0.0
2022-10-05 23:00:00,0.0
2022-10-05 23:05:00,0.0
2022-10-05 23:10:00,0.0
2022-10-05 23:15:00,0.0
2022-10-05 23:20:00,0.0
2022-10-05 23:25:00,0.0
2022-10-05 23:30:00,0.0
2022-10-05 23:35:00,0.0
2022-10-05 23:40:00,0.0
2022-10-05 23:45:00,0.0
2022-10-05 23:50:00,0.0
2022-10-05 23:55:00,0.0
2022-10-06 00:00:00,0.0
2022-10-06 00:05:00,0.0
2022-10-06 00:10:00,0.0
2022-10-06 00:15:00,0.0
2022-10-06 00:20:00,0.0
2022-10-06 00:25:00,0.0
2022-10-06 00:30:00,0.0
2022-10-06 00:35:00,0.0
2022-10-06 00:40:00,0.0
2022-10-06 00:45:00,0.0
2022-10-06 00:50:00,0.0
2022-10-06 00:55:00,0.0
2022-10-06 01:00:00,0.0
2022-10-06 01:05:00,0.0
2022-10-06 01:10:00,0.0
2022-10-06 01:15:00,0.0
2022-10-06 01:20:00,0.0
2022-10-06 01:25:00,0.0
2022-10-06 01:30:00,0.0
2022-10-06 01:35:00,0.0
2022-10-06 01:40:00,0.0
2022-10-06 01:45:00,0.0
2022-10-06 01:50:00,0.0
2022-10-06 01:55:00,0.0
2022-10-06 02:00:00,0.0
2022-10-06 02:05:00,0.0
2022-10-06 02:10:00,0.0
2022-10-06 02:15:00,0.0
2022-10-06 02:20:00,0.0
2022-10-06 02:25:00,0.0
2022-10-06 02:30:00,0.0
2022-10-06 02:35:00,0.0
2022-10-06 02:40:00,0.0
2022-10-06 02:45:00,0.0
2022-10-06 02:50:00,0.0
2022-10-06 02:55:00,0.0
2022-10-06 03:00:00,0.0
2022-10-06 03:05:00,0.0
2022-10-06 03:10:00,0.0
2022-10-06 03:15:00,0.0
2022-10-06 03:20:00,0.0
2022-10-06 03:25:00,0.0
2022-10-06 03:30:00,0.0
2022-10-06 03:35:00,0.0
2022-10-06 03:40:00,0.0
2022-10-06 03:45:00,0.0
2022-10-06 03:50:00,0.0
2022-10-06 03:55:00,0.0
2022-10-06 04:00:00,0.0
2022-10-06 04:05:00,0.0
2022-10-06 04:10:00,0.0
2022-10-06 04:15:00,0.0
2022-10-06 04:20:00,0.0
2022-10-06 04:25:00,0.0
2022-10-06 04:30:00,0.0
2022-10-06 04:35:00,0.0
2022-10-06 04:40:00,0.0
2022-10-06 04:45:00,0.0
2022-10-06 04:50:00,0.0
2022-10-06 04:55:00,0.0
2022-10-06 05:00:00,0.0
2022-10-06 05:05:00,0.0
2022-10-06 05:10:00,0.0
2022-10-06 05:15:00,0.0
2022-10-06 05:20:00,0.0
2022-10-06 05:25:00,0.0
2022-10-06 05:30:00,0.0
2022-10-06 05:35:00,0.0
2022-10-06 05:40:00,0.0
2022-10-06 05:45:00,0.0
2022-10-06 05:50:00,0.0
2022-10-06 05:55:00,0.0
2022-10-06 06:00:00,0.0
2022-10-06 06:05:00,0.0
2022-10-06 06:10:00,0.0
2022-10-06 06:15:00,0.0
2022-10-06 06:20:00,0.0
2022-10-06 06:25:00,0.0
2022-10-06 06:30:00,0.0
2022-10-06 06:35:00,0.0
2022-10-06 06:40:00,0.0
2022-10-06 06:45:00,0.0
2022-10-06 06:50:00,0.0
2022-10-06 06:55:00,0.0
2022-10-06 07:00:00,0.0
2022-10-06 07:05:00,0.0
2022-10-06 07:10:00,0.0
2022-10-06 07:15:00,0.0
2022-10-06 07:20:00,0.0
2022-10-06 07:25:00,0.0
2022-10-06 07:30:00,0.0
2022-10-06 07:35:00,0.0
2022-10-06 07:40:00,0.0
2022-10-06 07:45:00,0.0
2022-10-06 07:50:00,0.0
2022-10-06 07:55:00,0.0
2022-10-06 08:00:00,0.0
2022-10-06 08:05:00,0.0
2022-10-06 08:10:00,0.0
2022-10-06 08:15:00,0.0
2022-10-06 08:20:00,0.0
2022-10-06 08:25:00,0.0
2022-10-06 08:30:00,0.0
2022-10-06 08:35:00,0.0
2022-10-06 08:40:00,0.0
2022-10-06 08:45:00,0.0
2022-10-06 08:50:00,0.0
2022-10-06 08:55:00,0.0
2022-10-06 09:00:00,0.0
2022-10-06 09:05:00,0.0
2022-10-06 09:10:00,0.0
2022-10-06 09:15:00,0.0
2022-10-06 09:20:00,0.0
2022-10-06 09:25:00,0.0
2022-10-06 09:30:00,0.0
2022-10-06 09:35:00,
2022-10-06 09:40:00,0.0
2022-10-06 09:45:00,0.0
2022-10-06 09:50:00,0.0
2022-10-06 09:55:00,0.0
2022-10-06 10:00:00,0.0
2022-10-06 10:05:00,0.0
2022-10-06 10:10:00,0.0
2022-10-06 10:15:00,0.0
2022-10-06 10:20:00,0.0
2022-10-06 10:25:00,0.0
2022-10-06 10:30:00,0.0
2022-10-06 10:35:00,0.0
2022-10-06 10:40:00,0.0
2022-10-06 10:45:00,0.0
2022-10-06 10:50:00,0.0
2022-10-06 10:55:00,0.0
2022-10-06 11:00:00,0.0
2022-10-06 11:05:00,0.0
2022-10-06 11:10:00,0.0
2022-10-06 11:15:00,0.0
2022-10-06 11:20:00,0.0
2022-10-06 11:25:00,0.0
2022-10-06 11:30:00,0.0
2022-10-06 11:35:00,0.0
2022-10-06 11:40:00,
2022-10-06 11:45:00,22379.313739098186
2022-10-06 11:50:00,20160.05281927065
2022-10-06 11:55:00,-765.1732247445033
2022-10-06 12:00:00,11521.388185600057
2022-10-06 12:05:00,15878.27841829356
2022-10-06 12:10:00,-651.4661525588812
2022-10-06 12:15:00,-388.08279361466
2022-10-06 12:20:00,-97.60247746281402
2022-10-06 12:25:00,18079.566033909974
2022-10-06 12:30:00,19463.19856444825
2022-10-06 12:35:00,16155.681222171235
2022-10-06 12:40:00,0.0
2022-10-06 12:45:00,0.0
2022-10-06 12:50:00,0.0
2022-10-06 12:55:00,0.0
2022-10-06 13:00:00,0.0
2022-10-06 13:05:00,0.0
2022-10-06 13:10:00,0.0
2022-10-06 13:15:00,0.0
2022-10-06 13:20:00,0.0
2022-10-06 13:25:00,0.0
2022-10-06 13:30:00,0.0
2022-10-06 13:35:00,0.0
2022-10-06 13:40:00,0.0
2022-10-06 13:45:00,0.0
2022-10-06 13:50:00,0.0
2022-10-06 13:55:00,0.0
2022-10-06 14:00:00,0.0
2022-10-06 14:05:00,0.0
2022-10-06 14:10:00,0.0
2022-10-06 14:15:00,0.0
2022-10-06 14:20:00,0.0
2022-10-06 14:25:00,0.0
2022-10-06 14:30:00,0.0
2022-10-06 14:35:00,0.0
2022-10-06 14:40:00,0.0
2022-10-06 14:45:00,0.0
2022-10-06 14:50:00,6654.29432064361
2022-10-06 14:55:00,0.0
2022-10-06 15:00:00,0.0
2022-10-06 15:05:00,0.0
2022-10-06 15:10:00,0.0
2022-10-06 15:15:00,0.0
2022-10-06 15:20:00,0.0
2022-10-06 15:25:00,0.0
2022-10-06 15:30:00,0.0
2022-10-06 15:35:00,0.0
2022-10-06 15:40:00,0.0
2022-10-06 15:45:00,0.0
2022-10-06 15:50:00,16536.34952823258
2022-10-06 15:55:00,21023.08618111541
2022-10-06 16:00:00,25777.331971069867
2022-10-06 16:05:00,25591.085520680783
2022-10-06 16:10:00,23766.31351588899
2022-10-06 16:15:00,23519.007557878733
2022-10-06 16:20:00,26119.26403417946
2022-10-06 16:25:00,17821.063854911892
2022-10-06 16:30:00,21987.14501987451
2022-10-06 16:35:00,26565.019675163476
2022-10-06 16:40:00,25761.230424130314
2022-10-06 16:45:00,24481.240536928894
2022-10-06 16:50:00,22911.613946350557
2022-10-06 16:55:00,14960.776947954972
2022-10-06 17:00:00,0.0
2022-10-06 17:05:00,-664.0202726850138
2022-10-06 17:10:00,7353.401961732644
2022-10-06 17:15:00,0.0
2022-10-06 17:20:00,0.0
2022-10-06 17:25:00,0.0
2022-10-06 17:30:00,0.0
2022-10-06 17:35:00,0.0
2022-10-06 17:40:00,0.0
2022-10-06 17:45:00,0.0
2022-10-06 17:50:00,0.0
2022-10-06 17:55:00,0.0
2022-10-06 18:00:00,0.0
2022-10-06 18:05:00,0.0
2022-10-06 18:10:00,0.0
2022-10-06 18:15:00,0.0
2022-10-06 18:20:00,0.0
2022-10-06 18:25:00,0.0
2022-10-06 18:30:00,0.0
2022-10-06 18:35:00,0.0
2022-10-06 18:40:00,0.0
2022-10-06 18:45:00,0.0
2022-10-06 18:50:00,0.0
2022-10-06 18:55:00,0.0
2022-10-06 19:00:00,0.0
2022-10-06 19:05:00,0.0
2022-10-06 19:10:00,0.0
2022-10-06 19:15:00,0.0
2022-10-06 19:20:00,0.0
2022-10-06 19:25:00,0.0
2022-10-06 19:30:00,0.0
2022-10-06 19:35:00,0.0
2022-10-06 19:40:00,0.0
2022-10-06 19:45:00,0.0
2022-10-06 19:50:00,0.0
2022-10-06 19:55:00,0.0
2022-10-06 20:00:00,0.0
2022-10-06 20:05:00,0.0
2022-10-06 20:10:00,0.0
2022-10-06 20:15:00,0.0
2022-10-06 20:20:00,0.0
2022-10-06 20:25:00,0.0
2022-10-06 20:30:00,0.0
2022-10-06 20:35:00,0.0
2022-10-06 20:40:00,0.0
2022-10-06 20:45:00,0.0
2022-10-06 20:50:00,0.0
2022-10-06 20:55:00,0.0
2022-10-06 21:00:00,0.0
2022-10-06 21:05:00,0.0
2022-10-06 21:10:00,0.0
2022-10-06 21:15:00,0.0
2022-10-06 21:20:00,0.0
2022-10-06 21:25:00,0.0
2022-10-06 21:30:00,0.0
2022-10-06 21:35:00,0.0
2022-10-06 21:40:00,0.0
2022-10-06 21:45:00,0.0
2022-10-06 21:50:00,0.0
2022-10-06 21:55:00,0.0
2022-10-06 22:00:00,0.0
2022-10-06 22:05:00,0.0
2022-10-06 22:10:00,0.0
2022-10-06 22:15:00,0.0
2022-10-08 08:00:00,0.0
2022-10-08 08:05:00,0.0
2022-10-08 08:10:00,0.0
2022-10-08 08:15:00,0.0
2022-10-08 08:20:00,0.0
2022-10-08 08:25:00,7906.150986314708
2022-10-08 08:30:00,25313.630169775635
2022-10-08 08:35:00,20209.470034483784
2022-10-08 08:40:00,5072.547964170924
2022-10-08 08:45:00,4862.904815600853
2022-10-08 08:50:00,-549.1638836433841
2022-10-08 08:55:00,4344.415303606568
2022-10-08 09:00:00,0.0
2022-10-08 09:05:00,2645.5083256790863
2022-10-08 09:10:00,2705.295619068405
2022-10-08 09:15:00,2698.955131674516
2022-10-08 09:20:00,5772.720949654624
2022-10-08 09:25:00,8641.921631353878
2022-10-08 09:30:00,6104.739710962656
2022-10-08 09:35:00,0.0
2022-10-08 09:40:00,0.0
2022-10-08 09:45:00,0.0
2022-10-08 09:50:00,0.0
2022-10-08 09:55:00,0.0
2022-10-08 10:00:00,0.0
2022-10-08 10:05:00,0.0
2022-10-08 10:10:00,0.0
2022-10-08 10:15:00,0.0
2022-10-08 10:20:00,0.0
2022-10-08 10:25:00,0.0
2022-10-08 10:30:00,0.0
2022-10-08 10:35:00,0.0
2022-10-08 10:40:00,0.0
2022-10-08 10:45:00,0.0
2022-10-08 10:50:00,0.0
2022-10-08 10:55:00,0.0
2022-10-08 11:00:00,0.0
2022-10-08 11:05:00,0.0
2022-10-08 11:10:00,0.0
2022-10-08 11:15:00,0.0
2022-10-08 11:20:00,0.0
2022-10-08 11:25:00,0.0
2022-10-08 11:30:00,0.0
2022-10-08 11:35:00,0.0
2022-10-08 11:40:00,0.0
2022-10-08 11:45:00,0.0
2022-10-08 11:50:00,0.0
2022-10-08 11:55:00,0.0
2022-10-08 12:00:00,0.0
2022-10-08 12:05:00,0.0
2022-10-08 12:10:00,0.0
2022-10-08 12:15:00,0.0
2022-10-08 12:20:00,0.0
2022-10-08 12:25:00,0.0
2022-10-08 12:30:00,0.0
2022-10-08 12:35:00,7180.49071946766
2022-10-08 12:40:00,4942.702940475154
2022-10-08 12:45:00,-738.9828507426931
2022-10-08 12:50:00,13001.719121562346
2022-10-08 12:55:00,9824.647503513983
2022-10-08 13:00:00,1296.2688747283532
2022-10-08 13:05:00,4196.351157018033
2022-10-08 13:10:00,-884.3172490733107
2022-10-08 13:15:00,2273.2069195162767
2022-10-08 13:20:00,3707.6135236463124
2022-10-08 13:25:00,-836.1954423560355
2022-10-08 13:30:00,0.0
2022-10-08 13:35:00,0.0
2022-10-08 13:40:00,0.0
2022-10-08 13:45:00,0.0
2022-10-08 13:50:00,0.0
2022-10-08 13:55:00,0.0
2022-10-08 14:00:00,0.0
2022-10-08 14:05:00,0.0
2022-10-08 14:10:00,0.0
2022-10-08 14:15:00,0.0
2022-10-08 14:20:00,0.0
2022-10-08 14:25:00,0.0
2022-10-08 14:30:00,0.0
2022-10-08 14:40:00,2773.809171695689
2022-10-08 14:45:00,-716.4412392180502
2022-10-08 14:50:00,4863.427233168313
2022-10-08 14:55:00,0.0
2022-10-08 15:00:00,3320.7844099223403
2022-10-08 15:05:00,0.0
2022-10-08 15:10:00,2605.631608320627
2022-10-08 15:15:00,2713.719787159999
2022-10-08 15:20:00,0.0
2022-10-08 15:25:00,0.0
2022-10-08 15:30:00,0.0
2022-10-08 15:35:00,0.0
2022-10-08 15:40:00,0.0
2022-10-08 15:45:00,-816.1375098636211
2022-10-08 15:50:00,21850.941336211225
2022-10-08 15:55:00,-783.4512675597973
2022-10-08 16:00:00,5520.961563057091
2022-10-08 16:05:00,-710.1806902919923
2022-10-08 16:10:00,7719.2615751909425
2022-10-08 16:15:00,6176.306196876214
2022-10-08 16:20:00,13099.516890485862
2022-10-08 16:25:00,-782.5261605030702
2022-10-08 16:30:00,9191.228421179147
2022-10-08 16:35:00,-756.3818469617245
2022-10-08 16:40:00,4094.514641527703
2022-10-08 16:45:00,13064.792718049548
2022-10-08 16:50:00,-626.5170105414691
2022-10-08 16:55:00,9493.366408039788
2022-10-08 17:00:00,-662.4522340162127
2022-10-08 17:05:00,9852.424449676964
2022-10-08 17:10:00,23099.727141350846
2022-10-08 17:15:00,-685.7404612311807
2022-10-08 17:20:00,7064.2558474991
2022-10-08 17:25:00,5793.388808717241
2022-10-08 17:30:00,-599.6421609662334
2022-10-08 17:35:00,22595.617745113203
2022-10-08 17:40:00,-728.7230046935646
2022-10-08 17:45:00,8987.119707711061
2022-10-08 17:50:00,10278.027876090475
2022-10-08 17:55:00,-852.3408204744013
2022-10-08 18:00:00,11447.770542834607
2022-10-08 18:05:00,-801.3646429237142
2022-10-08 18:10:00,10754.265918434074
2022-10-08 18:15:00,-756.7085608120325
2022-10-08 18:20:00,15091.51558005463
2022-10-08 18:25:00,0.0
2022-10-08 18:30:00,3110.346876992773
2022-10-08 18:35:00,-666.1019497615154
2022-10-08 18:40:00,4074.6030651520364
2022-10-08 18:45:00,22830.751789409453
2022-10-08 18:50:00,9316.398017529333
2022-10-08 18:55:00,-710.256300767529
2022-10-08 19:00:00,7834.5077725378715
2022-10-08 19:05:00,-830.993972783387
2022-10-08 19:10:00,4496.007077063256
2022-10-08 19:15:00,7423.3006924115925
2022-10-08 19:20:00,-837.9142850895954
2022-10-08 19:25:00,6938.001980058382
2022-10-08 19:30:00,-771.3536388797656
2022-10-08 19:35:00,8398.359352060143
2022-10-08 19:40:00,-678.4055837325994
2022-10-08 19:45:00,-629.6486404172331
2022-10-08 19:50:00,3852.790741972089
2022-10-08 19:55:00,3236.86268946736
2022-10-08 20:00:00,2863.030384679921
2022-10-08 20:05:00,-694.1264851549532
2022-10-08 20:10:00,24186.789614095862
2022-10-08 20:15:00,-561.5982722877462
2022-10-08 20:20:00,16819.091122061098
2022-10-08 20:25:00,26245.317520867884
2022-10-08 20:30:00,-748.3673656745619
2022-10-08 20:35:00,-651.9563069105542
2022-10-08 20:40:00,9156.21769681584
2022-10-08 20:45:00,-580.9278993879125
2022-10-08 20:50:00,11583.746254903439
2022-10-08 20:55:00,7656.282247123671
2022-10-08 21:00:00,4865.893513833524
2022-10-08 21:05:00,-662.1293289047662
2022-10-08 21:10:00,8051.264311736568
2022-10-08 21:15:00,12696.563448389552
2022-10-08 21:20:00,10250.083911300202
2022-10-08 21:25:00,18051.835478802255
2022-10-08 21:30:00,7399.59268387373
2022-10-08 21:35:00,19129.848554674172
2022-10-08 21:40:00,0.0
2022-10-08 21:45:00,7024.073701821575
2022-10-08 21:50:00,-667.400923224537
2022-10-08 21:55:00,-663.1742037558589
2022-10-08 22:00:00,22027.555983380826
2022-10-08 22:05:00,0.0
2022-10-08 22:10:00,12264.601351283243
2022-10-08 22:15:00,0.0
2022-10-08 22:20:00,8658.73145565845
2022-10-08 22:25:00,10499.145709304454
2022-10-08 22:30:00,2526.2137709782082
2022-10-08 22:35:00,16981.741952777553
2022-10-08 22:40:00,-541.784177889918
2022-10-08 22:45:00,14983.032203768931
2022-10-08 22:50:00,7006.2807254516265
2022-10-08 22:55:00,8988.175079694329
2022-10-08 23:00:00,6648.9607656587505
2022-10-08 23:05:00,-521.102602193905
2022-10-08 23:10:00,15929.6920926424
2022-10-08 23:15:00,-687.5005921699408
2022-10-08 23:20:00,16502.852827717375
2022-10-08 23:25:00,-624.9201207954208
2022-10-08 23:30:00,17827.310049031094
2022-10-08 23:35:00,12383.028292212424
2022-10-08 23:40:00,3390.7109770636184
2022-10-08 23:45:00,9595.150504359688
2022-10-08 23:50:00,3981.8286737033077
2022-10-08 23:55:00,9787.939564635912
2022-10-09 00:00:00,13433.137492495574
2022-10-09 00:05:00,4802.534158083665
2022-10-09 00:10:00,14981.648975795031
2022-10-09 00:15:00,-697.4998695019614
2022-10-09 00:20:00,21224.597135135995
2022-10-09 00:25:00,8252.439954516512
2022-10-09 00:30:00,11916.889683614932
2022-10-09 00:35:00,5897.365884040938
2022-10-09 00:40:00,-607.8953117241426
2022-10-09 00:45:00,11698.449048722967
2022-10-09 00:50:00,-762.4671373369408
2022-10-09 00:55:00,12572.572529307974
2022-10-09 01:00:00,-672.6824132518177
2022-10-09 01:05:00,10416.95505671363
2022-10-09 01:10:00,22784.472402705993
2022-10-09 01:15:00,-719.8690359702414
2022-10-09 01:20:00,9607.360004922406
2022-10-09 01:25:00,10971.164538134151
2022-10-09 01:30:00,9882.723225786738
2022-10-09 01:35:00,8413.418254804472
2022-10-09 01:40:00,4949.0512167368815
2022-10-09 01:45:00,4695.33453781715
2022-10-09 01:50:00,8461.4680174682
2022-10-09 01:55:00,-518.2729588293834
2022-10-09 02:00:00,14633.979333945888
2022-10-09 02:05:00,-704.8434236929613
2022-10-09 02:10:00,20774.815883446965
2022-10-09 02:15:00,3630.325061466017
2022-10-09 02:20:00,10988.474515210723
2022-10-09 02:25:00,6932.203484894058
2022-10-09 02:30:00,-472.9094821491934
2022-10-09 02:35:00,17117.752633566717
2022-10-09 02:40:00,-713.0956048899684
2022-10-09 02:45:00,13758.040063752642
2022-10-09 02:50:00,14813.129622188737
2022-10-09 02:55:00,-619.8042542106131
2022-10-09 03:00:00,9071.345478140813
2022-10-09 03:05:00,8146.7222392127605
2022-10-09 03:10:00,5451.755399296071
2022-10-09 03:15:00,4930.250719523114
2022-10-09 03:20:00,7130.03933155016
2022-10-09 03:25:00,2859.4047578223235
2022-10-09 03:30:00,12353.866184332584
2022-10-09 03:35:00,5934.696467663747
2022-10-09 03:40:00,16836.861222837695
2022-10-09 03:45:00,6252.122294144931
2022-10-09 03:50:00,0.0
2022-10-09 03:55:00,12511.595014321045
2022-10-09 04:00:00,-563.7414614276527
2022-10-09 04:05:00,7351.244098112757
2022-10-09 04:10:00,14241.418906785775
2022-10-09 04:15:00,1743.1229910794038
2022-10-09 04:20:00,9143.697657588547
2022-10-09 04:25:00,3931.1817240252767
2022-10-09 04:30:00,19862.47413078453
2022-10-09 04:35:00,21892.853688378436
2022-10-09 04:40:00,-469.9740811140482
2022-10-09 04:45:00,12658.198783760607
2022-10-09 04:50:00,8064.873193208097
2022-10-09 04:55:00,11871.252603184937
2022-10-09 05:00:00,6403.258586146235
2022-10-09 05:05:00,3869.444352817637
2022-10-09 05:10:00,17279.852543755896
2022-10-09 05:15:00,-536.5927727342516
2022-10-09 05:20:00,13219.051942326172
2022-10-09 05:25:00,3744.2517689347997
2022-10-09 05:30:00,10129.427819612012
2022-10-09 05:35:00,5363.05688684742
2022-10-09 05:40:00,13220.020475865746
2022-10-09 05:45:00,10484.113277404864
2022-10-09 05:50:00,2594.7107491063
2022-10-09 05:55:00,6445.928270657423
2022-10-09 06:00:00,4654.8012387141025
2022-10-09 06:05:00,2411.8994407697273
2022-10-09 06:10:00,22732.2774372209
2022-10-09 06:15:00,3357.0494669216
2022-10-09 06:20:00,-739.4535247941329
2022-10-09 06:25:00,22027.444094145674
2022-10-09 06:30:00,0.0
2022-10-09 06:35:00,5853.932596774483
2022-10-09 06:40:00,21040.15289709806
2022-10-09 06:45:00,-649.6664239558941
2022-10-09 06:50:00,12134.924706178666
2022-10-09 06:55:00,11221.60709327883
2022-10-09 07:00:00,-436.08876498299986
2022-10-09 07:05:00,14729.056180696803
2022-10-09 07:10:00,-626.4488469236335
2022-10-09 07:15:00,15777.262916528482
2022-10-09 07:20:00,3356.9919702696834
2022-10-09 07:25:00,3206.05548918522
2022-10-09 07:30:00,10948.874341014522
2022-10-09 07:35:00,6667.490026893377
2022-10-09 07:40:00,9780.71683494299
2022-10-09 07:45:00,4019.4910745278194
2022-10-09 07:50:00,12357.13572878531
2022-10-09 07:55:00,1547.6083105925836
2022-10-09 08:00:00,12164.0179362647
2022-10-09 08:05:00,16453.881477495514
2022-10-09 08:10:00,-754.9585334575318
2022-10-09 08:15:00,7608.68139502726
2022-10-09 08:20:00,11551.937588529921
2022-10-09 08:25:00,-511.9454603362345
2022-10-09 08:30:00,18373.86200835695
2022-10-09 08:35:00,-713.184227441744
2022-10-09 08:40:00,11802.915339331625
2022-10-09 08:45:00,7629.479371613871
2022-10-09 08:50:00,-718.8637209953773
2022-10-09 08:55:00,6371.111645615804
2022-10-09 09:00:00,2787.074206185453
2022-10-09 09:05:00,-602.4080719534719
2022-10-09 09:10:00,11223.79373901456
2022-10-09 09:15:00,12393.2967436006
2022-10-09 09:20:00,-619.3830195263392
2022-10-09 09:25:00,14510.900848733192
2022-10-09 09:30:00,-628.7158944996041
2022-10-09 09:35:00,5931.639639318314
2022-10-09 09:40:00,7878.394795869644
2022-10-09 09:45:00,-632.1043592387784
2022-10-09 09:50:00,-610.9482827534554
2022-10-09 09:55:00,5080.787422427391
2022-10-09 10:00:00,-641.7031699472135
2022-10-09 10:05:00,6212.592108927274
2022-10-09 10:10:00,22172.780550451094
2022-10-09 10:15:00,5449.45462464007
2022-10-09 10:20:00,-774.9847331741211
2022-10-09 10:25:00,6490.467048750551
2022-10-09 10:30:00,1645.4086856582624
2022-10-09 10:35:00,-830.0019247577234
2022-10-09 10:40:00,7629.4594645130155
2022-10-09 10:45:00,6247.536340621239
2022-10-09 10:50:00,-830.9477019180132
2022-10-09 10:55:00,5897.902906913889
2022-10-09 11:00:00,2621.8051882322443
2022-10-09 11:05:00,-789.8991190916707
2022-10-09 11:10:00,5200.016699063872
2022-10-09 11:15:00,-644.3491607783417
2022-10-09 11:20:00,10627.933316785697
2022-10-09 11:25:00,5784.572536911132
2022-10-09 11:30:00,-671.2246582347607
2022-10-09 11:35:00,12912.294608311537
2022-10-09 11:40:00,-672.4454759311209
2022-10-09 11:45:00,3696.705533578259
2022-10-09 11:50:00,4799.4875179446935
2022-10-09 11:55:00,-647.6762877530001
2022-10-09 12:00:00,18590.389108705338
2022-10-09 12:05:00,15532.834980026333
2022-10-09 12:10:00,-913.7586169207389
2022-10-09 12:15:00,-938.7193126477563
2022-10-09 12:20:00,3869.498394418468
2022-10-09 12:25:00,-825.315170124652
2022-10-09 12:30:00,2855.3540951855794
2022-10-09 12:35:00,7204.837021763528
2022-10-09 12:40:00,-815.9850643833802
2022-10-09 12:45:00,-824.3561354738118
2022-10-09 12:50:00,-811.6974786728953
2022-10-09 12:55:00,3891.7765689036464
2022-10-09 13:00:00,-890.1675733663658
2022-10-09 13:05:00,2195.2338810715823
2022-10-09 13:10:00,-862.5483713977375
2022-10-09 13:15:00,3784.5134141552007
2022-10-09 13:20:00,-917.7970460951935
2022-10-09 13:25:00,-852.321117686892
2022-10-09 13:30:00,-851.4170247781888
2022-10-09 13:35:00,9472.9721219887
2022-10-09 13:40:00,3678.763936372827
2022-10-09 13:45:00,3976.2015369873398
2022-10-09 13:50:00,-871.6960118760609
2022-10-09 13:55:00,-826.5745329605945
2022-10-09 14:00:00,3354.0855547168476
2022-10-09 14:05:00,-848.181597366239
2022-10-09 14:10:00,-869.4212592274222
2022-10-09 14:15:00,-929.0736412930023
2022-10-09 14:20:00,2354.533004126785
2022-10-09 14:25:00,-919.4805302081885
2022-10-09 14:30:00,-926.432247157817
2022-10-09 14:35:00,-982.2050387859932
2022-10-09 14:40:00,2209.7789052865064
2022-10-09 14:45:00,-963.9587313737568
2022-10-09 14:50:00,-1004.6691017075914
2022-10-09 14:55:00,2804.152810333362
2022-10-09 15:00:00,-946.9268079241732
2022-10-09 15:05:00,-908.4614775108881
2022-10-09 15:10:00,-962.6807324998676
2022-10-09 15:15:00,6115.575909013806
2022-10-09 15:20:00,16203.55115006706
2022-10-09 15:25:00,-962.4229474810707
2022-10-09 15:30:00,-926.248234772392
2022-10-09 15:35:00,-904.426649442338
2022-10-09 15:40:00,5407.531549014511
2022-10-09 15:45:00,1777.5272503890405
2022-10-09 15:50:00,-884.9175427144336
2022-10-09 15:55:00,-874.8367398803114
2022-10-09 16:00:00,2487.8707886295424
2022-10-09 16:05:00,3027.208415044067
2022-10-09 16:10:00,-896.7646027917202
2022-10-09 16:15:00,-912.8381614608804
2022-10-09 16:20:00,2945.2159497750877
2022-10-09 16:25:00,-865.119242267115
2022-10-09 16:30:00,-844.0139262237687
2022-10-09 16:35:00,-867.569037728296
2022-10-09 16:40:00,2665.158623057933
2022-10-09 16:45:00,-883.6789859497098
2022-10-09 16:50:00,-800.025306108062
2022-10-09 16:55:00,-788.5244854460044
2022-10-09 17:00:00,5806.4276810496485
2022-10-09 17:05:00,5622.1478288526305
2022-10-09 17:10:00,-796.5877601165816
2022-10-09 17:15:00,-798.7986007452203
2022-10-09 17:20:00,-786.7463362638283
2022-10-09 17:25:00,-780.7850265947095
2022-10-09 17:30:00,-718.0656788031473
2022-10-09 17:35:00,-649.6482871318259
2022-10-09 17:40:00,-643.9479046399467
2022-10-09 17:45:00,-636.9127522155617
2022-10-09 17:50:00,4419.554936274995
2022-10-09 18:00:00,4246.773157651419
2022-10-09 18:05:00,-680.6755437892036
2022-10-09 18:10:00,4484.196484274691
2022-10-09 18:15:00,5624.351614562629
2022-10-09 18:20:00,-695.8613129401612
2022-10-09 18:25:00,-651.9943886987026
2022-10-09 18:30:00,-643.3721162915358
2022-10-09 18:35:00,3755.9648287481186
2022-10-09 18:40:00,-669.2722743200475
2022-10-09 18:45:00,-669.2722743200475
2022-10-09 18:50:00,-665.6746558548228
2022-10-09 18:55:00,-595.4646915949863
2022-10-09 19:00:00,-547.6389410228728
2022-10-09 19:05:00,-538.3240727944568
2022-10-09 19:10:00,-531.4898601720448
2022-10-09 19:15:00,8152.166754817689
2022-10-09 19:20:00,0.0
2022-10-09 19:25:00,-566.6057801456611
2022-10-09 19:30:00,-561.0773649300577
2022-10-09 19:35:00,-553.247990054783
2022-10-09 19:40:00,-544.109469521011
2022-10-09 19:45:00,-525.3647569879845
2022-10-09 19:50:00,-517.6043903966033
2022-10-09 19:55:00,-508.0426136848389
2022-10-09 20:00:00,-493.38928775499494
2022-10-09 20:05:00,-482.126694985766
2022-10-09 20:10:00,-471.13436892963966
2022-10-09 20:20:00,-527.9645688724507
2022-10-09 20:25:00,-517.9262426135884
2022-10-09 20:30:00,11748.815228981235
2022-10-09 20:35:00,-552.8987016787653
2022-10-09 20:40:00,-549.6778348093072
2022-10-09 20:45:00,-543.0782707210547
2022-10-09 20:50:00,-580.1796834648679
2022-10-09 20:55:00,-376.40415485343607
2022-10-09 21:00:00,5663.871423139751
2022-10-09 21:20:00,0.0
2022-10-09 21:25:00,0.0
2022-10-09 21:35:00,0.0
2022-10-09 21:40:00,0.0
2022-10-09 21:45:00,0.0
2022-10-09 22:00:00,0.0
2022-10-09 22:05:00,0.0
2022-10-09 22:10:00,0.0
2022-10-09 22:15:00,0.0
2022-10-09 22:20:00,0.0
2022-10-09 22:25:00,0.0
2022-10-09 22:30:00,0.0
2022-10-09 22:35:00,0.0
2022-10-09 22:40:00,0.0
2022-10-09 22:45:00,0.0
2022-10-09 22:50:00,0.0
2022-10-09 22:55:00,0.0
2022-10-09 23:00:00,0.0
2022-10-09 23:05:00,0.0
2022-10-09 23:10:00,0.0
2022-10-09 23:15:00,0.0
2022-10-09 23:20:00,0.0
2022-10-09 23:25:00,0.0
2022-10-09 23:30:00,0.0
2022-10-09 23:35:00,0.0
2022-10-09 23:40:00,0.0
2022-10-09 23:45:00,0.0
2022-10-09 23:50:00,0.0
2022-10-09 23:55:00,0.0
2022-10-10 00:00:00,0.0
2022-10-10 00:05:00,0.0
2022-10-10 00:10:00,0.0
2022-10-10 00:15:00,0.0
2022-10-10 00:20:00,0.0
2022-10-10 00:25:00,0.0
2022-10-10 00:30:00,0.0
2022-10-10 00:35:00,0.0
2022-10-10 00:40:00,0.0
2022-10-10 00:45:00,0.0
2022-10-10 00:50:00,0.0
2022-10-10 00:55:00,0.0
2022-10-10 01:00:00,0.0
2022-10-10 01:05:00,0.0
2022-10-10 01:10:00,0.0
2022-10-10 01:15:00,0.0
2022-10-10 01:20:00,0.0
2022-10-10 01:25:00,0.0
2022-10-10 01:30:00,0.0
2022-10-10 01:35:00,0.0
2022-10-10 01:40:00,0.0
2022-10-10 01:45:00,0.0
2022-10-10 01:50:00,0.0
2022-10-10 01:55:00,0.0
2022-10-10 02:00:00,0.0
2022-10-10 02:05:00,0.0
2022-10-10 02:10:00,0.0
2022-10-10 02:15:00,0.0
2022-10-10 02:20:00,0.0
2022-10-10 02:25:00,0.0
2022-10-10 02:30:00,0.0
2022-10-10 02:35:00,0.0
2022-10-10 02:40:00,0.0
2022-10-10 02:45:00,0.0
2022-10-10 02:50:00,0.0
2022-10-10 02:55:00,0.0
2022-10-10 03:00:00,0.0
2022-10-10 03:05:00,0.0
2022-10-10 03:10:00,0.0
2022-10-10 03:15:00,0.0
2022-10-10 03:20:00,0.0
2022-10-10 03:25:00,0.0
2022-10-10 03:35:00,0.0
2022-10-10 03:40:00,0.0
2022-10-10 03:45:00,0.0
2022-10-10 03:50:00,0.0
2022-10-10 04:00:00,0.0
2022-10-10 04:05:00,0.0
2022-10-10 04:10:00,0.0
2022-10-10 04:15:00,0.0
2022-10-10 04:20:00,0.0
2022-10-10 04:25:00,0.0
2022-10-10 04:30:00,0.0
2022-10-10 04:35:00,0.0
2022-10-10 04:40:00,0.0
2022-10-10 04:45:00,0.0
2022-10-10 04:50:00,0.0
2022-10-10 04:55:00,0.0
2022-10-10 05:00:00,0.0
2022-10-10 05:05:00,0.0
2022-10-10 05:10:00,0.0
2022-10-10 05:15:00,0.0
2022-10-10 05:20:00,0.0
2022-10-10 05:25:00,0.0
2022-10-10 05:30:00,0.0
2022-10-10 05:35:00,0.0
2022-10-10 05:40:00,0.0
2022-10-10 05:45:00,0.0
2022-10-10 05:50:00,0.0
2022-10-10 05:55:00,0.0
2022-10-10 06:00:00,0.0
2022-10-10 06:05:00,0.0
2022-10-10 06:10:00,0.0
2022-10-10 06:15:00,0.0
2022-10-10 06:20:00,0.0
2022-10-10 06:25:00,0.0
2022-10-10 06:30:00,0.0
2022-10-10 06:35:00,0.0
2022-10-10 06:40:00,0.0
2022-10-10 06:45:00,0.0
2022-10-10 06:50:00,0.0
2022-10-10 06:55:00,0.0
2022-10-10 07:00:00,0.0
2022-10-10 07:05:00,0.0
2022-10-10 07:10:00,0.0
2022-10-10 07:15:00,0.0
2022-10-10 07:20:00,0.0
2022-10-10 07:25:00,0.0
2022-10-10 07:30:00,0.0
2022-10-10 07:35:00,0.0
2022-10-10 07:40:00,0.0
2022-10-10 07:45:00,0.0
2022-10-10 07:50:00,0.0
2022-10-10 07:55:00,0.0
2022-10-10 08:00:00,0.0
2022-10-10 08:05:00,0.0
2022-10-10 08:10:00,0.0
2022-10-10 08:15:00,0.0
2022-10-10 08:20:00,0.0
2022-10-10 08:25:00,0.0
2022-10-10 08:30:00,0.0
2022-10-10 08:35:00,0.0
2022-10-10 08:40:00,0.0
2022-10-10 08:45:00,0.0
2022-10-10 08:50:00,0.0
2022-10-10 08:55:00,0.0
2022-10-10 09:00:00,0.0
2022-10-10 09:05:00,0.0
2022-10-10 09:10:00,0.0
2022-10-10 09:15:00,5794.561158399356
2022-10-10 09:20:00,3763.029710223416
2022-10-10 09:25:00,2597.327650440058
2022-10-10 09:30:00,3193.232575406869
2022-10-10 09:35:00,2426.6306139772632
2022-10-10 09:40:00,-600.4033787479252
2022-10-10 09:45:00,7059.8621693782425
2022-10-10 09:50:00,-1120.9154223441951
2022-10-10 09:55:00,0.0
2022-10-10 10:00:00,0.0
2022-10-10 10:05:00,0.0
2022-10-10 10:10:00,0.0
2022-10-10 10:15:00,0.0
2022-10-10 10:20:00,0.0
2022-10-10 10:25:00,0.0
2022-10-10 10:30:00,0.0
2022-10-10 10:35:00,0.0
2022-10-10 10:40:00,0.0
2022-10-10 10:45:00,0.0
2022-10-10 10:50:00,0.0
2022-10-10 10:55:00,0.0
2022-10-10 11:00:00,0.0
2022-10-10 11:05:00,0.0
2022-10-10 11:10:00,0.0
2022-10-10 11:15:00,0.0
2022-10-10 11:20:00,0.0
2022-10-10 11:25:00,0.0
2022-10-10 11:30:00,0.0
2022-10-10 11:35:00,0.0
2022-10-10 11:40:00,0.0
2022-10-10 11:45:00,0.0
2022-10-10 11:50:00,0.0
2022-10-10 11:55:00,0.0
2022-10-10 12:00:00,0.0
2022-10-10 12:05:00,0.0
2022-10-10 12:10:00,0.0
2022-10-10 12:15:00,0.0
2022-10-10 12:20:00,0.0
2022-10-10 12:25:00,0.0
2022-10-10 12:30:00,0.0
2022-10-10 12:35:00,0.0
2022-10-10 12:40:00,0.0
2022-10-10 12:45:00,0.0
2022-10-10 12:50:00,0.0
2022-10-10 12:55:00,0.0
2022-10-10 13:00:00,0.0
2022-10-10 13:05:00,0.0
2022-10-10 13:10:00,0.0
2022-10-10 13:15:00,0.0
2022-10-10 13:20:00,0.0
2022-10-10 13:25:00,0.0
2022-10-10 13:30:00,0.0
2022-10-10 13:35:00,0.0
2022-10-10 13:40:00,12557.105639902697
2022-10-10 13:45:00,9616.65466334553
2022-10-10 13:50:00,0.0
2022-10-10 13:55:00,6184.521441982174
2022-10-10 14:00:00,0.0
2022-10-10 14:05:00,-682.412739670177
2022-10-10 14:10:00,-683.1998600171565
2022-10-10 14:15:00,3297.181708009165
2022-10-10 14:20:00,4821.382466185423
2022-10-10 14:25:00,-737.5391409985905
2022-10-10 14:30:00,19711.28211175833
2022-10-10 14:35:00,13414.995660981354
2022-10-10 14:40:00,456.90242685558445
2022-10-10 14:45:00,3425.995891741181
2022-10-10 14:50:00,4657.043781521691
2022-10-10 14:55:00,3548.2393395049353
2022-10-10 15:00:00,-641.6528065242928
2022-10-10 15:05:00,6438.3029583152875
2022-10-10 15:10:00,2361.228748539133
2022-10-10 15:15:00,-810.6541848743598
2022-10-10 15:20:00,10643.37849790565
2022-10-10 15:25:00,3096.3741377584884
2022-10-10 15:30:00,2965.7765869859054
2022-10-10 15:35:00,-766.8174548301073
2022-10-10 15:40:00,-678.0175387820077
2022-10-10 15:45:00,4745.635260342818
2022-10-10 15:50:00,-730.2584397585156
2022-10-10 15:55:00,3028.39350064211
2022-10-10 16:00:00,-679.2216586943131
2022-10-10 16:05:00,5724.616613508785
2022-10-10 16:10:00,-733.3048120525804
2022-10-10 16:15:00,3968.4744287759313
2022-10-10 16:20:00,0.0
2022-10-10 16:25:00,-802.8385974469306
2022-10-10 16:30:00,6048.995388334806
2022-10-10 16:35:00,-717.1651721543479
2022-10-10 16:40:00,8575.566517557145
2022-10-10 16:45:00,-700.0950512656691
2022-10-10 16:50:00,3840.3589878526373
2022-10-10 16:55:00,-759.9845393452739
2022-10-10 17:00:00,-676.425989172537
2022-10-10 17:05:00,3850.924220671286
2022-10-10 17:10:00,-728.4721495934045
2022-10-10 17:15:00,5168.701632842577
2022-10-10 17:20:00,-679.169599912365
2022-10-10 17:25:00,4547.855000716377
2022-10-10 17:30:00,-667.6912721847934
2022-10-10 17:35:00,6236.203523065935
2022-10-10 17:40:00,-690.2030900557113
2022-10-10 17:45:00,4358.822232579926
2022-10-10 17:50:00,0.0
2022-10-10 17:55:00,2797.2464389120805
2022-10-10 18:00:00,5578.421888478216
2022-10-10 18:05:00,-617.2697311184343
2022-10-10 18:10:00,3450.051927980468
2022-10-10 18:15:00,-550.4161748655769
2022-10-10 18:20:00,3759.4200188406703
2022-10-10 18:25:00,0.0
2022-10-10 18:30:00,0.0
2022-10-10 18:35:00,0.0
2022-10-10 18:40:00,0.0
2022-10-10 18:45:00,0.0
2022-10-10 18:50:00,0.0
2022-10-10 18:55:00,0.0
2022-10-10 19:00:00,0.0
2022-10-10 19:05:00,0.0
2022-10-10 19:10:00,0.0
2022-10-10 19:15:00,0.0
2022-10-10 19:20:00,0.0
2022-10-10 19:25:00,0.0
2022-10-10 19:30:00,0.0
2022-10-10 19:35:00,0.0
2022-10-10 19:40:00,0.0
2022-10-10 19:45:00,0.0
2022-10-10 19:50:00,0.0
2022-10-10 19:55:00,0.0
2022-10-10 20:00:00,0.0
2022-10-10 20:05:00,0.0
2022-10-10 20:10:00,0.0
2022-10-10 20:15:00,0.0
2022-10-10 20:20:00,0.0
2022-10-10 20:25:00,0.0
2022-10-10 20:30:00,0.0
2022-10-10 20:35:00,0.0
2022-10-10 20:45:00,0.0
2022-10-10 20:55:00,0.0
2022-10-10 21:00:00,0.0
2022-10-10 21:05:00,0.0
2022-10-10 21:10:00,0.0
2022-10-10 21:20:00,0.0
2022-10-10 21:30:00,0.0
2022-10-10 21:35:00,0.0
2022-10-10 21:50:00,0.0
2022-10-10 21:55:00,0.0
2022-10-10 22:00:00,0.0
2022-10-10 22:05:00,0.0
2022-10-10 22:10:00,0.0
2022-10-10 22:15:00,0.0
2022-10-10 22:20:00,0.0
2022-10-10 22:25:00,0.0
2022-10-10 22:30:00,0.0
2022-10-10 22:35:00,0.0
2022-10-10 22:40:00,0.0
2022-10-10 22:45:00,0.0
2022-10-10 22:50:00,0.0
2022-10-10 22:55:00,0.0
2022-10-10 23:00:00,0.0
2022-10-10 23:05:00,0.0
2022-10-10 23:10:00,0.0
2022-10-10 23:15:00,0.0
2022-10-10 23:20:00,0.0
2022-10-10 23:25:00,0.0
2022-10-10 23:30:00,0.0
2022-10-10 23:35:00,0.0
2022-10-10 23:40:00,0.0
2022-10-10 23:45:00,0.0
2022-10-10 23:50:00,0.0
2022-10-10 23:55:00,0.0
2022-10-11 00:00:00,0.0
2022-10-11 00:05:00,0.0
2022-10-11 00:10:00,0.0
2022-10-11 00:15:00,0.0
2022-10-11 00:20:00,0.0
2022-10-11 00:25:00,0.0
2022-10-11 00:30:00,0.0
2022-10-11 00:35:00,0.0
2022-10-11 00:40:00,0.0
2022-10-11 00:45:00,0.0
2022-10-11 00:50:00,0.0
2022-10-11 00:55:00,0.0
2022-10-11 01:00:00,0.0
2022-10-11 01:05:00,0.0
2022-10-11 01:10:00,0.0
2022-10-11 01:15:00,0.0
2022-10-11 01:20:00,0.0
2022-10-11 01:25:00,0.0
2022-10-11 01:30:00,0.0
2022-10-11 01:35:00,0.0
2022-10-11 01:40:00,0.0
2022-10-11 01:45:00,0.0
2022-10-11 01:50:00,0.0
2022-10-11 01:55:00,0.0
2022-10-11 02:00:00,0.0
2022-10-11 02:05:00,0.0
2022-10-11 02:10:00,0.0
2022-10-11 02:15:00,0.0
2022-10-11 02:20:00,0.0
2022-10-11 02:25:00,0.0
2022-10-11 02:30:00,0.0
2022-10-11 02:35:00,0.0
2022-10-11 02:40:00,0.0
2022-10-11 02:45:00,0.0
2022-10-11 02:50:00,0.0
2022-10-11 02:55:00,0.0
2022-10-11 03:00:00,0.0
2022-10-11 03:05:00,0.0
2022-10-11 03:10:00,0.0
2022-10-11 03:15:00,0.0
2022-10-11 03:20:00,0.0
2022-10-11 03:25:00,0.0
2022-10-11 03:30:00,0.0
2022-10-11 03:35:00,0.0
2022-10-11 03:40:00,0.0
2022-10-11 03:45:00,0.0
2022-10-11 03:50:00,0.0
2022-10-11 03:55:00,0.0
2022-10-11 04:00:00,0.0
2022-10-11 04:05:00,0.0
2022-10-11 04:10:00,0.0
2022-10-11 04:15:00,0.0
2022-10-11 04:20:00,0.0
2022-10-11 04:25:00,0.0
2022-10-11 04:30:00,0.0
2022-10-11 04:35:00,0.0
2022-10-11 04:40:00,0.0
2022-10-11 04:45:00,0.0
2022-10-11 04:50:00,0.0
2022-10-11 04:55:00,0.0
2022-10-11 05:00:00,0.0
2022-10-11 05:05:00,0.0
2022-10-11 05:10:00,0.0
2022-10-11 05:15:00,0.0
2022-10-11 05:20:00,0.0
2022-10-11 05:25:00,0.0
2022-10-11 05:30:00,0.0
2022-10-11 05:35:00,0.0
2022-10-11 05:40:00,0.0
2022-10-11 05:45:00,0.0
2022-10-11 05:50:00,0.0
2022-10-11 05:55:00,0.0
2022-10-11 06:00:00,0.0
2022-10-11 06:05:00,0.0
2022-10-11 06:10:00,0.0
2022-10-11 06:15:00,0.0
2022-10-11 06:20:00,0.0
2022-10-11 06:25:00,0.0
2022-10-11 06:30:00,0.0
2022-10-11 06:35:00,0.0
2022-10-11 06:40:00,0.0
2022-10-11 06:45:00,0.0
2022-10-11 06:50:00,0.0
2022-10-11 06:55:00,0.0
2022-10-11 07:00:00,0.0
2022-10-11 07:05:00,0.0
2022-10-11 07:10:00,0.0
2022-10-11 07:15:00,0.0
2022-10-11 07:20:00,0.0
2022-10-11 07:25:00,0.0
2022-10-11 07:30:00,0.0
2022-10-11 07:35:00,0.0
2022-10-11 07:40:00,0.0
2022-10-11 07:45:00,0.0
2022-10-11 07:50:00,0.0
2022-10-11 07:55:00,0.0
2022-10-11 08:00:00,0.0
2022-10-11 08:05:00,0.0
2022-10-11 08:10:00,0.0
2022-10-11 08:15:00,0.0
2022-10-11 08:20:00,0.0
2022-10-11 08:25:00,
2022-10-11 08:30:00,5033.348558975828
2022-10-11 08:35:00,14256.3600305521
2022-10-11 08:40:00,2807.6017160922715
2022-10-11 08:45:00,3501.826430084332
2022-10-11 08:50:00,0.0
2022-10-11 08:55:00,0.0
2022-10-11 09:00:00,0.0
2022-10-11 09:05:00,0.0
2022-10-11 09:10:00,0.0
2022-10-11 09:15:00,0.0
2022-10-11 09:20:00,0.0
2022-10-11 09:25:00,0.0
2022-10-11 09:30:00,0.0
2022-10-11 09:35:00,0.0
2022-10-11 09:40:00,0.0
2022-10-11 09:45:00,0.0
2022-10-11 09:50:00,0.0
2022-10-11 09:55:00,0.0
2022-10-11 10:00:00,0.0
2022-10-11 10:05:00,0.0
2022-10-11 10:10:00,0.0
2022-10-11 10:15:00,0.0
2022-10-11 10:20:00,0.0
2022-10-11 10:25:00,0.0
2022-10-11 10:30:00,0.0
2022-10-11 10:35:00,0.0
2022-10-11 10:40:00,0.0
2022-10-11 10:45:00,0.0
2022-10-11 10:50:00,0.0
2022-10-11 10:55:00,0.0
2022-10-11 11:00:00,0.0
2022-10-11 11:05:00,0.0
2022-10-11 11:10:00,0.0
2022-10-11 11:15:00,0.0
2022-10-11 11:20:00,0.0
2022-10-11 11:25:00,0.0
2022-10-11 11:30:00,0.0
2022-10-11 11:35:00,0.0
2022-10-11 11:40:00,
2022-10-11 11:45:00,8470.932287341098
2022-10-11 11:50:00,0.0
2022-10-11 11:55:00,2422.600172295999
2022-10-11 12:00:00,813.5443420701472
2022-10-11 12:05:00,0.0
2022-10-11 12:10:00,0.0
2022-10-11 12:15:00,0.0
2022-10-11 12:20:00,0.0
2022-10-11 12:25:00,0.0
2022-10-11 12:30:00,0.0
2022-10-11 12:35:00,0.0
2022-10-11 12:40:00,0.0
2022-10-11 12:45:00,0.0
2022-10-11 12:50:00,0.0
2022-10-11 12:55:00,0.0
2022-10-11 13:00:00,0.0
2022-10-11 13:05:00,0.0
2022-10-11 13:10:00,0.0
2022-10-11 13:15:00,0.0
2022-10-11 13:20:00,0.0
2022-10-11 13:25:00,0.0
2022-10-11 13:30:00,-610.2912187184908
2022-10-11 13:35:00,1515.7050226408558
2022-10-11 13:40:00,-668.9860633056287
2022-10-11 13:45:00,2054.9159912996065
2022-10-11 13:50:00,0.0
2022-10-11 13:55:00,0.0
2022-10-11 14:00:00,0.0
2022-10-11 14:05:00,0.0
2022-10-11 14:10:00,0.0
2022-10-11 14:15:00,0.0
2022-10-11 14:20:00,0.0
2022-10-11 14:25:00,0.0
2022-10-11 14:30:00,0.0
2022-10-11 14:35:00,0.0
2022-10-11 14:40:00,0.0
2022-10-11 14:45:00,0.0
2022-10-11 14:50:00,0.0
2022-10-11 14:55:00,0.0
2022-10-11 15:00:00,0.0
2022-10-11 15:05:00,0.0
2022-10-11 15:10:00,0.0
2022-10-11 15:15:00,0.0
2022-10-11 15:20:00,0.0
2022-10-11 15:25:00,0.0
2022-10-11 15:30:00,0.0
2022-10-11 15:35:00,0.0
2022-10-11 15:40:00,0.0
2022-10-11 15:45:00,0.0
2022-10-11 15:50:00,8321.278009560143
2022-10-11 15:55:00,0.0
2022-10-11 16:00:00,0.0
2022-10-11 16:05:00,0.0
2022-10-11 16:10:00,0.0
2022-10-11 16:15:00,0.0
2022-10-11 16:20:00,0.0
2022-10-11 16:25:00,0.0
2022-10-11 16:30:00,0.0
2022-10-11 16:35:00,0.0
2022-10-11 16:40:00,0.0
2022-10-11 16:45:00,0.0
2022-10-11 16:50:00,0.0
2022-10-11 16:55:00,0.0
2022-10-11 17:00:00,0.0
2022-10-11 17:05:00,0.0
2022-10-11 17:10:00,0.0
2022-10-11 17:15:00,0.0
2022-10-11 17:20:00,0.0
2022-10-11 17:25:00,0.0
2022-10-11 17:30:00,0.0
2022-10-11 17:35:00,0.0
2022-10-11 17:40:00,0.0
2022-10-11 17:45:00,0.0
2022-10-11 17:50:00,0.0
2022-10-11 17:55:00,0.0
2022-10-11 18:00:00,0.0
2022-10-11 18:05:00,0.0
2022-10-11 18:10:00,0.0
2022-10-11 18:15:00,0.0
2022-10-11 18:20:00,0.0
2022-10-11 18:25:00,0.0
2022-10-11 18:30:00,0.0
2022-10-11 18:35:00,0.0
2022-10-11 18:40:00,0.0
2022-10-11 18:45:00,0.0
2022-10-11 18:50:00,0.0
2022-10-11 18:55:00,0.0
2022-10-11 19:00:00,0.0
2022-10-11 19:05:00,0.0
2022-10-11 19:10:00,0.0
2022-10-11 19:15:00,0.0
2022-10-11 19:20:00,0.0
2022-10-11 19:25:00,0.0
2022-10-11 19:30:00,0.0
2022-10-11 19:35:00,0.0
2022-10-11 19:40:00,0.0
2022-10-11 19:45:00,0.0
2022-10-11 19:50:00,0.0
2022-10-11 19:55:00,0.0
2022-10-11 20:00:00,0.0
2022-10-11 20:05:00,0.0
2022-10-11 20:10:00,0.0
2022-10-11 20:20:00,0.0
2022-10-11 20:25:00,0.0
2022-10-11 20:30:00,0.0
2022-10-11 20:35:00,0.0
2022-10-11 20:40:00,0.0
2022-10-11 20:45:00,0.0
2022-10-11 20:50:00,0.0
2022-10-11 20:55:00,0.0
2022-10-11 21:00:00,0.0
2022-10-11 21:05:00,0.0
2022-10-11 21:10:00,0.0
2022-10-11 21:20:00,0.0
2022-10-11 21:25:00,0.0
2022-10-11 21:30:00,0.0
2022-10-11 21:35:00,0.0
2022-10-11 21:40:00,0.0
2022-10-11 21:50:00,0.0
2022-10-11 21:55:00,0.0
2022-10-11 22:00:00,0.0
2022-10-11 22:10:00,0.0
2022-10-11 22:15:00,0.0
2022-10-11 22:20:00,0.0
2022-10-11 22:25:00,0.0
2022-10-11 22:30:00,0.0
2022-10-11 22:35:00,0.0
2022-10-11 22:40:00,0.0
2022-10-11 22:45:00,0.0
2022-10-11 22:50:00,0.0
2022-10-11 22:55:00,0.0
2022-10-11 23:00:00,0.0
2022-10-11 23:05:00,0.0
2022-10-11 23:10:00,0.0
2022-10-11 23:15:00,0.0
2022-10-11 23:20:00,0.0
2022-10-11 23:25:00,0.0
2022-10-11 23:30:00,0.0
2022-10-11 23:35:00,0.0
2022-10-11 23:40:00,0.0
2022-10-11 23:45:00,0.0
2022-10-11 23:50:00,0.0
2022-10-11 23:55:00,0.0
2022-10-12 00:00:00,0.0
2022-10-12 00:05:00,0.0
2022-10-12 00:10:00,0.0
2022-10-12 00:15:00,0.0
2022-10-12 00:20:00,0.0
2022-10-12 00:25:00,0.0
2022-10-12 00:30:00,0.0
2022-10-12 00:35:00,0.0
2022-10-12 00:40:00,0.0
2022-10-12 00:45:00,0.0
2022-10-12 00:50:00,0.0
2022-10-12 00:55:00,0.0
2022-10-12 01:00:00,0.0
2022-10-12 01:05:00,0.0
2022-10-12 01:10:00,0.0
2022-10-12 01:15:00,0.0
2022-10-12 01:20:00,0.0
2022-10-12 01:25:00,0.0
2022-10-12 01:30:00,0.0
2022-10-12 01:35:00,0.0
2022-10-12 01:40:00,0.0
2022-10-12 01:45:00,0.0
2022-10-12 01:50:00,0.0
2022-10-12 01:55:00,0.0
2022-10-12 02:00:00,0.0
2022-10-12 02:05:00,0.0
2022-10-12 02:10:00,0.0
2022-10-12 02:15:00,0.0
2022-10-12 02:20:00,0.0
2022-10-12 02:25:00,0.0
2022-10-12 02:30:00,0.0
2022-10-12 02:35:00,0.0
2022-10-12 02:40:00,0.0
2022-10-12 02:45:00,0.0
2022-10-12 02:50:00,0.0
2022-10-12 02:55:00,0.0
2022-10-12 03:00:00,0.0
2022-10-12 03:05:00,0.0
2022-10-12 03:10:00,0.0
2022-10-12 03:15:00,0.0
2022-10-12 03:20:00,0.0
2022-10-12 03:25:00,0.0
2022-10-12 03:30:00,0.0
2022-10-12 03:35:00,0.0
2022-10-12 03:40:00,0.0
2022-10-12 03:45:00,0.0
2022-10-12 03:50:00,0.0
2022-10-12 03:55:00,0.0
2022-10-12 04:00:00,0.0
2022-10-12 04:05:00,0.0
2022-10-12 04:10:00,0.0
2022-10-12 04:15:00,0.0
2022-10-12 04:20:00,0.0
2022-10-12 04:25:00,0.0
2022-10-12 04:30:00,0.0
2022-10-12 04:35:00,0.0
2022-10-12 04:40:00,0.0
2022-10-12 04:45:00,0.0
2022-10-12 04:50:00,0.0
2022-10-12 04:55:00,0.0
2022-10-12 05:00:00,0.0
2022-10-12 05:05:00,0.0
2022-10-12 05:10:00,0.0
2022-10-12 05:15:00,0.0
2022-10-12 05:20:00,0.0
2022-10-12 05:25:00,0.0
2022-10-12 05:30:00,0.0
2022-10-12 05:35:00,0.0
2022-10-12 05:40:00,0.0
2022-10-12 05:45:00,0.0
2022-10-12 05:50:00,0.0
2022-10-12 05:55:00,0.0
2022-10-12 06:00:00,0.0
2022-10-12 06:05:00,0.0
2022-10-12 06:10:00,0.0
2022-10-12 06:15:00,0.0
2022-10-12 06:20:00,0.0
2022-10-12 06:25:00,0.0
2022-10-12 06:30:00,0.0
2022-10-12 06:35:00,0.0
2022-10-12 06:40:00,0.0
2022-10-12 06:45:00,0.0
2022-10-12 06:50:00,0.0
2022-10-12 06:55:00,0.0
2022-10-12 07:00:00,0.0
2022-10-12 07:05:00,0.0
2022-10-12 07:10:00,0.0
2022-10-12 07:15:00,0.0
2022-10-12 07:20:00,0.0
2022-10-12 07:25:00,0.0
2022-10-12 07:30:00,0.0
2022-10-12 07:35:00,0.0
2022-10-12 07:40:00,0.0
2022-10-12 07:45:00,0.0
2022-10-12 07:50:00,0.0
2022-10-12 07:55:00,0.0
2022-10-12 08:00:00,0.0
2022-10-12 08:05:00,0.0
2022-10-12 08:10:00,0.0
2022-10-12 08:15:00,0.0
2022-10-12 08:20:00,0.0
2022-10-12 08:25:00,0.0
2022-10-12 08:30:00,0.0
2022-10-12 08:35:00,0.0
2022-10-12 08:40:00,0.0
2022-10-12 08:45:00,0.0
2022-10-12 08:50:00,0.0
2022-10-12 08:55:00,0.0
2022-10-12 09:00:00,10022.625825897765
2022-10-12 09:05:00,7485.158358067507
2022-10-12 09:10:00,1609.7872435549627
2022-10-12 09:15:00,2494.8326831817662
2022-10-12 09:20:00,-627.3128415250322
2022-10-12 09:25:00,0.0
2022-10-12 09:30:00,4205.293988810347
2022-10-12 09:35:00,4190.150098596485
2022-10-12 09:40:00,-721.6154972486615
2022-10-12 09:45:00,1891.3080047618712
2022-10-12 09:50:00,0.0
2022-10-12 09:55:00,1882.850920018851
2022-10-12 10:00:00,3029.062735757292
2022-10-12 10:05:00,2936.2754108904287
2022-10-12 10:10:00,5521.962776739687
2022-10-12 10:15:00,2601.6162970077985
2022-10-12 10:20:00,2652.1639476182804
2022-10-12 10:25:00,-714.4631217950886
2022-10-12 10:30:00,11664.048098190884
2022-10-12 10:35:00,2830.4716549684385
2022-10-12 10:40:00,-666.2192658158692
2022-10-12 10:45:00,5350.445591533964
2022-10-12 10:50:00,-698.7197726454302
2022-10-12 10:55:00,-698.4316482723318
2022-10-12 11:00:00,0.0
2022-10-12 11:05:00,0.0
2022-10-12 11:10:00,0.0
2022-10-12 11:15:00,0.0
2022-10-12 11:20:00,0.0
2022-10-12 11:25:00,0.0
2022-10-12 11:30:00,0.0
2022-10-12 11:35:00,0.0
2022-10-12 11:40:00,0.0
2022-10-12 11:45:00,0.0
2022-10-12 11:50:00,0.0
2022-10-12 11:55:00,0.0
2022-10-12 12:00:00,0.0
2022-10-12 12:05:00,0.0
2022-10-12 12:10:00,0.0
2022-10-12 12:15:00,0.0
2022-10-12 12:20:00,0.0
2022-10-12 12:25:00,0.0
2022-10-12 12:30:00,0.0
2022-10-12 12:35:00,0.0
2022-10-12 12:40:00,0.0
2022-10-12 12:45:00,0.0
2022-10-12 12:50:00,0.0
2022-10-12 12:55:00,0.0
2022-10-12 13:00:00,0.0
2022-10-12 13:05:00,0.0
2022-10-12 13:10:00,0.0
2022-10-12 13:15:00,0.0
2022-10-12 13:20:00,0.0
2022-10-12 13:25:00,0.0
2022-10-12 13:30:00,0.0
2022-10-12 13:35:00,0.0
2022-10-12 13:40:00,0.0
2022-10-12 13:45:00,0.0
2022-10-12 13:50:00,0.0
2022-10-12 13:55:00,0.0
2022-10-12 14:00:00,0.0
2022-10-12 14:05:00,0.0
2022-10-12 14:10:00,0.0
2022-10-12 14:15:00,0.0
2022-10-12 14:20:00,0.0
2022-10-12 14:25:00,0.0
2022-10-12 14:35:00,0.0
2022-10-12 14:40:00,0.0
2022-10-12 14:45:00,0.0
2022-10-12 14:50:00,0.0
2022-10-12 14:55:00,0.0
2022-10-12 15:00:00,0.0
2022-10-12 15:05:00,0.0
2022-10-12 15:10:00,0.0
2022-10-12 15:15:00,0.0
2022-10-12 15:20:00,0.0
2022-10-12 15:25:00,0.0
2022-10-12 15:30:00,0.0
2022-10-12 15:35:00,0.0
2022-10-12 15:40:00,0.0
2022-10-12 15:45:00,0.0
2022-10-12 15:50:00,0.0
2022-10-12 15:55:00,0.0
2022-10-12 16:00:00,0.0
2022-10-12 16:05:00,0.0
2022-10-12 16:10:00,0.0
2022-10-12 16:15:00,0.0
2022-10-12 16:20:00,0.0
2022-10-12 16:25:00,0.0
2022-10-12 16:30:00,0.0
2022-10-12 16:35:00,0.0
2022-10-12 16:40:00,0.0
2022-10-12 16:45:00,0.0
2022-10-12 16:50:00,0.0
2022-10-12 16:55:00,0.0
2022-10-12 17:00:00,0.0
2022-10-12 17:05:00,0.0
2022-10-12 17:10:00,0.0
2022-10-12 17:15:00,0.0
2022-10-12 17:20:00,0.0
2022-10-12 17:25:00,0.0
2022-10-12 17:30:00,0.0
2022-10-12 17:35:00,0.0
2022-10-12 17:40:00,0.0
2022-10-12 17:45:00,0.0
2022-10-12 17:50:00,0.0
2022-10-12 17:55:00,0.0
2022-10-12 18:00:00,0.0
2022-10-12 18:05:00,0.0
2022-10-12 18:10:00,0.0
2022-10-12 18:15:00,0.0
2022-10-12 18:20:00,0.0
2022-10-12 18:25:00,0.0
2022-10-12 18:30:00,0.0
2022-10-12 18:35:00,0.0
2022-10-12 18:40:00,0.0
2022-10-12 18:45:00,0.0
2022-10-12 18:50:00,0.0
2022-10-12 18:55:00,0.0
2022-10-12 19:00:00,0.0
2022-10-12 19:05:00,0.0
2022-10-12 19:10:00,0.0
2022-10-12 19:15:00,0.0
2022-10-12 19:20:00,0.0
2022-10-12 19:25:00,0.0
2022-10-12 19:30:00,0.0
2022-10-12 19:35:00,0.0
2022-10-12 19:40:00,0.0
2022-10-12 19:45:00,0.0
2022-10-12 19:50:00,0.0
2022-10-12 19:55:00,0.0
2022-10-12 20:05:00,0.0
2022-10-12 20:10:00,0.0
2022-10-12 20:15:00,0.0
2022-10-12 20:20:00,0.0
2022-10-12 20:25:00,0.0
2022-10-12 20:30:00,0.0
2022-10-12 20:35:00,0.0
2022-10-12 20:40:00,0.0
2022-10-12 20:45:00,0.0
2022-10-12 20:55:00,0.0
2022-10-12 21:15:00,0.0
2022-10-12 21:30:00,0.0
2022-10-12 21:40:00,0.0
2022-10-12 21:45:00,0.0
2022-10-12 21:50:00,0.0
2022-10-12 21:55:00,0.0
2022-10-12 22:05:00,0.0
2022-10-12 22:10:00,0.0
2022-10-12 22:15:00,0.0
2022-10-12 22:20:00,0.0
2022-10-12 22:25:00,0.0
2022-10-12 22:30:00,0.0
2022-10-12 22:35:00,0.0
2022-10-12 22:40:00,0.0
2022-10-12 22:45:00,0.0
2022-10-12 22:50:00,0.0
2022-10-12 22:55:00,0.0
2022-10-12 23:00:00,0.0
2022-10-12 23:05:00,0.0
2022-10-12 23:10:00,0.0
2022-10-12 23:15:00,0.0
2022-10-12 23:20:00,0.0
2022-10-12 23:25:00,0.0
2022-10-12 23:30:00,0.0
2022-10-12 23:35:00,0.0
2022-10-12 23:40:00,0.0
2022-10-12 23:45:00,0.0
2022-10-12 23:50:00,0.0
2022-10-12 23:55:00,0.0
2022-10-13 00:00:00,0.0
2022-10-13 00:05:00,0.0
2022-10-13 00:10:00,0.0
2022-10-13 00:15:00,0.0
2022-10-13 00:20:00,0.0
2022-10-13 00:25:00,0.0
2022-10-13 00:30:00,0.0
2022-10-13 00:35:00,0.0
2022-10-13 00:40:00,0.0
2022-10-13 00:45:00,0.0
2022-10-13 00:50:00,0.0
2022-10-13 00:55:00,0.0
2022-10-13 01:00:00,0.0
2022-10-13 01:05:00,0.0
2022-10-13 01:10:00,0.0
2022-10-13 01:15:00,0.0
2022-10-13 01:20:00,0.0
2022-10-13 01:25:00,0.0
2022-10-13 01:30:00,0.0
2022-10-13 01:35:00,0.0
2022-10-13 01:40:00,0.0
2022-10-13 01:45:00,0.0
2022-10-13 01:50:00,0.0
2022-10-13 01:55:00,0.0
2022-10-13 02:00:00,0.0
2022-10-13 02:05:00,0.0
2022-10-13 02:10:00,0.0
2022-10-13 02:15:00,0.0
2022-10-13 02:20:00,0.0
2022-10-13 02:25:00,0.0
2022-10-13 02:30:00,0.0
2022-10-13 02:35:00,0.0
2022-10-13 02:40:00,0.0
2022-10-13 02:45:00,0.0
2022-10-13 02:50:00,0.0
2022-10-13 02:55:00,0.0
2022-10-13 03:00:00,0.0
2022-10-13 03:05:00,0.0
2022-10-13 03:10:00,0.0
2022-10-13 03:15:00,0.0
2022-10-13 03:20:00,0.0
2022-10-13 03:25:00,0.0
2022-10-13 03:30:00,0.0
2022-10-13 03:35:00,0.0
2022-10-13 03:40:00,0.0
2022-10-13 03:45:00,0.0
2022-10-13 03:50:00,0.0
2022-10-13 03:55:00,0.0
2022-10-13 04:00:00,0.0
2022-10-13 04:05:00,0.0
2022-10-13 04:10:00,0.0
2022-10-13 04:15:00,0.0
2022-10-13 04:20:00,0.0
2022-10-13 04:25:00,0.0
2022-10-13 04:30:00,0.0
2022-10-13 04:35:00,0.0
2022-10-13 04:40:00,0.0
2022-10-13 04:45:00,0.0
2022-10-13 04:50:00,0.0
2022-10-13 04:55:00,0.0
2022-10-13 05:00:00,0.0
2022-10-13 05:05:00,0.0
2022-10-13 05:10:00,0.0
2022-10-13 05:15:00,0.0
2022-10-13 05:20:00,0.0
2022-10-13 05:25:00,0.0
2022-10-13 05:30:00,0.0
2022-10-13 05:35:00,0.0
2022-10-13 05:40:00,0.0
2022-10-13 05:45:00,0.0
2022-10-13 05:50:00,0.0
2022-10-13 05:55:00,0.0
2022-10-13 06:00:00,0.0
2022-10-13 06:05:00,0.0
2022-10-13 06:10:00,0.0
2022-10-13 06:15:00,0.0
2022-10-13 06:20:00,0.0
2022-10-13 06:25:00,0.0
2022-10-13 06:30:00,0.0
2022-10-13 06:35:00,0.0
2022-10-13 06:40:00,0.0
2022-10-13 06:45:00,0.0
2022-10-13 06:50:00,0.0
2022-10-13 06:55:00,0.0
2022-10-13 07:00:00,0.0
2022-10-13 07:05:00,0.0
2022-10-13 07:10:00,0.0
2022-10-13 07:15:00,0.0
2022-10-13 07:20:00,0.0
2022-10-13 07:25:00,0.0
2022-10-13 07:30:00,0.0
2022-10-13 07:35:00,0.0
2022-10-13 07:40:00,0.0
2022-10-13 07:45:00,0.0
2022-10-13 07:50:00,0.0
2022-10-13 07:55:00,0.0
2022-10-13 08:00:00,0.0
2022-10-13 08:05:00,0.0
2022-10-13 08:10:00,0.0
2022-10-13 08:15:00,0.0
2022-10-13 08:20:00,0.0
2022-10-13 08:25:00,0.0
2022-10-13 08:30:00,0.0
2022-10-13 08:35:00,0.0
2022-10-13 08:40:00,0.0
2022-10-13 08:45:00,0.0
2022-10-13 08:50:00,0.0
2022-10-13 08:55:00,0.0
2022-10-13 09:00:00,0.0
2022-10-13 09:05:00,0.0
2022-10-13 09:10:00,0.0
2022-10-13 09:15:00,0.0
2022-10-13 09:20:00,0.0
2022-10-13 09:25:00,0.0
2022-10-13 09:30:00,0.0
2022-10-13 09:35:00,0.0
2022-10-13 09:40:00,0.0
2022-10-13 09:45:00,0.0
2022-10-13 09:50:00,0.0
2022-10-13 09:55:00,0.0
2022-10-13 10:00:00,0.0
2022-10-13 10:05:00,0.0
2022-10-13 10:10:00,0.0
2022-10-13 10:15:00,0.0
2022-10-13 10:20:00,0.0
2022-10-13 10:25:00,0.0
2022-10-13 10:30:00,0.0
2022-10-13 10:35:00,0.0
2022-10-13 10:40:00,0.0
2022-10-13 10:45:00,0.0
2022-10-13 10:50:00,0.0
2022-10-13 10:55:00,0.0
2022-10-13 11:00:00,0.0
2022-10-13 11:05:00,0.0
2022-10-13 11:10:00,0.0
2022-10-13 11:15:00,0.0
2022-10-13 11:20:00,0.0
2022-10-13 11:25:00,0.0
2022-10-13 11:30:00,0.0
2022-10-13 11:35:00,0.0
2022-10-13 11:40:00,0.0
2022-10-13 11:45:00,0.0
2022-10-13 11:50:00,0.0
2022-10-13 11:55:00,0.0
2022-10-13 12:00:00,0.0
2022-10-13 12:05:00,0.0
2022-10-13 12:10:00,0.0
2022-10-13 12:15:00,0.0
2022-10-13 12:20:00,0.0
2022-10-13 12:25:00,0.0
2022-10-13 12:30:00,0.0
2022-10-13 12:35:00,0.0
2022-10-13 12:40:00,0.0
2022-10-13 12:45:00,0.0
2022-10-13 12:50:00,0.0
2022-10-13 12:55:00,0.0
2022-10-13 13:00:00,0.0
2022-10-13 13:05:00,0.0
2022-10-13 13:10:00,0.0
2022-10-13 13:15:00,0.0
2022-10-13 13:20:00,0.0
2022-10-13 13:25:00,0.0
2022-10-13 13:30:00,0.0
2022-10-13 13:35:00,0.0
2022-10-13 13:40:00,0.0
2022-10-13 13:45:00,0.0
2022-10-13 13:50:00,0.0
2022-10-13 13:55:00,0.0
2022-10-13 14:00:00,0.0
2022-10-13 14:05:00,5864.312266935783
2022-10-13 14:10:00,4467.997963396598
2022-10-13 14:15:00,1653.3120542974896
2022-10-13 14:20:00,0.0
2022-10-13 14:25:00,4773.595031586112
2022-10-13 14:30:00,-808.6146094438335
2022-10-13 14:35:00,3621.245376452695
2022-10-13 14:40:00,-886.4655588529939
2022-10-13 14:45:00,-927.1520433558474
2022-10-13 14:50:00,-910.2967368294826
2022-10-13 14:55:00,-936.0480437270963
2022-10-13 15:00:00,-933.338101438483
2022-10-13 15:05:00,-940.7421504142087
2022-10-13 15:10:00,-945.8176257642194
2022-10-13 15:15:00,-944.2703628081833
2022-10-13 15:20:00,-942.62445902689
2022-10-13 15:25:00,-945.4688758611252
2022-10-13 15:30:00,-942.6293659765688
2022-10-13 15:35:00,-944.4693154361869
2022-10-13 15:40:00,-1030.6243145055826
2022-10-13 15:45:00,5999.329379118855
2022-10-13 15:50:00,-859.6507405060993
2022-10-13 15:55:00,-922.4903723351802
2022-10-13 16:00:00,-920.3045148519757
2022-10-13 16:05:00,-922.1375062939946
2022-10-13 16:10:00,-921.1816140582179
2022-10-13 16:15:00,-922.9927536567582
2022-10-13 16:20:00,-915.9820361780737
2022-10-13 16:25:00,-919.0470842210417
2022-10-13 16:30:00,0.0
2022-10-13 16:35:00,-924.3721923698871
2022-10-13 16:40:00,-924.346389408949
2022-10-13 16:45:00,-925.6180145636159
2022-10-13 16:50:00,-930.9926730201278
2022-10-13 16:55:00,-931.9530374008992
2022-10-13 17:00:00,-933.8923832175126
2022-10-13 17:05:00,-931.7249704569582
2022-10-13 17:10:00,-929.5232226696356
2022-10-13 17:15:00,-933.9763866418758
2022-10-13 17:20:00,-842.3615700549716
2022-10-13 17:25:00,-848.7396211140616
2022-10-13 17:30:00,-835.0062682600774
2022-10-13 17:35:00,-839.0023150356014
2022-10-13 17:40:00,-841.3176678459491
2022-10-13 17:45:00,-841.4031787085289
2022-10-13 17:50:00,-841.6722919763106
2022-10-13 17:55:00,-841.6722919763106
2022-10-13 18:00:00,-841.6722868462696
2022-10-13 18:05:00,-842.59819599614
2022-10-13 18:10:00,-843.0578279286653
2022-10-13 18:15:00,-845.7801729758613
2022-10-13 18:20:00,-845.7801729758613
2022-10-13 18:25:00,-839.107808691373
2022-10-13 18:30:00,-839.5357913753891
2022-10-13 18:35:00,-839.5357913753891
2022-10-13 18:40:00,-841.6369579613722
2022-10-13 18:45:00,-842.3447769554172
2022-10-13 18:50:00,-842.3447769554172
2022-10-13 18:55:00,-795.7702564701768
2022-10-13 19:00:00,-777.6382127790736
2022-10-13 19:05:00,-776.1954806668645
2022-10-13 19:10:00,-769.7511926345459
2022-10-13 19:15:00,-742.4273642025041
2022-10-13 19:20:00,-741.1934416499902
2022-10-13 19:25:00,-742.4273594688946
2022-10-13 19:30:00,-735.2687187035283
2022-10-13 19:35:00,-734.653041443202
2022-10-13 19:40:00,-725.0854207117791
2022-10-13 19:45:00,-727.5366719550683
2022-10-13 19:50:00,-719.2353939908102
2022-10-13 19:55:00,-717.8714957806491
2022-10-13 20:00:00,-713.5716426659272
2022-10-13 20:05:00,-713.714342426456
2022-10-13 20:10:00,-704.832695448112
2022-10-13 20:15:00,3974.5823729921126
2022-10-13 20:20:00,-731.7470014820267
2022-10-13 20:30:00,-696.5678034754095
2022-10-13 20:35:00,-702.8693235812391
2022-10-13 20:40:00,6653.645403175371
2022-10-13 20:45:00,-660.8249668805951
2022-10-13 20:50:00,-663.7046065298866
2022-10-13 20:55:00,0.0
2022-10-13 21:00:00,3648.4833539469223
2022-10-13 21:10:00,-683.3398107633302
2022-10-13 21:15:00,-690.2786735519447
2022-10-13 21:20:00,-690.0432404303995
2022-10-13 21:25:00,-690.1839505944455
2022-10-13 21:30:00,-693.0560563017491
2022-10-13 21:35:00,-692.3537470003281
2022-10-13 21:40:00,-694.4768281585032
2022-10-13 21:45:00,-694.4768281585032
2022-10-13 21:50:00,-693.4729375928007
2022-10-13 21:55:00,-812.2187830165544
2022-10-13 22:00:00,-692.2473384600232
2022-10-13 22:05:00,-696.6102058220389
2022-10-13 22:10:00,-707.2355822188365
2022-10-13 22:15:00,-708.3127544671438
2022-10-13 22:20:00,-708.8756817260773
2022-10-13 22:25:00,-711.1510156994498
2022-10-13 22:30:00,-701.8988275072572
2022-10-13 22:35:00,-704.0941650791103
2022-10-13 22:40:00,-704.0941650791103
2022-10-13 22:45:00,-705.5857693148289
2022-10-13 22:50:00,-709.4029600091758
2022-10-13 22:55:00,-709.4029600091758
2022-10-13 23:00:00,-709.9749333864058
2022-10-13 23:05:00,-711.0303043848543
2022-10-13 23:10:00,-700.7959218803597
2022-10-13 23:15:00,0.0
2022-10-13 23:20:00,0.0
2022-10-13 23:25:00,0.0
2022-10-13 23:30:00,0.0
2022-10-13 23:35:00,0.0
2022-10-13 23:40:00,0.0
2022-10-13 23:45:00,0.0
2022-10-13 23:50:00,0.0
2022-10-13 23:55:00,0.0
2022-10-14 00:00:00,0.0
2022-10-14 00:05:00,0.0
2022-10-14 00:10:00,0.0
2022-10-14 00:15:00,0.0
2022-10-14 00:20:00,0.0
2022-10-14 00:25:00,0.0
2022-10-14 00:30:00,0.0
2022-10-14 00:35:00,0.0
2022-10-14 00:40:00,0.0
2022-10-14 00:45:00,0.0
2022-10-14 00:50:00,0.0
2022-10-14 00:55:00,0.0
2022-10-14 01:00:00,0.0
2022-10-14 01:05:00,0.0
2022-10-14 01:10:00,0.0
2022-10-14 01:15:00,0.0
2022-10-14 01:20:00,0.0
2022-10-14 01:25:00,0.0
2022-10-14 01:30:00,0.0
2022-10-14 01:35:00,0.0
2022-10-14 01:40:00,0.0
2022-10-14 01:45:00,0.0
2022-10-14 01:50:00,0.0
2022-10-14 01:55:00,0.0
2022-10-14 02:00:00,0.0
2022-10-14 02:05:00,0.0
2022-10-14 02:10:00,0.0
2022-10-14 02:15:00,0.0
2022-10-14 02:20:00,0.0
2022-10-14 02:25:00,0.0
2022-10-14 02:30:00,0.0
2022-10-14 02:35:00,0.0
2022-10-14 02:40:00,0.0
2022-10-14 02:45:00,0.0
2022-10-14 02:50:00,0.0
2022-10-14 02:55:00,0.0
2022-10-14 03:00:00,0.0
2022-10-14 03:05:00,0.0
2022-10-14 03:10:00,0.0
2022-10-14 03:15:00,0.0
2022-10-14 03:20:00,0.0
2022-10-14 03:25:00,0.0
2022-10-14 03:30:00,0.0
2022-10-14 03:35:00,0.0
2022-10-14 03:40:00,0.0
2022-10-14 03:45:00,0.0
2022-10-14 03:50:00,0.0
2022-10-14 03:55:00,0.0
2022-10-14 04:00:00,0.0
2022-10-14 04:05:00,0.0
2022-10-14 04:10:00,0.0
2022-10-14 04:15:00,0.0
2022-10-14 04:20:00,0.0
2022-10-14 04:25:00,0.0
2022-10-14 04:30:00,0.0
2022-10-14 04:35:00,0.0
2022-10-14 04:40:00,0.0
2022-10-14 04:45:00,0.0
2022-10-14 04:50:00,0.0
2022-10-14 04:55:00,0.0
2022-10-14 05:00:00,0.0
2022-10-14 05:05:00,0.0
2022-10-14 05:10:00,0.0
2022-10-14 05:15:00,0.0
2022-10-14 05:20:00,0.0
2022-10-14 05:25:00,0.0
2022-10-14 05:30:00,0.0
2022-10-14 05:35:00,0.0
2022-10-14 05:40:00,0.0
2022-10-14 05:45:00,0.0
2022-10-14 05:50:00,0.0
2022-10-14 05:55:00,0.0
2022-10-14 06:00:00,0.0
2022-10-14 06:05:00,0.0
2022-10-14 06:10:00,0.0
2022-10-14 06:15:00,0.0
2022-10-14 06:20:00,0.0
2022-10-14 06:25:00,0.0
2022-10-14 06:30:00,0.0
2022-10-14 06:35:00,0.0
2022-10-14 06:40:00,0.0
2022-10-14 06:45:00,0.0
2022-10-14 06:50:00,0.0
2022-10-14 06:55:00,0.0
2022-10-14 07:00:00,0.0
2022-10-14 07:05:00,0.0
2022-10-14 07:10:00,0.0
2022-10-14 07:15:00,0.0
2022-10-14 07:20:00,0.0
2022-10-14 07:25:00,0.0
2022-10-14 07:30:00,0.0
2022-10-14 07:35:00,0.0
2022-10-14 07:40:00,0.0
2022-10-14 07:45:00,0.0
2022-10-14 07:50:00,0.0
2022-10-14 07:55:00,0.0
2022-10-14 08:00:00,0.0
2022-10-14 08:05:00,0.0
2022-10-14 08:10:00,0.0
2022-10-14 08:15:00,0.0
2022-10-14 08:20:00,0.0
2022-10-14 08:25:00,0.0
2022-10-14 08:30:00,0.0
2022-10-14 08:35:00,0.0
2022-10-14 08:40:00,0.0
2022-10-14 08:45:00,0.0
2022-10-14 08:50:00,0.0
2022-10-14 08:55:00,0.0
2022-10-14 09:00:00,0.0
2022-10-14 09:05:00,0.0
2022-10-14 09:10:00,0.0
2022-10-14 09:15:00,0.0
2022-10-14 09:20:00,0.0
2022-10-14 09:25:00,0.0
2022-10-14 09:30:00,0.0
2022-10-14 09:35:00,0.0
2022-10-14 09:40:00,0.0
2022-10-14 09:45:00,0.0
2022-10-14 09:50:00,0.0
2022-10-14 09:55:00,0.0
2022-10-14 10:00:00,0.0
2022-10-14 10:05:00,0.0
2022-10-14 10:10:00,0.0
2022-10-14 10:15:00,0.0
2022-10-14 10:20:00,0.0
2022-10-14 10:25:00,0.0
2022-10-14 10:30:00,0.0
2022-10-14 10:35:00,0.0
2022-10-14 10:40:00,0.0
2022-10-14 10:45:00,0.0
2022-10-14 10:50:00,0.0
2022-10-14 10:55:00,0.0
2022-10-14 11:00:00,0.0
2022-10-14 11:05:00,0.0
2022-10-14 11:10:00,0.0
2022-10-14 11:15:00,0.0
2022-10-14 11:20:00,0.0
2022-10-14 11:25:00,0.0
2022-10-14 11:30:00,0.0
2022-10-14 11:35:00,0.0
2022-10-14 11:40:00,0.0
2022-10-14 11:45:00,0.0
2022-10-14 11:50:00,0.0
2022-10-14 11:55:00,0.0
2022-10-14 12:00:00,0.0
2022-10-14 12:05:00,0.0
2022-10-14 12:10:00,0.0
2022-10-14 12:15:00,0.0
2022-10-14 12:20:00,0.0
2022-10-14 12:25:00,0.0
2022-10-14 12:30:00,0.0
2022-10-14 12:35:00,0.0
2022-10-14 12:40:00,0.0
2022-10-14 12:45:00,0.0
2022-10-14 12:50:00,0.0
2022-10-14 12:55:00,0.0
2022-10-14 13:00:00,0.0
2022-10-14 13:05:00,0.0
2022-10-14 13:10:00,0.0
2022-10-14 13:15:00,0.0
2022-10-14 13:20:00,0.0
2022-10-14 13:25:00,0.0
2022-10-14 13:30:00,0.0
2022-10-14 13:35:00,0.0
2022-10-14 13:40:00,0.0
2022-10-14 13:45:00,0.0
2022-10-14 13:50:00,0.0
2022-10-14 13:55:00,0.0
2022-10-14 14:00:00,0.0
2022-10-14 14:05:00,0.0
2022-10-14 14:10:00,0.0
2022-10-14 14:15:00,0.0
2022-10-14 14:20:00,0.0
2022-10-14 14:25:00,0.0
2022-10-14 14:30:00,0.0
2022-10-14 14:35:00,0.0
2022-10-14 14:40:00,0.0
2022-10-14 14:45:00,0.0
2022-10-14 14:50:00,0.0
2022-10-14 14:55:00,0.0
2022-10-14 15:00:00,0.0
2022-10-14 15:05:00,0.0
2022-10-14 15:10:00,0.0
2022-10-14 15:15:00,0.0
2022-10-14 15:20:00,0.0
2022-10-14 15:25:00,0.0
2022-10-14 15:30:00,0.0
2022-10-14 15:35:00,0.0
2022-10-14 15:40:00,0.0
2022-10-14 15:45:00,0.0
2022-10-14 15:50:00,0.0
2022-10-14 15:55:00,0.0
2022-10-14 16:00:00,0.0
2022-10-14 16:05:00,0.0
2022-10-14 16:10:00,0.0
2022-10-14 16:15:00,0.0
2022-10-14 16:20:00,0.0
2022-10-14 16:25:00,0.0
2022-10-14 16:30:00,0.0
2022-10-14 16:35:00,8783.424558107648
2022-10-14 16:40:00,6536.310408655029
2022-10-14 16:45:00,3378.5483946589334
2022-10-14 16:50:00,3323.803058264871
2022-10-14 16:55:00,-800.6862804575991
2022-10-14 17:00:00,4733.736109845371
2022-10-14 17:05:00,7511.660056987017
2022-10-14 17:10:00,-844.7168548645545
2022-10-14 17:15:00,-882.5857608207472
2022-10-14 17:20:00,-885.3858825134695
2022-10-14 17:25:00,-885.9285572352932
2022-10-14 17:30:00,-862.607182295229
2022-10-14 17:35:00,-797.6990270397449
2022-10-14 17:40:00,0.0
2022-10-14 17:45:00,0.0
2022-10-14 17:50:00,0.0
2022-10-14 17:55:00,0.0
2022-10-14 18:00:00,0.0
2022-10-14 18:05:00,0.0
2022-10-14 18:10:00,0.0
2022-10-14 18:15:00,0.0
2022-10-14 18:20:00,0.0
2022-10-14 18:25:00,0.0
2022-10-14 18:30:00,0.0
2022-10-14 18:35:00,0.0
2022-10-14 18:40:00,0.0
2022-10-14 18:45:00,0.0
2022-10-14 18:50:00,0.0
2022-10-14 18:55:00,0.0
2022-10-14 19:00:00,0.0
2022-10-14 19:05:00,0.0
2022-10-14 19:10:00,0.0
2022-10-14 19:15:00,0.0
2022-10-14 19:20:00,0.0
2022-10-14 19:25:00,0.0
2022-10-14 19:30:00,0.0
2022-10-14 19:35:00,0.0
2022-10-14 19:40:00,0.0
2022-10-14 19:45:00,0.0
2022-10-14 19:55:00,0.0
2022-10-14 20:00:00,0.0
2022-10-14 20:05:00,0.0
2022-10-14 20:10:00,0.0
2022-10-14 20:15:00,0.0
2022-10-14 20:20:00,0.0
2022-10-14 20:25:00,0.0
2022-10-14 20:30:00,0.0
2022-10-14 22:25:00,0.0
2022-10-14 22:30:00,0.0
2022-10-14 22:40:00,0.0
2022-10-14 22:50:00,0.0
2022-10-14 22:55:00,0.0
2022-10-14 23:00:00,0.0
2022-10-14 23:05:00,0.0
2022-10-14 23:10:00,0.0
2022-10-14 23:15:00,0.0
2022-10-14 23:20:00,0.0
2022-10-14 23:25:00,0.0
2022-10-14 23:30:00,0.0
2022-10-14 23:35:00,0.0
2022-10-14 23:40:00,0.0
2022-10-14 23:45:00,0.0
2022-10-14 23:50:00,0.0
2022-10-14 23:55:00,0.0
2022-10-15 00:00:00,0.0
2022-10-15 00:05:00,0.0
2022-10-15 00:10:00,0.0
2022-10-15 00:15:00,0.0
2022-10-15 00:20:00,0.0
2022-10-15 00:25:00,0.0
2022-10-15 00:30:00,0.0
2022-10-15 00:35:00,0.0
2022-10-15 00:40:00,0.0
2022-10-15 00:45:00,0.0
2022-10-15 00:50:00,0.0
2022-10-15 00:55:00,0.0
2022-10-15 01:00:00,0.0
2022-10-15 01:10:00,0.0
2022-10-15 01:15:00,0.0
2022-10-15 01:20:00,0.0
2022-10-15 01:25:00,0.0
2022-10-15 01:30:00,0.0
2022-10-15 01:35:00,0.0
2022-10-15 01:40:00,0.0
2022-10-15 01:45:00,0.0
2022-10-15 01:50:00,0.0
2022-10-15 01:55:00,0.0
2022-10-15 02:00:00,0.0
2022-10-15 02:05:00,0.0
2022-10-15 02:10:00,0.0
2022-10-15 02:15:00,0.0
2022-10-15 02:20:00,0.0
2022-10-15 02:25:00,0.0
2022-10-15 02:30:00,0.0
2022-10-15 02:35:00,0.0
2022-10-15 02:40:00,0.0
2022-10-15 02:45:00,0.0
2022-10-15 02:50:00,0.0
2022-10-15 02:55:00,0.0
2022-10-15 03:00:00,0.0
2022-10-15 03:05:00,0.0
2022-10-15 03:10:00,0.0
2022-10-15 03:15:00,0.0
2022-10-15 03:20:00,0.0
2022-10-15 03:25:00,0.0
2022-10-15 03:30:00,0.0
2022-10-15 03:35:00,0.0
2022-10-15 03:40:00,0.0
2022-10-15 03:45:00,0.0
2022-10-15 03:50:00,0.0
2022-10-15 03:55:00,0.0
2022-10-15 04:00:00,0.0
2022-10-15 04:05:00,0.0
2022-10-15 04:10:00,0.0
2022-10-15 04:15:00,0.0
2022-10-15 04:20:00,0.0
2022-10-15 04:25:00,0.0
2022-10-15 04:30:00,0.0
2022-10-15 04:35:00,0.0
2022-10-15 04:40:00,0.0
2022-10-15 04:45:00,0.0
2022-10-15 04:50:00,0.0
2022-10-15 04:55:00,0.0
2022-10-15 05:00:00,0.0
2022-10-15 05:05:00,0.0
2022-10-15 05:10:00,0.0
2022-10-15 05:15:00,0.0
2022-10-15 05:20:00,0.0
2022-10-15 05:25:00,0.0
2022-10-15 05:30:00,0.0
2022-10-15 05:35:00,0.0
2022-10-15 05:45:00,0.0
2022-10-15 05:50:00,0.0
2022-10-15 05:55:00,0.0
2022-10-15 06:00:00,0.0
2022-10-15 06:05:00,0.0
2022-10-15 06:10:00,0.0
2022-10-15 06:15:00,0.0
2022-10-15 06:20:00,0.0
2022-10-15 06:25:00,0.0
2022-10-15 06:30:00,0.0
2022-10-15 06:35:00,0.0
2022-10-15 06:40:00,0.0
2022-10-15 06:45:00,0.0
2022-10-15 06:50:00,0.0
2022-10-15 06:55:00,0.0
2022-10-15 07:00:00,0.0
2022-10-15 07:05:00,0.0
2022-10-15 07:10:00,0.0
2022-10-15 07:15:00,0.0
2022-10-15 07:20:00,0.0
2022-10-15 07:25:00,0.0
2022-10-15 07:30:00,0.0
2022-10-15 07:35:00,0.0
2022-10-15 07:40:00,0.0
2022-10-15 07:45:00,0.0
2022-10-15 07:50:00,0.0
2022-10-15 07:55:00,0.0
2022-10-15 08:00:00,0.0
2022-10-15 08:05:00,0.0
2022-10-15 08:10:00,0.0
2022-10-15 08:15:00,0.0
2022-10-15 08:20:00,0.0
2022-10-15 08:25:00,0.0
2022-10-15 08:30:00,0.0
2022-10-15 08:35:00,0.0
2022-10-15 08:40:00,0.0
2022-10-15 08:45:00,0.0
2022-10-15 08:50:00,0.0
2022-10-15 08:55:00,0.0
2022-10-15 09:00:00,0.0
2022-10-15 09:05:00,0.0
2022-10-15 09:10:00,0.0
2022-10-15 09:15:00,0.0
2022-10-15 09:20:00,0.0
2022-10-15 09:25:00,0.0
2022-10-15 09:30:00,0.0
2022-10-15 09:35:00,0.0
2022-10-15 09:40:00,0.0
2022-10-15 09:45:00,0.0
2022-10-15 09:50:00,0.0
2022-10-15 09:55:00,0.0
2022-10-15 10:00:00,0.0
2022-10-15 10:05:00,0.0
2022-10-15 10:10:00,0.0
2022-10-15 10:15:00,0.0
2022-10-15 10:20:00,0.0
2022-10-15 10:25:00,0.0
2022-10-15 10:30:00,0.0
2022-10-15 10:35:00,0.0
2022-10-15 10:40:00,0.0
2022-10-15 10:45:00,0.0
2022-10-15 10:50:00,0.0
2022-10-15 10:55:00,0.0
2022-10-15 11:00:00,0.0
2022-10-15 11:05:00,0.0
2022-10-15 11:10:00,0.0
2022-10-15 11:15:00,0.0
2022-10-15 11:20:00,0.0
2022-10-15 11:25:00,0.0
2022-10-15 11:30:00,0.0
2022-10-15 11:35:00,0.0
2022-10-15 11:40:00,0.0
2022-10-15 11:45:00,0.0
2022-10-15 11:50:00,0.0
2022-10-15 11:55:00,0.0
2022-10-15 12:00:00,0.0
2022-10-15 12:05:00,0.0
2022-10-15 12:10:00,0.0
2022-10-15 12:15:00,0.0
2022-10-15 12:20:00,0.0
2022-10-15 12:25:00,0.0
2022-10-15 12:30:00,0.0
2022-10-15 12:35:00,0.0
2022-10-15 12:40:00,0.0
2022-10-15 12:45:00,0.0
2022-10-15 12:50:00,0.0
2022-10-15 12:55:00,0.0
2022-10-15 13:00:00,0.0
2022-10-15 13:05:00,0.0
2022-10-15 13:10:00,0.0
2022-10-15 13:15:00,0.0
2022-10-15 13:20:00,0.0
2022-10-15 13:25:00,0.0
2022-10-15 13:30:00,0.0
2022-10-15 13:35:00,0.0
2022-10-15 13:40:00,0.0
2022-10-15 13:45:00,0.0
2022-10-15 13:50:00,0.0
2022-10-15 13:55:00,0.0
2022-10-15 14:00:00,0.0
2022-10-15 14:05:00,0.0
2022-10-15 14:10:00,0.0
2022-10-15 14:15:00,0.0
2022-10-15 14:20:00,0.0
2022-10-15 14:25:00,0.0
2022-10-15 14:30:00,0.0
2022-10-15 14:35:00,0.0
2022-10-15 14:40:00,0.0
2022-10-15 14:45:00,0.0
2022-10-15 14:50:00,0.0
2022-10-15 14:55:00,0.0
2022-10-15 15:00:00,0.0
2022-10-15 15:05:00,0.0
2022-10-15 15:10:00,0.0
2022-10-15 15:15:00,0.0
2022-10-15 15:20:00,0.0
2022-10-15 15:25:00,0.0
2022-10-15 15:30:00,0.0
2022-10-15 15:35:00,0.0
2022-10-15 15:40:00,0.0
2022-10-15 15:45:00,0.0
2022-10-15 15:50:00,0.0
2022-10-15 15:55:00,0.0
2022-10-15 16:00:00,0.0
2022-10-15 16:05:00,0.0
2022-10-15 16:10:00,0.0
2022-10-15 16:15:00,0.0
2022-10-15 16:20:00,0.0
2022-10-15 16:25:00,0.0
2022-10-15 16:30:00,0.0
2022-10-15 16:35:00,0.0
2022-10-15 16:40:00,0.0
2022-10-15 16:45:00,0.0
2022-10-15 16:50:00,0.0
2022-10-15 16:55:00,0.0
2022-10-15 17:00:00,0.0
2022-10-15 17:05:00,0.0
2022-10-15 17:10:00,0.0
2022-10-15 17:15:00,0.0
2022-10-15 17:20:00,0.0
2022-10-15 17:25:00,0.0
2022-10-15 17:30:00,0.0
2022-10-15 17:35:00,0.0
2022-10-15 17:40:00,0.0
2022-10-15 17:45:00,0.0
2022-10-15 17:50:00,0.0
2022-10-15 17:55:00,0.0
2022-10-15 18:00:00,0.0
2022-10-15 18:05:00,0.0
2022-10-15 18:10:00,0.0
2022-10-15 18:15:00,0.0
2022-10-15 18:20:00,0.0
2022-10-15 18:25:00,0.0
2022-10-15 18:30:00,0.0
2022-10-15 18:35:00,0.0
2022-10-15 18:40:00,0.0
2022-10-15 18:45:00,0.0
2022-10-15 18:50:00,0.0
2022-10-15 19:00:00,0.0
2022-10-15 19:05:00,0.0
2022-10-15 19:10:00,0.0
2022-10-15 19:15:00,0.0
2022-10-15 19:20:00,0.0
2022-10-15 19:25:00,0.0
2022-10-15 19:30:00,0.0
2022-10-15 19:35:00,0.0
2022-10-15 19:50:00,0.0
2022-10-15 19:55:00,0.0
2022-10-15 20:00:00,0.0
2022-10-15 20:10:00,0.0
2022-10-15 20:40:00,0.0
2022-10-15 22:40:00,0.0
2022-10-15 22:45:00,0.0
2022-10-15 22:50:00,0.0
2022-10-15 22:55:00,0.0
2022-10-15 23:00:00,0.0
2022-10-15 23:05:00,0.0
2022-10-15 23:10:00,0.0
2022-10-15 23:15:00,0.0
2022-10-15 23:20:00,0.0
2022-10-15 23:25:00,0.0
2022-10-15 23:30:00,0.0
2022-10-15 23:35:00,0.0
2022-10-15 23:40:00,0.0
2022-10-15 23:45:00,0.0
2022-10-15 23:50:00,0.0
2022-10-15 23:55:00,0.0
2022-10-16 00:00:00,0.0
2022-10-16 00:05:00,0.0
2022-10-16 00:10:00,0.0
2022-10-16 00:15:00,0.0
2022-10-16 00:20:00,0.0
2022-10-16 00:25:00,0.0
2022-10-16 00:30:00,0.0
2022-10-16 00:35:00,0.0
2022-10-16 00:40:00,0.0
2022-10-16 00:45:00,0.0
2022-10-16 00:50:00,0.0
2022-10-16 00:55:00,0.0
2022-10-16 01:00:00,0.0
2022-10-16 01:05:00,0.0
2022-10-16 01:10:00,0.0
2022-10-16 01:15:00,0.0
2022-10-16 01:20:00,0.0
2022-10-16 01:25:00,0.0
2022-10-16 01:30:00,0.0
2022-10-16 01:35:00,0.0
2022-10-16 01:40:00,0.0
2022-10-16 01:45:00,0.0
2022-10-16 01:50:00,0.0
2022-10-16 01:55:00,0.0
2022-10-16 02:00:00,0.0
2022-10-16 02:05:00,0.0
2022-10-16 02:10:00,0.0
2022-10-16 02:15:00,0.0
2022-10-16 02:20:00,0.0
2022-10-16 02:25:00,0.0
2022-10-16 02:30:00,0.0
2022-10-16 02:35:00,0.0
2022-10-16 02:40:00,0.0
2022-10-16 02:45:00,0.0
2022-10-16 02:50:00,0.0
2022-10-16 02:55:00,0.0
2022-10-16 03:00:00,0.0
2022-10-16 03:05:00,0.0
2022-10-16 03:10:00,0.0
2022-10-16 03:15:00,0.0
2022-10-16 03:20:00,0.0
2022-10-16 03:25:00,0.0
2022-10-16 03:30:00,0.0
2022-10-16 03:35:00,0.0
2022-10-16 03:40:00,0.0
2022-10-16 03:45:00,0.0
2022-10-16 03:50:00,0.0
2022-10-16 03:55:00,0.0
2022-10-16 04:00:00,0.0
2022-10-16 04:05:00,0.0
2022-10-16 04:10:00,0.0
2022-10-16 04:15:00,0.0
2022-10-16 04:20:00,0.0
2022-10-16 04:25:00,0.0
2022-10-16 04:30:00,0.0
2022-10-16 04:35:00,0.0
2022-10-16 04:40:00,0.0
2022-10-16 04:45:00,0.0
2022-10-16 04:50:00,0.0
2022-10-16 04:55:00,0.0
2022-10-16 05:00:00,0.0
2022-10-16 05:05:00,0.0
2022-10-16 05:10:00,0.0
2022-10-16 05:15:00,0.0
2022-10-16 05:20:00,0.0
2022-10-16 05:25:00,0.0
2022-10-16 05:30:00,0.0
2022-10-16 05:35:00,0.0
2022-10-16 05:40:00,0.0
2022-10-16 05:45:00,0.0
2022-10-16 05:50:00,0.0
2022-10-16 05:55:00,0.0
2022-10-16 06:00:00,0.0
2022-10-16 06:05:00,0.0
2022-10-16 06:10:00,0.0
2022-10-16 06:15:00,0.0
2022-10-16 06:20:00,0.0
2022-10-16 06:25:00,0.0
2022-10-16 06:30:00,0.0
2022-10-16 06:35:00,0.0
2022-10-16 06:40:00,0.0
2022-10-16 06:45:00,0.0
2022-10-16 06:50:00,0.0
2022-10-16 06:55:00,0.0
2022-10-16 07:00:00,0.0
2022-10-16 07:05:00,0.0
2022-10-16 07:10:00,0.0
2022-10-16 07:15:00,0.0
2022-10-16 07:20:00,0.0
2022-10-16 07:25:00,0.0
2022-10-16 07:30:00,0.0
2022-10-16 07:35:00,0.0
2022-10-16 07:40:00,0.0
2022-10-16 07:45:00,0.0
2022-10-16 07:50:00,0.0
2022-10-16 07:55:00,0.0
2022-10-16 08:00:00,0.0
2022-10-16 08:05:00,0.0
2022-10-16 08:10:00,0.0
2022-10-16 08:15:00,0.0
2022-10-16 08:20:00,0.0
2022-10-16 08:25:00,0.0
2022-10-16 08:30:00,0.0
2022-10-16 08:35:00,0.0
2022-10-16 08:40:00,0.0
2022-10-16 08:45:00,0.0
2022-10-16 08:50:00,0.0
2022-10-16 08:55:00,0.0
2022-10-16 09:00:00,0.0
2022-10-16 09:05:00,0.0
2022-10-16 09:10:00,0.0
2022-10-16 09:15:00,0.0
2022-10-16 09:20:00,0.0
2022-10-16 09:25:00,0.0
2022-10-16 11:50:00,0.0
2022-10-16 11:55:00,0.0
2022-10-16 12:00:00,0.0
2022-10-16 12:05:00,0.0
2022-10-16 12:10:00,0.0
2022-10-16 12:15:00,0.0
2022-10-16 12:20:00,0.0
2022-10-16 12:25:00,0.0
2022-10-16 12:30:00,0.0
2022-10-16 12:35:00,0.0
2022-10-16 12:40:00,0.0
2022-10-16 12:45:00,0.0
2022-10-16 12:50:00,0.0
2022-10-16 12:55:00,0.0
2022-10-16 13:00:00,0.0
2022-10-16 13:05:00,0.0
2022-10-16 13:10:00,0.0
2022-10-16 13:15:00,0.0
2022-10-16 13:20:00,0.0
2022-10-16 13:25:00,0.0
2022-10-16 13:30:00,0.0
2022-10-16 13:35:00,0.0
2022-10-16 13:40:00,0.0
2022-10-16 17:15:00,0.0
2022-10-16 17:20:00,0.0
2022-10-16 17:25:00,0.0
2022-10-16 17:30:00,0.0
2022-10-16 17:35:00,0.0
2022-10-16 17:40:00,0.0
2022-10-16 17:45:00,0.0
2022-10-16 17:50:00,0.0
2022-10-16 17:55:00,0.0
2022-10-16 18:00:00,0.0
2022-10-16 18:05:00,0.0
2022-10-16 18:10:00,0.0
2022-10-16 18:15:00,0.0
2022-10-16 18:20:00,0.0
2022-10-16 18:25:00,0.0
2022-10-16 18:30:00,0.0
2022-10-16 18:35:00,0.0
2022-10-16 18:40:00,0.0
2022-10-16 18:45:00,0.0
2022-10-16 18:50:00,0.0
2022-10-16 18:55:00,0.0
2022-10-16 19:00:00,0.0
2022-10-16 19:05:00,0.0
2022-10-16 19:10:00,0.0
2022-10-16 19:15:00,0.0
2022-10-16 21:00:00,0.0
2022-10-16 21:05:00,0.0
2022-10-16 21:10:00,0.0
2022-10-16 21:15:00,0.0
2022-10-16 21:20:00,0.0
2022-10-16 21:25:00,0.0
2022-10-16 21:30:00,0.0
2022-10-16 21:35:00,0.0
2022-10-16 21:40:00,0.0
2022-10-16 21:45:00,0.0
2022-10-16 21:50:00,0.0
2022-10-16 21:55:00,0.0
2022-10-16 22:00:00,0.0
2022-10-16 22:05:00,0.0
2022-10-16 22:10:00,0.0
2022-10-16 22:15:00,0.0
2022-10-16 22:20:00,0.0
2022-10-16 22:25:00,0.0
2022-10-16 22:30:00,0.0
2022-10-16 22:35:00,0.0
2022-10-16 22:40:00,0.0
2022-10-16 22:45:00,0.0
2022-10-16 22:50:00,0.0
2022-10-16 22:55:00,0.0
2022-10-16 23:00:00,0.0
2022-10-16 23:05:00,0.0
2022-10-16 23:10:00,0.0
2022-10-16 23:15:00,0.0
2022-10-16 23:20:00,0.0
2022-10-16 23:25:00,0.0
2022-10-16 23:30:00,0.0
2022-10-16 23:35:00,0.0
2022-10-16 23:40:00,0.0
2022-10-16 23:45:00,0.0
2022-10-16 23:50:00,0.0
2022-10-16 23:55:00,0.0
2022-10-17 00:00:00,0.0
2022-10-17 00:05:00,0.0
2022-10-17 00:10:00,0.0
2022-10-17 00:15:00,0.0
2022-10-17 00:20:00,0.0
2022-10-17 00:25:00,0.0
2022-10-17 00:30:00,0.0
2022-10-17 00:35:00,0.0
2022-10-17 00:40:00,0.0
2022-10-17 00:45:00,0.0
2022-10-17 00:50:00,0.0
2022-10-17 00:55:00,0.0
2022-10-17 01:00:00,0.0
2022-10-17 01:05:00,0.0
2022-10-17 01:10:00,0.0
2022-10-17 01:15:00,0.0
2022-10-17 01:20:00,0.0
2022-10-17 01:25:00,0.0
2022-10-17 01:30:00,0.0
2022-10-17 01:35:00,0.0
2022-10-17 01:40:00,0.0
2022-10-17 01:45:00,0.0
2022-10-17 01:50:00,0.0
2022-10-17 01:55:00,0.0
2022-10-17 02:00:00,0.0
2022-10-17 02:05:00,0.0
2022-10-17 02:10:00,0.0
2022-10-17 02:15:00,0.0
2022-10-17 02:20:00,0.0
2022-10-17 02:25:00,0.0
2022-10-17 02:30:00,0.0
2022-10-17 02:35:00,0.0
2022-10-17 02:40:00,0.0
2022-10-17 02:45:00,0.0
2022-10-17 02:50:00,0.0
2022-10-17 02:55:00,0.0
2022-10-17 03:00:00,0.0
2022-10-17 03:05:00,0.0
2022-10-17 03:10:00,0.0
2022-10-17 03:15:00,0.0
2022-10-17 03:20:00,0.0
2022-10-17 03:25:00,0.0
2022-10-17 03:30:00,0.0
2022-10-17 03:35:00,0.0
2022-10-17 03:40:00,0.0
2022-10-17 03:45:00,0.0
2022-10-17 03:50:00,0.0
2022-10-17 03:55:00,0.0
2022-10-17 04:00:00,0.0
2022-10-17 04:05:00,0.0
2022-10-17 04:10:00,0.0
2022-10-17 04:15:00,0.0
2022-10-17 04:20:00,0.0
2022-10-17 04:25:00,0.0
2022-10-17 04:30:00,0.0
2022-10-17 04:35:00,0.0
2022-10-17 04:40:00,0.0
2022-10-17 04:45:00,0.0
2022-10-17 04:50:00,0.0
2022-10-17 04:55:00,0.0
2022-10-17 05:00:00,0.0
2022-10-17 05:05:00,0.0
2022-10-17 05:10:00,0.0
2022-10-17 05:15:00,0.0
2022-10-17 05:20:00,0.0
2022-10-17 05:25:00,0.0
2022-10-17 05:30:00,0.0
2022-10-17 05:35:00,0.0
2022-10-17 05:40:00,0.0
2022-10-17 05:45:00,0.0
2022-10-17 05:50:00,0.0
2022-10-17 05:55:00,0.0
2022-10-17 06:00:00,0.0
2022-10-17 06:05:00,0.0
2022-10-17 06:10:00,0.0
2022-10-17 06:15:00,0.0
2022-10-17 06:20:00,0.0
2022-10-17 06:25:00,0.0
2022-10-17 06:30:00,0.0
2022-10-17 06:35:00,0.0
2022-10-17 06:40:00,0.0
2022-10-17 06:45:00,0.0
2022-10-17 06:50:00,0.0
2022-10-17 06:55:00,0.0
2022-10-17 07:00:00,0.0
2022-10-17 07:05:00,0.0
2022-10-17 07:10:00,0.0
2022-10-17 07:15:00,0.0
2022-10-17 07:20:00,0.0
2022-10-17 07:25:00,0.0
2022-10-17 07:30:00,0.0
2022-10-17 07:35:00,0.0
2022-10-17 07:40:00,0.0
2022-10-17 07:45:00,0.0
2022-10-17 07:50:00,0.0
2022-10-17 07:55:00,0.0
2022-10-17 08:00:00,
2022-10-17 08:05:00,5224.113772025485
2022-10-17 08:10:00,3532.043154740708
2022-10-17 08:15:00,-662.8889669379339
2022-10-17 08:20:00,2712.315451601747
2022-10-17 08:25:00,2818.635078155901
2022-10-17 08:30:00,0.0
2022-10-17 08:40:00,0.0
2022-10-17 08:45:00,0.0
2022-10-17 08:50:00,0.0
2022-10-17 08:55:00,0.0
2022-10-17 09:00:00,0.0
2022-10-17 09:05:00,0.0
2022-10-17 09:10:00,0.0
2022-10-17 09:15:00,0.0
2022-10-17 09:20:00,0.0
2022-10-17 09:25:00,0.0
2022-10-17 09:30:00,0.0
2022-10-17 09:35:00,0.0
2022-10-17 09:40:00,0.0
2022-10-17 09:45:00,0.0
2022-10-17 09:50:00,0.0
2022-10-17 09:55:00,0.0
2022-10-17 10:00:00,0.0
2022-10-17 10:05:00,0.0
2022-10-17 10:10:00,0.0
2022-10-17 10:15:00,0.0
2022-10-17 10:20:00,0.0
2022-10-17 10:25:00,0.0
2022-10-17 10:30:00,0.0
2022-10-17 10:35:00,0.0
2022-10-17 10:40:00,0.0
2022-10-17 10:45:00,0.0
2022-10-17 10:50:00,0.0
2022-10-17 10:55:00,0.0
2022-10-17 11:40:00,0.0
2022-10-17 11:45:00,0.0
2022-10-17 11:50:00,0.0
2022-10-17 11:55:00,0.0
2022-10-17 12:00:00,0.0
2022-10-17 12:05:00,0.0
2022-10-17 12:10:00,0.0
2022-10-17 12:15:00,0.0
2022-10-17 12:20:00,0.0
2022-10-17 12:25:00,0.0
2022-10-17 12:30:00,0.0
2022-10-17 12:35:00,0.0
2022-10-17 12:40:00,0.0
2022-10-17 12:45:00,0.0
2022-10-17 12:50:00,0.0
2022-10-17 12:55:00,0.0
2022-10-17 13:00:00,0.0
2022-10-17 13:05:00,0.0
2022-10-17 13:10:00,0.0
2022-10-17 13:15:00,0.0
2022-10-17 13:20:00,0.0
2022-10-17 13:25:00,0.0
2022-10-17 13:30:00,0.0
2022-10-17 13:35:00,0.0
2022-10-17 13:40:00,0.0
2022-10-17 15:25:00,11674.489328531266
2022-10-17 15:30:00,6711.183073254902
2022-10-17 15:35:00,4550.041360502641
2022-10-17 15:40:00,4788.632451930014
2022-10-17 15:45:00,7257.806218241652
2022-10-17 15:50:00,6528.516431418611
2022-10-17 15:55:00,5151.208606444932
2022-10-17 16:00:00,2737.8071758198394
2022-10-17 17:00:00,0.0
2022-10-17 17:05:00,11307.924101631661
2022-10-17 17:10:00,5171.391670648038
2022-10-17 17:15:00,2181.4784904914563
2022-10-17 17:20:00,0.0
2022-10-17 17:25:00,0.0
2022-10-17 17:30:00,0.0
2022-10-17 17:35:00,0.0
2022-10-17 17:40:00,0.0
2022-10-17 17:45:00,0.0
2022-10-17 17:50:00,0.0
2022-10-17 17:55:00,0.0
2022-10-17 18:00:00,0.0
2022-10-17 18:05:00,0.0
2022-10-17 18:10:00,0.0
2022-10-17 18:15:00,0.0
2022-10-17 18:20:00,0.0
2022-10-17 18:25:00,0.0
2022-10-17 18:30:00,0.0
2022-10-17 18:35:00,0.0
2022-10-17 18:40:00,0.0
2022-10-17 18:45:00,0.0
2022-10-17 18:50:00,0.0
2022-10-17 18:55:00,0.0
2022-10-17 19:00:00,0.0
2022-10-17 19:05:00,0.0
2022-10-17 19:10:00,0.0
2022-10-17 19:15:00,0.0
2022-10-17 19:20:00,0.0
2022-10-17 19:25:00,0.0
2022-10-17 19:30:00,0.0
2022-10-17 19:35:00,0.0
2022-10-17 19:40:00,0.0
2022-10-17 19:45:00,0.0
2022-10-17 19:50:00,0.0
2022-10-17 19:55:00,0.0
2022-10-17 20:00:00,0.0
2022-10-17 20:05:00,0.0
2022-10-17 20:10:00,0.0
2022-10-17 20:15:00,0.0
2022-10-17 20:20:00,0.0
2022-10-17 20:25:00,0.0
2022-10-17 20:30:00,0.0
2022-10-17 20:35:00,0.0
2022-10-17 20:40:00,0.0
2022-10-17 20:45:00,0.0
2022-10-17 20:50:00,0.0
2022-10-17 20:55:00,0.0
2022-10-17 21:00:00,0.0
2022-10-17 21:05:00,0.0
2022-10-17 21:10:00,0.0
2022-10-17 21:15:00,0.0
2022-10-17 21:20:00,0.0
2022-10-17 21:25:00,0.0
2022-10-17 21:30:00,0.0
2022-10-17 21:35:00,0.0
2022-10-17 21:40:00,0.0
2022-10-17 21:45:00,0.0
2022-10-17 21:50:00,0.0
2022-10-17 21:55:00,0.0
2022-10-17 22:00:00,0.0
2022-10-17 22:05:00,0.0
2022-10-17 22:10:00,0.0
2022-10-17 22:15:00,0.0
2022-10-17 22:20:00,0.0
2022-10-17 22:25:00,0.0
2022-10-17 22:30:00,0.0
2022-10-17 22:35:00,0.0
2022-10-17 22:40:00,0.0
2022-10-17 22:45:00,0.0
2022-10-17 22:50:00,0.0
2022-10-17 22:55:00,0.0
2022-10-17 23:00:00,0.0
2022-10-17 23:05:00,0.0
2022-10-17 23:10:00,0.0
2022-10-17 23:15:00,0.0
2022-10-17 23:20:00,0.0
2022-10-17 23:25:00,0.0
2022-10-17 23:30:00,0.0
2022-10-17 23:35:00,0.0
2022-10-17 23:40:00,0.0
2022-10-17 23:45:00,0.0
2022-10-17 23:50:00,0.0
2022-10-17 23:55:00,0.0
2022-10-18 00:00:00,0.0
2022-10-18 00:05:00,0.0
2022-10-18 00:10:00,0.0
2022-10-18 00:15:00,0.0
2022-10-18 00:20:00,0.0
2022-10-18 00:25:00,0.0
2022-10-18 00:30:00,0.0
2022-10-18 00:35:00,0.0
2022-10-18 00:40:00,0.0
2022-10-18 00:45:00,0.0
2022-10-18 00:50:00,0.0
2022-10-18 00:55:00,0.0
2022-10-18 01:00:00,0.0
2022-10-18 01:05:00,0.0
2022-10-18 01:10:00,0.0
2022-10-18 01:15:00,0.0
2022-10-18 01:20:00,0.0
2022-10-18 01:25:00,0.0
2022-10-18 01:30:00,0.0
2022-10-18 01:35:00,0.0
2022-10-18 01:40:00,0.0
2022-10-18 01:45:00,0.0
2022-10-18 01:50:00,0.0
2022-10-18 01:55:00,0.0
2022-10-18 02:00:00,0.0
2022-10-18 02:05:00,0.0
2022-10-18 02:10:00,0.0
2022-10-18 02:15:00,0.0
2022-10-18 02:20:00,0.0
2022-10-18 02:25:00,0.0
2022-10-18 02:30:00,0.0
2022-10-18 02:35:00,0.0
2022-10-18 02:40:00,0.0
2022-10-18 02:45:00,0.0
2022-10-18 02:50:00,0.0
2022-10-18 02:55:00,0.0
2022-10-18 03:00:00,0.0
2022-10-18 03:05:00,0.0
2022-10-18 03:10:00,0.0
2022-10-18 03:15:00,0.0
2022-10-18 03:20:00,0.0
2022-10-18 03:25:00,0.0
2022-10-18 03:30:00,0.0
2022-10-18 03:35:00,0.0
2022-10-18 03:40:00,0.0
2022-10-18 03:45:00,0.0
2022-10-18 03:50:00,0.0
2022-10-18 03:55:00,0.0
2022-10-18 04:00:00,0.0
2022-10-18 04:05:00,0.0
2022-10-18 04:10:00,0.0
2022-10-18 04:15:00,0.0
2022-10-18 04:20:00,0.0
2022-10-18 04:25:00,0.0
2022-10-18 04:30:00,0.0
2022-10-18 04:35:00,0.0
2022-10-18 04:40:00,0.0
2022-10-18 04:45:00,0.0
2022-10-18 04:50:00,0.0
2022-10-18 04:55:00,0.0
2022-10-18 05:00:00,0.0
2022-10-18 05:05:00,0.0
2022-10-18 05:10:00,0.0
2022-10-18 05:15:00,0.0
2022-10-18 05:20:00,0.0
2022-10-18 05:25:00,0.0
2022-10-18 05:30:00,0.0
2022-10-18 05:35:00,0.0
2022-10-18 05:40:00,0.0
2022-10-18 05:45:00,0.0
2022-10-18 05:50:00,0.0
2022-10-18 05:55:00,0.0
2022-10-18 06:00:00,0.0
2022-10-18 06:05:00,0.0
2022-10-18 06:10:00,0.0
2022-10-18 06:15:00,0.0
2022-10-18 06:20:00,0.0
2022-10-18 06:25:00,0.0
2022-10-18 06:30:00,0.0
2022-10-18 06:35:00,0.0
2022-10-18 06:40:00,0.0
2022-10-18 06:45:00,0.0
2022-10-18 06:50:00,0.0
2022-10-18 06:55:00,0.0
2022-10-18 07:00:00,0.0
2022-10-18 07:05:00,0.0
2022-10-18 07:10:00,0.0
2022-10-18 07:15:00,0.0
2022-10-18 07:20:00,0.0
2022-10-18 07:25:00,0.0
2022-10-18 07:30:00,0.0
2022-10-18 07:35:00,0.0
2022-10-18 07:40:00,0.0
2022-10-18 07:45:00,0.0
2022-10-18 07:50:00,0.0
2022-10-18 07:55:00,0.0
2022-10-18 08:00:00,0.0
2022-10-18 08:05:00,0.0
2022-10-18 08:10:00,0.0
2022-10-18 08:15:00,0.0
2022-10-18 08:20:00,0.0
2022-10-18 08:25:00,0.0
2022-10-18 08:30:00,0.0
2022-10-18 08:35:00,0.0
2022-10-18 08:40:00,0.0
2022-10-18 08:45:00,0.0
2022-10-18 08:50:00,0.0
2022-10-18 08:55:00,0.0
2022-10-18 09:00:00,0.0
2022-10-18 09:05:00,0.0
2022-10-18 09:10:00,0.0
2022-10-18 09:15:00,0.0
2022-10-18 09:20:00,0.0
2022-10-18 09:25:00,0.0
2022-10-18 09:30:00,0.0
2022-10-18 09:35:00,0.0
2022-10-18 09:40:00,0.0
2022-10-18 09:45:00,0.0
2022-10-18 09:50:00,0.0
2022-10-18 09:55:00,0.0
2022-10-18 10:00:00,0.0
2022-10-18 10:05:00,0.0
2022-10-18 10:10:00,0.0
2022-10-18 10:15:00,0.0
2022-10-18 10:20:00,0.0
2022-10-18 10:25:00,0.0
2022-10-18 10:30:00,0.0
2022-10-18 10:35:00,0.0
2022-10-18 10:40:00,0.0
2022-10-18 10:45:00,0.0
2022-10-18 10:50:00,0.0
2022-10-18 10:55:00,0.0
2022-10-18 11:00:00,0.0
2022-10-18 11:05:00,0.0
2022-10-18 11:10:00,0.0
2022-10-18 11:15:00,0.0
2022-10-18 11:20:00,0.0
2022-10-18 11:25:00,0.0
2022-10-18 11:30:00,0.0
2022-10-18 11:35:00,0.0
2022-10-18 11:40:00,0.0
2022-10-18 11:45:00,0.0
2022-10-18 11:50:00,0.0
2022-10-18 11:55:00,0.0
2022-10-18 12:00:00,0.0
2022-10-18 12:05:00,0.0
2022-10-18 12:10:00,0.0
2022-10-18 12:15:00,0.0
2022-10-18 12:20:00,0.0
2022-10-18 12:25:00,0.0
2022-10-18 12:30:00,0.0
2022-10-18 12:35:00,0.0
2022-10-18 12:40:00,0.0
2022-10-18 12:45:00,0.0
2022-10-18 12:50:00,0.0
2022-10-18 12:55:00,0.0
2022-10-18 13:00:00,0.0
2022-10-18 13:05:00,0.0
2022-10-18 13:10:00,0.0
2022-10-18 13:15:00,0.0
2022-10-18 13:20:00,0.0
2022-10-18 13:25:00,0.0
2022-10-18 13:30:00,0.0
2022-10-18 13:35:00,0.0
2022-10-18 13:40:00,0.0
2022-10-18 13:45:00,0.0
2022-10-18 13:50:00,0.0
2022-10-18 13:55:00,0.0
2022-10-18 14:00:00,0.0
2022-10-18 14:05:00,0.0
2022-10-18 14:10:00,0.0
2022-10-18 14:15:00,0.0
2022-10-18 14:20:00,0.0
2022-10-18 14:25:00,0.0
2022-10-18 14:30:00,0.0
2022-10-18 14:35:00,0.0
2022-10-18 14:40:00,0.0
2022-10-18 14:45:00,0.0
2022-10-18 14:50:00,0.0
2022-10-18 14:55:00,0.0
2022-10-18 15:00:00,0.0
2022-10-18 15:05:00,0.0
2022-10-18 15:10:00,0.0
2022-10-18 15:15:00,0.0
2022-10-18 15:20:00,0.0
2022-10-18 15:25:00,0.0
2022-10-18 15:30:00,0.0
2022-10-18 15:35:00,0.0
2022-10-18 15:40:00,0.0
2022-10-18 15:45:00,10325.08386972666
2022-10-18 15:50:00,5421.1901319859
2022-10-18 15:55:00,3850.1953785069245
2022-10-18 16:00:00,5076.1029532054135
2022-10-18 16:05:00,6864.849193805438
2022-10-18 16:10:00,5561.558135668272
2022-10-18 16:15:00,0.0
2022-10-18 16:20:00,0.0
2022-10-18 16:25:00,0.0
2022-10-18 16:30:00,0.0
2022-10-18 16:35:00,0.0
2022-10-18 16:40:00,0.0
2022-10-18 16:45:00,0.0
2022-10-18 16:50:00,0.0
2022-10-18 16:55:00,0.0
2022-10-18 17:00:00,0.0
2022-10-18 17:05:00,0.0
2022-10-18 17:10:00,0.0
2022-10-18 17:15:00,0.0
2022-10-18 17:20:00,0.0
2022-10-18 17:25:00,0.0
2022-10-18 17:30:00,0.0
2022-10-18 17:35:00,0.0
2022-10-18 17:40:00,0.0
2022-10-18 17:45:00,0.0
2022-10-18 17:50:00,0.0
2022-10-18 17:55:00,0.0
2022-10-18 18:00:00,0.0
2022-10-18 18:05:00,0.0
2022-10-18 18:10:00,0.0
2022-10-18 18:15:00,0.0
2022-10-18 18:20:00,0.0
2022-10-18 18:25:00,0.0
2022-10-18 18:30:00,0.0
2022-10-18 18:35:00,0.0
2022-10-18 18:40:00,0.0
2022-10-18 18:45:00,0.0
2022-10-18 18:50:00,0.0
2022-10-18 18:55:00,0.0
2022-10-18 19:00:00,0.0
2022-10-18 19:05:00,0.0
2022-10-18 19:10:00,0.0
2022-10-18 19:15:00,0.0
2022-10-18 19:20:00,0.0
2022-10-18 19:25:00,0.0
2022-10-18 19:30:00,0.0
2022-10-18 19:35:00,0.0
2022-10-18 19:40:00,0.0
2022-10-18 19:45:00,0.0
2022-10-18 19:50:00,0.0
2022-10-18 19:55:00,0.0
2022-10-18 20:00:00,0.0
2022-10-18 20:05:00,0.0
2022-10-18 20:10:00,0.0
2022-10-18 20:15:00,0.0
2022-10-18 20:20:00,0.0
2022-10-18 20:25:00,0.0
2022-10-18 20:30:00,0.0
2022-10-18 20:35:00,0.0
2022-10-18 20:40:00,0.0
2022-10-18 20:45:00,0.0
2022-10-18 20:50:00,0.0
2022-10-18 20:55:00,0.0
2022-10-18 21:00:00,0.0
2022-10-18 21:05:00,0.0
2022-10-18 21:10:00,0.0
2022-10-18 21:15:00,0.0
2022-10-18 21:20:00,0.0
2022-10-18 21:25:00,0.0
2022-10-18 21:30:00,0.0
2022-10-18 21:35:00,0.0
2022-10-18 21:40:00,0.0
2022-10-18 21:45:00,0.0
2022-10-18 21:50:00,0.0
2022-10-18 21:55:00,0.0
2022-10-18 22:00:00,0.0
2022-10-18 22:05:00,0.0
2022-10-18 22:10:00,0.0
2022-10-18 22:15:00,0.0
2022-10-18 22:20:00,0.0
2022-10-18 22:25:00,0.0
2022-10-18 22:30:00,0.0
2022-10-18 22:35:00,0.0
2022-10-18 22:40:00,0.0
2022-10-18 22:45:00,0.0
2022-10-18 22:50:00,0.0
2022-10-18 22:55:00,0.0
2022-10-18 23:00:00,0.0
2022-10-18 23:05:00,0.0
2022-10-18 23:10:00,0.0
2022-10-18 23:15:00,0.0
2022-10-18 23:20:00,0.0
2022-10-18 23:25:00,0.0
2022-10-18 23:30:00,0.0
2022-10-18 23:35:00,0.0
2022-10-18 23:40:00,0.0
2022-10-18 23:45:00,0.0
2022-10-18 23:50:00,0.0
2022-10-18 23:55:00,0.0
2022-10-19 00:00:00,0.0
2022-10-19 00:05:00,0.0
2022-10-19 00:10:00,0.0
2022-10-19 00:15:00,0.0
2022-10-19 00:20:00,0.0
2022-10-19 00:25:00,0.0
2022-10-19 00:30:00,0.0
2022-10-19 00:35:00,0.0
2022-10-19 00:40:00,0.0
2022-10-19 00:45:00,0.0
2022-10-19 00:50:00,0.0
2022-10-19 00:55:00,0.0
2022-10-19 01:00:00,0.0
2022-10-19 01:05:00,0.0
2022-10-19 01:10:00,0.0
2022-10-19 01:15:00,0.0
2022-10-19 01:20:00,0.0
2022-10-19 01:25:00,0.0
2022-10-19 01:30:00,0.0
2022-10-19 01:35:00,0.0
2022-10-19 01:40:00,0.0
2022-10-19 01:45:00,0.0
2022-10-19 01:50:00,0.0
2022-10-19 01:55:00,0.0
2022-10-19 02:00:00,0.0
2022-10-19 02:05:00,0.0
2022-10-19 02:10:00,0.0
2022-10-19 02:15:00,0.0
2022-10-19 02:20:00,0.0
2022-10-19 02:25:00,0.0
2022-10-19 02:30:00,0.0
2022-10-19 02:35:00,0.0
2022-10-19 02:40:00,0.0
2022-10-19 02:45:00,0.0
2022-10-19 02:50:00,0.0
2022-10-19 02:55:00,0.0
2022-10-19 03:00:00,0.0
2022-10-19 03:05:00,0.0
2022-10-19 03:10:00,0.0
2022-10-19 03:15:00,0.0
2022-10-19 03:20:00,0.0
2022-10-19 03:25:00,0.0
2022-10-19 03:30:00,0.0
2022-10-19 03:35:00,0.0
2022-10-19 03:40:00,0.0
2022-10-19 03:45:00,0.0
2022-10-19 03:50:00,0.0
2022-10-19 03:55:00,0.0
2022-10-19 04:00:00,0.0
2022-10-19 04:05:00,0.0
2022-10-19 04:10:00,0.0
2022-10-19 04:15:00,0.0
2022-10-19 04:20:00,0.0
2022-10-19 04:25:00,0.0
2022-10-19 04:30:00,0.0
2022-10-19 04:35:00,0.0
2022-10-19 04:40:00,0.0
2022-10-19 04:45:00,0.0
2022-10-19 04:50:00,0.0
2022-10-19 04:55:00,0.0
2022-10-19 05:00:00,0.0
2022-10-19 05:05:00,0.0
2022-10-19 05:10:00,0.0
2022-10-19 05:15:00,0.0
2022-10-19 05:20:00,0.0
2022-10-19 05:25:00,0.0
2022-10-19 05:30:00,0.0
2022-10-19 05:35:00,0.0
2022-10-19 05:40:00,0.0
2022-10-19 05:45:00,0.0
2022-10-19 05:50:00,0.0
2022-10-19 05:55:00,0.0
2022-10-19 06:00:00,0.0
2022-10-19 06:05:00,0.0
2022-10-19 06:10:00,0.0
2022-10-19 06:15:00,0.0
2022-10-19 06:20:00,0.0
2022-10-19 06:25:00,0.0
2022-10-19 06:30:00,0.0
2022-10-19 06:35:00,0.0
2022-10-19 06:40:00,0.0
2022-10-19 06:45:00,0.0
2022-10-19 06:50:00,0.0
2022-10-19 06:55:00,0.0
2022-10-19 07:00:00,0.0
2022-10-19 07:05:00,0.0
2022-10-19 07:10:00,0.0
2022-10-19 07:15:00,0.0
2022-10-19 07:20:00,0.0
2022-10-19 07:25:00,0.0
2022-10-19 07:30:00,0.0
2022-10-19 07:35:00,0.0
2022-10-19 07:40:00,0.0
2022-10-19 07:45:00,0.0
2022-10-19 07:50:00,0.0
2022-10-19 07:55:00,0.0
2022-10-19 08:00:00,0.0
2022-10-19 08:05:00,0.0
2022-10-19 08:10:00,0.0
2022-10-19 08:15:00,0.0
2022-10-19 08:20:00,0.0
2022-10-19 08:25:00,
2022-10-19 08:30:00,5588.673335300735
2022-10-19 08:35:00,0.0
2022-10-19 08:40:00,0.0
2022-10-19 08:45:00,0.0
2022-10-19 08:50:00,0.0
2022-10-19 08:55:00,0.0
2022-10-19 09:00:00,0.0
2022-10-19 09:05:00,0.0
2022-10-19 09:10:00,0.0
2022-10-19 09:15:00,0.0
2022-10-19 09:20:00,0.0
2022-10-19 09:25:00,0.0
2022-10-19 09:30:00,0.0
2022-10-19 09:35:00,0.0
2022-10-19 09:40:00,0.0
2022-10-19 09:45:00,0.0
2022-10-19 09:50:00,0.0
2022-10-19 09:55:00,0.0
2022-10-19 10:00:00,0.0
2022-10-19 10:05:00,0.0
2022-10-19 10:10:00,0.0
2022-10-19 10:15:00,0.0
2022-10-19 10:20:00,0.0
2022-10-19 10:25:00,0.0
2022-10-19 10:30:00,0.0
2022-10-19 10:35:00,0.0
2022-10-19 10:40:00,0.0
2022-10-19 10:45:00,0.0
2022-10-19 10:50:00,0.0
2022-10-19 10:55:00,0.0
2022-10-19 11:00:00,0.0
2022-10-19 11:05:00,0.0
2022-10-19 11:10:00,0.0
2022-10-19 11:15:00,0.0
2022-10-19 11:20:00,0.0
2022-10-19 11:25:00,0.0
2022-10-19 11:30:00,0.0
2022-10-19 11:35:00,0.0
2022-10-19 11:40:00,0.0
2022-10-19 11:45:00,0.0
2022-10-19 11:50:00,0.0
2022-10-19 11:55:00,0.0
2022-10-19 12:00:00,0.0
2022-10-19 12:05:00,0.0
2022-10-19 12:10:00,0.0
2022-10-19 12:15:00,0.0
2022-10-19 12:20:00,0.0
2022-10-19 12:25:00,0.0
2022-10-19 12:30:00,0.0
2022-10-19 12:35:00,0.0
2022-10-19 12:40:00,0.0
2022-10-19 12:45:00,0.0
2022-10-19 12:50:00,0.0
2022-10-19 12:55:00,0.0
2022-10-19 13:00:00,0.0
2022-10-19 13:05:00,0.0
2022-10-19 13:10:00,0.0
2022-10-19 13:15:00,0.0
2022-10-19 13:20:00,0.0
2022-10-19 13:25:00,0.0
2022-10-19 13:30:00,0.0
2022-10-19 13:35:00,0.0
2022-10-19 13:40:00,0.0
2022-10-19 13:45:00,0.0
2022-10-19 13:50:00,0.0
2022-10-19 13:55:00,0.0
2022-10-19 14:00:00,0.0
2022-10-19 14:05:00,0.0
2022-10-19 14:10:00,0.0
2022-10-19 14:15:00,0.0
2022-10-19 14:20:00,0.0
2022-10-19 14:25:00,0.0
2022-10-19 14:30:00,0.0
2022-10-19 14:35:00,0.0
2022-10-19 14:45:00,0.0
2022-10-19 14:50:00,0.0
2022-10-19 14:55:00,0.0
2022-10-19 15:00:00,0.0
2022-10-19 15:05:00,0.0
2022-10-19 15:10:00,0.0
2022-10-19 15:15:00,0.0
2022-10-19 15:20:00,0.0
2022-10-19 15:25:00,0.0
2022-10-19 15:30:00,0.0
2022-10-19 15:35:00,0.0
2022-10-19 19:00:00,0.0
2022-10-19 19:05:00,0.0
2022-10-19 19:10:00,0.0
2022-10-19 19:15:00,0.0
2022-10-19 19:20:00,0.0
2022-10-19 19:25:00,0.0
2022-10-19 19:30:00,0.0
2022-10-19 19:35:00,0.0
2022-10-19 19:40:00,0.0
2022-10-19 19:45:00,0.0
2022-10-19 19:50:00,0.0
2022-10-19 19:55:00,0.0
2022-10-19 20:00:00,0.0
2022-10-19 20:05:00,0.0
2022-10-19 20:10:00,0.0
2022-10-19 20:15:00,0.0
2022-10-19 20:20:00,0.0
2022-10-19 20:25:00,0.0
2022-10-19 20:30:00,0.0
2022-10-19 20:35:00,0.0
2022-10-19 20:40:00,0.0
2022-10-19 20:45:00,0.0
2022-10-19 20:50:00,0.0
2022-10-19 20:55:00,0.0
2022-10-19 21:00:00,0.0
2022-10-19 21:05:00,0.0
2022-10-19 21:10:00,0.0
2022-10-19 21:15:00,0.0
2022-10-19 21:20:00,0.0
2022-10-19 21:25:00,0.0
2022-10-19 21:30:00,0.0
2022-10-19 21:35:00,0.0
2022-10-19 21:40:00,0.0
2022-10-19 21:45:00,0.0
2022-10-19 21:50:00,0.0
2022-10-19 21:55:00,0.0
2022-10-19 22:00:00,0.0
2022-10-19 22:05:00,0.0
2022-10-19 22:10:00,0.0
2022-10-19 22:15:00,0.0
2022-10-19 22:20:00,0.0
2022-10-19 22:25:00,0.0
2022-10-19 22:30:00,0.0
2022-10-19 22:35:00,0.0
2022-10-19 22:40:00,0.0
2022-10-19 22:45:00,0.0
2022-10-19 22:50:00,0.0
2022-10-19 22:55:00,0.0
2022-10-19 23:00:00,0.0
2022-10-19 23:05:00,0.0
2022-10-19 23:10:00,0.0
2022-10-19 23:15:00,0.0
2022-10-19 23:20:00,0.0
2022-10-19 23:25:00,0.0
2022-10-19 23:30:00,0.0
2022-10-19 23:35:00,0.0
2022-10-19 23:40:00,0.0
2022-10-19 23:45:00,0.0
2022-10-19 23:50:00,0.0
2022-10-19 23:55:00,0.0
2022-10-20 00:00:00,0.0
2022-10-20 00:05:00,0.0
2022-10-20 00:10:00,0.0
2022-10-20 00:15:00,0.0
2022-10-20 00:20:00,0.0
2022-10-20 00:25:00,0.0
2022-10-20 00:30:00,0.0
2022-10-20 00:35:00,0.0
2022-10-20 00:40:00,0.0
2022-10-20 00:45:00,0.0
2022-10-20 00:50:00,0.0
2022-10-20 00:55:00,0.0
2022-10-20 01:00:00,0.0
2022-10-20 01:05:00,0.0
2022-10-20 01:10:00,0.0
2022-10-20 01:15:00,0.0
2022-10-20 01:20:00,0.0
2022-10-20 01:25:00,0.0
2022-10-20 01:30:00,0.0
2022-10-20 01:35:00,0.0
2022-10-20 01:40:00,0.0
2022-10-20 01:45:00,0.0
2022-10-20 01:50:00,0.0
2022-10-20 01:55:00,0.0
2022-10-20 02:00:00,0.0
2022-10-20 02:05:00,0.0
2022-10-20 02:10:00,0.0
2022-10-20 02:15:00,0.0
2022-10-20 02:20:00,0.0
2022-10-20 02:25:00,0.0
2022-10-20 02:30:00,0.0
2022-10-20 02:35:00,0.0
2022-10-20 02:40:00,0.0
2022-10-20 02:45:00,0.0
2022-10-20 02:50:00,0.0
2022-10-20 02:55:00,0.0
2022-10-20 03:00:00,0.0
2022-10-20 03:05:00,0.0
2022-10-20 03:10:00,0.0
2022-10-20 03:15:00,0.0
2022-10-20 03:20:00,0.0
2022-10-20 03:25:00,0.0
2022-10-20 03:30:00,0.0
2022-10-20 03:35:00,0.0
2022-10-20 03:40:00,0.0
2022-10-20 03:45:00,0.0
2022-10-20 03:50:00,0.0
2022-10-20 03:55:00,0.0
2022-10-20 04:00:00,0.0
2022-10-20 04:05:00,0.0
2022-10-20 04:10:00,0.0
2022-10-20 04:15:00,0.0
2022-10-20 04:20:00,0.0
2022-10-20 04:25:00,0.0
2022-10-20 04:30:00,0.0
2022-10-20 04:35:00,0.0
2022-10-20 04:40:00,0.0
2022-10-20 04:45:00,0.0
2022-10-20 04:50:00,0.0
2022-10-20 04:55:00,0.0
2022-10-20 05:00:00,0.0
2022-10-20 05:05:00,0.0
2022-10-20 05:10:00,0.0
2022-10-20 05:15:00,0.0
2022-10-20 05:20:00,0.0
2022-10-20 05:25:00,0.0
2022-10-20 05:30:00,0.0
2022-10-20 05:35:00,0.0
2022-10-20 05:40:00,0.0
2022-10-20 05:45:00,0.0
2022-10-20 05:50:00,0.0
2022-10-20 05:55:00,0.0
2022-10-20 06:00:00,0.0
2022-10-20 06:05:00,0.0
2022-10-20 06:10:00,0.0
2022-10-20 06:15:00,0.0
2022-10-20 06:20:00,0.0
2022-10-20 06:25:00,0.0
2022-10-20 06:30:00,0.0
2022-10-20 06:35:00,0.0
2022-10-20 06:40:00,0.0
2022-10-20 06:45:00,0.0
2022-10-20 06:50:00,0.0
2022-10-20 06:55:00,0.0
2022-10-20 07:00:00,0.0
2022-10-20 07:05:00,0.0
2022-10-20 07:10:00,0.0
2022-10-20 07:15:00,0.0
2022-10-20 07:20:00,0.0
2022-10-20 07:25:00,0.0
2022-10-20 07:30:00,0.0
2022-10-20 07:35:00,0.0
2022-10-20 07:40:00,0.0
2022-10-20 07:45:00,0.0
2022-10-20 07:50:00,0.0
2022-10-20 07:55:00,0.0
2022-10-20 08:00:00,0.0
2022-10-20 08:05:00,0.0
2022-10-20 08:10:00,0.0
2022-10-20 08:15:00,0.0
2022-10-20 08:20:00,0.0
2022-10-20 08:25:00,0.0
2022-10-20 08:30:00,0.0
2022-10-20 08:35:00,0.0
2022-10-20 08:40:00,0.0
2022-10-20 08:45:00,0.0
2022-10-20 08:50:00,0.0
2022-10-20 08:55:00,0.0
2022-10-20 09:00:00,0.0
2022-10-20 09:05:00,0.0
2022-10-20 09:10:00,0.0
2022-10-20 09:15:00,0.0
2022-10-20 09:20:00,0.0
2022-10-20 09:25:00,0.0
2022-10-20 09:30:00,0.0
2022-10-20 09:35:00,0.0
2022-10-20 09:40:00,0.0
2022-10-20 09:45:00,0.0
2022-10-20 09:50:00,0.0
2022-10-20 09:55:00,0.0
2022-10-20 10:00:00,0.0
2022-10-20 10:05:00,0.0
2022-10-20 10:10:00,0.0
2022-10-20 10:15:00,0.0
2022-10-20 10:20:00,0.0
2022-10-20 10:25:00,0.0
2022-10-20 10:30:00,0.0
2022-10-20 10:35:00,0.0
2022-10-20 10:40:00,0.0
2022-10-20 10:45:00,0.0
2022-10-20 10:50:00,0.0
2022-10-20 10:55:00,0.0
2022-10-20 11:00:00,0.0
2022-10-20 11:05:00,0.0
2022-10-20 11:10:00,0.0
2022-10-20 11:15:00,0.0
2022-10-20 11:20:00,0.0
2022-10-20 11:25:00,0.0
2022-10-20 11:30:00,0.0
2022-10-20 11:35:00,0.0
2022-10-20 11:40:00,6506.895770131749
2022-10-20 11:45:00,5890.9862179920665
2022-10-20 11:50:00,3410.7610416355387
2022-10-20 11:55:00,3310.320859201475
2022-10-20 12:00:00,-743.1015612386487
2022-10-20 12:05:00,5781.3276171022335
2022-10-20 12:10:00,1512.8126411576714
2022-10-20 12:15:00,0.0
2022-10-20 12:20:00,0.0
2022-10-20 12:25:00,0.0
2022-10-20 12:30:00,0.0
2022-10-20 12:35:00,0.0
2022-10-20 12:40:00,0.0
2022-10-20 12:45:00,0.0
2022-10-20 12:50:00,0.0
2022-10-20 12:55:00,0.0
2022-10-20 13:00:00,0.0
2022-10-20 13:05:00,0.0
2022-10-20 13:10:00,0.0
2022-10-20 13:15:00,0.0
2022-10-20 13:20:00,0.0
2022-10-20 13:25:00,0.0
2022-10-20 13:30:00,0.0
2022-10-20 13:35:00,0.0
2022-10-20 13:40:00,0.0
2022-10-20 13:45:00,0.0
2022-10-20 13:50:00,0.0
2022-10-20 13:55:00,0.0
2022-10-20 14:00:00,0.0
2022-10-20 14:05:00,0.0
2022-10-20 14:10:00,0.0
2022-10-20 14:15:00,0.0
2022-10-20 14:20:00,0.0
2022-10-20 14:25:00,0.0
2022-10-20 14:30:00,0.0
2022-10-20 14:35:00,0.0
2022-10-20 14:40:00,0.0
2022-10-20 14:45:00,0.0
2022-10-20 14:50:00,0.0
2022-10-20 14:55:00,0.0
2022-10-20 15:00:00,0.0
2022-10-20 15:05:00,0.0
2022-10-20 15:10:00,0.0
2022-10-20 15:15:00,0.0
2022-10-20 15:20:00,0.0
2022-10-20 15:25:00,0.0
2022-10-20 15:30:00,0.0
2022-10-20 15:35:00,0.0
2022-10-20 15:40:00,0.0
2022-10-20 15:45:00,0.0
2022-10-20 15:50:00,0.0
2022-10-20 15:55:00,0.0
2022-10-20 16:00:00,0.0
2022-10-20 16:05:00,0.0
2022-10-20 16:10:00,0.0
2022-10-20 16:15:00,0.0
2022-10-20 16:20:00,0.0
2022-10-20 16:25:00,0.0
2022-10-20 16:30:00,0.0
2022-10-20 16:35:00,0.0
2022-10-20 16:40:00,0.0
2022-10-20 16:45:00,0.0
2022-10-20 16:50:00,0.0
2022-10-20 16:55:00,0.0
2022-10-20 17:00:00,0.0
2022-10-20 17:05:00,0.0
2022-10-20 17:10:00,0.0
2022-10-20 17:15:00,0.0
2022-10-20 17:20:00,0.0
2022-10-20 17:25:00,0.0
2022-10-20 17:30:00,0.0
2022-10-20 17:35:00,0.0
2022-10-20 17:40:00,0.0
2022-10-20 17:45:00,0.0
2022-10-20 17:50:00,0.0
2022-10-20 17:55:00,0.0
2022-10-20 18:00:00,0.0
2022-10-20 18:05:00,0.0
2022-10-20 18:10:00,0.0
2022-10-20 18:15:00,0.0
2022-10-20 18:20:00,0.0
2022-10-20 18:25:00,0.0
2022-10-20 18:30:00,0.0
2022-10-20 18:35:00,0.0
2022-10-20 18:40:00,0.0
2022-10-20 18:45:00,0.0
2022-10-20 18:50:00,0.0
2022-10-20 18:55:00,0.0
2022-10-20 19:00:00,0.0
2022-10-20 19:05:00,0.0
2022-10-20 19:10:00,0.0
2022-10-20 19:15:00,0.0
2022-10-20 19:20:00,0.0
2022-10-20 19:25:00,0.0
2022-10-20 19:30:00,0.0
2022-10-20 19:35:00,0.0
2022-10-20 19:40:00,0.0
2022-10-20 19:45:00,0.0
2022-10-20 19:50:00,0.0
2022-10-20 19:55:00,0.0
2022-10-20 20:00:00,0.0
2022-10-20 20:05:00,0.0
2022-10-20 20:10:00,0.0
2022-10-20 20:15:00,0.0
2022-10-20 20:20:00,0.0
2022-10-20 20:25:00,0.0
2022-10-20 20:30:00,0.0
2022-10-20 20:35:00,0.0
2022-10-20 20:40:00,0.0
2022-10-20 20:45:00,0.0
2022-10-20 20:50:00,0.0
2022-10-20 20:55:00,0.0
2022-10-20 21:00:00,0.0
2022-10-20 21:05:00,0.0
2022-10-20 21:10:00,0.0
2022-10-20 21:15:00,0.0
2022-10-20 21:20:00,0.0
2022-10-20 21:25:00,0.0
2022-10-20 21:30:00,0.0
2022-10-20 21:35:00,0.0
2022-10-20 21:40:00,0.0
2022-10-20 21:45:00,0.0
2022-10-20 21:50:00,0.0
2022-10-20 21:55:00,0.0
2022-10-20 22:00:00,0.0
2022-10-20 22:05:00,0.0
2022-10-20 22:10:00,0.0
2022-10-20 22:15:00,0.0
2022-10-20 22:20:00,0.0
2022-10-20 22:25:00,0.0
2022-10-20 22:30:00,0.0
2022-10-20 22:35:00,0.0
2022-10-20 22:40:00,0.0
2022-10-20 22:45:00,0.0
2022-10-20 22:50:00,0.0
2022-10-20 22:55:00,0.0
2022-10-20 23:00:00,0.0
2022-10-20 23:05:00,0.0
2022-10-20 23:10:00,0.0
2022-10-20 23:15:00,0.0
2022-10-20 23:20:00,0.0
2022-10-20 23:25:00,0.0
2022-10-20 23:30:00,0.0
2022-10-20 23:35:00,0.0
2022-10-20 23:40:00,0.0
2022-10-20 23:45:00,0.0
2022-10-20 23:50:00,0.0
2022-10-20 23:55:00,0.0
2022-10-21 00:00:00,0.0
2022-10-21 00:05:00,0.0
2022-10-21 00:10:00,0.0
2022-10-21 00:15:00,0.0
2022-10-21 00:20:00,0.0
2022-10-21 00:25:00,0.0
2022-10-21 00:30:00,0.0
2022-10-21 00:35:00,0.0
2022-10-21 00:40:00,0.0
2022-10-21 00:45:00,0.0
2022-10-21 00:50:00,0.0
2022-10-21 00:55:00,0.0
2022-10-21 01:00:00,0.0
2022-10-21 01:05:00,0.0
2022-10-21 01:10:00,0.0
2022-10-21 01:15:00,0.0
2022-10-21 01:20:00,0.0
2022-10-21 01:25:00,0.0
2022-10-21 01:30:00,0.0
2022-10-21 01:35:00,0.0
2022-10-21 01:40:00,0.0
2022-10-21 01:45:00,0.0
2022-10-21 01:50:00,0.0
2022-10-21 01:55:00,0.0
2022-10-21 02:00:00,0.0
2022-10-21 02:05:00,0.0
2022-10-21 02:10:00,0.0
2022-10-21 02:15:00,0.0
2022-10-21 02:20:00,0.0
2022-10-21 02:25:00,0.0
2022-10-21 02:30:00,0.0
2022-10-21 02:35:00,0.0
2022-10-21 02:40:00,0.0
2022-10-21 02:45:00,0.0
2022-10-21 02:50:00,0.0
2022-10-21 02:55:00,0.0
2022-10-21 03:00:00,0.0
2022-10-21 03:05:00,0.0
2022-10-21 03:10:00,0.0
2022-10-21 03:15:00,0.0
2022-10-21 03:20:00,0.0
2022-10-21 03:25:00,0.0
2022-10-21 03:30:00,0.0
2022-10-21 03:35:00,0.0
2022-10-21 03:40:00,0.0
2022-10-21 03:45:00,0.0
2022-10-21 03:50:00,0.0
2022-10-21 03:55:00,0.0
2022-10-21 04:00:00,0.0
2022-10-21 04:05:00,0.0
2022-10-21 04:10:00,0.0
2022-10-21 04:15:00,0.0
2022-10-21 04:20:00,0.0
2022-10-21 04:25:00,0.0
2022-10-21 04:30:00,0.0
2022-10-21 04:35:00,0.0
2022-10-21 04:40:00,0.0
2022-10-21 04:45:00,0.0
2022-10-21 04:50:00,0.0
2022-10-21 04:55:00,0.0
2022-10-21 05:00:00,0.0
2022-10-21 05:05:00,0.0
2022-10-21 05:10:00,0.0
2022-10-21 05:15:00,0.0
2022-10-21 05:20:00,0.0
2022-10-21 05:25:00,0.0
2022-10-21 05:30:00,0.0
2022-10-21 05:35:00,0.0
2022-10-21 05:40:00,0.0
2022-10-21 05:45:00,0.0
2022-10-21 05:50:00,0.0
2022-10-21 05:55:00,0.0
2022-10-21 06:00:00,0.0
2022-10-21 06:05:00,0.0
2022-10-21 06:10:00,0.0
2022-10-21 06:15:00,0.0
2022-10-21 06:20:00,0.0
2022-10-21 06:25:00,0.0
2022-10-21 06:30:00,0.0
2022-10-21 06:35:00,0.0
2022-10-21 06:40:00,0.0
2022-10-21 06:45:00,0.0
2022-10-21 06:50:00,0.0
2022-10-21 06:55:00,0.0
2022-10-21 07:00:00,0.0
2022-10-21 07:05:00,0.0
2022-10-21 07:10:00,0.0
2022-10-21 07:15:00,0.0
2022-10-21 07:20:00,0.0
2022-10-21 07:25:00,0.0
2022-10-21 07:30:00,0.0
2022-10-21 07:35:00,0.0
2022-10-21 07:40:00,0.0
2022-10-21 07:45:00,0.0
2022-10-21 07:50:00,0.0
2022-10-21 07:55:00,0.0
2022-10-21 08:00:00,0.0
2022-10-21 08:05:00,0.0
2022-10-21 08:10:00,0.0
2022-10-21 08:15:00,0.0
2022-10-21 08:20:00,0.0
2022-10-21 08:25:00,0.0
2022-10-21 08:30:00,0.0
2022-10-21 08:35:00,11944.768523853825
2022-10-21 08:40:00,16638.56193528239
2022-10-21 08:45:00,-1015.258538543648
2022-10-21 08:50:00,0.0
2022-10-21 08:55:00,0.0
2022-10-21 09:00:00,0.0
2022-10-21 09:05:00,0.0
2022-10-21 09:10:00,0.0
2022-10-21 09:15:00,0.0
2022-10-21 09:20:00,0.0
2022-10-21 09:25:00,0.0
2022-10-21 09:30:00,0.0
2022-10-21 09:35:00,0.0
2022-10-21 09:40:00,0.0
2022-10-21 09:45:00,0.0
2022-10-21 09:50:00,0.0
2022-10-21 09:55:00,0.0
2022-10-21 10:00:00,0.0
2022-10-21 10:05:00,0.0
2022-10-21 10:10:00,0.0
2022-10-21 10:15:00,0.0
2022-10-21 10:20:00,0.0
2022-10-21 10:25:00,0.0
2022-10-21 10:30:00,0.0
2022-10-21 10:35:00,0.0
2022-10-21 10:40:00,0.0
2022-10-21 10:45:00,0.0
2022-10-21 10:50:00,0.0
2022-10-21 10:55:00,0.0
2022-10-21 11:00:00,0.0
2022-10-21 11:05:00,0.0
2022-10-21 11:10:00,0.0
2022-10-21 11:15:00,0.0
2022-10-21 11:20:00,0.0
2022-10-21 11:25:00,0.0
2022-10-21 11:30:00,0.0
2022-10-21 11:35:00,0.0
2022-10-21 11:40:00,0.0
2022-10-21 11:45:00,0.0
2022-10-21 11:50:00,0.0
2022-10-21 11:55:00,0.0
2022-10-21 12:00:00,0.0
2022-10-21 12:05:00,0.0
2022-10-21 12:10:00,0.0
2022-10-21 12:15:00,0.0
2022-10-21 12:20:00,0.0
2022-10-21 12:25:00,0.0
2022-10-21 12:30:00,0.0
2022-10-21 12:35:00,0.0
2022-10-21 12:40:00,0.0
2022-10-21 12:45:00,0.0
2022-10-21 12:50:00,0.0
2022-10-21 12:55:00,0.0
2022-10-21 13:00:00,0.0
2022-10-21 13:05:00,0.0
2022-10-21 13:10:00,0.0
2022-10-21 13:15:00,0.0
2022-10-21 13:20:00,0.0
2022-10-21 13:25:00,0.0
2022-10-21 13:30:00,0.0
2022-10-21 13:35:00,0.0
2022-10-21 13:40:00,0.0
2022-10-21 13:45:00,0.0
2022-10-21 13:50:00,0.0
2022-10-21 13:55:00,0.0
2022-10-21 14:00:00,0.0
2022-10-21 14:05:00,0.0
2022-10-21 14:10:00,0.0
2022-10-21 14:15:00,0.0
2022-10-21 14:20:00,0.0
2022-10-21 14:25:00,0.0
2022-10-21 14:30:00,0.0
2022-10-21 14:35:00,0.0
2022-10-21 14:40:00,0.0
2022-10-21 14:45:00,0.0
2022-10-21 14:50:00,0.0
2022-10-21 14:55:00,0.0
2022-10-21 15:00:00,0.0
2022-10-21 15:05:00,0.0
2022-10-21 15:10:00,0.0
2022-10-21 15:15:00,0.0
2022-10-21 15:20:00,0.0
2022-10-21 15:25:00,0.0
2022-10-21 15:30:00,0.0
2022-10-21 15:35:00,0.0
2022-10-21 15:40:00,0.0
2022-10-21 15:45:00,0.0
2022-10-21 15:50:00,0.0
2022-10-21 15:55:00,0.0
2022-10-21 16:00:00,0.0
2022-10-21 16:05:00,0.0
2022-10-21 16:10:00,0.0
2022-10-21 16:15:00,0.0
2022-10-21 16:20:00,0.0
2022-10-21 16:25:00,0.0
2022-10-21 16:30:00,0.0
2022-10-21 16:35:00,0.0
2022-10-21 16:40:00,0.0
2022-10-21 16:45:00,0.0
2022-10-21 16:50:00,0.0
2022-10-21 16:55:00,0.0
2022-10-21 17:00:00,0.0
2022-10-21 17:05:00,0.0
2022-10-21 17:10:00,0.0
2022-10-21 17:15:00,0.0
2022-10-21 17:20:00,0.0
2022-10-21 17:25:00,0.0
2022-10-21 17:30:00,0.0
2022-10-21 17:35:00,0.0
2022-10-21 17:40:00,0.0
2022-10-21 17:45:00,0.0
2022-10-21 17:50:00,0.0
2022-10-21 17:55:00,0.0
2022-10-21 18:00:00,0.0
2022-10-21 18:05:00,0.0
2022-10-21 18:10:00,0.0
2022-10-21 18:15:00,0.0
2022-10-21 18:20:00,0.0
2022-10-21 18:25:00,0.0
2022-10-21 18:30:00,0.0
2022-10-21 18:35:00,0.0
2022-10-21 18:40:00,0.0
2022-10-21 18:45:00,0.0
2022-10-21 18:50:00,0.0
2022-10-21 18:55:00,0.0
2022-10-21 19:00:00,0.0
2022-10-21 19:05:00,0.0
2022-10-21 19:10:00,0.0
2022-10-21 19:15:00,0.0
2022-10-21 19:20:00,0.0
2022-10-21 19:25:00,0.0
2022-10-21 19:30:00,0.0
2022-10-21 19:35:00,0.0
2022-10-21 19:40:00,0.0
2022-10-21 19:45:00,0.0
2022-10-21 19:50:00,0.0
2022-10-21 19:55:00,0.0
2022-10-21 20:00:00,0.0
2022-10-21 20:05:00,0.0
2022-10-21 20:10:00,0.0
2022-10-21 20:15:00,0.0
2022-10-21 20:20:00,0.0
2022-10-21 20:25:00,0.0
2022-10-21 20:30:00,0.0
2022-10-21 20:35:00,0.0
2022-10-21 20:40:00,0.0
2022-10-21 20:45:00,0.0
2022-10-21 20:50:00,0.0
2022-10-21 20:55:00,0.0
2022-10-21 21:00:00,0.0
2022-10-21 21:05:00,0.0
2022-10-21 21:10:00,0.0
2022-10-21 21:15:00,0.0
2022-10-21 21:20:00,0.0
2022-10-21 21:25:00,0.0
2022-10-21 21:30:00,0.0
2022-10-21 21:35:00,0.0
2022-10-21 21:40:00,0.0
2022-10-21 21:45:00,0.0
2022-10-21 21:50:00,0.0
2022-10-21 21:55:00,0.0
2022-10-21 22:00:00,0.0
2022-10-21 22:05:00,0.0
2022-10-21 22:10:00,0.0
2022-10-21 22:15:00,0.0
2022-10-21 22:20:00,0.0
2022-10-21 22:25:00,0.0
2022-10-21 22:30:00,0.0
2022-10-21 22:35:00,0.0
2022-10-21 22:40:00,0.0
2022-10-21 22:45:00,0.0
2022-10-21 22:50:00,0.0
2022-10-21 22:55:00,0.0
2022-10-21 23:00:00,0.0
2022-10-21 23:05:00,0.0
2022-10-21 23:10:00,0.0
2022-10-21 23:15:00,0.0
2022-10-21 23:20:00,0.0
2022-10-21 23:25:00,0.0
2022-10-21 23:30:00,0.0
2022-10-21 23:35:00,0.0
2022-10-21 23:40:00,0.0
2022-10-21 23:45:00,0.0
2022-10-21 23:50:00,0.0
2022-10-21 23:55:00,0.0
2022-10-22 00:00:00,0.0
2022-10-22 00:05:00,0.0
2022-10-22 00:10:00,0.0
2022-10-22 00:15:00,0.0
2022-10-22 00:20:00,0.0
2022-10-22 00:25:00,0.0
2022-10-22 00:30:00,0.0
2022-10-22 00:35:00,0.0
2022-10-22 00:40:00,0.0
2022-10-22 00:45:00,0.0
2022-10-22 00:50:00,0.0
2022-10-22 00:55:00,0.0
2022-10-22 01:00:00,0.0
2022-10-22 01:05:00,0.0
2022-10-22 01:10:00,0.0
2022-10-22 01:15:00,0.0
2022-10-22 01:20:00,0.0
2022-10-22 01:25:00,0.0
2022-10-22 01:30:00,0.0
2022-10-22 01:35:00,0.0
2022-10-22 01:40:00,0.0
2022-10-22 01:45:00,0.0
2022-10-22 01:50:00,0.0
2022-10-22 01:55:00,0.0
2022-10-22 02:00:00,0.0
2022-10-22 02:05:00,0.0
2022-10-22 02:10:00,0.0
2022-10-22 02:15:00,0.0
2022-10-22 02:20:00,0.0
2022-10-22 02:25:00,0.0
2022-10-22 02:30:00,0.0
2022-10-22 02:35:00,0.0
2022-10-22 02:40:00,0.0
2022-10-22 02:45:00,0.0
2022-10-22 02:50:00,0.0
2022-10-22 02:55:00,0.0
2022-10-22 03:00:00,0.0
2022-10-22 03:05:00,0.0
2022-10-22 03:10:00,0.0
2022-10-22 03:15:00,0.0
2022-10-22 03:20:00,0.0
2022-10-22 03:25:00,0.0
2022-10-22 03:30:00,0.0
2022-10-22 03:35:00,0.0
2022-10-22 03:40:00,0.0
2022-10-22 03:45:00,0.0
2022-10-22 03:50:00,0.0
2022-10-22 03:55:00,0.0
2022-10-22 04:00:00,0.0
2022-10-22 04:05:00,0.0
2022-10-22 04:10:00,0.0
2022-10-22 04:15:00,0.0
2022-10-22 04:20:00,0.0
2022-10-22 04:25:00,0.0
2022-10-22 04:30:00,0.0
2022-10-22 04:35:00,0.0
2022-10-22 04:40:00,0.0
2022-10-22 04:45:00,0.0
2022-10-22 04:50:00,0.0
2022-10-22 04:55:00,0.0
2022-10-22 05:00:00,0.0
2022-10-22 05:05:00,0.0
2022-10-22 05:10:00,0.0
2022-10-22 05:15:00,0.0
2022-10-22 05:20:00,0.0
2022-10-22 05:25:00,0.0
2022-10-22 05:30:00,0.0
2022-10-22 05:35:00,0.0
2022-10-22 05:40:00,0.0
2022-10-22 05:45:00,0.0
2022-10-22 05:50:00,0.0
2022-10-22 05:55:00,0.0
2022-10-22 06:00:00,0.0
2022-10-22 06:05:00,0.0
2022-10-22 06:10:00,0.0
2022-10-22 06:15:00,0.0
2022-10-22 06:20:00,0.0
2022-10-22 06:25:00,0.0
2022-10-22 06:30:00,0.0
2022-10-22 06:35:00,0.0
2022-10-22 06:40:00,0.0
2022-10-22 06:45:00,0.0
2022-10-22 06:50:00,0.0
2022-10-22 06:55:00,0.0
2022-10-22 07:00:00,0.0
2022-10-22 07:05:00,0.0
2022-10-22 07:10:00,0.0
2022-10-22 07:15:00,0.0
2022-10-22 07:20:00,0.0
2022-10-22 07:25:00,0.0
2022-10-22 07:30:00,0.0
2022-10-22 07:35:00,0.0
2022-10-22 07:40:00,0.0
2022-10-22 07:45:00,0.0
2022-10-22 07:50:00,0.0
2022-10-22 07:55:00,0.0
2022-10-22 08:00:00,0.0
2022-10-22 08:05:00,0.0
2022-10-22 08:10:00,0.0
2022-10-22 08:15:00,0.0
2022-10-22 08:20:00,0.0
2022-10-22 08:25:00,0.0
2022-10-22 08:30:00,0.0
2022-10-22 08:35:00,0.0
2022-10-22 08:40:00,0.0
2022-10-22 08:45:00,0.0
2022-10-22 08:50:00,0.0
2022-10-22 08:55:00,0.0
2022-10-22 09:00:00,0.0
2022-10-22 09:05:00,0.0
2022-10-22 09:10:00,0.0
2022-10-22 09:15:00,0.0
2022-10-22 09:20:00,0.0
2022-10-22 09:25:00,0.0
2022-10-22 09:45:00,0.0
2022-10-22 09:50:00,0.0
2022-10-22 09:55:00,0.0
2022-10-22 10:00:00,0.0
2022-10-22 10:05:00,0.0
2022-10-22 10:10:00,0.0
2022-10-22 10:15:00,0.0
2022-10-22 10:20:00,0.0
2022-10-22 10:25:00,0.0
2022-10-22 10:30:00,0.0
2022-10-22 10:35:00,0.0
2022-10-22 10:40:00,0.0
2022-10-22 10:45:00,0.0
2022-10-22 10:50:00,0.0
2022-10-22 10:55:00,0.0
2022-10-22 11:00:00,0.0
2022-10-22 11:05:00,0.0
2022-10-22 11:10:00,0.0
2022-10-22 11:15:00,0.0
2022-10-22 11:20:00,0.0
2022-10-22 11:25:00,0.0
2022-10-22 11:30:00,0.0
2022-10-22 11:35:00,0.0
2022-10-22 11:40:00,0.0
2022-10-22 11:45:00,0.0
2022-10-22 11:50:00,0.0
2022-10-22 11:55:00,0.0
2022-10-22 12:00:00,0.0
2022-10-22 12:05:00,0.0
2022-10-22 12:10:00,0.0
2022-10-22 12:15:00,0.0
2022-10-22 12:20:00,0.0
2022-10-22 12:25:00,0.0
2022-10-22 12:30:00,0.0
2022-10-22 12:35:00,0.0
2022-10-22 12:40:00,0.0
2022-10-22 12:45:00,0.0
2022-10-22 12:50:00,0.0
2022-10-22 12:55:00,0.0
2022-10-22 13:00:00,0.0
2022-10-22 13:05:00,0.0
2022-10-22 13:10:00,0.0
2022-10-22 13:15:00,0.0
2022-10-22 13:20:00,0.0
2022-10-22 13:25:00,0.0
2022-10-22 13:30:00,0.0
2022-10-22 13:35:00,0.0
2022-10-22 13:40:00,0.0
2022-10-22 13:45:00,0.0
2022-10-22 13:50:00,0.0
2022-10-22 13:55:00,0.0
2022-10-22 14:00:00,0.0
2022-10-22 14:05:00,0.0
2022-10-22 14:10:00,0.0
2022-10-22 14:15:00,0.0
2022-10-22 14:20:00,8111.8004105702985
2022-10-22 14:25:00,5990.38846973955
2022-10-22 14:30:00,4251.822953345973
2022-10-22 14:35:00,4229.194033743395
2022-10-22 14:40:00,3694.734309529812
2022-10-22 14:45:00,-866.1053244827954
2022-10-22 14:50:00,7048.553021465242
2022-10-22 14:55:00,3344.631296662857
2022-10-22 15:00:00,-994.2499684885365
2022-10-22 15:05:00,-883.7210668215608
2022-10-22 15:10:00,6295.840063628881
2022-10-22 15:15:00,-958.4704611427106
2022-10-22 15:20:00,2509.6519269611454
2022-10-22 15:25:00,4068.773761948614
2022-10-22 15:30:00,-943.0615244549479
2022-10-22 15:35:00,3737.175445662212
2022-10-22 15:40:00,1846.3161827987738
2022-10-22 15:45:00,-933.0725739616294
2022-10-22 15:50:00,2915.740576940856
2022-10-22 15:55:00,0.0
2022-10-22 16:00:00,-914.1302986014086
2022-10-22 16:05:00,6247.3190681900805
2022-10-22 16:10:00,0.0
2022-10-22 16:15:00,0.0
2022-10-22 16:20:00,0.0
2022-10-22 16:25:00,0.0
2022-10-22 16:30:00,0.0
2022-10-22 16:35:00,0.0
2022-10-22 16:40:00,0.0
2022-10-22 16:45:00,0.0
2022-10-22 16:50:00,0.0
2022-10-22 16:55:00,0.0
2022-10-22 17:00:00,0.0
2022-10-22 17:05:00,0.0
2022-10-22 17:10:00,0.0
2022-10-22 17:15:00,0.0
2022-10-22 17:20:00,0.0
2022-10-22 17:25:00,0.0
2022-10-22 17:30:00,0.0
2022-10-22 17:35:00,0.0
2022-10-22 17:40:00,0.0
2022-10-22 17:45:00,0.0
2022-10-22 17:50:00,0.0
2022-10-22 17:55:00,0.0
2022-10-22 18:00:00,0.0
2022-10-22 18:05:00,0.0
2022-10-22 18:10:00,0.0
2022-10-22 18:15:00,0.0
2022-10-22 18:20:00,0.0
2022-10-22 18:25:00,0.0
2022-10-22 18:30:00,0.0
2022-10-22 18:35:00,0.0
2022-10-22 18:40:00,0.0
2022-10-22 18:45:00,0.0
2022-10-22 18:50:00,0.0
2022-10-22 18:55:00,0.0
2022-10-22 19:00:00,0.0
2022-10-22 19:05:00,0.0
2022-10-22 19:10:00,0.0
2022-10-22 19:15:00,0.0
2022-10-22 19:20:00,0.0
2022-10-22 19:25:00,0.0
2022-10-22 19:30:00,0.0
2022-10-22 19:35:00,0.0
2022-10-22 19:40:00,0.0
2022-10-22 19:45:00,0.0
2022-10-22 19:50:00,0.0
2022-10-22 19:55:00,0.0
2022-10-22 20:00:00,0.0
2022-10-22 20:05:00,0.0
2022-10-22 20:10:00,0.0
2022-10-22 20:15:00,0.0
2022-10-22 20:20:00,0.0
2022-10-22 20:25:00,0.0
2022-10-22 20:30:00,0.0
2022-10-22 20:35:00,0.0
2022-10-22 20:40:00,0.0
2022-10-22 20:45:00,0.0
2022-10-22 20:50:00,0.0
2022-10-22 20:55:00,0.0
2022-10-22 21:00:00,0.0
2022-10-22 21:05:00,0.0
2022-10-22 21:10:00,0.0
2022-10-22 21:15:00,0.0
2022-10-22 21:20:00,0.0
2022-10-22 21:25:00,0.0
2022-10-22 21:30:00,0.0
2022-10-22 21:35:00,0.0
2022-10-22 21:40:00,0.0
2022-10-22 21:45:00,0.0
2022-10-22 21:50:00,0.0
2022-10-22 21:55:00,0.0
2022-10-22 22:00:00,0.0
2022-10-22 22:05:00,0.0
2022-10-22 22:10:00,0.0
2022-10-22 22:15:00,0.0
2022-10-22 22:20:00,0.0
2022-10-22 22:25:00,0.0
2022-10-22 22:30:00,0.0
2022-10-22 22:35:00,0.0
2022-10-22 22:40:00,0.0
2022-10-22 22:45:00,0.0
2022-10-22 22:50:00,0.0
2022-10-22 22:55:00,0.0
2022-10-22 23:00:00,0.0
2022-10-22 23:05:00,0.0
2022-10-22 23:10:00,0.0
2022-10-22 23:15:00,0.0
2022-10-22 23:20:00,0.0
2022-10-22 23:25:00,0.0
2022-10-22 23:30:00,0.0
2022-10-22 23:35:00,0.0
2022-10-22 23:40:00,0.0
2022-10-22 23:45:00,0.0
2022-10-22 23:50:00,0.0
2022-10-22 23:55:00,0.0
2022-10-23 00:00:00,0.0
2022-10-23 00:05:00,0.0
2022-10-23 00:10:00,0.0
2022-10-23 00:15:00,0.0
2022-10-23 00:20:00,0.0
2022-10-23 00:25:00,0.0
2022-10-23 00:30:00,0.0
2022-10-23 00:35:00,0.0
2022-10-23 00:40:00,0.0
2022-10-23 00:45:00,0.0
2022-10-23 00:50:00,0.0
2022-10-23 00:55:00,0.0
2022-10-23 01:00:00,0.0
2022-10-23 01:05:00,0.0
2022-10-23 01:10:00,0.0
2022-10-23 01:15:00,0.0
2022-10-23 01:20:00,0.0
2022-10-23 01:25:00,0.0
2022-10-23 01:30:00,0.0
2022-10-23 01:35:00,0.0
2022-10-23 01:40:00,0.0
2022-10-23 01:45:00,0.0
2022-10-23 01:50:00,0.0
2022-10-23 01:55:00,0.0
2022-10-23 02:00:00,0.0
2022-10-23 02:05:00,0.0
2022-10-23 02:10:00,0.0
2022-10-23 02:15:00,0.0
2022-10-23 02:20:00,0.0
2022-10-23 02:25:00,0.0
2022-10-23 02:30:00,0.0
2022-10-23 02:35:00,0.0
2022-10-23 02:40:00,0.0
2022-10-23 02:45:00,0.0
2022-10-23 02:50:00,0.0
2022-10-23 02:55:00,0.0
2022-10-23 03:00:00,0.0
2022-10-23 03:05:00,0.0
2022-10-23 03:10:00,0.0
2022-10-23 03:15:00,0.0
2022-10-23 03:20:00,0.0
2022-10-23 03:25:00,0.0
2022-10-23 03:30:00,0.0
2022-10-23 03:35:00,0.0
2022-10-23 03:40:00,0.0
2022-10-23 03:45:00,0.0
2022-10-23 03:50:00,0.0
2022-10-23 03:55:00,0.0
2022-10-23 04:00:00,0.0
2022-10-23 04:05:00,0.0
2022-10-23 04:10:00,0.0
2022-10-23 04:15:00,0.0
2022-10-23 04:20:00,0.0
2022-10-23 04:25:00,0.0
2022-10-23 04:30:00,0.0
2022-10-23 04:35:00,0.0
2022-10-23 04:40:00,0.0
2022-10-23 04:45:00,0.0
2022-10-23 04:50:00,0.0
2022-10-23 04:55:00,0.0
2022-10-23 05:00:00,0.0
2022-10-23 05:05:00,0.0
2022-10-23 05:10:00,0.0
2022-10-23 05:15:00,0.0
2022-10-23 05:20:00,0.0
2022-10-23 05:25:00,0.0
2022-10-23 05:30:00,0.0
2022-10-23 05:35:00,0.0
2022-10-23 05:40:00,0.0
2022-10-23 05:45:00,0.0
2022-10-23 05:50:00,0.0
2022-10-23 05:55:00,0.0
2022-10-23 06:00:00,0.0
2022-10-23 06:05:00,0.0
2022-10-23 06:10:00,0.0
2022-10-23 06:15:00,0.0
2022-10-23 06:20:00,0.0
2022-10-23 06:25:00,0.0
2022-10-23 06:30:00,0.0
2022-10-23 06:35:00,0.0
2022-10-23 06:40:00,0.0
2022-10-23 06:45:00,0.0
2022-10-23 06:50:00,0.0
2022-10-23 06:55:00,0.0
2022-10-23 07:00:00,0.0
2022-10-23 07:05:00,0.0
2022-10-23 07:10:00,0.0
2022-10-23 07:15:00,0.0
2022-10-23 07:20:00,0.0
2022-10-23 07:25:00,0.0
2022-10-23 07:30:00,0.0
2022-10-23 07:35:00,0.0
2022-10-23 07:40:00,0.0
2022-10-23 07:45:00,0.0
2022-10-23 07:50:00,0.0
2022-10-23 07:55:00,0.0
2022-10-23 08:00:00,0.0
2022-10-23 08:05:00,0.0
2022-10-23 08:10:00,0.0
2022-10-23 08:15:00,0.0
2022-10-23 08:20:00,0.0
2022-10-23 08:25:00,0.0
2022-10-23 08:30:00,0.0
2022-10-23 11:35:00,
2022-10-23 11:40:00,6854.498819379458
2022-10-23 11:45:00,3852.9267127903463
2022-10-23 11:50:00,3801.6375575917173
2022-10-23 11:55:00,5909.0565427995725
2022-10-23 12:00:00,6776.142401741837
2022-10-23 12:05:00,6438.162455421352
2022-10-23 12:10:00,5410.150450560032
2022-10-23 12:15:00,1438.3835435362741
2022-10-23 12:20:00,-843.6162707217571
2022-10-23 12:25:00,-888.945306051356
2022-10-23 12:30:00,-916.6396386975204
2022-10-23 12:35:00,-919.8138760529102
2022-10-23 12:40:00,-912.385632484828
2022-10-23 12:45:00,-895.2827941017044
2022-10-23 12:50:00,4653.094415232029
2022-10-23 12:55:00,-904.4219516992277
2022-10-23 13:00:00,1137.030064177887
2022-10-23 13:05:00,-886.1649949078251
2022-10-23 13:10:00,-944.4786803107011
2022-10-23 13:15:00,2248.313169036563
2022-10-23 13:20:00,-983.1867544463416
2022-10-23 13:25:00,-969.1398589658542
2022-10-23 13:30:00,-1052.6116521930162
2022-10-23 13:35:00,-970.3552786248101
2022-10-23 13:40:00,5215.174210489957
2022-10-23 13:45:00,-991.3368226477064
2022-10-23 13:50:00,2214.4662119610016
2022-10-23 13:55:00,-987.582902764959
2022-10-23 14:00:00,-1022.6568995936001
2022-10-23 14:05:00,-984.8632078241105
2022-10-23 14:10:00,-976.5143908362754
2022-10-23 14:15:00,0.0
2022-10-23 14:20:00,0.0
2022-10-23 14:25:00,0.0
2022-10-23 14:30:00,0.0
2022-10-23 14:35:00,0.0
2022-10-23 14:40:00,0.0
2022-10-23 14:45:00,0.0
2022-10-23 18:00:00,0.0
2022-10-23 18:05:00,0.0
2022-10-23 18:10:00,0.0
2022-10-23 18:15:00,0.0
2022-10-23 18:20:00,0.0
2022-10-23 18:25:00,0.0
2022-10-23 18:30:00,0.0
2022-10-23 18:35:00,0.0
2022-10-23 18:40:00,0.0
2022-10-23 18:45:00,0.0
2022-10-23 18:50:00,0.0
2022-10-23 18:55:00,0.0
2022-10-23 19:00:00,0.0
2022-10-23 19:05:00,0.0
2022-10-23 19:10:00,0.0
2022-10-23 19:15:00,0.0
2022-10-23 19:20:00,0.0
2022-10-23 19:25:00,0.0
2022-10-23 19:30:00,0.0
2022-10-23 19:35:00,0.0
2022-10-23 19:40:00,0.0
2022-10-23 19:45:00,0.0
2022-10-23 19:50:00,0.0
2022-10-23 19:55:00,0.0
2022-10-23 20:00:00,0.0
2022-10-23 20:05:00,0.0
2022-10-23 20:10:00,0.0
2022-10-23 20:15:00,0.0
2022-10-23 20:20:00,0.0
2022-10-23 20:25:00,0.0
2022-10-23 20:30:00,0.0
2022-10-23 20:35:00,0.0
2022-10-23 20:40:00,0.0
2022-10-23 20:45:00,0.0
2022-10-23 20:50:00,0.0
2022-10-23 20:55:00,0.0
2022-10-23 21:00:00,0.0
2022-10-23 21:05:00,0.0
2022-10-23 21:10:00,0.0
2022-10-23 21:15:00,0.0
2022-10-23 21:20:00,0.0
2022-10-23 21:25:00,0.0
2022-10-23 21:30:00,0.0
2022-10-23 21:35:00,0.0
2022-10-23 21:40:00,0.0
2022-10-23 21:45:00,0.0
2022-10-23 21:50:00,0.0
2022-10-23 21:55:00,0.0
2022-10-23 22:00:00,0.0
2022-10-23 22:05:00,0.0
2022-10-23 22:10:00,0.0
2022-10-23 22:15:00,0.0
2022-10-23 22:20:00,0.0
2022-10-23 22:25:00,0.0
2022-10-23 22:30:00,0.0
2022-10-23 22:35:00,0.0
2022-10-23 22:40:00,0.0
2022-10-23 22:45:00,0.0
2022-10-23 22:50:00,0.0
2022-10-23 22:55:00,0.0
2022-10-23 23:00:00,0.0
2022-10-23 23:05:00,0.0
2022-10-23 23:10:00,0.0
2022-10-23 23:15:00,0.0
2022-10-23 23:20:00,0.0
2022-10-23 23:25:00,0.0
2022-10-23 23:30:00,0.0
2022-10-23 23:35:00,0.0
2022-10-23 23:40:00,0.0
2022-10-23 23:45:00,0.0
2022-10-23 23:50:00,0.0
2022-10-23 23:55:00,0.0
2022-10-24 00:00:00,0.0
2022-10-24 00:05:00,0.0
2022-10-24 00:10:00,0.0
2022-10-24 00:15:00,0.0
2022-10-24 00:20:00,0.0
2022-10-24 00:25:00,0.0
2022-10-24 00:30:00,0.0
2022-10-24 00:35:00,0.0
2022-10-24 00:40:00,0.0
2022-10-24 00:45:00,0.0
2022-10-24 00:50:00,0.0
2022-10-24 00:55:00,0.0
2022-10-24 01:00:00,0.0
2022-10-24 01:05:00,0.0
2022-10-24 01:10:00,0.0
2022-10-24 01:15:00,0.0
2022-10-24 01:20:00,0.0
2022-10-24 01:25:00,0.0
2022-10-24 01:30:00,0.0
2022-10-24 01:35:00,0.0
2022-10-24 01:40:00,0.0
2022-10-24 01:45:00,0.0
2022-10-24 01:50:00,0.0
2022-10-24 01:55:00,0.0
2022-10-24 02:00:00,0.0
2022-10-24 02:05:00,0.0
2022-10-24 02:10:00,0.0
2022-10-24 02:15:00,0.0
2022-10-24 02:20:00,0.0
2022-10-24 02:25:00,0.0
2022-10-24 02:30:00,0.0
2022-10-24 02:35:00,0.0
2022-10-24 02:40:00,0.0
2022-10-24 02:45:00,0.0
2022-10-24 02:50:00,0.0
2022-10-24 02:55:00,0.0
2022-10-24 03:00:00,0.0
2022-10-24 03:05:00,0.0
2022-10-24 03:10:00,0.0
2022-10-24 03:15:00,0.0
2022-10-24 03:20:00,0.0
2022-10-24 03:25:00,0.0
2022-10-24 03:30:00,0.0
2022-10-24 03:35:00,0.0
2022-10-24 03:40:00,0.0
2022-10-24 03:45:00,0.0
2022-10-24 03:50:00,0.0
2022-10-24 03:55:00,0.0
2022-10-24 04:00:00,0.0
2022-10-24 04:05:00,0.0
2022-10-24 04:10:00,0.0
2022-10-24 04:15:00,0.0
2022-10-24 04:20:00,0.0
2022-10-24 04:25:00,0.0
2022-10-24 04:30:00,0.0
2022-10-24 04:35:00,0.0
2022-10-24 04:40:00,0.0
2022-10-24 04:45:00,0.0
2022-10-24 04:50:00,0.0
2022-10-24 04:55:00,0.0
2022-10-24 05:00:00,0.0
2022-10-24 05:05:00,0.0
2022-10-24 05:10:00,0.0
2022-10-24 05:15:00,0.0
2022-10-24 05:20:00,0.0
2022-10-24 05:25:00,0.0
2022-10-24 05:30:00,0.0
2022-10-24 05:35:00,0.0
2022-10-24 05:40:00,0.0
2022-10-24 05:45:00,0.0
2022-10-24 05:50:00,0.0
2022-10-24 05:55:00,0.0
2022-10-24 06:00:00,0.0
2022-10-24 06:05:00,0.0
2022-10-24 06:10:00,0.0
2022-10-24 06:15:00,0.0
2022-10-24 06:20:00,0.0
2022-10-24 06:25:00,0.0
2022-10-24 06:30:00,0.0
2022-10-24 06:35:00,0.0
2022-10-24 06:40:00,0.0
2022-10-24 06:45:00,0.0
2022-10-24 06:50:00,0.0
2022-10-24 06:55:00,0.0
2022-10-24 07:00:00,0.0
2022-10-24 07:05:00,0.0
2022-10-24 07:10:00,0.0
2022-10-24 07:15:00,0.0
2022-10-24 07:20:00,0.0
2022-10-24 07:25:00,0.0
2022-10-24 07:30:00,0.0
2022-10-24 07:35:00,0.0
2022-10-24 07:40:00,
2022-10-24 07:45:00,19659.69981986815
2022-10-24 07:50:00,12335.471560924081
2022-10-24 07:55:00,-654.3792142423487
2022-11-22 08:00:00,0.0
2022-11-22 08:05:00,0.0
2022-11-22 08:10:00,0.0
2022-11-22 08:15:00,0.0
2022-11-22 08:20:00,0.0
2022-11-22 08:25:00,0.0
2022-11-22 08:30:00,0.0
2022-11-22 08:35:00,0.0
2022-11-22 08:40:00,0.0
2022-11-22 08:45:00,0.0
2022-11-22 08:50:00,0.0
2022-11-22 08:55:00,0.0
2022-11-22 09:00:00,0.0
2022-11-22 09:05:00,0.0
2022-11-22 09:10:00,0.0
2022-11-22 09:15:00,0.0
2022-11-22 09:20:00,0.0
2022-11-22 09:25:00,0.0
2022-11-22 09:30:00,0.0
2022-11-22 09:35:00,0.0
2022-11-22 09:40:00,0.0
2022-11-22 09:45:00,0.0
2022-11-22 09:50:00,0.0
2022-11-22 09:55:00,0.0
2022-11-22 10:00:00,0.0
2022-11-22 10:05:00,0.0
2022-11-22 10:10:00,0.0
2022-11-22 10:15:00,0.0
2022-11-22 10:20:00,0.0
2022-11-22 10:25:00,0.0
2022-11-22 10:30:00,0.0
2022-11-22 10:35:00,0.0
2022-11-22 10:40:00,0.0
2022-11-22 10:45:00,0.0
2022-11-22 10:50:00,0.0
2022-11-22 10:55:00,0.0
2022-11-22 11:00:00,0.0
2022-11-22 11:05:00,0.0
2022-11-22 11:10:00,0.0
2022-11-22 11:15:00,0.0
2022-11-22 11:20:00,0.0
2022-11-22 11:25:00,0.0
2022-11-22 11:30:00,0.0
2022-11-22 11:35:00,0.0
2022-11-22 11:40:00,0.0
2022-11-22 11:45:00,0.0
2022-11-22 11:50:00,0.0
2022-11-22 11:55:00,0.0
2022-11-22 12:00:00,0.0
2022-11-22 12:05:00,0.0
2022-11-22 12:10:00,0.0
2022-11-22 12:15:00,0.0
2022-11-22 12:20:00,0.0
2022-11-22 12:25:00,0.0
2022-11-22 12:30:00,0.0
2022-11-22 12:35:00,0.0
2022-11-22 12:40:00,0.0
2022-11-22 12:45:00,0.0
2022-11-22 12:50:00,0.0
2022-11-22 12:55:00,0.0
2022-11-22 13:00:00,0.0
2022-11-22 13:05:00,0.0
2022-11-22 13:10:00,0.0
2022-11-22 13:15:00,0.0
2022-11-22 13:20:00,0.0
2022-11-22 13:25:00,0.0
2022-11-22 13:30:00,0.0
2022-11-22 13:35:00,0.0
2022-11-22 13:40:00,0.0
2022-11-22 13:45:00,0.0
2022-11-22 13:50:00,0.0
2022-11-22 13:55:00,0.0
2022-11-22 14:00:00,0.0
2022-11-22 14:05:00,0.0
2022-11-22 14:10:00,0.0
2022-11-22 14:15:00,0.0
2022-11-22 14:20:00,0.0
2022-11-22 14:25:00,0.0
2022-11-22 14:30:00,0.0
2022-11-22 14:35:00,0.0
2022-11-22 14:40:00,0.0
2022-11-22 14:45:00,0.0
2022-11-22 14:50:00,0.0
2022-11-22 14:55:00,0.0
2022-11-22 15:00:00,0.0
2022-11-22 15:05:00,0.0
2022-11-22 15:10:00,0.0
2022-11-22 15:15:00,0.0
2022-11-22 15:20:00,0.0
2022-11-22 15:25:00,0.0
2022-11-22 15:30:00,0.0
2022-11-22 15:35:00,0.0
2022-11-22 15:40:00,0.0
2022-11-22 15:45:00,0.0
2022-11-22 15:50:00,0.0
2022-11-22 15:55:00,0.0
2022-11-22 16:00:00,0.0
2022-11-22 16:05:00,0.0
2022-11-22 16:10:00,0.0
2022-11-22 16:15:00,0.0
2022-11-22 16:20:00,0.0
2022-11-22 16:25:00,0.0
2022-11-22 16:30:00,0.0
2022-11-22 16:35:00,0.0
2022-11-22 16:40:00,0.0
2022-11-22 16:45:00,0.0
2022-11-22 16:50:00,0.0
2022-11-22 16:55:00,0.0
2022-11-22 17:00:00,0.0
2022-11-22 17:05:00,0.0
2022-11-22 17:10:00,0.0
2022-11-22 17:15:00,0.0
2022-11-22 17:20:00,0.0
2022-11-22 17:25:00,0.0
2022-11-22 17:30:00,0.0
2022-11-22 17:35:00,0.0
2022-11-22 17:40:00,0.0
2022-11-22 17:45:00,0.0
2022-11-22 17:50:00,0.0
2022-11-22 17:55:00,0.0
2022-11-22 18:00:00,0.0
2022-11-22 18:05:00,0.0
2022-11-22 18:10:00,0.0
2022-11-22 18:15:00,0.0
2022-11-22 18:20:00,0.0
2022-11-22 18:25:00,0.0
2022-11-22 18:30:00,0.0
2022-11-22 18:35:00,0.0
2022-11-22 18:40:00,0.0
2022-11-22 18:45:00,0.0
2022-11-22 18:50:00,0.0
2022-11-22 18:55:00,0.0
2022-11-22 19:00:00,0.0
2022-11-22 19:05:00,0.0
2022-11-22 19:10:00,0.0
2022-11-22 19:15:00,0.0
2022-11-22 19:20:00,0.0
2022-11-22 19:25:00,0.0
2022-11-22 19:30:00,0.0
2022-11-22 19:35:00,0.0
2022-11-22 19:40:00,0.0
2022-11-22 19:45:00,0.0
2022-11-22 19:50:00,0.0
2022-11-22 19:55:00,0.0
2022-11-22 20:00:00,0.0
2022-11-22 20:05:00,0.0
2022-11-22 20:10:00,0.0
2022-11-22 20:15:00,0.0
2022-11-22 20:20:00,0.0
2022-11-22 20:25:00,0.0
2022-11-22 20:30:00,0.0
2022-11-22 20:35:00,0.0
2022-11-22 20:40:00,0.0
2022-11-22 20:45:00,0.0
2022-11-22 20:50:00,0.0
2022-11-22 20:55:00,0.0
2022-11-22 21:00:00,0.0
2022-11-22 21:05:00,0.0
2022-11-22 21:10:00,0.0
2022-11-22 21:15:00,0.0
2022-11-22 21:20:00,0.0
2022-11-22 21:25:00,0.0
2022-11-22 21:30:00,0.0
2022-11-22 21:35:00,0.0
2022-11-22 21:40:00,0.0
2022-11-22 21:45:00,0.0
2022-11-22 21:50:00,0.0
2022-11-22 21:55:00,0.0
2022-11-22 22:00:00,0.0
2022-11-22 22:05:00,0.0
2022-11-22 22:10:00,0.0
2022-11-22 22:15:00,0.0
2022-11-22 22:20:00,0.0
2022-11-22 22:25:00,0.0
2022-11-22 22:30:00,0.0
2022-11-22 22:35:00,0.0
2022-11-22 22:40:00,0.0
2022-11-22 22:45:00,0.0
2022-11-22 22:50:00,0.0
2022-11-22 22:55:00,0.0
2022-11-22 23:00:00,0.0
2022-11-22 23:05:00,0.0
2022-11-22 23:10:00,0.0
2022-11-22 23:15:00,0.0
2022-11-22 23:20:00,0.0
2022-11-22 23:25:00,0.0
2022-11-22 23:30:00,0.0
2022-11-22 23:35:00,0.0
2022-11-22 23:40:00,0.0
2022-11-22 23:45:00,0.0
2022-11-22 23:50:00,0.0
2022-11-22 23:55:00,0.0
2022-11-23 00:00:00,0.0
2022-11-23 00:05:00,0.0
2022-11-23 00:10:00,0.0
2022-11-23 00:15:00,0.0
2022-11-23 00:20:00,0.0
2022-11-23 00:25:00,0.0
2022-11-23 00:30:00,0.0
2022-11-23 00:35:00,0.0
2022-11-23 00:40:00,0.0
2022-11-23 00:45:00,0.0
2022-11-23 00:50:00,0.0
2022-11-23 00:55:00,0.0
2022-11-23 01:00:00,0.0
2022-11-23 01:05:00,0.0
2022-11-23 01:10:00,0.0
2022-11-23 01:15:00,0.0
2022-11-23 01:20:00,0.0
2022-11-23 01:25:00,0.0
2022-11-23 01:30:00,0.0
2022-11-23 01:35:00,0.0
2022-11-23 01:40:00,0.0
2022-11-23 01:45:00,0.0
2022-11-23 01:50:00,0.0
2022-11-23 01:55:00,0.0
2022-11-23 02:00:00,0.0
2022-11-23 02:05:00,0.0
2022-11-23 02:10:00,0.0
2022-11-23 02:15:00,0.0
2022-11-23 02:20:00,0.0
2022-11-23 02:25:00,0.0
2022-11-23 02:30:00,0.0
2022-11-23 02:35:00,0.0
2022-11-23 02:40:00,0.0
2022-11-23 02:45:00,0.0
2022-11-23 02:50:00,0.0
2022-11-23 02:55:00,0.0
2022-11-23 03:00:00,0.0
2022-11-23 03:05:00,0.0
2022-11-23 03:10:00,0.0
2022-11-23 03:15:00,0.0
2022-11-23 03:20:00,0.0
2022-11-23 03:25:00,0.0
2022-11-23 03:30:00,0.0
2022-11-23 03:35:00,0.0
2022-11-23 03:40:00,0.0
2022-11-23 03:45:00,0.0
2022-11-23 03:50:00,0.0
2022-11-23 03:55:00,0.0
2022-11-23 04:00:00,0.0
2022-11-23 04:05:00,0.0
2022-11-23 04:10:00,0.0
2022-11-23 04:15:00,0.0
2022-11-23 04:20:00,0.0
2022-11-23 04:25:00,0.0
2022-11-23 04:30:00,0.0
2022-11-23 04:35:00,0.0
2022-11-23 04:40:00,0.0
2022-11-23 04:45:00,0.0
2022-11-23 04:50:00,0.0
2022-11-23 04:55:00,0.0
2022-11-23 05:00:00,0.0
2022-11-23 05:05:00,0.0
2022-11-23 05:10:00,0.0
2022-11-23 05:15:00,0.0
2022-11-23 05:20:00,0.0
2022-11-23 05:25:00,0.0
2022-11-23 05:30:00,0.0
2022-11-23 05:35:00,0.0
2022-11-23 05:40:00,0.0
2022-11-23 05:45:00,0.0
2022-11-23 05:50:00,0.0
2022-11-23 05:55:00,0.0
2022-11-23 06:00:00,0.0
2022-11-23 06:05:00,0.0
2022-11-23 06:10:00,0.0
2022-11-23 06:15:00,0.0
2022-11-23 06:20:00,0.0
2022-11-23 06:25:00,0.0
2022-11-23 06:30:00,0.0
2022-11-23 06:35:00,0.0
2022-11-23 06:40:00,0.0
2022-11-23 06:45:00,0.0
2022-11-23 06:50:00,0.0
2022-11-23 06:55:00,0.0
2022-11-23 07:00:00,0.0
2022-11-23 07:05:00,0.0
2022-11-23 07:10:00,0.0
2022-11-23 07:15:00,0.0
2022-11-23 07:20:00,0.0
2022-11-23 07:25:00,0.0
2022-11-23 07:30:00,0.0
2022-11-23 07:35:00,0.0
2022-11-23 07:40:00,0.0
2022-11-23 07:45:00,0.0
2022-11-23 07:50:00,0.0
2022-11-23 07:55:00,0.0
2022-11-23 08:00:00,0.0
2022-11-23 08:05:00,0.0
2022-11-23 08:10:00,0.0
2022-11-23 08:15:00,0.0
2022-11-23 08:20:00,0.0
2022-11-23 08:25:00,0.0
2022-11-23 08:30:00,0.0
2022-11-23 08:35:00,0.0
2022-11-23 08:40:00,0.0
2022-11-23 08:45:00,0.0
2022-11-23 08:50:00,0.0
2022-11-23 08:55:00,0.0
2022-11-23 09:00:00,0.0
2022-11-23 09:05:00,0.0
2022-11-23 09:10:00,0.0
2022-11-23 09:15:00,0.0
2022-11-23 09:20:00,0.0
2022-11-23 09:25:00,0.0
2022-11-23 09:30:00,0.0
2022-11-23 09:35:00,0.0
2022-11-23 09:40:00,0.0
2022-11-23 09:45:00,0.0
2022-11-23 09:50:00,0.0
2022-11-23 09:55:00,0.0
2022-11-23 10:00:00,0.0
2022-11-23 10:05:00,0.0
2022-11-23 10:10:00,0.0
2022-11-23 10:15:00,0.0
2022-11-23 10:20:00,0.0
2022-11-23 10:25:00,0.0
2022-11-23 10:30:00,0.0
2022-11-23 10:35:00,0.0
2022-11-23 10:40:00,0.0
2022-11-23 10:45:00,0.0
2022-11-23 10:50:00,0.0
2022-11-23 10:55:00,0.0
2022-11-23 11:00:00,0.0
2022-11-23 11:05:00,0.0
2022-11-23 11:10:00,0.0
2022-11-23 11:15:00,0.0
2022-11-23 11:20:00,0.0
2022-11-23 11:25:00,0.0
2022-11-23 11:30:00,0.0
2022-11-23 11:35:00,0.0
2022-11-23 11:40:00,0.0
2022-11-23 11:45:00,0.0
2022-11-23 11:50:00,0.0
2022-11-23 11:55:00,0.0
2022-11-23 12:00:00,0.0
2022-11-23 12:05:00,0.0
2022-11-23 12:10:00,0.0
2022-11-23 12:15:00,0.0
2022-11-23 12:20:00,0.0
2022-11-23 12:25:00,0.0
2022-11-23 12:30:00,0.0
2022-11-23 12:35:00,0.0
2022-11-23 12:40:00,0.0
2022-11-23 12:45:00,0.0
2022-11-23 12:50:00,0.0
2022-11-23 12:55:00,0.0
2022-11-23 13:00:00,0.0
2022-11-23 13:05:00,0.0
2022-11-23 13:10:00,0.0
2022-11-23 13:15:00,0.0
2022-11-23 13:20:00,0.0
2022-11-23 13:25:00,0.0
2022-11-23 13:30:00,0.0
2022-11-23 13:35:00,0.0
2022-11-23 13:40:00,0.0
2022-11-23 13:45:00,0.0
2022-11-23 13:50:00,0.0
2022-11-23 13:55:00,0.0
2022-11-23 14:00:00,0.0
2022-11-23 14:05:00,0.0
2022-11-23 14:10:00,0.0
2022-11-23 14:15:00,0.0
2022-11-23 14:20:00,0.0
2022-11-23 14:25:00,0.0
2022-11-23 14:30:00,0.0
2022-11-23 14:35:00,0.0
2022-11-23 14:40:00,0.0
2022-11-23 14:45:00,0.0
2022-11-23 14:50:00,0.0
2022-11-23 14:55:00,0.0
2022-11-23 15:00:00,0.0
2022-11-23 15:05:00,0.0
2022-11-23 15:10:00,0.0
2022-11-23 15:15:00,0.0
2022-11-23 15:20:00,0.0
2022-11-23 15:25:00,0.0
2022-11-23 15:30:00,0.0
2022-11-23 15:35:00,0.0
2022-11-23 15:40:00,0.0
2022-11-23 15:45:00,0.0
2022-11-23 15:50:00,0.0
2022-11-23 15:55:00,0.0
2022-11-23 16:00:00,0.0
2022-11-23 16:05:00,0.0
2022-11-23 16:10:00,0.0
2022-11-23 16:15:00,0.0
2022-11-23 16:20:00,0.0
2022-11-23 16:25:00,0.0
2022-11-23 16:30:00,0.0
2022-11-23 16:35:00,0.0
2022-11-23 16:40:00,0.0
2022-11-23 16:45:00,0.0
2022-11-23 16:50:00,0.0
2022-11-23 16:55:00,0.0
2022-11-23 17:00:00,0.0
2022-11-23 17:05:00,0.0
2022-11-23 17:10:00,0.0
2022-11-23 17:15:00,0.0
2022-11-23 17:20:00,0.0
2022-11-23 17:25:00,0.0
2022-11-23 17:30:00,0.0
2022-11-23 17:35:00,0.0
2022-11-23 17:40:00,0.0
2022-11-23 17:45:00,0.0
2022-11-23 17:50:00,0.0
2022-11-23 17:55:00,0.0
2022-11-23 18:00:00,0.0
2022-11-23 18:05:00,0.0
2022-11-23 18:10:00,0.0
2022-11-23 18:15:00,0.0
2022-11-23 18:20:00,0.0
2022-11-23 18:25:00,0.0
2022-11-23 18:30:00,0.0
2022-11-23 18:35:00,0.0
2022-11-23 18:40:00,0.0
2022-11-23 18:45:00,0.0
2022-11-23 18:50:00,0.0
2022-11-23 18:55:00,0.0
2022-11-23 19:00:00,0.0
2022-11-23 19:05:00,0.0
2022-11-23 19:10:00,0.0
2022-11-23 19:15:00,0.0
2022-11-23 19:20:00,0.0
2022-11-23 19:25:00,0.0
2022-11-23 19:30:00,0.0
2022-11-23 19:35:00,0.0
2022-11-23 19:40:00,0.0
2022-11-23 19:45:00,0.0
2022-11-23 19:50:00,0.0
2022-11-23 19:55:00,0.0
2022-11-23 20:00:00,0.0
2022-11-23 20:05:00,0.0
2022-11-23 20:10:00,0.0
2022-11-23 20:15:00,0.0
2022-11-23 20:20:00,0.0
2022-11-23 20:25:00,0.0
2022-11-23 20:30:00,0.0
2022-11-23 20:35:00,0.0
2022-11-23 20:40:00,0.0
2022-11-23 20:45:00,0.0
2022-11-23 20:50:00,0.0
2022-11-23 20:55:00,0.0
2022-11-23 21:00:00,0.0
2022-11-23 21:05:00,0.0
2022-11-23 21:10:00,0.0
2022-11-23 21:15:00,0.0
2022-11-23 21:20:00,0.0
2022-11-23 21:25:00,0.0
2022-11-23 21:30:00,0.0
2022-11-23 21:35:00,0.0
2022-11-23 21:40:00,0.0
2022-11-23 21:45:00,0.0
2022-11-23 21:50:00,0.0
2022-11-23 21:55:00,0.0
2022-11-23 22:00:00,0.0
2022-11-23 22:05:00,0.0
2022-11-23 22:10:00,0.0
2022-11-23 22:15:00,0.0
2022-11-23 22:20:00,0.0
2022-11-23 22:25:00,0.0
2022-11-23 22:30:00,0.0
2022-11-23 22:35:00,0.0
2022-11-23 22:40:00,0.0
2022-11-23 22:45:00,0.0
2022-11-23 22:50:00,0.0
2022-11-23 22:55:00,0.0
2022-11-23 23:00:00,0.0
2022-11-23 23:05:00,0.0
2022-11-23 23:10:00,0.0
2022-11-23 23:15:00,0.0
2022-11-23 23:20:00,0.0
2022-11-23 23:25:00,0.0
2022-11-23 23:30:00,0.0
2022-11-23 23:35:00,0.0
2022-11-23 23:40:00,0.0
2022-11-23 23:45:00,0.0
2022-11-23 23:50:00,0.0
2022-11-23 23:55:00,0.0
2022-11-24 00:00:00,0.0
2022-11-24 00:05:00,0.0
2022-11-24 00:10:00,0.0
2022-11-24 00:15:00,0.0
2022-11-24 00:20:00,0.0
2022-11-24 00:25:00,0.0
2022-11-24 00:30:00,0.0
2022-11-24 00:35:00,0.0
2022-11-24 00:40:00,0.0
2022-11-24 00:45:00,0.0
2022-11-24 00:50:00,0.0
2022-11-24 00:55:00,0.0
2022-11-24 01:00:00,0.0
2022-11-24 01:05:00,0.0
2022-11-24 01:10:00,0.0
2022-11-24 01:15:00,0.0
2022-11-24 01:20:00,0.0
2022-11-24 01:25:00,0.0
2022-11-24 01:30:00,0.0
2022-11-24 01:35:00,0.0
2022-11-24 01:40:00,0.0
2022-11-24 01:45:00,0.0
2022-11-24 01:50:00,0.0
2022-11-24 01:55:00,0.0
2022-11-24 02:00:00,0.0
2022-11-24 02:05:00,0.0
2022-11-24 02:10:00,0.0
2022-11-24 02:15:00,0.0
2022-11-24 02:20:00,0.0
2022-11-24 02:25:00,0.0
2022-11-24 02:30:00,0.0
2022-11-24 02:35:00,0.0
2022-11-24 02:40:00,0.0
2022-11-24 02:45:00,0.0
2022-11-24 02:50:00,0.0
2022-11-24 02:55:00,0.0
2022-11-24 03:00:00,0.0
2022-11-24 03:05:00,0.0
2022-11-24 03:10:00,0.0
2022-11-24 03:15:00,0.0
2022-11-24 03:20:00,0.0
2022-11-24 03:25:00,0.0
2022-11-24 03:30:00,0.0
2022-11-24 03:35:00,0.0
2022-11-24 03:40:00,0.0
2022-11-24 03:45:00,0.0
2022-11-24 03:50:00,0.0
2022-11-24 03:55:00,0.0
2022-11-24 04:00:00,0.0
2022-11-24 04:05:00,0.0
2022-11-24 04:10:00,0.0
2022-11-24 04:15:00,0.0
2022-11-24 04:20:00,0.0
2022-11-24 04:25:00,0.0
2022-11-24 04:30:00,0.0
2022-11-24 04:35:00,0.0
2022-11-24 04:40:00,0.0
2022-11-24 04:45:00,0.0
2022-11-24 04:50:00,0.0
2022-11-24 04:55:00,0.0
2022-11-24 05:00:00,0.0
2022-11-24 05:05:00,0.0
2022-11-24 05:10:00,0.0
2022-11-24 05:15:00,0.0
2022-11-24 05:20:00,0.0
2022-11-24 05:25:00,0.0
2022-11-24 05:30:00,0.0
2022-11-24 05:35:00,0.0
2022-11-24 05:40:00,0.0
2022-11-24 05:45:00,0.0
2022-11-24 05:50:00,0.0
2022-11-24 05:55:00,0.0
2022-11-24 06:00:00,0.0
2022-11-24 06:05:00,0.0
2022-11-24 06:10:00,0.0
2022-11-24 06:15:00,0.0
2022-11-24 06:20:00,0.0
2022-11-24 06:25:00,0.0
2022-11-24 06:30:00,0.0
2022-11-24 06:35:00,0.0
2022-11-24 06:40:00,0.0
2022-11-24 06:45:00,0.0
2022-11-24 06:50:00,0.0
2022-11-24 06:55:00,0.0
2022-11-24 07:00:00,0.0
2022-11-24 07:05:00,0.0
2022-11-24 07:10:00,0.0
2022-11-24 07:15:00,0.0
2022-11-24 07:20:00,0.0
2022-11-24 07:25:00,0.0
2022-11-24 07:30:00,0.0
2022-11-24 07:35:00,0.0
2022-11-24 07:40:00,0.0
2022-11-24 07:45:00,0.0
2022-11-24 07:50:00,0.0
2022-11-24 07:55:00,0.0
2022-11-24 08:00:00,0.0
2022-11-24 08:05:00,0.0
2022-11-24 08:10:00,0.0
2022-11-24 08:15:00,0.0
2022-11-24 08:20:00,0.0
2022-11-24 08:25:00,0.0
2022-11-24 08:30:00,0.0
2022-11-24 08:35:00,0.0
2022-11-24 08:40:00,0.0
2022-11-24 08:45:00,0.0
2022-11-24 08:50:00,0.0
2022-11-24 08:55:00,0.0
2022-11-24 09:00:00,0.0
2022-11-24 09:05:00,0.0
2022-11-24 09:10:00,0.0
2022-11-24 09:15:00,0.0
2022-11-24 09:20:00,0.0
2022-11-24 09:25:00,0.0
2022-11-24 09:30:00,0.0
2022-11-24 09:35:00,0.0
2022-11-24 09:40:00,0.0
2022-11-24 09:45:00,0.0
2022-11-24 09:50:00,0.0
2022-11-24 09:55:00,0.0
2022-11-24 10:00:00,0.0
2022-11-24 10:05:00,0.0
2022-11-24 10:10:00,0.0
2022-11-24 10:15:00,0.0
2022-11-24 10:20:00,0.0
2022-11-24 10:25:00,0.0
2022-11-24 10:30:00,0.0
2022-11-24 10:35:00,0.0
2022-11-24 10:40:00,0.0
2022-11-24 10:45:00,0.0
2022-11-24 10:50:00,0.0
2022-11-24 10:55:00,0.0
2022-11-24 11:00:00,0.0
2022-11-24 11:05:00,0.0
2022-11-24 11:10:00,0.0
2022-11-24 11:15:00,0.0
2022-11-24 11:20:00,0.0
2022-11-24 11:25:00,0.0
2022-11-24 11:30:00,0.0
2022-11-24 11:35:00,0.0
2022-11-24 11:40:00,0.0
2022-11-24 11:45:00,0.0
2022-11-24 11:50:00,0.0
2022-11-24 11:55:00,0.0
2022-11-24 12:00:00,0.0
2022-11-24 12:05:00,0.0
2022-11-24 12:10:00,0.0
2022-11-24 12:15:00,0.0
2022-11-24 12:20:00,0.0
2022-11-24 12:25:00,0.0
2022-11-24 12:30:00,0.0
2022-11-24 12:35:00,0.0
2022-11-24 12:40:00,0.0
2022-11-24 12:45:00,0.0
2022-11-24 12:50:00,0.0
2022-11-24 12:55:00,0.0
2022-11-24 13:00:00,0.0
2022-11-24 13:05:00,0.0
2022-11-24 13:10:00,0.0
2022-11-24 13:15:00,0.0
2022-11-24 13:20:00,0.0
2022-11-24 13:25:00,0.0
2022-11-24 13:30:00,0.0
2022-11-24 13:35:00,0.0
2022-11-24 13:40:00,0.0
2022-11-24 13:45:00,0.0
2022-11-24 13:50:00,0.0
2022-11-24 13:55:00,0.0
2022-11-24 14:00:00,0.0
2022-11-24 14:05:00,0.0
2022-11-24 14:10:00,0.0
2022-11-24 14:15:00,0.0
2022-11-24 14:20:00,0.0
2022-11-24 14:25:00,0.0
2022-11-24 14:30:00,0.0
2022-11-24 14:35:00,0.0
2022-11-24 14:40:00,0.0
2022-11-24 14:45:00,0.0
2022-11-24 14:50:00,0.0
2022-11-24 14:55:00,0.0
2022-11-24 15:00:00,0.0
2022-11-24 15:05:00,0.0
2022-11-24 15:10:00,0.0
2022-11-24 15:15:00,0.0
2022-11-24 15:20:00,0.0
2022-11-24 15:25:00,0.0
2022-11-24 15:30:00,0.0
2022-11-24 15:35:00,0.0
2022-11-24 15:40:00,0.0
2022-11-24 15:45:00,0.0
2022-11-24 15:50:00,0.0
2022-11-24 15:55:00,0.0
2022-11-24 16:00:00,0.0
2022-11-24 16:05:00,0.0
2022-11-24 16:10:00,0.0
2022-11-24 16:15:00,0.0
2022-11-24 16:20:00,0.0
2022-11-24 16:25:00,0.0
2022-11-24 16:30:00,0.0
2022-11-24 16:35:00,0.0
2022-11-24 16:40:00,0.0
2022-11-24 16:45:00,0.0
2022-11-24 16:50:00,0.0
2022-11-24 16:55:00,0.0
2022-11-24 17:00:00,0.0
2022-11-24 17:05:00,0.0
2022-11-24 17:10:00,0.0
2022-11-24 17:15:00,0.0
2022-11-24 17:20:00,0.0
2022-11-24 17:25:00,0.0
2022-11-24 17:30:00,0.0
2022-11-24 17:35:00,0.0
2022-11-24 17:40:00,0.0
2022-11-24 17:45:00,0.0
2022-11-24 17:50:00,0.0
2022-11-24 17:55:00,0.0
2022-11-24 18:00:00,0.0
2022-11-24 18:05:00,0.0
2022-11-24 18:10:00,0.0
2022-11-24 18:15:00,0.0
2022-11-24 18:20:00,0.0
2022-11-24 18:25:00,0.0
2022-11-24 18:30:00,0.0
2022-11-24 18:35:00,0.0
2022-11-24 18:40:00,0.0
2022-11-24 18:45:00,0.0
2022-11-24 18:50:00,0.0
2022-11-24 18:55:00,0.0
2022-11-24 19:00:00,0.0
2022-11-24 19:05:00,0.0
2022-11-24 19:10:00,0.0
2022-11-24 19:15:00,0.0
2022-11-24 19:20:00,0.0
2022-11-24 19:25:00,0.0
2022-11-24 19:30:00,0.0
2022-11-24 19:35:00,0.0
2022-11-24 19:40:00,0.0
2022-11-24 19:45:00,0.0
2022-11-24 19:50:00,0.0
2022-11-24 19:55:00,0.0
2022-11-24 20:00:00,0.0
2022-11-24 20:05:00,0.0
2022-11-24 20:10:00,0.0
2022-11-24 20:15:00,0.0
2022-11-24 20:20:00,0.0
2022-11-24 20:25:00,0.0
2022-11-24 20:30:00,0.0
2022-11-24 20:35:00,0.0
2022-11-24 20:40:00,0.0
2022-11-24 20:45:00,0.0
2022-11-24 20:50:00,0.0
2022-11-24 20:55:00,0.0
2022-11-24 21:00:00,0.0
2022-11-24 21:05:00,0.0
2022-11-24 21:10:00,0.0
2022-11-24 21:15:00,0.0
2022-11-24 21:20:00,0.0
2022-11-24 21:25:00,0.0
2022-11-24 21:30:00,0.0
2022-11-24 21:35:00,0.0
2022-11-24 21:40:00,0.0
2022-11-24 21:45:00,0.0
2022-11-24 21:50:00,0.0
2022-11-24 21:55:00,0.0
2022-11-24 22:00:00,0.0
2022-11-24 22:05:00,0.0
2022-11-24 22:10:00,0.0
2022-11-24 22:15:00,0.0
2022-11-24 22:20:00,0.0
2022-11-24 22:25:00,0.0
2022-11-24 22:30:00,0.0
2022-11-24 22:35:00,0.0
2022-11-24 22:40:00,0.0
2022-11-24 22:45:00,0.0
2022-11-24 22:50:00,0.0
2022-11-24 22:55:00,0.0
2022-11-24 23:00:00,0.0
2022-11-24 23:05:00,0.0
2022-11-24 23:10:00,0.0
2022-11-24 23:15:00,0.0
2022-11-24 23:20:00,0.0
2022-11-24 23:25:00,0.0
2022-11-24 23:30:00,0.0
2022-11-24 23:35:00,0.0
2022-11-24 23:40:00,0.0
2022-11-24 23:45:00,0.0
2022-11-24 23:50:00,0.0
2022-11-24 23:55:00,0.0
2022-11-25 00:00:00,0.0
2022-11-25 00:05:00,0.0
2022-11-25 00:10:00,0.0
2022-11-25 00:15:00,0.0
2022-11-25 00:20:00,0.0
2022-11-25 00:25:00,0.0
2022-11-25 00:30:00,0.0
2022-11-25 00:35:00,0.0
2022-11-25 00:40:00,0.0
2022-11-25 00:45:00,0.0
2022-11-25 00:50:00,0.0
2022-11-25 00:55:00,0.0
2022-11-25 01:00:00,0.0
2022-11-25 01:05:00,0.0
2022-11-25 01:10:00,0.0
2022-11-25 01:15:00,0.0
2022-11-25 01:20:00,0.0
2022-11-25 01:25:00,0.0
2022-11-25 01:30:00,0.0
2022-11-25 01:35:00,0.0
2022-11-25 01:40:00,0.0
2022-11-25 01:45:00,0.0
2022-11-25 01:50:00,0.0
2022-11-25 01:55:00,0.0
2022-11-25 02:00:00,0.0
2022-11-25 02:05:00,0.0
2022-11-25 02:10:00,0.0
2022-11-25 02:15:00,0.0
2022-11-25 02:20:00,0.0
2022-11-25 02:25:00,0.0
2022-11-25 02:30:00,0.0
2022-11-25 02:35:00,0.0
2022-11-25 02:40:00,0.0
2022-11-25 02:45:00,0.0
2022-11-25 02:50:00,0.0
2022-11-25 02:55:00,0.0
2022-11-25 03:00:00,0.0
2022-11-25 03:05:00,0.0
2022-11-25 03:10:00,0.0
2022-11-25 03:15:00,0.0
2022-11-25 03:20:00,0.0
2022-11-25 03:25:00,0.0
2022-11-25 03:30:00,0.0
2022-11-25 03:35:00,0.0
2022-11-25 03:40:00,0.0
2022-11-25 03:45:00,0.0
2022-11-25 03:50:00,0.0
2022-11-25 03:55:00,0.0
2022-11-25 04:00:00,0.0
2022-11-25 04:05:00,0.0
2022-11-25 04:10:00,0.0
2022-11-25 04:15:00,0.0
2022-11-25 04:20:00,0.0
2022-11-25 04:25:00,0.0
2022-11-25 04:30:00,0.0
2022-11-25 04:35:00,0.0
2022-11-25 04:40:00,0.0
2022-11-25 04:45:00,0.0
2022-11-25 04:50:00,0.0
2022-11-25 04:55:00,0.0
2022-11-25 05:00:00,0.0
2022-11-25 05:05:00,0.0
2022-11-25 05:10:00,0.0
2022-11-25 05:15:00,0.0
2022-11-25 05:20:00,0.0
2022-11-25 05:25:00,0.0
2022-11-25 05:30:00,0.0
2022-11-25 05:35:00,0.0
2022-11-25 05:40:00,0.0
2022-11-25 05:45:00,0.0
2022-11-25 05:50:00,0.0
2022-11-25 05:55:00,0.0
2022-11-25 06:00:00,0.0
2022-11-25 06:05:00,0.0
2022-11-25 06:10:00,0.0
2022-11-25 06:15:00,0.0
2022-11-25 06:20:00,0.0
2022-11-25 06:25:00,0.0
2022-11-25 06:30:00,0.0
2022-11-25 06:35:00,0.0
2022-11-25 06:40:00,0.0
2022-11-25 06:45:00,0.0
2022-11-25 06:50:00,0.0
2022-11-25 06:55:00,0.0
2022-11-25 07:00:00,0.0
2022-11-25 07:05:00,0.0
2022-11-25 07:10:00,0.0
2022-11-25 07:15:00,0.0
2022-11-25 07:20:00,0.0
2022-11-25 07:25:00,0.0
2022-11-25 07:30:00,0.0
2022-11-25 07:35:00,0.0
2022-11-25 07:40:00,0.0
2022-11-25 07:45:00,0.0
2022-11-25 07:50:00,0.0
2022-11-25 07:55:00,0.0
2022-11-25 08:00:00,0.0
2022-11-25 08:05:00,0.0
2022-11-25 08:10:00,0.0
2022-11-25 08:15:00,0.0
2022-11-25 08:20:00,0.0
2022-11-25 08:25:00,0.0
2022-11-25 08:30:00,0.0
2022-11-25 08:35:00,0.0
2022-11-25 08:40:00,0.0
2022-11-25 08:45:00,0.0
2022-11-25 08:50:00,0.0
2022-11-25 08:55:00,0.0
2022-11-25 09:00:00,0.0
2022-11-25 09:05:00,0.0
2022-11-25 09:10:00,0.0
2022-11-25 09:15:00,0.0
2022-11-25 09:20:00,0.0
2022-11-25 09:25:00,0.0
2022-11-25 09:30:00,0.0
2022-11-25 09:35:00,0.0
2022-11-25 09:40:00,0.0
2022-11-25 09:45:00,0.0
2022-11-25 09:50:00,0.0
2022-11-25 09:55:00,0.0
2022-11-25 10:00:00,0.0
2022-11-25 10:05:00,0.0
2022-11-25 10:10:00,0.0
2022-11-25 10:15:00,0.0
2022-11-25 10:20:00,0.0
2022-11-25 10:25:00,0.0
2022-11-25 10:30:00,0.0
2022-11-25 10:35:00,0.0
2022-11-25 10:40:00,0.0
2022-11-25 10:45:00,0.0
2022-11-25 10:50:00,0.0
2022-11-25 10:55:00,0.0
2022-11-25 11:00:00,0.0
2022-11-25 11:05:00,0.0
2022-11-25 11:10:00,0.0
2022-11-25 11:15:00,0.0
2022-11-25 11:20:00,0.0
2022-11-25 11:25:00,0.0
2022-11-25 11:30:00,0.0
2022-11-25 11:35:00,0.0
2022-11-25 11:40:00,0.0
2022-11-25 11:45:00,0.0
2022-11-25 11:50:00,0.0
2022-11-25 11:55:00,0.0
2022-11-25 12:00:00,0.0
2022-11-25 12:05:00,0.0
2022-11-25 12:10:00,0.0
2022-11-25 12:15:00,0.0
2022-11-25 12:20:00,0.0
2022-11-25 12:25:00,0.0
2022-11-25 12:30:00,0.0
2022-11-25 12:35:00,0.0
2022-11-25 12:40:00,0.0
2022-11-25 12:45:00,0.0
2022-11-25 12:50:00,0.0
2022-11-25 12:55:00,0.0
2022-11-25 13:00:00,0.0
2022-11-25 13:05:00,0.0
2022-11-25 13:10:00,0.0
2022-11-25 13:15:00,0.0
2022-11-25 13:20:00,0.0
2022-11-25 13:25:00,0.0
2022-11-25 13:30:00,0.0
2022-11-25 13:35:00,0.0
2022-11-25 13:40:00,0.0
2022-11-25 13:45:00,0.0
2022-11-25 13:50:00,0.0
2022-11-25 13:55:00,0.0
2022-11-25 14:00:00,0.0
2022-11-25 14:05:00,0.0
2022-11-25 14:10:00,0.0
2022-11-25 14:15:00,0.0
2022-11-25 14:20:00,0.0
2022-11-25 14:25:00,0.0
2022-11-25 14:30:00,0.0
2022-11-25 14:35:00,0.0
2022-11-25 14:40:00,0.0
2022-11-25 14:45:00,0.0
2022-11-25 14:50:00,0.0
2022-11-25 14:55:00,0.0
2022-11-25 15:00:00,0.0
2022-11-25 15:05:00,0.0
2022-11-25 15:10:00,0.0
2022-11-25 15:15:00,0.0
2022-11-25 15:20:00,0.0
2022-11-25 15:25:00,0.0
2022-11-25 15:30:00,0.0
2022-11-25 15:35:00,0.0
2022-11-25 15:40:00,0.0
2022-11-25 15:45:00,0.0
2022-11-25 15:50:00,0.0
2022-11-25 15:55:00,0.0
2022-11-25 16:00:00,0.0
2022-11-25 16:05:00,0.0
2022-11-25 16:10:00,0.0
2022-11-25 16:15:00,0.0
2022-11-25 16:20:00,0.0
2022-11-25 16:25:00,0.0
2022-11-25 16:30:00,0.0
2022-11-25 16:35:00,0.0
2022-11-25 16:40:00,0.0
2022-11-25 16:45:00,0.0
2022-11-25 16:50:00,0.0
2022-11-25 16:55:00,0.0
2022-11-25 17:00:00,0.0
2022-11-25 17:05:00,0.0
2022-11-25 17:10:00,0.0
2022-11-25 17:15:00,0.0
2022-11-25 17:20:00,0.0
2022-11-25 17:30:00,0.0
2022-11-25 17:35:00,0.0
2022-11-25 17:40:00,0.0
2022-11-25 17:45:00,0.0
2022-11-25 17:50:00,0.0
2022-11-25 17:55:00,0.0
2022-11-25 18:00:00,0.0
2022-11-25 18:05:00,0.0
2022-11-25 18:10:00,0.0
2022-11-25 18:15:00,0.0
2022-11-25 18:20:00,0.0
2022-11-25 18:25:00,0.0
2022-11-25 18:30:00,0.0
2022-11-25 18:35:00,0.0
2022-11-25 18:40:00,0.0
2022-11-25 18:45:00,0.0
2022-11-25 18:50:00,0.0
2022-11-25 18:55:00,0.0
2022-11-25 19:00:00,0.0
2022-11-25 19:05:00,0.0
2022-11-25 19:10:00,0.0
2022-11-25 19:15:00,0.0
2022-11-25 19:20:00,0.0
2022-11-25 19:25:00,0.0
2022-11-25 19:30:00,0.0
2022-11-25 19:35:00,0.0
2022-11-25 19:40:00,0.0
2022-11-25 19:45:00,0.0
2022-11-25 19:50:00,0.0
2022-11-25 19:55:00,0.0
2022-11-25 20:00:00,0.0
2022-11-25 20:05:00,0.0
2022-11-25 20:10:00,0.0
2022-11-25 20:15:00,0.0
2022-11-25 20:20:00,0.0
2022-11-25 20:25:00,0.0
2022-11-25 20:30:00,0.0
2022-11-25 20:35:00,0.0
2022-11-25 20:40:00,0.0
2022-11-25 20:45:00,0.0
2022-11-25 20:50:00,0.0
2022-11-25 20:55:00,0.0
2022-11-25 21:00:00,0.0
2022-11-25 21:05:00,0.0
2022-11-25 21:10:00,0.0
2022-11-25 21:15:00,0.0
2022-11-25 21:20:00,0.0
2022-11-25 21:25:00,0.0
2022-11-25 21:30:00,0.0
2022-11-25 21:35:00,0.0
2022-11-25 21:40:00,0.0
2022-11-25 21:45:00,0.0
2022-11-25 21:50:00,0.0
2022-11-25 21:55:00,0.0
2022-11-25 22:00:00,0.0
2022-11-25 22:05:00,0.0
2022-11-25 22:10:00,0.0
2022-11-25 22:15:00,0.0
2022-11-25 22:20:00,0.0
2022-11-25 22:25:00,0.0
2022-11-25 22:30:00,0.0
2022-11-25 22:35:00,0.0
2022-11-25 22:40:00,0.0
2022-11-25 22:45:00,0.0
2022-11-25 22:50:00,0.0
2022-11-25 22:55:00,0.0
2022-11-25 23:00:00,0.0
2022-11-25 23:05:00,0.0
2022-11-25 23:10:00,0.0
2022-11-25 23:15:00,0.0
2022-11-25 23:20:00,0.0
2022-11-25 23:25:00,0.0
2022-11-25 23:30:00,0.0
2022-11-25 23:35:00,0.0
2022-11-25 23:40:00,0.0
2022-11-25 23:45:00,0.0
2022-11-25 23:50:00,0.0
2022-11-25 23:55:00,0.0
2022-11-26 00:00:00,0.0
2022-11-26 00:05:00,0.0
2022-11-26 00:10:00,0.0
2022-11-26 00:15:00,0.0
2022-11-26 00:20:00,0.0
2022-11-26 00:25:00,0.0
2022-11-26 00:30:00,0.0
2022-11-26 00:35:00,0.0
2022-11-26 00:40:00,0.0
2022-11-26 00:45:00,0.0
2022-11-26 00:50:00,0.0
2022-11-26 00:55:00,0.0
2022-11-26 01:00:00,0.0
2022-11-26 01:05:00,0.0
2022-11-26 01:10:00,0.0
2022-11-26 01:15:00,0.0
2022-11-26 01:20:00,0.0
2022-11-26 01:25:00,0.0
2022-11-26 01:30:00,0.0
2022-11-26 01:35:00,0.0
2022-11-26 01:40:00,0.0
2022-11-26 01:45:00,0.0
2022-11-26 01:50:00,0.0
2022-11-26 01:55:00,0.0
2022-11-26 02:00:00,0.0
2022-11-26 02:05:00,0.0
2022-11-26 02:10:00,0.0
2022-11-26 02:15:00,0.0
2022-11-26 02:20:00,0.0
2022-11-26 02:25:00,0.0
2022-11-26 02:30:00,0.0
2022-11-26 02:35:00,0.0
2022-11-26 02:40:00,0.0
2022-11-26 02:45:00,0.0
2022-11-26 02:50:00,0.0
2022-11-26 02:55:00,0.0
2022-11-26 03:00:00,0.0
2022-11-26 03:05:00,0.0
2022-11-26 03:10:00,0.0
2022-11-26 03:15:00,0.0
2022-11-26 03:20:00,0.0
2022-11-26 03:25:00,0.0
2022-11-26 03:30:00,0.0
2022-11-26 03:35:00,0.0
2022-11-26 03:40:00,0.0
2022-11-26 03:45:00,0.0
2022-11-26 03:50:00,0.0
2022-11-26 03:55:00,0.0
2022-11-26 04:00:00,0.0
2022-11-26 04:05:00,0.0
2022-11-26 04:10:00,0.0
2022-11-26 04:15:00,0.0
2022-11-26 04:20:00,0.0
2022-11-26 04:25:00,0.0
2022-11-26 04:30:00,0.0
2022-11-26 04:35:00,0.0
2022-11-26 04:40:00,0.0
2022-11-26 04:45:00,0.0
2022-11-26 04:50:00,0.0
2022-11-26 04:55:00,0.0
2022-11-26 05:00:00,0.0
2022-11-26 05:05:00,0.0
2022-11-26 05:10:00,0.0
2022-11-26 05:15:00,0.0
2022-11-26 05:20:00,0.0
2022-11-26 05:25:00,0.0
2022-11-26 05:30:00,0.0
2022-11-26 05:35:00,0.0
2022-11-26 05:40:00,0.0
2022-11-26 05:45:00,0.0
2022-11-26 05:50:00,0.0
2022-11-26 05:55:00,0.0
2022-11-26 06:00:00,0.0
2022-11-26 06:05:00,0.0
2022-11-26 06:10:00,0.0
2022-11-26 06:15:00,0.0
2022-11-26 06:20:00,0.0
2022-11-26 06:25:00,0.0
2022-11-26 06:30:00,0.0
2022-11-26 06:35:00,0.0
2022-11-26 06:40:00,0.0
2022-11-26 06:45:00,0.0
2022-11-26 06:50:00,0.0
2022-11-26 06:55:00,0.0
2022-11-26 07:00:00,0.0
2022-11-26 07:05:00,0.0
2022-11-26 07:10:00,0.0
2022-11-26 07:15:00,0.0
2022-11-26 07:20:00,0.0
2022-11-26 07:25:00,0.0
2022-11-26 07:30:00,0.0
2022-11-26 07:35:00,0.0
2022-11-26 07:40:00,0.0
2022-11-26 07:45:00,0.0
2022-11-26 07:50:00,0.0
2022-11-26 07:55:00,0.0
2022-11-26 08:00:00,0.0
2022-11-26 08:05:00,0.0
2022-11-26 08:10:00,0.0
2022-11-26 08:15:00,0.0
2022-11-26 08:20:00,0.0
2022-11-26 08:25:00,0.0
2022-11-26 08:30:00,0.0
2022-11-26 08:35:00,0.0
2022-11-26 08:40:00,0.0
2022-11-26 08:45:00,0.0
2022-11-26 08:50:00,0.0
2022-11-26 08:55:00,0.0
2022-11-26 09:00:00,0.0
2022-11-26 09:05:00,0.0
2022-11-26 09:10:00,0.0
2022-11-26 09:15:00,0.0
2022-11-26 09:20:00,0.0
2022-11-26 09:25:00,0.0
2022-11-26 09:30:00,0.0
2022-11-26 09:35:00,0.0
2022-11-26 09:40:00,0.0
2022-11-26 09:45:00,0.0
2022-11-26 09:50:00,0.0
2022-11-26 09:55:00,0.0
2022-11-26 10:00:00,0.0
2022-11-26 10:05:00,0.0
2022-11-26 10:10:00,0.0
2022-11-26 10:15:00,0.0
2022-11-26 10:20:00,0.0
2022-11-26 10:25:00,0.0
2022-11-26 10:30:00,0.0
2022-11-26 10:35:00,0.0
2022-11-26 10:40:00,0.0
2022-11-26 10:45:00,0.0
2022-11-26 10:50:00,0.0
2022-11-26 10:55:00,0.0
2022-11-26 11:00:00,0.0
2022-11-26 11:05:00,0.0
2022-11-26 11:10:00,0.0
2022-11-26 11:15:00,0.0
2022-11-26 11:20:00,0.0
2022-11-26 11:25:00,0.0
2022-11-26 11:30:00,0.0
2022-11-26 11:35:00,0.0
2022-11-26 11:40:00,0.0
2022-11-26 11:45:00,0.0
2022-11-26 11:50:00,0.0
2022-11-26 11:55:00,0.0
2022-11-26 12:00:00,0.0
2022-11-26 12:05:00,0.0
2022-11-26 12:10:00,0.0
2022-11-26 12:15:00,0.0
2022-11-26 12:20:00,0.0
2022-11-26 12:25:00,0.0
2022-11-26 12:30:00,0.0
2022-11-26 12:35:00,0.0
2022-11-26 12:40:00,-451.50562802943034
2022-11-26 12:45:00,-600.644468442149
2022-11-26 12:50:00,-533.101680870448
2022-11-26 12:55:00,-524.7734150833326
2022-11-26 13:00:00,-526.2514846334083
2022-11-26 13:05:00,-515.7680226310765
2022-11-26 13:10:00,-502.77318622637614
2022-11-26 13:15:00,-492.02385810072286
2022-11-26 13:20:00,-468.9787299632312
2022-11-26 13:25:00,-467.7689617717051
2022-11-26 13:30:00,-454.1521055913836
2022-11-26 13:35:00,-428.6838634932154
2022-11-26 13:40:00,-417.5549789661145
2022-11-26 13:45:00,-404.68013585978315
2022-11-26 13:50:00,-375.9129271929384
2022-11-26 13:55:00,0.0
2022-11-26 14:00:00,0.0
2022-11-26 14:05:00,0.0
2022-11-26 14:10:00,0.0
2022-11-26 14:15:00,0.0
2022-11-26 14:20:00,0.0
2022-11-26 14:25:00,0.0
2022-11-26 14:30:00,0.0
2022-11-26 14:35:00,0.0
2022-11-26 14:40:00,0.0
2022-11-26 14:45:00,0.0
2022-11-26 14:50:00,0.0
2022-11-26 14:55:00,0.0
2022-11-26 15:00:00,0.0
2022-11-26 15:05:00,0.0
2022-11-26 15:10:00,0.0
2022-11-26 15:15:00,0.0
2022-11-26 15:20:00,0.0
2022-11-26 15:25:00,0.0
2022-11-26 15:30:00,0.0
2022-11-26 15:35:00,0.0
2022-11-26 15:40:00,0.0
2022-11-26 15:45:00,0.0
2022-11-26 15:50:00,0.0
2022-11-26 15:55:00,0.0
2022-11-26 16:00:00,0.0
2022-11-26 16:05:00,0.0
2022-11-26 16:10:00,0.0
2022-11-26 16:15:00,0.0
2022-11-26 16:20:00,0.0
2022-11-26 16:25:00,0.0
2022-11-26 16:30:00,0.0
2022-11-26 16:35:00,0.0
2022-11-26 16:40:00,0.0
2022-11-26 16:45:00,0.0
2022-11-26 16:50:00,0.0
2022-11-26 16:55:00,0.0
2022-11-26 17:00:00,0.0
2022-11-26 17:05:00,0.0
2022-11-26 17:10:00,0.0
2022-11-26 17:15:00,0.0
2022-11-26 17:20:00,0.0
2022-11-26 17:25:00,0.0
2022-11-26 17:30:00,0.0
2022-11-26 17:35:00,0.0
2022-11-26 17:40:00,0.0
2022-11-26 17:45:00,0.0
2022-11-26 17:50:00,0.0
2022-11-26 17:55:00,0.0
2022-11-26 18:00:00,0.0
2022-11-26 18:05:00,0.0
2022-11-26 18:10:00,0.0
2022-11-26 18:15:00,0.0
2022-11-26 18:20:00,0.0
2022-11-26 18:25:00,0.0
2022-11-26 18:30:00,0.0
2022-11-26 18:35:00,0.0
2022-11-26 18:40:00,0.0
2022-11-26 18:45:00,0.0
2022-11-26 18:50:00,0.0
2022-11-26 18:55:00,0.0
2022-11-26 19:00:00,0.0
2022-11-26 19:05:00,0.0
2022-11-26 19:10:00,0.0
2022-11-26 19:15:00,0.0
2022-11-26 19:20:00,0.0
2022-11-26 19:25:00,0.0
2022-11-26 19:30:00,0.0
2022-11-26 19:35:00,0.0
2022-11-26 19:40:00,0.0
2022-11-26 19:45:00,0.0
2022-11-26 19:50:00,0.0
2022-11-26 19:55:00,0.0
2022-11-26 20:00:00,0.0
2022-11-26 20:05:00,0.0
2022-11-26 20:10:00,0.0
2022-11-26 20:15:00,0.0
2022-11-26 20:20:00,0.0
2022-11-26 20:25:00,0.0
2022-11-26 20:30:00,0.0
2022-11-26 20:35:00,0.0
2022-11-26 20:40:00,0.0
2022-11-26 20:45:00,0.0
2022-11-26 20:50:00,0.0
2022-11-26 20:55:00,0.0
2022-11-26 21:00:00,0.0
2022-11-26 21:05:00,0.0
2022-11-26 21:10:00,0.0
2022-11-26 21:15:00,0.0
2022-11-26 21:20:00,0.0
2022-11-26 21:25:00,0.0
2022-11-26 21:30:00,0.0
2022-11-26 21:35:00,0.0
2022-11-26 21:40:00,0.0
2022-11-26 21:45:00,0.0
2022-11-26 21:50:00,0.0
2022-11-26 21:55:00,0.0
2022-11-26 22:00:00,0.0
2022-11-26 22:05:00,0.0
2022-11-26 22:10:00,0.0
2022-11-26 22:15:00,0.0
2022-11-26 22:20:00,0.0
2022-11-26 22:25:00,0.0
2022-11-26 22:30:00,0.0
2022-11-26 22:35:00,0.0
2022-11-26 22:40:00,0.0
2022-11-26 22:45:00,0.0
2022-11-26 22:50:00,0.0
2022-11-26 22:55:00,0.0
2022-11-26 23:00:00,0.0
2022-11-26 23:05:00,0.0
2022-11-26 23:10:00,0.0
2022-11-26 23:15:00,0.0
2022-11-26 23:20:00,0.0
2022-11-26 23:25:00,0.0
2022-11-26 23:30:00,0.0
2022-11-26 23:35:00,0.0
2022-11-26 23:40:00,0.0
2022-11-26 23:45:00,0.0
2022-11-26 23:50:00,0.0
2022-11-26 23:55:00,0.0
2022-11-27 00:00:00,0.0
2022-11-27 00:05:00,0.0
2022-11-27 00:10:00,0.0
2022-11-27 00:15:00,0.0
2022-11-27 00:20:00,0.0
2022-11-27 00:25:00,0.0
2022-11-27 00:30:00,0.0
2022-11-27 00:35:00,0.0
2022-11-27 00:40:00,0.0
2022-11-27 00:45:00,0.0
2022-11-27 00:50:00,0.0
2022-11-27 00:55:00,0.0
2022-11-27 01:00:00,0.0
2022-11-27 01:05:00,0.0
2022-11-27 01:10:00,0.0
2022-11-27 01:15:00,0.0
2022-11-27 01:20:00,0.0
2022-11-27 01:25:00,0.0
2022-11-27 01:30:00,0.0
2022-11-27 01:35:00,0.0
2022-11-27 01:40:00,0.0
2022-11-27 01:45:00,0.0
2022-11-27 01:50:00,0.0
2022-11-27 01:55:00,0.0
2022-11-27 02:00:00,0.0
2022-11-27 02:05:00,0.0
2022-11-27 02:10:00,0.0
2022-11-27 02:15:00,0.0
2022-11-27 02:20:00,0.0
2022-11-27 02:25:00,0.0
2022-11-27 02:30:00,0.0
2022-11-27 02:35:00,0.0
2022-11-27 02:40:00,0.0
2022-11-27 02:45:00,0.0
2022-11-27 02:50:00,0.0
2022-11-27 02:55:00,0.0
2022-11-27 03:00:00,0.0
2022-11-27 03:05:00,0.0
2022-11-27 03:10:00,0.0
2022-11-27 03:15:00,0.0
2022-11-27 03:20:00,0.0
2022-11-27 03:25:00,0.0
2022-11-27 03:30:00,0.0
2022-11-27 03:35:00,0.0
2022-11-27 03:40:00,0.0
2022-11-27 03:45:00,0.0
2022-11-27 03:50:00,0.0
2022-11-27 03:55:00,0.0
2022-11-27 04:00:00,0.0
2022-11-27 04:05:00,0.0
2022-11-27 04:10:00,0.0
2022-11-27 04:15:00,0.0
2022-11-27 04:20:00,0.0
2022-11-27 04:25:00,0.0
2022-11-27 04:30:00,0.0
2022-11-27 04:35:00,0.0
2022-11-27 04:40:00,0.0
2022-11-27 04:45:00,0.0
2022-11-27 04:50:00,0.0
2022-11-27 04:55:00,0.0
2022-11-27 05:00:00,0.0
2022-11-27 05:05:00,0.0
2022-11-27 05:10:00,0.0
2022-11-27 05:15:00,0.0
2022-11-27 05:20:00,0.0
2022-11-27 05:25:00,0.0
2022-11-27 05:30:00,0.0
2022-11-27 05:35:00,0.0
2022-11-27 05:40:00,0.0
2022-11-27 05:45:00,0.0
2022-11-27 05:50:00,0.0
2022-11-27 05:55:00,0.0
2022-11-27 06:00:00,0.0
2022-11-27 06:05:00,0.0
2022-11-27 06:10:00,0.0
2022-11-27 06:15:00,0.0
2022-11-27 06:20:00,0.0
2022-11-27 06:25:00,0.0
2022-11-27 06:30:00,0.0
2022-11-27 06:35:00,0.0
2022-11-27 06:40:00,0.0
2022-11-27 06:45:00,0.0
2022-11-27 06:50:00,0.0
2022-11-27 06:55:00,0.0
2022-11-27 07:00:00,0.0
2022-11-27 07:05:00,0.0
2022-11-27 07:10:00,0.0
2022-11-27 07:15:00,0.0
2022-11-27 07:20:00,0.0
2022-11-27 07:25:00,0.0
2022-11-27 07:30:00,0.0
2022-11-27 07:35:00,0.0
2022-11-27 07:40:00,0.0
2022-11-27 07:45:00,0.0
2022-11-27 07:50:00,0.0
2022-11-27 07:55:00,0.0
2022-11-27 08:00:00,0.0
2022-11-27 08:05:00,0.0
2022-11-27 08:10:00,0.0
2022-11-27 08:15:00,0.0
2022-11-27 08:20:00,0.0
2022-11-27 08:25:00,0.0
2022-11-27 08:30:00,0.0
2022-11-27 08:35:00,0.0
2022-11-27 08:40:00,0.0
2022-11-27 08:45:00,0.0
2022-11-27 08:50:00,0.0
2022-11-27 08:55:00,0.0
2022-11-27 09:00:00,0.0
2022-11-27 09:05:00,0.0
2022-11-27 09:10:00,0.0
2022-11-27 09:15:00,0.0
2022-11-27 09:20:00,0.0
2022-11-27 09:25:00,0.0
2022-11-27 09:30:00,0.0
2022-11-27 09:35:00,0.0
2022-11-27 09:40:00,0.0
2022-11-27 09:45:00,0.0
2022-11-27 09:50:00,0.0
2022-11-27 09:55:00,0.0
2022-11-27 10:00:00,0.0
2022-11-27 10:05:00,0.0
2022-11-27 10:10:00,0.0
2022-11-27 10:15:00,0.0
2022-11-27 10:20:00,0.0
2022-11-27 10:25:00,0.0
2022-11-27 10:30:00,0.0
2022-11-27 10:35:00,0.0
2022-11-27 10:40:00,0.0
2022-11-27 10:45:00,0.0
2022-11-27 10:50:00,0.0
2022-11-27 10:55:00,0.0
2022-11-27 11:00:00,0.0
2022-11-27 11:05:00,0.0
2022-11-27 11:10:00,0.0
2022-11-27 11:15:00,0.0
2022-11-27 11:20:00,0.0
2022-11-27 11:25:00,0.0
2022-11-27 11:30:00,0.0
2022-11-27 11:35:00,0.0
2022-11-27 11:40:00,0.0
2022-11-27 11:45:00,0.0
2022-11-27 11:50:00,0.0
2022-11-27 11:55:00,0.0
2022-11-27 12:00:00,0.0
2022-11-27 12:05:00,0.0
2022-11-27 12:10:00,0.0
2022-11-27 12:15:00,0.0
2022-11-27 12:20:00,0.0
2022-11-27 12:25:00,0.0
2022-11-27 12:30:00,0.0
2022-11-27 12:35:00,0.0
2022-11-27 12:40:00,0.0
2022-11-27 12:45:00,0.0
2022-11-27 12:50:00,0.0
2022-11-27 12:55:00,0.0
2022-11-27 13:00:00,0.0
2022-11-27 13:05:00,0.0
2022-11-27 13:10:00,0.0
2022-11-27 13:15:00,0.0
2022-11-27 13:20:00,0.0
2022-11-27 13:25:00,0.0
2022-11-27 13:30:00,0.0
2022-11-27 13:35:00,0.0
2022-11-27 13:40:00,0.0
2022-11-27 13:45:00,0.0
2022-11-27 13:50:00,0.0
2022-11-27 13:55:00,0.0
2022-11-27 14:00:00,0.0
2022-11-27 14:05:00,0.0
2022-11-27 14:10:00,0.0
2022-11-27 14:15:00,0.0
2022-11-27 14:20:00,0.0
2022-11-27 14:25:00,0.0
2022-11-27 14:30:00,0.0
2022-11-27 14:35:00,0.0
2022-11-27 14:40:00,0.0
2022-11-27 14:45:00,0.0
2022-11-27 14:50:00,0.0
2022-11-27 14:55:00,0.0
2022-11-27 15:00:00,0.0
2022-11-27 15:05:00,0.0
2022-11-27 15:10:00,0.0
2022-11-27 15:15:00,0.0
2022-11-27 15:20:00,0.0
2022-11-27 15:25:00,0.0
2022-11-27 15:30:00,0.0
2022-11-27 15:35:00,0.0
2022-11-27 15:40:00,0.0
2022-11-27 15:45:00,0.0
2022-11-27 15:50:00,0.0
2022-11-27 15:55:00,0.0
2022-11-27 16:00:00,0.0
2022-11-27 16:05:00,0.0
2022-11-27 16:10:00,0.0
2022-11-27 16:15:00,0.0
2022-11-27 16:20:00,0.0
2022-11-27 16:25:00,0.0
2022-11-27 16:30:00,0.0
2022-11-27 16:35:00,0.0
2022-11-27 16:40:00,0.0
2022-11-27 16:45:00,0.0
2022-11-27 16:50:00,0.0
2022-11-27 16:55:00,0.0
2022-11-27 17:00:00,0.0
2022-11-27 17:05:00,0.0
2022-11-27 17:10:00,0.0
2022-11-27 17:15:00,0.0
2022-11-27 17:20:00,0.0
2022-11-27 17:25:00,0.0
2022-11-27 17:30:00,0.0
2022-11-27 17:35:00,0.0
2022-11-27 17:40:00,0.0
2022-11-27 17:45:00,0.0
2022-11-27 17:50:00,0.0
2022-11-27 17:55:00,0.0
2022-11-27 18:00:00,0.0
2022-11-27 18:05:00,0.0
2022-11-27 18:10:00,0.0
2022-11-27 18:15:00,0.0
2022-11-27 18:25:00,0.0
2022-11-27 18:30:00,0.0
2022-11-27 18:35:00,0.0
2022-11-27 18:40:00,0.0
2022-11-27 18:45:00,0.0
2022-11-27 18:50:00,0.0
2022-11-27 18:55:00,0.0
2022-11-27 19:00:00,0.0
2022-11-27 19:05:00,0.0
2022-11-27 19:10:00,0.0
2022-11-27 19:15:00,0.0
2022-11-27 19:20:00,0.0
2022-11-27 19:25:00,0.0
2022-11-27 19:30:00,0.0
2022-11-27 19:35:00,0.0
2022-11-27 19:40:00,0.0
2022-11-27 19:45:00,0.0
2022-11-27 19:50:00,0.0
2022-11-27 19:55:00,0.0
2022-11-27 20:00:00,0.0
2022-11-27 20:05:00,0.0
2022-11-27 20:10:00,0.0
2022-11-27 20:15:00,0.0
2022-11-27 20:20:00,0.0
2022-11-27 20:25:00,0.0
2022-11-27 20:30:00,0.0
2022-11-27 20:35:00,0.0
2022-11-27 20:40:00,0.0
2022-11-27 20:45:00,0.0
2022-11-27 20:50:00,0.0
2022-11-27 20:55:00,0.0
2022-11-27 21:00:00,0.0
2022-11-27 21:05:00,0.0
2022-11-27 21:10:00,0.0
2022-11-27 21:15:00,0.0
2022-11-27 21:20:00,0.0
2022-11-27 21:25:00,0.0
2022-11-27 21:30:00,0.0
2022-11-27 21:35:00,0.0
2022-11-27 21:40:00,0.0
2022-11-27 21:45:00,0.0
2022-11-27 21:50:00,0.0
2022-11-27 21:55:00,0.0
2022-11-27 22:00:00,0.0
2022-11-27 22:05:00,0.0
2022-11-27 22:10:00,0.0
2022-11-27 22:15:00,0.0
2022-11-27 22:20:00,0.0
2022-11-27 22:25:00,0.0
2022-11-27 22:30:00,0.0
2022-11-27 22:35:00,0.0
2022-11-27 22:40:00,0.0
2022-11-27 22:45:00,0.0
2022-11-27 22:50:00,0.0
2022-11-27 22:55:00,0.0
2022-11-27 23:00:00,0.0
2022-11-27 23:05:00,0.0
2022-11-27 23:10:00,0.0
2022-11-27 23:15:00,0.0
2022-11-27 23:20:00,0.0
2022-11-27 23:25:00,0.0
2022-11-27 23:30:00,0.0
2022-11-27 23:35:00,0.0
2022-11-27 23:40:00,0.0
2022-11-27 23:45:00,0.0
2022-11-27 23:50:00,0.0
2022-11-27 23:55:00,0.0
2022-11-28 00:00:00,0.0
2022-11-28 00:05:00,0.0
2022-11-28 00:10:00,0.0
2022-11-28 00:15:00,0.0
2022-11-28 00:20:00,0.0
2022-11-28 00:25:00,0.0
2022-11-28 00:30:00,0.0
2022-11-28 00:35:00,0.0
2022-11-28 00:40:00,0.0
2022-11-28 00:45:00,0.0
2022-11-28 00:50:00,0.0
2022-11-28 00:55:00,0.0
2022-11-28 01:00:00,0.0
2022-11-28 01:05:00,0.0
2022-11-28 01:10:00,0.0
2022-11-28 01:15:00,0.0
2022-11-28 01:20:00,0.0
2022-11-28 01:25:00,0.0
2022-11-28 01:30:00,0.0
2022-11-28 01:35:00,0.0
2022-11-28 01:40:00,0.0
2022-11-28 01:45:00,0.0
2022-11-28 01:50:00,0.0
2022-11-28 01:55:00,0.0
2022-11-28 02:00:00,0.0
2022-11-28 02:05:00,0.0
2022-11-28 02:10:00,0.0
2022-11-28 02:15:00,0.0
2022-11-28 02:20:00,0.0
2022-11-28 02:25:00,0.0
2022-11-28 02:30:00,0.0
2022-11-28 02:35:00,0.0
2022-11-28 02:40:00,0.0
2022-11-28 02:45:00,0.0
2022-11-28 02:50:00,0.0
2022-11-28 02:55:00,0.0
2022-11-28 03:00:00,0.0
2022-11-28 03:05:00,0.0
2022-11-28 03:10:00,0.0
2022-11-28 03:15:00,0.0
2022-11-28 03:20:00,0.0
2022-11-28 03:25:00,0.0
2022-11-28 03:30:00,0.0
2022-11-28 03:35:00,0.0
2022-11-28 03:40:00,0.0
2022-11-28 03:45:00,0.0
2022-11-28 03:50:00,0.0
2022-11-28 03:55:00,0.0
2022-11-28 04:00:00,0.0
2022-11-28 04:05:00,0.0
2022-11-28 04:10:00,0.0
2022-11-28 04:15:00,0.0
2022-11-28 04:20:00,0.0
2022-11-28 04:25:00,0.0
2022-11-28 04:30:00,0.0
2022-11-28 04:35:00,0.0
2022-11-28 04:40:00,0.0
2022-11-28 04:45:00,0.0
2022-11-28 04:50:00,0.0
2022-11-28 04:55:00,0.0
2022-11-28 05:00:00,0.0
2022-11-28 05:05:00,0.0
2022-11-28 05:10:00,0.0
2022-11-28 05:15:00,0.0
2022-11-28 05:20:00,0.0
2022-11-28 05:25:00,0.0
2022-11-28 05:30:00,0.0
2022-11-28 05:35:00,0.0
2022-11-28 05:40:00,0.0
2022-11-28 05:45:00,0.0
2022-11-28 05:50:00,0.0
2022-11-28 05:55:00,0.0
2022-11-28 06:00:00,0.0
2022-11-28 06:05:00,0.0
2022-11-28 06:10:00,0.0
2022-11-28 06:15:00,0.0
2022-11-28 06:20:00,0.0
2022-11-28 06:25:00,0.0
2022-11-28 06:30:00,0.0
2022-11-28 06:35:00,0.0
2022-11-28 06:40:00,0.0
2022-11-28 06:45:00,0.0
2022-11-28 06:50:00,0.0
2022-11-28 06:55:00,0.0
2022-11-28 07:00:00,0.0
2022-11-28 07:05:00,0.0
2022-11-28 07:10:00,0.0
2022-11-28 07:15:00,0.0
2022-11-28 07:20:00,0.0
2022-11-28 07:25:00,0.0
2022-11-28 07:30:00,0.0
2022-11-28 07:35:00,0.0
2022-11-28 07:40:00,0.0
2022-11-28 07:45:00,0.0
2022-11-28 07:50:00,0.0
2022-11-28 07:55:00,0.0
2022-11-28 08:00:00,0.0
2022-11-28 08:05:00,0.0
2022-11-28 08:10:00,0.0
2022-11-28 08:15:00,0.0
2022-11-28 08:20:00,0.0
2022-11-28 08:25:00,0.0
2022-11-28 08:30:00,0.0
2022-11-28 08:35:00,0.0
2022-11-28 08:40:00,0.0
2022-11-28 08:45:00,0.0
2022-11-28 08:50:00,0.0
2022-11-28 08:55:00,0.0
2022-11-28 09:00:00,0.0
2022-11-28 09:05:00,0.0
2022-11-28 09:10:00,0.0
2022-11-28 09:15:00,0.0
2022-11-28 09:20:00,0.0
2022-11-28 09:25:00,0.0
2022-11-28 09:30:00,0.0
2022-11-28 09:35:00,0.0
2022-11-28 09:40:00,0.0
2022-11-28 09:45:00,0.0
2022-11-28 09:50:00,0.0
2022-11-28 09:55:00,0.0
2022-11-28 10:00:00,0.0
2022-11-28 10:05:00,0.0
2022-11-28 10:10:00,0.0
2022-11-28 10:15:00,0.0
2022-11-28 10:20:00,0.0
2022-11-28 10:25:00,0.0
2022-11-28 10:30:00,0.0
2022-11-28 10:35:00,0.0
2022-11-28 10:40:00,0.0
2022-11-28 10:45:00,0.0
2022-11-28 10:50:00,0.0
2022-11-28 10:55:00,0.0
2022-11-28 11:00:00,0.0
2022-11-28 11:05:00,0.0
2022-11-28 11:10:00,0.0
2022-11-28 11:15:00,0.0
2022-11-28 11:20:00,0.0
2022-11-28 11:25:00,0.0
2022-11-28 11:30:00,0.0
2022-11-28 11:35:00,0.0
2022-11-28 11:40:00,0.0
2022-11-28 11:45:00,0.0
2022-11-28 11:50:00,0.0
2022-11-28 11:55:00,0.0
2022-11-28 12:00:00,0.0
2022-11-28 12:05:00,0.0
2022-11-28 12:10:00,0.0
2022-11-28 12:20:00,0.0
2022-11-28 12:25:00,0.0
2022-11-28 12:30:00,0.0
2022-11-28 12:35:00,0.0
2022-11-28 12:40:00,0.0
2022-11-28 12:45:00,0.0
2022-11-28 12:50:00,0.0
2022-11-28 12:55:00,0.0
2022-11-28 13:00:00,0.0
2022-11-28 13:05:00,0.0
2022-11-28 13:10:00,0.0
2022-11-28 13:15:00,0.0
2022-11-28 13:20:00,0.0
2022-11-28 13:25:00,0.0
2022-11-28 13:30:00,0.0
2022-11-28 13:35:00,0.0
2022-11-28 13:40:00,0.0
2022-11-28 13:45:00,0.0
2022-11-28 13:50:00,0.0
2022-11-28 13:55:00,0.0
2022-11-28 14:00:00,0.0
2022-11-28 14:05:00,0.0
2022-11-28 14:10:00,0.0
2022-11-28 14:15:00,0.0
2022-11-28 14:20:00,0.0
2022-11-28 14:25:00,0.0
2022-11-28 14:30:00,0.0
2022-11-28 14:35:00,0.0
2022-11-28 14:40:00,0.0
2022-11-28 14:45:00,0.0
2022-11-28 14:50:00,0.0
2022-11-28 14:55:00,0.0
2022-11-28 15:00:00,0.0
2022-11-28 15:05:00,0.0
2022-11-28 15:10:00,0.0
2022-11-28 15:15:00,0.0
2022-11-28 15:20:00,0.0
2022-11-28 15:25:00,0.0
2022-11-28 15:30:00,0.0
2022-11-28 15:35:00,0.0
2022-11-28 15:40:00,0.0
2022-11-28 15:45:00,0.0
2022-11-28 15:50:00,0.0
2022-11-28 15:55:00,0.0
2022-11-28 16:00:00,0.0
2022-11-28 16:05:00,0.0
2022-11-28 16:10:00,0.0
2022-11-28 16:15:00,0.0
2022-11-28 16:20:00,0.0
2022-11-28 16:25:00,0.0
2022-11-28 16:30:00,0.0
2022-11-28 16:35:00,0.0
2022-11-28 16:40:00,0.0
2022-11-28 16:45:00,0.0
2022-11-28 16:50:00,0.0
2022-11-28 16:55:00,0.0
2022-11-28 17:00:00,0.0
2022-11-28 17:05:00,0.0
2022-11-28 17:10:00,0.0
2022-11-28 17:15:00,0.0
2022-11-28 17:20:00,0.0
2022-11-28 17:25:00,0.0
2022-11-28 17:30:00,0.0
2022-11-28 17:35:00,0.0
2022-11-28 17:40:00,0.0
2022-11-28 17:45:00,0.0
2022-11-28 17:50:00,0.0
2022-11-28 17:55:00,0.0
2022-11-28 18:00:00,0.0
2022-11-28 18:05:00,0.0
2022-11-28 18:10:00,0.0
2022-11-28 18:15:00,0.0
2022-11-28 18:20:00,0.0
2022-11-28 18:25:00,0.0
2022-11-28 18:30:00,0.0
2022-11-28 18:35:00,0.0
2022-11-28 18:40:00,0.0
2022-11-28 18:45:00,0.0
2022-11-28 18:50:00,0.0
2022-11-28 18:55:00,0.0
2022-11-28 19:00:00,0.0
2022-11-28 19:05:00,0.0
2022-11-28 19:10:00,0.0
2022-11-28 19:15:00,0.0
2022-11-28 19:20:00,0.0
2022-11-28 19:25:00,0.0
2022-11-28 19:30:00,0.0
2022-11-28 19:35:00,0.0
2022-11-28 19:40:00,0.0
2022-11-28 19:45:00,0.0
2022-11-28 19:50:00,0.0
2022-11-28 19:55:00,0.0
2022-11-28 20:00:00,0.0
2022-11-28 20:05:00,0.0
2022-11-28 20:10:00,0.0
2022-11-28 20:15:00,0.0
2022-11-28 20:20:00,0.0
2022-11-28 20:25:00,0.0
2022-11-28 20:30:00,0.0
2022-11-28 20:35:00,0.0
2022-11-28 20:40:00,0.0
2022-11-28 20:45:00,0.0
2022-11-28 20:50:00,0.0
2022-11-28 20:55:00,0.0
2022-11-28 21:00:00,0.0
2022-11-28 21:05:00,0.0
2022-11-28 21:10:00,0.0
2022-11-28 21:15:00,0.0
2022-11-28 21:20:00,0.0
2022-11-28 21:25:00,0.0
2022-11-28 21:30:00,0.0
2022-11-28 21:35:00,0.0
2022-11-28 21:40:00,0.0
2022-11-28 21:45:00,0.0
2022-11-28 21:50:00,0.0
2022-11-28 21:55:00,0.0
2022-11-28 22:00:00,0.0
2022-11-28 22:05:00,0.0
2022-11-28 22:10:00,0.0
2022-11-28 22:15:00,0.0
2022-11-28 22:20:00,0.0
2022-11-28 22:25:00,0.0
2022-11-28 22:30:00,0.0
2022-11-28 22:35:00,0.0
2022-11-28 22:40:00,0.0
2022-11-28 22:45:00,0.0
2022-11-28 22:50:00,0.0
2022-11-28 22:55:00,0.0
2022-11-28 23:00:00,0.0
2022-11-28 23:05:00,0.0
2022-11-28 23:10:00,0.0
2022-11-28 23:15:00,0.0
2022-11-28 23:20:00,0.0
2022-11-28 23:25:00,0.0
2022-11-28 23:30:00,0.0
2022-11-28 23:35:00,0.0
2022-11-28 23:40:00,0.0
2022-11-28 23:45:00,0.0
2022-11-28 23:50:00,0.0
2022-11-28 23:55:00,0.0
2022-11-29 00:00:00,0.0
2022-11-29 00:05:00,0.0
2022-11-29 00:10:00,0.0
2022-11-29 00:15:00,0.0
2022-11-29 00:20:00,0.0
2022-11-29 00:25:00,0.0
2022-11-29 00:30:00,0.0
2022-11-29 00:35:00,0.0
2022-11-29 00:40:00,0.0
2022-11-29 00:45:00,0.0
2022-11-29 00:50:00,0.0
2022-11-29 00:55:00,0.0
2022-11-29 01:00:00,0.0
2022-11-29 01:05:00,0.0
2022-11-29 01:10:00,0.0
2022-11-29 01:15:00,0.0
2022-11-29 01:20:00,0.0
2022-11-29 01:25:00,0.0
2022-11-29 01:30:00,0.0
2022-11-29 01:35:00,0.0
2022-11-29 01:40:00,0.0
2022-11-29 01:45:00,0.0
2022-11-29 01:50:00,0.0
2022-11-29 01:55:00,0.0
2022-11-29 02:00:00,0.0
2022-11-29 02:05:00,0.0
2022-11-29 02:10:00,0.0
2022-11-29 02:15:00,0.0
2022-11-29 02:20:00,0.0
2022-11-29 02:25:00,0.0
2022-11-29 02:30:00,0.0
2022-11-29 02:35:00,0.0
2022-11-29 02:40:00,0.0
2022-11-29 02:45:00,0.0
2022-11-29 02:50:00,0.0
2022-11-29 02:55:00,0.0
2022-11-29 03:00:00,0.0
2022-11-29 03:05:00,0.0
2022-11-29 03:10:00,0.0
2022-11-29 03:15:00,0.0
2022-11-29 03:20:00,0.0
2022-11-29 03:25:00,0.0
2022-11-29 03:30:00,0.0
2022-11-29 03:35:00,0.0
2022-11-29 03:40:00,0.0
2022-11-29 03:45:00,0.0
2022-11-29 03:50:00,0.0
2022-11-29 03:55:00,0.0
2022-11-29 04:00:00,0.0
2022-11-29 04:05:00,0.0
2022-11-29 04:10:00,0.0
2022-11-29 04:15:00,0.0
2022-11-29 04:20:00,0.0
2022-11-29 04:25:00,0.0
2022-11-29 04:30:00,0.0
2022-11-29 04:35:00,0.0
2022-11-29 04:40:00,0.0
2022-11-29 04:45:00,0.0
2022-11-29 04:50:00,0.0
2022-11-29 04:55:00,0.0
2022-11-29 05:00:00,0.0
2022-11-29 05:05:00,0.0
2022-11-29 05:10:00,0.0
2022-11-29 05:15:00,0.0
2022-11-29 05:20:00,0.0
2022-11-29 05:25:00,0.0
2022-11-29 05:30:00,0.0
2022-11-29 05:35:00,0.0
2022-11-29 05:40:00,0.0
2022-11-29 05:45:00,0.0
2022-11-29 05:50:00,0.0
2022-11-29 05:55:00,0.0
2022-11-29 06:00:00,0.0
2022-11-29 06:05:00,0.0
2022-11-29 06:10:00,0.0
2022-11-29 06:15:00,0.0
2022-11-29 06:20:00,0.0
2022-11-29 06:25:00,0.0
2022-11-29 06:30:00,0.0
2022-11-29 06:35:00,0.0
2022-11-29 06:40:00,0.0
2022-11-29 06:45:00,0.0
2022-11-29 06:50:00,0.0
2022-11-29 06:55:00,0.0
2022-11-29 07:00:00,0.0
2022-11-29 07:05:00,0.0
2022-11-29 07:10:00,0.0
2022-11-29 07:15:00,0.0
2022-11-29 07:20:00,0.0
2022-11-29 07:25:00,0.0
2022-11-29 07:30:00,0.0
2022-11-29 07:35:00,0.0
2022-11-29 07:40:00,0.0
2022-11-29 07:45:00,0.0
2022-11-29 07:50:00,0.0
2022-11-29 07:55:00,0.0
2022-11-29 08:00:00,0.0
2022-11-29 08:05:00,0.0
2022-11-29 08:10:00,0.0
2022-11-29 08:15:00,0.0
2022-11-29 08:20:00,0.0
2022-11-29 08:25:00,0.0
2022-11-29 08:30:00,0.0
2022-11-29 08:35:00,0.0
2022-11-29 08:40:00,0.0
2022-11-29 08:45:00,0.0
2022-11-29 08:50:00,0.0
2022-11-29 08:55:00,0.0
2022-11-29 09:00:00,0.0
2022-11-29 09:05:00,0.0
2022-11-29 09:10:00,0.0
2022-11-29 09:15:00,0.0
2022-11-29 09:20:00,0.0
2022-11-29 09:25:00,0.0
2022-11-29 09:30:00,0.0
2022-11-29 09:35:00,0.0
2022-11-29 09:40:00,0.0
2022-11-29 09:45:00,0.0
2022-11-29 09:50:00,0.0
2022-11-29 09:55:00,0.0
2022-11-29 10:00:00,0.0
2022-11-29 10:05:00,0.0
2022-11-29 10:10:00,0.0
2022-11-29 10:15:00,0.0
2022-11-29 10:20:00,0.0
2022-11-29 10:25:00,0.0
2022-11-29 10:30:00,0.0
2022-11-29 10:35:00,0.0
2022-11-29 10:40:00,0.0
2022-11-29 10:45:00,0.0
2022-11-29 10:50:00,0.0
2022-11-29 10:55:00,0.0
2022-11-29 11:00:00,0.0
2022-11-29 11:05:00,0.0
2022-11-29 11:10:00,0.0
2022-11-29 11:15:00,0.0
2022-11-29 11:20:00,0.0
2022-11-29 11:25:00,0.0
2022-11-29 11:30:00,0.0
2022-11-29 11:35:00,0.0
2022-11-29 11:40:00,
2022-11-29 11:45:00,5845.900108909256
2022-11-29 11:50:00,5065.957398136504
2022-11-29 11:55:00,4181.543835698308
2022-11-29 12:00:00,0.0
2022-11-29 12:05:00,0.0
2022-11-29 12:10:00,0.0
2022-11-29 12:15:00,0.0
2022-11-29 12:20:00,0.0
2022-11-29 12:25:00,0.0
2022-11-29 12:30:00,0.0
2022-11-29 12:35:00,0.0
2022-11-29 12:40:00,0.0
2022-11-29 12:45:00,0.0
2022-11-29 12:50:00,0.0
2022-11-29 12:55:00,0.0
2022-11-29 13:00:00,0.0
2022-11-29 13:05:00,0.0
2022-11-29 13:10:00,0.0
2022-11-29 13:15:00,0.0
2022-11-29 13:20:00,0.0
2022-11-29 13:25:00,0.0
2022-11-29 13:30:00,0.0
2022-11-29 13:35:00,0.0
2022-11-29 13:40:00,0.0
2022-11-29 13:45:00,0.0
2022-11-29 13:50:00,0.0
2022-11-29 13:55:00,0.0
2022-11-29 14:00:00,0.0
2022-11-29 14:05:00,0.0
2022-11-29 14:10:00,0.0
2022-11-29 14:15:00,0.0
2022-11-29 14:20:00,0.0
2022-11-29 14:25:00,0.0
2022-11-29 14:30:00,0.0
2022-11-29 14:35:00,0.0
2022-11-29 14:40:00,0.0
2022-11-29 14:45:00,0.0
2022-11-29 14:50:00,0.0
2022-11-29 14:55:00,0.0
2022-11-29 15:00:00,0.0
2022-11-29 15:05:00,0.0
2022-11-29 15:10:00,0.0
2022-11-29 15:15:00,0.0
2022-11-29 15:20:00,0.0
2022-11-29 15:25:00,0.0
2022-11-29 15:30:00,0.0
2022-11-29 15:35:00,0.0
2022-11-29 15:40:00,0.0
2022-11-29 15:45:00,0.0
2022-11-29 15:50:00,0.0
2022-11-29 15:55:00,0.0
2022-11-29 16:00:00,0.0
2022-11-29 16:05:00,0.0
2022-11-29 16:10:00,0.0
2022-11-29 16:15:00,0.0
2022-11-29 16:20:00,0.0
2022-11-29 16:25:00,0.0
2022-11-29 16:30:00,0.0
2022-11-29 16:35:00,0.0
2022-11-29 16:40:00,0.0
2022-11-29 16:45:00,0.0
2022-11-29 16:50:00,0.0
2022-11-29 16:55:00,0.0
2022-11-29 17:00:00,0.0
2022-11-29 17:05:00,0.0
2022-11-29 17:10:00,0.0
2022-11-29 17:15:00,0.0
2022-11-29 17:20:00,0.0
2022-11-29 17:25:00,0.0
2022-11-29 17:35:00,0.0
2022-11-29 17:40:00,0.0
2022-11-29 17:45:00,0.0
2022-11-29 17:50:00,0.0
2022-11-29 17:55:00,0.0
2022-11-29 18:00:00,0.0
2022-11-29 18:05:00,0.0
2022-11-29 18:10:00,0.0
2022-11-29 18:15:00,0.0
2022-11-29 18:20:00,0.0
2022-11-29 18:25:00,0.0
2022-11-29 18:30:00,0.0
2022-11-29 18:35:00,0.0
2022-11-29 18:40:00,0.0
2022-11-29 18:45:00,0.0
2022-11-29 18:50:00,0.0
2022-11-29 18:55:00,0.0
2022-11-29 19:00:00,0.0
2022-11-29 19:05:00,0.0
2022-11-29 19:10:00,0.0
2022-11-29 19:15:00,0.0
2022-11-29 19:20:00,0.0
2022-11-29 19:25:00,0.0
2022-11-29 19:30:00,0.0
2022-11-29 19:35:00,0.0
2022-11-29 19:40:00,0.0
2022-11-29 19:45:00,0.0
2022-11-29 19:50:00,0.0
2022-11-29 19:55:00,0.0
2022-11-29 20:00:00,0.0
2022-11-29 20:05:00,0.0
2022-11-29 20:10:00,0.0
2022-11-29 20:15:00,0.0
2022-11-29 20:20:00,0.0
2022-11-29 20:25:00,0.0
2022-11-29 20:30:00,0.0
2022-11-29 20:35:00,0.0
2022-11-29 20:40:00,0.0
2022-11-29 20:45:00,0.0
2022-11-29 20:50:00,0.0
2022-11-29 20:55:00,0.0
2022-11-29 21:00:00,0.0
2022-11-29 21:05:00,0.0
2022-11-29 21:10:00,0.0
2022-11-29 21:15:00,0.0
2022-11-29 21:20:00,0.0
2022-11-29 21:25:00,0.0
2022-11-29 21:30:00,0.0
2022-11-29 21:35:00,0.0
2022-11-29 21:40:00,0.0
2022-11-29 21:45:00,0.0
2022-11-29 21:50:00,0.0
2022-11-29 21:55:00,0.0
2022-11-29 22:00:00,0.0
2022-11-29 22:05:00,0.0
2022-11-29 22:10:00,0.0
2022-11-29 22:15:00,0.0
2022-11-29 22:20:00,0.0
2022-11-29 22:25:00,0.0
2022-11-29 22:30:00,0.0
2022-11-29 22:35:00,0.0
2022-11-29 22:40:00,0.0
2022-11-29 22:45:00,0.0
2022-11-29 22:50:00,0.0
2022-11-29 22:55:00,0.0
2022-11-29 23:00:00,0.0
2022-11-29 23:05:00,0.0
2022-11-29 23:10:00,0.0
2022-11-29 23:15:00,0.0
2022-11-29 23:20:00,0.0
2022-11-29 23:25:00,0.0
2022-11-29 23:30:00,0.0
2022-11-29 23:35:00,0.0
2022-11-29 23:40:00,0.0
2022-11-29 23:45:00,0.0
2022-11-29 23:50:00,0.0
2022-11-29 23:55:00,0.0
2022-11-30 00:00:00,0.0
2022-11-30 00:05:00,0.0
2022-11-30 00:10:00,0.0
2022-11-30 00:15:00,0.0
2022-11-30 00:20:00,0.0
2022-11-30 00:25:00,0.0
2022-11-30 00:30:00,0.0
2022-11-30 00:35:00,0.0
2022-11-30 00:40:00,0.0
2022-11-30 00:45:00,0.0
2022-11-30 00:50:00,0.0
2022-11-30 00:55:00,0.0
2022-11-30 01:00:00,0.0
2022-11-30 01:05:00,0.0
2022-11-30 01:10:00,0.0
2022-11-30 01:15:00,0.0
2022-11-30 01:20:00,0.0
2022-11-30 01:25:00,0.0
2022-11-30 01:30:00,0.0
2022-11-30 01:35:00,0.0
2022-11-30 01:40:00,0.0
2022-11-30 01:45:00,0.0
2022-11-30 01:50:00,0.0
2022-11-30 01:55:00,0.0
2022-11-30 02:00:00,0.0
2022-11-30 02:05:00,0.0
2022-11-30 02:10:00,0.0
2022-11-30 02:15:00,0.0
2022-11-30 02:20:00,0.0
2022-11-30 02:25:00,0.0
2022-11-30 02:30:00,0.0
2022-11-30 02:35:00,0.0
2022-11-30 02:40:00,0.0
2022-11-30 02:45:00,0.0
2022-11-30 02:50:00,0.0
2022-11-30 02:55:00,0.0
2022-11-30 03:00:00,0.0
2022-11-30 03:05:00,0.0
2022-11-30 03:10:00,0.0
2022-11-30 03:15:00,0.0
2022-11-30 03:20:00,0.0
2022-11-30 03:25:00,0.0
2022-11-30 03:30:00,0.0
2022-11-30 03:35:00,0.0
2022-11-30 03:40:00,0.0
2022-11-30 03:45:00,0.0
2022-11-30 03:50:00,0.0
2022-11-30 03:55:00,0.0
2022-11-30 04:00:00,0.0
2022-11-30 04:05:00,0.0
2022-11-30 04:10:00,0.0
2022-11-30 04:15:00,0.0
2022-11-30 04:20:00,0.0
2022-11-30 04:25:00,0.0
2022-11-30 04:30:00,0.0
2022-11-30 04:35:00,0.0
2022-11-30 04:40:00,0.0
2022-11-30 04:45:00,0.0
2022-11-30 04:50:00,0.0
2022-11-30 04:55:00,0.0
2022-11-30 05:00:00,0.0
2022-11-30 05:05:00,0.0
2022-11-30 05:10:00,0.0
2022-11-30 05:15:00,0.0
2022-11-30 05:20:00,0.0
2022-11-30 05:25:00,0.0
2022-11-30 05:30:00,0.0
2022-11-30 05:35:00,0.0
2022-11-30 05:40:00,0.0
2022-11-30 05:45:00,0.0
2022-11-30 05:50:00,0.0
2022-11-30 05:55:00,0.0
2022-11-30 06:00:00,0.0
2022-11-30 06:05:00,0.0
2022-11-30 06:10:00,0.0
2022-11-30 06:15:00,0.0
2022-11-30 06:20:00,0.0
2022-11-30 06:25:00,0.0
2022-11-30 06:30:00,0.0
2022-11-30 06:35:00,0.0
2022-11-30 06:40:00,0.0
2022-11-30 06:45:00,0.0
2022-11-30 06:50:00,0.0
2022-11-30 06:55:00,0.0
2022-11-30 07:00:00,0.0
2022-11-30 07:05:00,0.0
2022-11-30 07:10:00,0.0
2022-11-30 07:15:00,0.0
2022-11-30 07:20:00,0.0
2022-11-30 07:25:00,0.0
2022-11-30 07:30:00,0.0
2022-11-30 07:35:00,0.0
2022-11-30 07:40:00,0.0
2022-11-30 07:45:00,0.0
2022-11-30 07:50:00,0.0
2022-11-30 07:55:00,0.0
2022-11-30 08:00:00,0.0
2022-11-30 08:05:00,0.0
2022-11-30 08:10:00,0.0
2022-11-30 08:15:00,0.0
2022-11-30 08:20:00,0.0
2022-11-30 08:30:00,0.0
2022-11-30 08:35:00,0.0
2022-11-30 08:40:00,0.0
2022-11-30 08:45:00,0.0
2022-11-30 08:50:00,0.0
2022-11-30 08:55:00,0.0
2022-11-30 09:00:00,0.0
2022-11-30 09:05:00,0.0
2022-11-30 09:10:00,0.0
2022-11-30 09:15:00,0.0
2022-11-30 09:20:00,0.0
2022-11-30 09:25:00,0.0
2022-11-30 09:30:00,0.0
2022-11-30 09:35:00,0.0
2022-11-30 09:40:00,0.0
2022-11-30 09:45:00,0.0
2022-11-30 09:50:00,0.0
2022-11-30 09:55:00,0.0
2022-11-30 10:00:00,0.0
2022-11-30 10:05:00,0.0
2022-11-30 10:10:00,0.0
2022-11-30 10:15:00,0.0
2022-11-30 10:20:00,0.0
2022-11-30 10:25:00,0.0
2022-11-30 10:30:00,0.0
2022-11-30 10:35:00,0.0
2022-11-30 10:40:00,0.0
2022-11-30 10:45:00,0.0
2022-11-30 10:50:00,0.0
2022-11-30 10:55:00,0.0
2022-11-30 11:00:00,0.0
2022-11-30 11:05:00,0.0
2022-11-30 11:10:00,0.0
2022-11-30 11:15:00,0.0
2022-11-30 11:20:00,0.0
2022-11-30 11:25:00,0.0
2022-11-30 11:30:00,0.0
2022-11-30 11:35:00,0.0
2022-11-30 11:40:00,0.0
2022-11-30 11:45:00,0.0
2022-11-30 11:50:00,0.0
2022-11-30 11:55:00,0.0
2022-11-30 12:00:00,0.0
2022-11-30 12:05:00,0.0
2022-11-30 12:10:00,0.0
2022-11-30 12:15:00,0.0
2022-11-30 12:20:00,0.0
2022-11-30 12:25:00,0.0
2022-11-30 12:30:00,0.0
2022-11-30 12:35:00,0.0
2022-11-30 12:40:00,0.0
2022-11-30 12:45:00,0.0
2022-11-30 12:50:00,0.0
2022-11-30 12:55:00,0.0
2022-11-30 13:00:00,0.0
2022-11-30 13:05:00,0.0
2022-11-30 13:10:00,0.0
2022-11-30 13:15:00,0.0
2022-11-30 13:20:00,0.0
2022-11-30 13:25:00,0.0
2022-11-30 13:30:00,0.0
2022-11-30 13:35:00,0.0
2022-11-30 13:40:00,0.0
2022-11-30 13:45:00,0.0
2022-11-30 13:50:00,0.0
2022-11-30 13:55:00,0.0
2022-11-30 14:00:00,0.0
2022-11-30 14:05:00,0.0
2022-11-30 14:10:00,0.0
2022-11-30 14:15:00,0.0
2022-11-30 14:20:00,0.0
2022-11-30 14:25:00,0.0
2022-11-30 14:30:00,0.0
2022-11-30 14:35:00,0.0
2022-11-30 14:40:00,0.0
2022-11-30 14:45:00,0.0
2022-11-30 14:50:00,0.0
2022-11-30 14:55:00,0.0
2022-11-30 15:00:00,0.0
2022-11-30 15:05:00,0.0
2022-11-30 15:10:00,0.0
2022-11-30 15:15:00,0.0
2022-11-30 15:20:00,0.0
2022-11-30 15:25:00,0.0
2022-11-30 15:30:00,0.0
2022-11-30 15:35:00,0.0
2022-11-30 15:40:00,0.0
2022-11-30 15:45:00,0.0
2022-11-30 15:50:00,0.0
2022-11-30 15:55:00,0.0
2022-11-30 16:00:00,0.0
2022-11-30 16:05:00,0.0
2022-11-30 16:10:00,0.0
2022-11-30 16:15:00,0.0
2022-11-30 16:20:00,0.0
2022-11-30 16:25:00,0.0
2022-11-30 16:30:00,0.0
2022-11-30 16:35:00,0.0
2022-11-30 16:40:00,0.0
2022-11-30 16:45:00,0.0
2022-11-30 16:50:00,0.0
2022-11-30 16:55:00,0.0
2022-11-30 17:00:00,0.0
2022-11-30 17:05:00,0.0
2022-11-30 17:10:00,0.0
2022-11-30 17:15:00,0.0
2022-11-30 17:20:00,0.0
2022-11-30 17:25:00,0.0
2022-11-30 17:30:00,0.0
2022-11-30 17:35:00,0.0
2022-11-30 17:40:00,0.0
2022-11-30 17:45:00,0.0
2022-11-30 17:50:00,0.0
2022-11-30 17:55:00,0.0
2022-11-30 18:00:00,0.0
2022-11-30 18:05:00,0.0
2022-11-30 18:10:00,0.0
2022-11-30 18:15:00,0.0
2022-11-30 18:20:00,0.0
2022-11-30 18:25:00,0.0
2022-11-30 18:30:00,0.0
2022-11-30 18:35:00,0.0
2022-11-30 18:40:00,0.0
2022-11-30 18:50:00,0.0
2022-11-30 18:55:00,0.0
2022-11-30 19:00:00,0.0
2022-11-30 19:05:00,0.0
2022-11-30 19:10:00,0.0
2022-11-30 19:15:00,0.0
2022-11-30 19:20:00,0.0
2022-11-30 19:25:00,0.0
2022-11-30 19:30:00,0.0
2022-11-30 19:35:00,0.0
2022-11-30 19:40:00,0.0
2022-11-30 19:45:00,0.0
2022-11-30 19:50:00,0.0
2022-11-30 19:55:00,0.0
2022-11-30 20:05:00,0.0
2022-11-30 20:10:00,0.0
2022-11-30 20:15:00,0.0
2022-11-30 20:25:00,0.0
2022-11-30 20:30:00,0.0
2022-11-30 20:35:00,0.0
2022-11-30 20:40:00,0.0
2022-11-30 20:45:00,0.0
2022-11-30 20:50:00,0.0
2022-11-30 20:55:00,0.0
2022-11-30 21:00:00,0.0
2022-11-30 21:05:00,0.0
2022-11-30 21:10:00,0.0
2022-11-30 21:15:00,0.0
2022-11-30 21:20:00,0.0
2022-11-30 21:25:00,0.0
2022-11-30 21:30:00,0.0
2022-11-30 21:35:00,0.0
2022-11-30 21:40:00,0.0
2022-11-30 21:45:00,0.0
2022-11-30 21:50:00,0.0
2022-11-30 21:55:00,0.0
