,Indoor unit cooling state 0,Indoor unit cooling state 1,Indoor unit cooling state 2,Indoor unit cooling state 3,Indoor unit cooling state 4,Indoor unit cooling state 5,Indoor unit cooling state 6,Indoor temperature 0,Indoor temperature 1,Indoor temperature 2,Indoor temperature 3,Indoor temperature 4,Indoor temperature 5,Indoor temperature 6,Compressor frequency 1,Compressor frequency 2,Outdoor unit Condensing temperature,diff(Outdoor unit power),Outdoor unit Evaporating temperature,Outdoor unit fan speed,Compressor discharge pressure,Compressor suction pressure,Outdoor dry bulb temperature,Cooling capacity,delete1
2022-06-21 12:15:00,151.0,109.91304347826087,0.0,0.0,101.04347826086956,0.0,85.91304347826087,28.3,25.10434782608695,31.533333333333335,31.68095238095238,25.62608695652174,31.58095238095239,23.5695652173913,,,,8.079999999999927,,,,,29.900000000000002,,False
2022-06-21 12:30:00,151.0,181.57142857142858,12.380952380952381,12.380952380952381,141.38095238095238,12.380952380952381,17.08695652173913,28.3,24.14761904761904,30.77619047619048,30.85238095238096,24.87619047619048,31.114285714285717,23.673913043478255,,,,4.2800000000002,,,,,30.0,,False
2022-06-21 12:45:00,151.0,114.3913043478261,0.0,0.0,98.69565217391305,0.0,0.0,28.3,23.98260869565217,29.59999999999999,29.50909090909091,24.726086956521748,30.09090909090908,25.58181818181818,,,,7.639999999999873,,,,,30.099999999999998,,False
2022-06-21 13:00:00,151.0,131.6315789473684,0.0,0.0,109.05263157894737,0.0,0.0,28.3,24.057894736842105,29.194736842105264,28.957894736842103,24.726315789473684,29.5157894736842,26.321052631578947,,,,5.200000000000273,,,,,30.099999999999998,,False
2022-06-21 13:15:00,151.0,122.13636363636364,0.0,0.0,107.68181818181819,0.0,0.0,28.3,24.427272727272733,28.671428571428578,28.68095238095239,25.063636363636363,29.304761904761904,26.819047619047616,,,,7.0,,,,,30.100000000000005,,False
2022-06-21 13:30:00,151.0,115.69565217391305,0.0,0.0,93.08695652173913,0.0,0.0,28.3,23.652173913043473,28.509523809523813,28.700000000000003,24.47826086956522,29.352380952380948,27.338095238095235,,,,4.0,,,,,30.066666666666666,,False
2022-06-21 16:45:00,151.0,112.33333333333333,0.0,0.0,91.0,0.0,43.65217391304348,28.3,23.809523809523814,27.085714285714282,26.833333333333332,24.657142857142855,27.357142857142858,25.28260869565218,,,,7.039999999999964,,,,,30.633333333333336,,False
2022-06-21 17:00:00,151.0,115.8,0.0,0.0,90.85,0.0,18.1,28.3,23.715000000000003,26.874999999999993,26.699999999999996,24.634999999999998,27.349999999999994,25.26,,,,7.1599999999998545,,,,,30.46666666666667,,False
2022-06-21 17:15:00,151.0,102.36363636363636,0.0,0.0,83.81818181818181,0.0,27.454545454545453,28.3,24.145454545454548,27.014285714285723,26.814285714285717,24.75454545454546,27.59523809523809,25.88181818181818,,,,6.720000000000255,,,,,30.266666666666666,,False
2022-06-21 17:30:00,151.0,163.47619047619048,18.571428571428573,18.571428571428573,134.47619047619048,18.571428571428573,37.57142857142857,28.3,24.147619047619045,27.342857142857135,27.152380952380955,24.799999999999994,27.990476190476198,25.152380952380955,,,,4.7199999999998,,,,,30.2,,False
2022-06-21 17:45:00,151.0,139.68421052631578,0.0,0.0,98.05263157894737,0.0,32.90909090909091,28.3,23.610526315789468,27.263157894736835,26.90526315789474,24.49473684210526,27.657894736842106,25.35454545454546,,,,6.599999999999909,,,,,30.099999999999998,,False
2022-06-21 18:00:00,151.0,129.0,0.0,0.0,92.10526315789474,0.0,0.0,28.3,23.544999999999995,26.87222222222222,26.62631578947369,24.310526315789474,27.01052631578947,26.705263157894738,,,,6.8400000000001455,,,,,29.96666666666667,,False
2022-06-21 18:15:00,151.0,129.8095238095238,0.0,0.0,97.22222222222223,0.0,0.0,28.3,23.585714285714285,26.694736842105257,26.505555555555556,24.37222222222222,27.036842105263165,27.35263157894736,,,,6.2400000000002365,,,,,29.766666666666666,,False
2022-06-21 18:30:00,151.0,123.19047619047619,0.0,0.0,93.1,0.0,0.0,28.3,23.561904761904753,26.699999999999996,26.654999999999994,24.279999999999994,27.339999999999993,27.754999999999995,,,,6.079999999999927,,,,,29.7,,False
2022-06-21 18:45:00,151.0,125.77272727272727,19.5,19.5,166.0,19.5,19.5,28.3,23.777272727272727,27.04000000000001,26.78,24.294999999999998,27.744999999999997,28.294999999999987,,,,6.839999999999691,,,,,29.566666666666666,,False
2022-06-21 19:00:00,151.0,113.85,0.0,0.0,87.7,0.0,0.0,28.3,23.450000000000003,26.815789473684216,26.5,24.060000000000006,27.236842105263158,28.168421052631587,,,,5.960000000000036,,,,,29.46666666666667,,False
2022-06-21 19:15:00,151.0,0.0,0.0,0.0,0.0,0.0,0.0,28.3,24.735294117647054,26.617647058823533,26.388235294117646,25.341176470588238,26.911764705882348,27.705882352941188,,,,1.0,,,,,29.333333333333332,,False
2022-06-21 20:45:00,,,,,,,,,,,,,,,,,,0.03999999999996362,,,,,28.96666666666667,,False
2022-06-21 21:00:00,45.3,0.0,0.0,0.0,0.0,0.0,0.0,28.159999999999997,28.300000000000008,28.627272727272725,28.699999999999992,28.890000000000004,29.28888888888889,25.488888888888894,0.0,0.0,25.0,3.8400000000001455,16.166666666666668,0.0,1.5,1.1983333333333333,28.96666666666667,0.0,False
2022-06-21 21:15:00,0.0,0.0,0.0,0.0,0.0,0.0,0.0,28.100000000000012,28.470588235294123,28.72941176470588,28.738888888888887,28.92105263157894,29.3,25.610526315789468,0.0,0.0,23.72222222222222,0.599999999999909,19.083333333333332,0.0,1.4611111111111106,1.313888888888889,28.899999999999995,0.0,False
2022-06-22 08:45:00,26.0625,0.0,0.0,0.0,0.0,0.0,0.0,26.3625,31.699999999999992,31.89999999999999,31.93999999999999,31.660000000000007,31.733333333333334,31.673333333333332,0.0,0.0,29.647058823529413,2.4400000000000546,18.794117647058822,132.58823529411765,1.7470588235294118,1.3023529411764707,30.333333333333332,0.0,False
2022-06-22 09:00:00,97.17647058823529,0.0,0.0,0.0,0.0,0.0,0.0,26.46470588235294,31.699999999999992,31.89999999999999,31.86666666666667,31.60000000000001,31.52,31.26666666666667,35.125,0.0,31.5,0.16000000000030923,11.25,596.25,1.8499999999999996,1.05,30.03333333333333,15.490355619999999,False
2022-06-22 09:15:00,109.6,0.0,0.0,0.0,0.0,0.0,0.0,24.609999999999996,31.699999999999992,31.825000000000006,31.800000000000008,31.60000000000001,31.487499999999997,30.812499999999996,22.294117647058822,0.0,31.470588235294116,3.319999999999709,12.382352941176471,655.8823529411765,1.8352941176470585,1.0835294117647059,30.46666666666667,9.653859034000002,False
2022-06-22 09:30:00,106.71428571428571,0.0,0.0,0.0,0.0,0.0,0.0,25.009523809523813,31.717647058823527,31.800000000000008,31.77058823529412,31.60000000000001,31.294444444444448,30.499999999999993,28.333333333333332,0.0,32.166666666666664,2.680000000000291,12.75,517.4444444444445,1.8666666666666667,1.1022222222222222,30.866666666666664,12.9139804,False
2022-06-22 09:45:00,127.15789473684211,0.0,0.0,0.0,0.0,0.0,0.0,24.657894736842106,31.800000000000008,31.800000000000008,31.699999999999992,31.60000000000001,30.962499999999995,30.10625,30.333333333333332,0.0,32.46666666666667,2.9599999999995816,10.233333333333333,694.0,1.8733333333333329,1.0133333333333334,31.03333333333333,12.650645930000001,False
2022-06-22 10:00:00,91.47368421052632,0.0,0.0,0.0,0.0,0.0,0.0,24.852631578947367,31.800000000000008,31.800000000000008,31.699999999999992,31.573333333333334,30.533333333333328,29.840000000000007,20.58823529411765,0.0,31.88235294117647,3.200000000000273,14.294117647058824,510.6470588235294,1.8529411764705883,1.153529411764706,31.433333333333337,9.894391792,False
2022-06-22 10:15:00,104.47058823529412,17.333333333333332,17.333333333333332,17.333333333333332,20.3125,20.3125,20.3125,24.799999999999997,31.37333333333333,31.493333333333332,31.3,31.318749999999998,30.081249999999997,29.862499999999997,34.0,14.733333333333333,34.266666666666666,2.119999999999891,5.666666666666667,595.4,1.9733333333333336,0.8673333333333332,31.7,16.857587589999998,False
2022-06-22 10:30:00,120.27777777777777,0.0,0.0,0.0,0.0,0.0,0.0,24.722222222222218,30.117647058823525,30.517647058823528,30.099999999999998,30.41176470588235,29.329411764705892,29.452941176470592,25.705882352941178,0.0,35.0,4.1599999999998545,12.088235294117647,302.6470588235294,2.005882352941176,1.0694117647058825,31.76666666666667,10.88924677,False
2022-06-22 10:45:00,124.11111111111111,0.0,0.0,0.0,0.0,0.0,0.0,24.650000000000002,29.343750000000004,29.968749999999996,29.350000000000005,29.825000000000003,28.831249999999997,29.11875,26.705882352941178,0.0,33.23529411764706,2.2400000000002365,11.588235294117647,639.2352941176471,1.9294117647058826,1.0564705882352943,31.833333333333332,11.693645290000001,False
2022-06-22 11:00:00,83.88888888888889,0.0,0.0,0.0,0.0,0.0,0.0,24.516666666666666,29.01333333333333,29.726666666666663,29.07333333333333,29.394117647058827,28.688235294117643,28.78235294117647,14.066666666666666,0.0,32.4,2.880000000000109,15.633333333333333,411.6,1.8799999999999997,1.198,31.933333333333334,6.294868467000001,False
2022-06-22 11:15:00,0.0,0.0,0.0,0.0,0.0,0.0,0.0,24.67647058823529,28.888235294117642,29.699999999999992,29.0,29.300000000000008,28.581250000000008,28.612500000000004,0.0,0.0,32.0,1.5599999999999454,20.625,0.0,1.8624999999999994,1.3724999999999996,32.1,0.0,False
2022-06-22 11:45:00,0.0,0.0,0.0,0.0,0.0,0.0,128.625,26.10000000000001,29.14666666666666,29.926666666666666,29.300000000000008,29.518750000000008,28.718749999999996,26.212500000000002,52.8,0.0,35.93333333333333,1.0799999999999272,6.9,786.0,2.0733333333333337,0.904,32.699999999999996,21.67176022,False
2022-06-22 12:00:00,0.0,0.0,0.0,0.0,0.0,0.0,29.4,26.106666666666673,29.273333333333337,30.0,29.364285714285707,29.671428571428567,28.71428571428571,23.986666666666668,8.933333333333334,0.0,32.733333333333334,4.7199999999998,12.866666666666667,213.6,1.893333333333333,1.093333333333333,33.06666666666667,3.2141542359999997,False
2022-06-22 12:15:00,0.0,0.0,0.0,0.0,0.0,0.0,0.0,26.44666666666667,29.413333333333334,30.086666666666677,29.573333333333338,29.853333333333328,28.933333333333337,26.160000000000004,0.0,0.0,34.0,0.03999999999996362,17.625,0.0,1.9625,1.26,33.53333333333334,0.0,False
2022-06-23 08:00:00,0.0,0.0,,0.0,0.0,0.0,0.0,31.300000000000004,32.0,,32.199999999999996,31.900000000000002,32.1,33.6,0.0,0.0,27.0,3.7199999999998,27.5,0.0,1.5999999999999999,1.6724999999999999,28.866666666666664,,False
2022-06-23 08:15:00,0.0,0.0,,0.0,0.0,0.0,0.0,31.300000000000004,32.0,,32.199999999999996,31.900000000000002,32.1,33.6,0.0,0.0,27.142857142857142,3.7600000000002183,27.5,0.0,1.5999999999999999,1.6728571428571428,29.0,,False
2022-06-23 08:30:00,0.0,0.0,,0.0,0.0,0.0,0.0,31.300000000000004,32.01428571428571,,32.21666666666667,31.933333333333334,32.13333333333333,33.61666666666667,0.0,0.0,27.375,2.6799999999998363,27.5625,0.0,1.5999999999999999,1.6774999999999998,29.46666666666667,,False
2022-06-23 08:45:00,0.0,0.0,,0.0,0.0,0.0,0.0,31.311111111111114,32.01111111111111,,32.233333333333334,31.939999999999998,32.14,33.61,0.0,0.0,27.555555555555557,2.2800000000002,27.61111111111111,0.0,1.5999999999999999,1.682222222222222,29.933333333333334,,False
2022-06-23 09:00:00,0.0,0.0,,0.0,0.0,0.0,0.0,31.325000000000003,32.037499999999994,,32.300000000000004,32.0125,32.199999999999996,33.6125,0.0,0.0,27.625,2.119999999999891,27.8125,0.0,1.5999999999999999,1.6862499999999998,29.333333333333332,,False
2022-06-23 09:15:00,0.0,0.0,,0.0,0.0,0.0,0.0,31.350000000000005,32.1,,32.300000000000004,32.0,32.199999999999996,33.67142857142857,0.0,0.0,27.5,2.480000000000018,27.75,0.0,1.5999999999999999,1.6849999999999998,29.2,,False
2022-06-23 09:30:00,0.0,0.0,,0.0,0.0,0.0,17.11111111111111,30.079999999999995,31.88888888888889,,32.1,31.874999999999996,31.77777777777778,31.633333333333333,4.375,0.0,28.0,2.400000000000091,25.375,68.625,1.625,1.59375,29.46666666666667,,False
2022-06-23 09:45:00,0.0,0.0,,0.0,0.0,0.0,15.1,31.4,32.10000000000001,,32.300000000000004,32.06,32.199999999999996,33.54,3.25,0.0,28.25,3.2399999999997817,27.625,0.0,1.625,1.6762499999999998,29.5,,False
2022-06-23 10:00:00,21.571428571428573,0.0,,0.0,0.0,0.0,35.25,28.82857142857143,31.071428571428573,,31.342857142857138,31.224999999999998,31.0,28.937500000000007,18.125,0.0,30.625,5.320000000000164,18.9375,190.5,1.7500000000000002,1.33875,29.5,,False
2022-06-23 10:15:00,10.0,0.0,,0.0,0.0,0.0,75.33333333333333,29.549999999999997,31.299999999999997,,31.53333333333333,31.557142857142853,31.383333333333336,29.750000000000004,24.833333333333332,0.0,30.666666666666668,3.9200000000000728,17.25,345.6666666666667,1.7666666666666668,1.2666666666666666,29.866666666666664,,False
2022-06-23 10:30:00,43.142857142857146,0.0,,0.0,0.0,19.857142857142858,79.42857142857143,25.557142857142853,30.071428571428566,,30.442857142857143,30.628571428571426,29.728571428571428,24.499999999999996,40.857142857142854,0.0,32.42857142857143,3.0,8.428571428571429,462.85714285714283,1.8714285714285714,0.942857142857143,30.399999999999995,,False
2022-06-23 10:45:00,43.142857142857146,0.0,,0.0,0.0,0.0,73.75,24.985714285714288,29.71428571428571,,30.057142857142857,30.33333333333333,29.87142857142857,24.099999999999998,31.333333333333332,0.0,31.5,2.400000000000091,10.666666666666666,492.1666666666667,1.8166666666666667,1.0133333333333334,30.633333333333336,,False
2022-06-23 11:00:00,56.625,0.0,,0.0,0.0,0.0,62.92857142857143,25.0625,27.97142857142857,,28.571428571428566,28.871428571428574,26.71428571428572,24.45714285714286,31.571428571428573,0.0,34.57142857142857,2.519999999999982,11.214285714285714,347.7142857142857,2.0,1.032857142857143,31.066666666666666,,False
2022-06-23 11:15:00,0.0,0.0,,0.0,0.0,0.0,71.5909090909091,25.587499999999995,28.0125,,28.64285714285714,28.97142857142857,26.971428571428568,24.7,33.875,0.0,33.875,2.2799999999997453,5.75,308.625,1.9625,0.8574999999999999,31.433333333333337,,False
2022-06-23 11:30:00,65.33333333333333,0.0,,0.0,0.0,0.0,80.88,25.641666666666666,28.1,,28.699999999999996,29.072727272727274,27.263636363636365,23.960000000000004,34.2,0.0,36.1,2.2400000000002365,9.35,264.6,2.07,0.9710000000000001,31.666666666666668,,False
2022-06-23 11:45:00,0.0,0.0,,0.0,0.0,0.0,57.5,24.9625,28.11428571428571,,28.771428571428576,29.14285714285714,27.457142857142856,24.19,31.142857142857142,0.0,35.0,2.8799999999996544,9.5,311.2857142857143,2.0,0.9757142857142858,31.73333333333333,,False
2022-06-23 12:00:00,0.0,0.0,,0.0,0.0,0.0,74.875,25.66,28.263636363636365,,28.927272727272733,29.25833333333334,27.7,24.50625,29.833333333333332,0.0,34.166666666666664,2.1200000000003456,8.416666666666666,285.0833333333333,1.9500000000000002,0.9425,31.933333333333337,,False
2022-06-23 12:15:00,83.88888888888889,0.0,,0.0,0.0,0.0,111.85714285714286,25.4111111111111,28.400000000000002,,29.05714285714286,29.300000000000008,27.97857142857143,24.621428571428574,37.07692307692308,0.0,33.23076923076923,3.0399999999999636,12.0,627.0,1.915384615384615,1.0615384615384615,32.300000000000004,,False
2022-06-23 12:30:00,0.0,0.0,,0.0,0.0,0.0,100.57142857142857,25.3,28.559999999999995,,29.24,29.400000000000002,28.099999999999998,23.185714285714287,6.833333333333333,0.0,32.5,1.8399999999996908,13.666666666666666,708.1666666666666,1.9000000000000001,1.12,31.96666666666667,,False
2022-06-23 12:45:00,0.0,0.0,,0.0,0.0,0.0,18.875,25.771428571428572,28.657142857142855,,29.300000000000004,29.457142857142856,28.171428571428574,23.8625,4.857142857142857,0.0,30.857142857142858,2.480000000000018,19.428571428571427,71.14285714285714,1.8,1.3257142857142858,32.53333333333334,,False
2022-06-23 13:00:00,116.875,0.0,,0.0,0.0,0.0,143.57142857142858,25.599999999999998,28.7,,29.316666666666666,29.53333333333333,28.383333333333336,23.528571428571432,36.5,0.0,34.125,3.9200000000000728,10.0,811.0,1.975,0.9975,33.1,,False
2022-06-23 13:15:00,10.785714285714286,0.0,,0.0,0.0,0.0,61.53333333333333,25.214285714285715,28.938461538461542,,29.536363636363635,29.736363636363638,28.692307692307697,23.453333333333337,11.733333333333333,0.0,32.53333333333333,2.7200000000002547,14.766666666666667,510.4,1.8733333333333335,1.1733333333333331,33.233333333333334,,False
2022-06-23 13:30:00,28.3125,0.0,,0.0,0.0,0.0,60.375,25.750000000000004,29.046666666666667,,29.646153846153847,29.835714285714285,28.886666666666667,23.887499999999996,25.642857142857142,0.0,32.857142857142854,1.2799999999997453,14.535714285714286,350.7857142857143,1.9142857142857144,1.1600000000000001,33.699999999999996,,False
2022-06-23 13:45:00,60.8,0.0,,0.0,0.0,0.0,130.42857142857142,25.360000000000003,29.3,,29.845454545454547,29.914285714285715,29.15,23.664285714285715,27.642857142857142,0.0,33.07142857142857,3.400000000000091,12.714285714285714,671.2857142857143,1.8999999999999997,1.084285714285714,33.13333333333333,,False
2022-06-23 14:00:00,67.11111111111111,0.0,,0.0,0.0,0.0,102.875,25.34444444444444,29.300000000000004,,29.85,29.975,29.14285714285714,23.15,29.0,0.0,33.625,2.3200000000001637,12.4375,539.25,1.9375,1.08,33.76666666666667,,False
2022-06-23 14:15:00,30.2,0.0,,0.0,0.0,0.0,54.857142857142854,25.14,29.333333333333332,,29.883333333333336,29.97142857142857,29.242857142857144,23.442857142857143,9.2,0.0,32.0,2.519999999999982,14.8,519.0,1.86,1.168,33.800000000000004,,False
2022-06-23 14:30:00,23.125,7.222222222222222,,7.222222222222222,7.222222222222222,7.222222222222222,30.2,25.4875,29.54444444444444,,29.977777777777778,30.088888888888885,29.38888888888889,23.88,17.571428571428573,6.428571428571429,32.57142857142857,3.319999999999709,14.785714285714286,345.0,1.8714285714285714,1.17,33.7,,False
2022-06-23 14:45:00,33.23076923076923,10.0,,10.0,10.833333333333334,10.0,92.46666666666667,25.28461538461538,29.246153846153852,,29.55384615384616,29.8,28.81538461538461,23.759999999999998,30.923076923076923,7.076923076923077,35.92307692307692,2.2400000000002365,10.846153846153847,537.1538461538462,2.0615384615384613,1.0353846153846151,33.900000000000006,,False
2022-06-23 15:00:00,43.9375,8.125,,8.125,8.125,8.125,86.5,25.681250000000002,29.05,,29.2375,29.637500000000003,28.412499999999998,23.6,27.3125,6.9375,37.375,3.8399999999996908,7.625,375.5,2.1624999999999996,0.9287499999999999,34.199999999999996,,False
2022-06-23 15:15:00,41.94444444444444,0.0,,0.0,0.0,0.0,76.5,25.17777777777778,28.58235294117647,,28.6875,29.32941176470589,27.91176470588235,23.994444444444447,34.294117647058826,0.0,38.411764705882355,2.400000000000091,9.205882352941176,257.94117647058823,2.211764705882353,0.9670588235294119,34.36666666666667,,False
2022-06-23 15:30:00,28.133333333333333,0.0,,0.0,0.0,0.0,58.0,25.106666666666666,28.276923076923083,,28.400000000000002,29.121428571428574,27.44615384615384,23.66153846153846,31.23076923076923,0.0,37.84615384615385,2.480000000000018,9.115384615384615,270.7692307692308,2.184615384615385,0.966923076923077,34.349999999999994,,False
2022-06-23 15:45:00,0.0,0.0,,0.0,0.0,0.0,62.0,25.599999999999998,28.1,,28.3,29.0,27.4,24.24,26.25,0.0,37.5,2.3200000000001637,8.75,251.0,2.1500000000000004,0.95,34.733333333333334,,False
2022-06-23 16:00:00,60.4,0.0,,0.0,0.0,0.0,64.0,24.999999999999996,28.3,,28.525,29.025,27.75,23.775,28.0,0.0,38.25,2.319999999999709,10.875,280.5,2.225,1.02,34.6,,False
2022-06-23 16:15:00,99.72727272727273,98.9090909090909,,93.0909090909091,95.9090909090909,103.18181818181819,54.0,24.900000000000002,26.781818181818185,,26.50909090909091,27.55454545454545,27.545454545454547,24.53636363636364,53.7,0.0,38.0,2.6400000000003274,13.85,583.6,2.1799999999999997,1.123,34.46666666666666,,False
2022-06-23 16:30:00,78.4,79.3,,57.0,73.0,95.0,36.54545454545455,23.83,25.380000000000003,,24.68,26.130000000000003,25.860000000000003,25.37272727272727,59.44444444444444,21.0,38.666666666666664,5.279999999999745,11.555555555555555,870.8888888888889,2.2222222222222228,1.041111111111111,34.5,,False
2022-06-23 16:45:00,23.0,92.7,,75.3,76.1,100.22222222222223,14.444444444444445,22.900000000000002,24.190000000000005,,23.53,25.050000000000004,23.91111111111111,26.95555555555556,53.0,53.44444444444444,39.77777777777778,9.039999999999964,8.944444444444445,870.5555555555555,2.277777777777778,0.9544444444444444,34.63333333333333,,False
2022-06-23 17:00:00,85.92307692307692,84.25,,93.5,69.18181818181819,79.54545454545455,0.0,22.969230769230766,24.24166666666667,,23.324999999999992,24.90909090909091,22.927272727272733,27.4,52.9,52.9,39.1,10.519999999999982,7.4,871.1,2.2700000000000005,0.9109999999999999,34.36666666666667,,False
2022-06-23 17:15:00,87.5,91.375,,100.25,74.125,61.125,0.0,22.94,24.687499999999996,,23.474999999999998,25.249999999999996,23.65,27.075000000000003,49.0,49.5,39.0,9.320000000000164,9.0,870.75,2.225,0.95875,33.333333333333336,,False
2022-06-23 17:30:00,46.63636363636363,100.22222222222223,,84.22222222222223,80.66666666666667,79.77777777777777,0.0,22.927272727272726,24.977777777777778,,23.677777777777774,25.31111111111111,23.41111111111111,26.699999999999996,60.125,60.0,39.875,9.599999999999909,7.6875,871.0,2.2875,0.9124999999999999,32.96666666666667,,False
2022-06-23 17:45:00,51.57142857142857,95.6,,112.84615384615384,81.0,14.333333333333334,0.0,23.121428571428567,24.210000000000004,,23.092307692307692,24.82,23.525000000000002,27.027272727272727,47.8,47.9,36.8,11.519999999999982,7.45,871.0,2.12,0.9120000000000001,32.7,,False
2022-06-23 18:00:00,25.166666666666668,112.8,,104.0,87.7,0.0,0.0,22.983333333333334,23.96,,23.08,24.51,24.85,27.55,48.7,49.1,36.6,8.680000000000291,6.75,871.2,2.1100000000000003,0.8859999999999999,32.766666666666666,,False
2022-06-23 18:15:00,0.0,111.9090909090909,,95.75,85.45454545454545,0.0,0.0,24.300000000000004,23.845454545454547,,22.95,24.400000000000002,25.55454545454545,28.036363636363635,52.0,52.18181818181818,36.63636363636363,8.639999999999873,5.590909090909091,871.0,2.1000000000000005,0.8554545454545455,32.650000000000006,,False
2022-06-23 18:30:00,0.0,93.5,,117.81818181818181,71.2,0.0,0.0,25.299999999999997,23.619999999999997,,23.13636363636364,24.41,26.23,28.49,38.0,38.0,35.44444444444444,9.2800000000002,8.333333333333334,870.4444444444445,2.033333333333333,0.9377777777777777,32.43333333333333,,False
2022-06-23 18:45:00,0.0,96.38461538461539,,103.85714285714286,75.25,0.0,0.0,25.923076923076927,23.730769230769226,,23.042857142857144,24.450000000000003,26.792307692307695,28.853846153846153,55.36363636363637,19.545454545454547,35.45454545454545,7.399999999999636,9.227272727272727,870.9090909090909,2.027272727272727,0.9672727272727272,32.199999999999996,,False
2022-06-23 19:00:00,0.0,21.90909090909091,,39.63636363636363,20.2,0.0,0.0,26.51111111111111,24.55454545454546,,23.936363636363634,25.18,27.310000000000002,29.220000000000006,8.666666666666666,0.0,30.444444444444443,6.640000000000327,20.27777777777778,193.33333333333334,1.7666666666666664,1.3722222222222222,32.0,,False
2022-06-23 19:15:00,0.0,0.0,,0.0,0.0,0.0,0.0,27.0,25.95,,25.68,26.51,27.844444444444445,29.400000000000002,0.0,0.0,28.625,0.11999999999989086,24.1875,0.0,1.6874999999999998,1.5225,31.833333333333332,,False
2022-06-23 19:30:00,0.0,0.0,,0.0,0.0,0.0,0.0,27.807692307692307,26.861538461538462,,26.799999999999997,27.507692307692306,28.599999999999998,29.923076923076923,0.0,0.0,26.083333333333332,0.03999999999996362,25.833333333333332,0.0,1.5999999999999999,1.5975,31.7,,False
2022-06-24 08:30:00,178.0,19.5,19.5,19.5,19.5,19.5,19.5,28.63333333333334,32.04,32.04,32.04,31.97,32.16,33.17,41.0,18.333333333333332,32.666666666666664,0.23999999999978172,7.833333333333333,631.7777777777778,1.9111111111111114,0.9555555555555555,29.200000000000003,23.072339330000002,False
2022-06-24 08:45:00,94.64285714285714,0.0,0.0,0.0,0.0,0.0,0.0,26.128571428571426,30.70833333333333,30.941666666666666,30.749999999999996,31.041666666666668,30.927272727272733,32.05714285714285,8.727272727272727,0.0,29.363636363636363,5.0,17.90909090909091,241.0909090909091,1.736363636363636,1.2781818181818183,29.433333333333337,4.935660759,False
2022-06-24 09:00:00,48.0,0.0,0.0,0.0,0.0,0.0,106.78571428571429,26.078571428571426,30.0,30.245454545454546,30.139999999999997,30.410000000000004,30.336363636363636,27.692857142857147,40.22222222222222,0.0,31.666666666666668,0.680000000000291,10.88888888888889,747.4444444444445,1.8333333333333333,1.03,29.700000000000003,17.60630884,False
2022-06-24 09:15:00,48.266666666666666,0.0,0.0,0.0,0.0,0.0,68.27272727272727,25.56,29.472727272727276,29.772727272727273,29.763636363636362,30.009090909090904,29.736363636363638,25.672727272727276,36.36363636363637,0.0,31.545454545454547,4.239999999999782,8.136363636363637,649.0,1.8181818181818186,0.93,29.900000000000002,15.46719165,False
2022-06-24 09:30:00,56.0,0.0,0.0,0.0,0.0,0.0,68.80645161290323,25.52857142857143,29.300000000000004,29.639999999999997,29.6,29.85454545454546,29.430769230769222,25.448387096774187,34.0,0.0,31.7,2.880000000000109,8.45,471.0,1.8400000000000003,0.943,29.3,14.567175469999999,False
2022-06-24 09:45:00,0.0,0.0,0.0,0.0,0.0,0.0,73.0,24.7,29.3,29.7,29.6,29.8,29.4,24.5,23.0,0.0,31.0,2.3200000000001637,14.0,471.0,1.8,1.13,29.8,11.52574604,False
2022-06-24 10:00:00,86.28571428571429,0.0,0.0,0.0,0.0,0.0,60.30769230769231,25.185714285714287,29.428571428571427,29.942857142857143,29.88571428571429,29.985714285714288,29.75,24.638461538461534,30.333333333333332,0.0,33.0,2.0399999999999636,9.916666666666666,347.1666666666667,1.9166666666666667,0.9916666666666666,30.3,13.11245941,False
2022-06-24 10:15:00,41.69230769230769,0.0,0.0,0.0,0.0,0.0,58.888888888888886,25.54615384615385,29.53,30.0,29.98,30.0,29.922222222222224,24.622222222222224,35.77777777777778,0.0,33.55555555555556,2.3599999999996726,7.166666666666667,319.8888888888889,1.9444444444444444,0.9066666666666667,30.333333333333332,14.701952640000002,False
2022-06-24 10:30:00,29.25,0.0,0.0,0.0,0.0,0.0,57.0,25.366666666666664,29.689999999999998,30.07,30.0,30.080000000000002,30.05,24.349999999999998,32.9,0.0,34.2,2.400000000000091,8.25,270.6,1.98,0.9369999999999999,30.7,13.721240519999998,False
2022-06-24 10:45:00,64.8,0.0,0.0,0.0,0.0,0.0,56.23076923076923,25.586666666666662,29.88333333333333,30.149999999999995,30.14615384615384,30.21538461538461,30.250000000000004,24.63076923076923,26.363636363636363,0.0,35.0,2.200000000000273,8.818181818181818,280.0,2.0272727272727273,0.9600000000000001,30.96666666666667,9.778278349,False
2022-06-24 11:00:00,53.92857142857143,0.0,0.0,0.0,0.0,0.0,10.545454545454545,25.59285714285715,30.0,30.26666666666667,30.24166666666667,30.308333333333337,30.43636363636364,25.672727272727272,6.9,0.0,31.5,1.6799999999998363,20.0,84.7,1.8400000000000003,1.3599999999999999,31.3,3.819056925,False
2022-06-24 11:15:00,73.5,0.0,0.0,0.0,0.0,0.0,0.0,25.25,30.05454545454546,30.40909090909091,30.354545454545452,30.44545454545454,30.609090909090902,27.133333333333336,13.818181818181818,0.0,31.90909090909091,1.2399999999997817,15.727272727272727,381.1818181818182,1.863636363636364,1.210909090909091,31.266666666666666,6.329577666,False
2022-06-24 11:30:00,61.357142857142854,16.25,16.25,20.0,20.0,16.25,107.92307692307692,25.407142857142855,30.174999999999997,30.491666666666664,30.43076923076923,30.5,30.66666666666666,24.77692307692308,41.36363636363637,15.181818181818182,34.18181818181818,0.8800000000001091,7.5,735.1818181818181,1.9727272727272724,0.9272727272727274,31.5,21.18600508,False
2022-06-24 11:45:00,35.69230769230769,0.0,0.0,0.0,0.0,0.0,100.93333333333334,25.476923076923075,29.708333333333332,29.974999999999998,29.88181818181818,30.127272727272725,29.958333333333332,23.020000000000003,35.4,0.0,34.1,5.680000000000291,7.8,655.7,1.9599999999999997,0.9209999999999999,31.833333333333332,13.528063080000003,False
2022-06-24 12:00:00,58.07692307692308,0.0,0.0,0.0,0.0,0.0,20.363636363636363,25.638461538461538,28.880000000000003,29.22,29.169999999999995,29.619999999999997,29.119999999999997,24.4,21.8,0.0,33.3,3.0799999999999272,11.4,478.5,1.9300000000000002,1.052,32.199999999999996,9.363131745999999,False
2022-06-24 12:15:00,54.90909090909091,0.0,0.0,0.0,0.0,0.0,0.0,25.681818181818176,28.61111111111111,28.88888888888889,28.811111111111114,29.300000000000004,28.709999999999997,26.009999999999998,17.0,0.0,33.5,1.1199999999998909,16.5,338.3,1.94,1.2280000000000002,32.36666666666667,7.853177991,False
2022-06-24 12:30:00,77.76923076923077,0.0,0.0,0.0,0.0,0.0,0.0,22.99230769230769,28.36666666666667,28.983333333333334,28.800000000000008,29.300000000000008,28.699999999999992,26.34545454545455,26.4,0.0,33.5,2.5599999999999454,10.3,555.2,1.9400000000000002,1.0110000000000001,32.53333333333333,10.47812406,False
2022-06-24 12:45:00,115.21428571428571,0.0,0.0,0.0,0.0,0.0,0.0,22.764285714285716,28.318181818181817,29.099999999999998,28.854545454545452,29.300000000000008,28.718181818181815,26.62727272727272,28.636363636363637,0.0,34.0,3.0799999999999272,10.590909090909092,534.0909090909091,1.9545454545454548,1.0263636363636364,33.13333333333333,12.23615136,False
2022-06-24 13:00:00,56.916666666666664,0.0,0.0,0.0,0.0,0.0,0.0,22.35833333333333,28.619999999999994,29.240000000000002,29.05454545454546,29.369999999999997,28.78,27.109999999999996,10.11111111111111,0.0,32.666666666666664,2.2800000000002,15.11111111111111,279.22222222222223,1.877777777777778,1.177777777777778,33.333333333333336,4.119005165,False
2022-06-24 13:15:00,0.0,0.0,0.0,0.0,0.0,0.0,0.0,23.616666666666664,28.77692307692307,29.346153846153843,29.26666666666667,29.50833333333334,28.7076923076923,27.138461538461534,0.0,0.0,32.54545454545455,0.11999999999989086,20.5,0.0,1.8909090909090909,1.3709090909090909,33.3,0.0,False
2022-06-24 14:30:00,82.08333333333333,0.0,0.0,0.0,0.0,0.0,0.0,23.84166666666667,30.027272727272727,30.300000000000008,30.300000000000008,30.45454545454545,29.94545454545454,29.33636363636364,32.0,0.0,34.6,3.0799999999999272,8.45,665.0,1.9799999999999998,0.951,33.766666666666666,13.604348190000001,False
2022-06-24 14:45:00,93.16666666666667,0.0,0.0,0.0,0.0,0.0,0.0,24.000000000000004,30.0,30.300000000000008,30.300000000000008,30.416666666666668,29.854545454545452,29.163636363636364,31.272727272727273,0.0,35.45454545454545,3.7200000000002547,10.136363636363637,627.5454545454545,2.0454545454545454,1.01,34.06666666666667,12.852245579999998,False
2022-06-24 15:00:00,119.3076923076923,0.0,0.0,0.0,0.0,0.0,0.0,23.93076923076923,30.018181818181823,30.38181818181818,30.330000000000002,30.5,29.845454545454547,29.09090909090909,33.6,0.0,35.8,3.6799999999998363,9.6,695.6,2.0800000000000005,0.9949999999999999,34.300000000000004,13.922073480000002,False
2022-06-24 15:15:00,101.66666666666667,0.0,0.0,0.0,0.0,0.0,0.0,23.54,30.1,30.4,30.4,30.5,29.60909090909091,29.08181818181818,25.09090909090909,0.0,34.72727272727273,3.400000000000091,11.045454545454545,621.8181818181819,2.0090909090909093,1.0390909090909093,34.300000000000004,10.46675317,False
2022-06-24 15:30:00,78.58333333333333,0.0,0.0,0.0,0.0,0.0,0.0,23.691666666666674,30.179999999999996,30.43,30.4,30.5,29.340000000000003,29.040000000000003,20.22222222222222,0.0,34.111111111111114,2.599999999999909,13.055555555555555,467.1111111111111,1.9888888888888887,1.108888888888889,34.4,8.665710373,False
2022-06-24 15:45:00,74.6923076923077,0.0,0.0,0.0,0.0,0.0,0.0,23.72307692307692,30.216666666666665,30.5,30.399999999999995,30.575000000000003,29.207692307692305,28.915384615384617,8.636363636363637,0.0,33.45454545454545,2.5599999999999454,14.909090909090908,456.8181818181818,1.918181818181818,1.1699999999999997,34.300000000000004,3.504081313,False
2022-06-24 16:00:00,0.0,0.0,0.0,0.0,0.0,0.0,0.0,24.37272727272727,30.300000000000008,30.5,30.48,30.6,29.072727272727274,28.699999999999992,0.0,0.0,33.8,1.9600000000000364,19.45,0.0,1.97,1.325,34.73333333333333,0.0,False
2022-06-24 17:15:00,41.18181818181818,41.18181818181818,41.18181818181818,41.18181818181818,40.09090909090909,45.583333333333336,45.3,26.727272727272727,27.754545454545454,27.918181818181814,27.354545454545452,28.281818181818185,29.950000000000003,28.179999999999996,18.7,17.3,33.9,0.8800000000001091,14.5,346.2,1.97,1.149,32.8,15.90391707,False
2022-06-24 17:30:00,0.0,0.0,0.0,0.0,0.0,0.0,0.0,26.679999999999996,28.410000000000004,28.3,28.45,28.99,29.699999999999996,29.310000000000002,0.0,0.0,32.8,3.0,17.85,0.0,1.8900000000000001,1.2710000000000001,32.2,0.0,False
2022-06-24 18:15:00,0.0,0.0,0.0,0.0,0.0,0.0,0.0,24.818181818181817,28.763636363636365,29.12727272727272,28.9,29.44545454545454,29.199999999999992,29.34545454545455,0.0,0.0,31.0,3.4400000000000546,17.0,0.0,1.8000000000000003,1.2359999999999998,32.266666666666666,0.0,False
2022-06-25 08:30:00,130.27272727272728,0.0,0.0,0.0,0.0,0.0,0.0,28.454545454545453,32.490909090909085,32.72727272727272,32.50000000000001,32.5090909090909,32.65454545454545,33.290909090909096,43.3,0.0,32.2,0.40000000000009095,8.9,674.3,1.86,0.9709999999999999,28.733333333333334,17.826661899999998,False
2022-06-25 08:45:00,93.66666666666667,0.0,0.0,0.0,0.0,0.0,0.0,24.716666666666665,32.300000000000004,32.60000000000001,32.02499999999999,32.34666666666667,32.2,32.86470588235295,27.0,0.0,31.055555555555557,4.0,9.972222222222221,336.6111111111111,1.7944444444444443,0.9994444444444446,28.96666666666667,12.260820690000001,False
2022-06-25 09:00:00,107.34782608695652,0.0,0.0,0.0,0.0,0.0,0.0,24.59565217391304,32.3,32.594444444444456,31.89999999999999,32.3,32.01,32.7,20.82608695652174,0.0,30.26086956521739,2.0399999999999636,10.804347826086957,467.3478260869565,1.7565217391304344,1.0304347826086957,29.366666666666664,8.798004822000001,False
2022-06-25 09:15:00,92.70833333333333,0.0,0.0,0.0,0.0,0.0,0.0,24.774999999999995,32.29999999999999,32.60000000000001,31.93157894736842,32.3,31.8421052631579,32.60526315789474,17.423076923076923,0.0,30.384615384615383,1.919999999999618,11.961538461538462,475.8076923076923,1.7884615384615377,1.0684615384615381,29.600000000000005,6.992788264,False
2022-06-25 09:30:00,107.21739130434783,0.0,0.0,0.0,0.0,0.0,0.0,24.6608695652174,32.3,32.56500000000001,31.99,32.29999999999999,31.61363636363637,32.39999999999998,21.958333333333332,0.0,31.041666666666668,2.0400000000004184,10.5,524.1666666666666,1.812499999999999,1.0183333333333333,29.933333333333334,8.878367479000001,False
2022-06-25 09:45:00,67.94444444444444,0.0,0.0,0.0,0.0,0.0,52.470588235294116,24.788888888888895,32.300000000000004,32.550000000000004,32.0,32.300000000000004,31.453333333333333,31.458823529411763,24.8125,0.0,31.6875,2.4799999999995634,14.3125,366.5625,1.8374999999999995,1.1443750000000001,30.433333333333334,12.096713320000001,False
2022-06-25 10:00:00,95.15384615384616,0.0,0.0,0.0,0.0,0.0,85.4,24.57692307692308,32.300000000000004,32.60000000000001,32.06363636363637,32.39999999999999,31.21999999999999,25.93,39.2,0.0,33.0,4.080000000000382,8.05,830.6,1.9099999999999997,0.9289999999999999,30.566666666666666,15.694690230000003,False
2022-06-25 10:15:00,96.78571428571429,0.0,0.0,0.0,0.0,0.0,66.0,24.514285714285712,32.300000000000004,32.60000000000001,32.10000000000001,32.39999999999999,31.160000000000004,25.35,42.666666666666664,0.0,33.22222222222222,4.239999999999782,8.61111111111111,830.1111111111111,1.9222222222222223,0.9455555555555555,30.833333333333332,17.9642772,False
2022-06-25 10:30:00,60.75,6.5,6.5,6.5,5.909090909090909,5.909090909090909,70.27272727272727,24.599999999999998,32.300000000000004,32.60000000000001,32.17999999999999,32.47272727272727,31.072727272727278,24.90909090909091,35.54545454545455,5.0,33.18181818181818,3.9600000000000364,9.045454545454545,831.0,1.9181818181818182,0.9609090909090908,31.233333333333334,17.573647719999997,False
2022-06-25 10:45:00,93.81818181818181,14.444444444444445,14.444444444444445,14.444444444444445,14.444444444444445,14.444444444444445,93.33333333333333,24.654545454545453,32.0,32.266666666666666,31.833333333333332,32.27777777777778,30.688888888888886,23.82222222222222,40.9,11.0,34.7,5.400000000000091,5.6,636.0,1.9700000000000002,0.8619999999999999,31.333333333333332,18.099289230000004,False
2022-06-25 11:00:00,80.44444444444444,0.0,0.0,0.0,0.0,0.0,67.0,24.5,31.114285714285717,31.357142857142858,31.014285714285716,31.67142857142857,29.842857142857138,24.071428571428573,36.125,0.0,34.125,3.119999999999891,8.625,600.75,1.9749999999999999,0.9474999999999999,31.76666666666667,14.906648140000001,False
2022-06-25 11:15:00,66.4,0.0,0.0,0.0,0.0,0.0,56.25,24.550000000000004,30.71428571428571,30.871428571428574,30.557142857142857,31.425000000000004,29.400000000000002,24.5375,34.714285714285715,0.0,33.714285714285715,3.0399999999999636,7.857142857142857,601.2857142857143,1.9285714285714288,0.9228571428571428,31.900000000000002,14.14728524,False
2022-06-25 11:30:00,63.0,0.0,0.0,0.0,0.0,0.0,67.8,24.518181818181816,30.630000000000003,30.709999999999997,30.229999999999997,31.18,29.1,24.849999999999998,33.5,0.0,34.125,2.880000000000109,8.3125,563.625,1.975,0.93875,31.666666666666668,13.8408293,False
2022-06-25 11:45:00,76.72727272727273,0.0,0.0,0.0,0.0,0.0,65.22222222222223,24.55454545454546,30.599999999999998,30.699999999999996,30.287500000000005,31.099999999999998,29.149999999999995,24.611111111111114,33.0,0.0,34.25,1.9200000000000728,9.8125,515.625,1.9375000000000002,0.9874999999999999,31.5,14.365964380000001,False
2022-06-25 12:00:00,64.71428571428571,0.0,0.0,0.0,0.0,0.0,0.0,25.014285714285712,30.759999999999998,30.82,30.499999999999996,31.200000000000003,29.266666666666666,25.333333333333332,22.25,0.0,32.0,2.0,13.0,430.25,1.875,1.105,31.96666666666667,9.922249975000001,False
2022-06-25 12:15:00,81.88888888888889,0.0,0.0,0.0,0.0,0.0,0.0,24.522222222222226,30.914285714285715,31.0,30.71428571428572,31.414285714285715,29.542857142857144,26.314285714285713,7.5,0.0,31.75,2.2399999999997817,16.1875,207.5,1.8625000000000003,1.2137500000000003,32.5,3.417475449,False
2022-06-25 12:30:00,140.6,0.0,0.0,0.0,0.0,0.0,0.0,24.46,30.979999999999997,31.060000000000002,30.799999999999997,31.425,29.675,26.4,31.75,0.0,33.5,2.0399999999999636,9.875,642.75,1.9249999999999998,1.005,32.36666666666667,13.03978033,False
2022-06-25 12:45:00,52.30769230769231,0.0,0.0,0.0,0.0,0.0,0.0,24.73076923076923,31.17777777777778,31.266666666666666,31.03,31.580000000000002,29.61111111111111,26.633333333333336,7.777777777777778,0.0,31.88888888888889,2.1200000000003456,17.055555555555557,242.55555555555554,1.8444444444444446,1.2422222222222221,32.766666666666666,3.5632236780000004,False
2022-06-25 13:00:00,75.5,0.0,0.0,0.0,0.0,0.0,0.0,25.016666666666666,31.266666666666666,31.333333333333332,31.2,31.666666666666668,29.55714285714286,26.87142857142857,16.0,0.0,33.333333333333336,1.8799999999996544,18.0,173.66666666666666,1.9500000000000002,1.27,32.800000000000004,8.066499038,False
2022-06-25 13:15:00,87.875,0.0,0.0,0.0,0.0,0.0,0.0,24.6125,31.3875,31.45,31.34444444444444,31.84444444444445,29.22222222222222,27.188888888888886,17.285714285714285,0.0,33.285714285714285,2.1200000000003456,13.642857142857142,454.57142857142856,1.9000000000000001,1.125714285714286,33.46666666666667,6.9437565260000005,False
2022-06-25 13:30:00,78.0625,0.0,0.0,0.0,0.0,0.0,0.0,24.668749999999996,31.364285714285717,31.435714285714283,31.27857142857143,31.78571428571428,29.328571428571433,27.12142857142857,14.153846153846153,0.0,32.76923076923077,0.11999999999989086,14.961538461538462,389.3076923076923,1.8923076923076918,1.1776923076923078,33.7,5.840703275,False
2022-06-25 13:45:00,16.41176470588235,0.0,0.0,0.0,0.0,0.0,25.941176470588236,25.08235294117647,31.735714285714288,31.742857142857144,31.62666666666666,32.037499999999994,29.4375,27.829411764705885,14.411764705882353,0.0,33.35294117647059,0.03999999999996362,16.61764705882353,232.0,1.917647058823529,1.2435294117647058,33.9,6.334085549,False
2022-06-25 14:00:00,0.0,0.0,0.0,0.0,0.0,0.0,88.05882352941177,25.906249999999993,32.08235294117648,32.017647058823535,32.00625,32.300000000000004,29.39999999999999,25.858823529411765,33.05882352941177,0.0,35.294117647058826,4.039999999999964,9.617647058823529,579.6470588235294,2.0352941176470587,0.9935294117647057,34.43333333333334,14.8503634,False
2022-06-25 14:15:00,29.05,17.105263157894736,17.105263157894736,17.105263157894736,16.25,16.25,117.71428571428571,25.95,32.13157894736842,32.1578947368421,32.073684210526324,32.425000000000004,29.525000000000006,24.94285714285714,48.904761904761905,18.095238095238095,37.0,4.7199999999998,2.642857142857143,803.4761904761905,2.1190476190476195,0.7771428571428571,34.36666666666667,21.99889625,False
2022-06-25 14:30:00,0.0,0.0,0.0,0.0,0.0,0.0,100.7,26.685714285714283,31.831818181818186,31.727272727272727,31.647619047619052,32.327272727272735,29.23,24.799999999999997,43.375,0.0,36.625,5.5600000000004,5.8125,619.7083333333334,2.095833333333334,0.8616666666666667,34.93333333333334,15.726219680000002,False
2022-06-25 14:45:00,0.0,0.0,0.0,0.0,0.0,0.0,69.76470588235294,26.005555555555546,30.787499999999998,30.812499999999996,30.768749999999994,31.612499999999997,28.64666666666667,25.164705882352948,30.05263157894737,0.0,35.63157894736842,4.0,9.81578947368421,499.42105263157896,2.0631578947368427,0.993684210526316,34.733333333333334,13.349227009999998,False
2022-06-25 15:00:00,0.0,0.0,0.0,0.0,0.0,0.0,105.3157894736842,25.927272727272733,30.600000000000012,30.7,30.610526315789482,31.255555555555556,28.5,23.963157894736838,56.21052631578947,0.0,36.68421052631579,3.799999999999727,2.736842105263158,768.578947368421,2.115789473684211,0.7721052631578945,34.4,20.498107630000003,False
2022-06-25 15:15:00,0.0,0.0,0.0,0.0,0.0,0.0,83.73076923076923,26.277272727272724,30.66818181818182,30.718181818181804,30.682608695652174,31.204545454545453,28.60000000000002,23.27307692307692,33.09090909090909,0.0,35.27272727272727,3.6399999999998727,7.9772727272727275,619.3636363636364,2.0454545454545463,0.9377272727272725,34.199999999999996,13.497447369999998,False
2022-06-25 15:30:00,0.0,0.0,0.0,0.0,0.0,0.0,78.57142857142857,26.948,30.822727272727267,30.88636363636363,30.931818181818187,31.33461538461538,28.849999999999998,22.86785714285714,32.892857142857146,0.0,34.67857142857143,4.800000000000182,7.232142857142857,540.9642857142857,1.989285714285714,0.9139285714285713,32.800000000000004,13.567100850000001,False
2022-06-25 15:45:00,0.0,0.0,0.0,0.0,0.0,0.0,66.9,27.6,31.022222222222233,31.055555555555568,31.26666666666667,31.478947368421053,29.27894736842105,22.38,25.2,0.0,30.48,3.7199999999998,7.32,532.8,1.7880000000000007,0.9148,30.03333333333333,10.18581961,False
2022-06-25 16:00:00,0.0,0.0,0.0,0.0,0.0,0.0,0.0,28.176190476190474,31.133333333333347,31.22380952380951,31.399999999999988,31.543478260869573,29.654545454545442,23.99090909090909,0.0,0.0,27.2,1.3200000000001637,16.44,0.0,1.6000000000000005,1.2159999999999997,28.633333333333336,0.0,False
2022-06-30 13:15:00,90.58333333333333,0.0,0.0,0.0,0.0,0.0,0.0,23.549999999999997,29.8625,29.825000000000003,30.699999999999996,30.85,30.599999999999998,28.737500000000004,11.6,0.0,26.5,1.4000000000005457,13.55,149.5,1.59,1.121,26.099999999999998,5.836259499,False
2022-06-30 13:30:00,0.0,0.0,0.0,0.0,0.0,0.0,0.0,24.636363636363637,30.072727272727267,30.099999999999998,30.836363636363636,30.954545454545453,30.5,28.970000000000006,0.0,0.0,24.636363636363637,0.03999999999996362,20.59090909090909,0.0,1.5,1.3754545454545453,27.0,0.0,False
2022-06-30 14:15:00,0.0,0.0,0.0,82.36363636363636,0.0,0.0,0.0,27.25,30.66363636363636,30.718181818181815,27.963636363636365,31.369999999999997,30.95,30.05,16.636363636363637,0.0,28.363636363636363,0.31999999999970896,14.181818181818182,303.90909090909093,1.6909090909090911,1.1427272727272726,27.933333333333334,8.251263846,False
2022-06-30 14:30:00,0.0,0.0,0.0,89.83333333333333,0.0,0.0,0.0,27.081818181818186,30.699999999999992,30.8,26.491666666666664,31.371428571428574,30.800000000000008,29.96363636363636,19.1,0.0,28.2,2.5200000000004366,13.25,165.3,1.6800000000000002,1.1110000000000002,26.900000000000002,8.998634443,False
2022-06-30 14:45:00,0.0,0.0,0.0,0.0,59.06666666666667,0.0,0.0,27.277777777777782,30.65555555555555,30.977777777777778,27.91111111111111,29.20666666666666,30.855555555555554,30.0,27.11111111111111,0.0,28.0,0.23999999999978172,13.5,147.0,1.677777777777778,1.1333333333333333,26.933333333333334,13.524805319999999,False
2022-06-30 15:00:00,0.0,0.0,0.0,0.0,85.2,0.0,0.0,27.649999999999995,30.169999999999998,31.0,28.079999999999995,25.020000000000003,30.95,30.240000000000002,41.45454545454545,0.0,32.36363636363637,2.680000000000291,5.409090909090909,337.90909090909093,1.8545454545454545,0.8509090909090908,27.266666666666666,16.375736869999997,False
2022-06-30 15:15:00,0.0,0.0,0.0,0.0,80.92,22.304347826086957,0.0,28.15357142857143,29.94999999999999,31.0,28.033333333333342,24.956,31.1608695652174,30.54545454545456,34.19230769230769,0.0,30.423076923076923,2.319999999999709,8.25,297.0,1.7653846153846149,0.9484615384615384,27.8,14.09029364,False
2022-06-30 15:30:00,0.0,0.0,0.0,0.0,60.8421052631579,110.41666666666667,0.0,28.577777777777776,29.800000000000004,31.0,28.211111111111112,25.3,28.82916666666667,30.7,41.2,0.0,31.8,2.519999999999527,9.1,329.95,1.8549999999999998,0.9629999999999999,27.7,17.30272664,False
2022-06-30 15:45:00,14.772727272727273,20.681818181818183,20.681818181818183,20.526315789473685,90.89473684210526,99.55,20.526315789473685,28.863636363636363,29.704545454545453,30.927272727272726,28.56842105263158,25.08947368421053,25.955000000000002,30.91578947368421,53.26086956521739,16.82608695652174,33.65217391304348,3.2000000000007276,3.717391304347826,361.4782608695652,1.9217391304347822,0.8013043478260868,28.0,24.43630342,False
2022-06-30 16:00:00,0.0,0.0,0.0,0.0,85.94444444444444,109.21739130434783,0.0,28.96111111111111,28.984210526315785,30.04736842105263,28.494444444444436,25.061111111111117,24.78260869565218,30.984210526315792,59.291666666666664,0.0,33.458333333333336,4.8400000000001455,5.3125,352.2916666666667,1.9416666666666667,0.8458333333333333,28.333333333333332,22.58003759,False
2022-06-30 16:15:00,0.0,0.0,0.0,0.0,80.6470588235294,77.33333333333333,0.0,28.250000000000004,28.18666666666667,29.320000000000004,28.119999999999997,25.317647058823532,24.18333333333333,30.45,37.888888888888886,0.0,30.166666666666668,4.799999999999272,9.222222222222221,345.22222222222223,1.7555555555555558,0.9783333333333333,27.833333333333332,17.55136188,False
2022-06-30 16:30:00,0.0,0.0,0.0,0.0,104.70370370370371,85.29032258064517,0.0,27.49999999999999,27.99615384615384,28.884615384615365,27.899999999999984,25.22962962962963,24.09032258064515,29.924999999999994,52.45454545454545,0.0,31.09090909090909,3.1599999999998545,5.409090909090909,391.40909090909093,1.786363636363636,0.8486363636363634,27.53333333333333,20.38146399,False
2022-06-30 16:45:00,0.0,0.0,0.0,0.0,91.18518518518519,0.0,0.0,27.52142857142858,28.018518518518526,28.75185185185187,27.93703703703703,24.788888888888884,24.662499999999994,29.904166666666658,31.464285714285715,0.0,29.321428571428573,3.040000000000873,8.964285714285714,278.7142857142857,1.721428571428571,0.9707142857142859,27.366666666666664,13.91906822,False
2022-06-30 17:00:00,0.0,0.0,0.0,0.0,84.0,0.0,0.0,27.875,28.114285714285728,28.814285714285717,28.15263157894736,24.08181818181818,25.599999999999994,30.166666666666657,44.34615384615385,0.0,30.653846153846153,2.639999999999418,3.076923076923077,275.88461538461536,1.7923076923076924,0.795,27.53333333333333,17.11033077,False
2022-06-30 17:15:00,0.0,0.0,0.0,0.0,98.61904761904762,0.0,0.0,28.224999999999994,28.331578947368417,28.95263157894737,28.425,24.11904761904762,25.99565217391305,30.395652173913028,47.68181818181818,0.0,30.318181818181817,2.6400000000003274,3.590909090909091,289.77272727272725,1.781818181818182,0.8100000000000002,27.733333333333334,17.91991214,False
2022-06-30 17:30:00,0.0,0.0,0.0,0.0,37.57142857142857,0.0,0.0,28.54500000000001,28.54375,29.10625,28.670588235294108,25.25238095238095,26.400000000000002,30.500000000000004,9.818181818181818,0.0,26.272727272727273,2.9200000000000728,14.340909090909092,98.54545454545455,1.5909090909090908,1.1522727272727273,27.96666666666667,5.3969531790000005,False
2022-06-30 17:45:00,0.0,0.0,0.0,0.0,0.0,0.0,0.0,28.81428571428571,28.77777777777778,29.2888888888889,28.91111111111111,27.27777777777777,27.07222222222222,30.688888888888886,0.0,0.0,21.82608695652174,0.03999999999996362,21.456521739130434,0.0,1.3999999999999995,1.4095652173913045,27.8,,False
2022-06-30 19:00:00,0.0,0.0,0.0,0.0,0.0,0.0,0.0,30.111111111111104,29.95555555555556,30.233333333333334,30.139999999999997,28.288888888888888,30.15,31.562499999999996,0.0,0.0,25.0,0.03999999999996362,25.27777777777778,0.0,1.5,1.5755555555555558,27.46666666666667,,False
2022-06-30 20:00:00,11.818181818181818,5.416666666666667,5.416666666666667,5.416666666666667,10.833333333333334,10.0,10.0,30.136363636363637,29.96666666666667,30.358333333333334,30.25,28.3,30.430769230769233,31.800000000000004,20.90909090909091,10.0,29.545454545454547,2.9200000000000728,2.5,45.63636363636363,1.7545454545454546,0.77,26.899999999999995,9.028108258,False
2022-06-30 20:15:00,0.0,0.0,0.0,0.0,0.0,0.0,0.0,29.018181818181823,29.254545454545454,29.581818181818186,29.272727272727273,28.80909090909091,29.57,30.939999999999998,14.2,0.0,29.0,0.9200000000000728,6.4,0.0,1.73,0.885,26.899999999999995,4.083037044,False
2022-06-30 20:30:00,0.0,0.0,0.0,0.0,84.81818181818181,0.0,0.0,28.01,28.781818181818185,29.300000000000008,28.788888888888884,28.645454545454548,28.82222222222222,30.177777777777774,15.2,0.0,31.3,0.8800000000001091,6.9,67.2,1.8,0.9029999999999999,27.03333333333333,4.251895465,False
2022-06-30 20:45:00,0.0,0.0,0.0,0.0,21.8,0.0,0.0,27.490909090909096,28.699999999999992,29.300000000000008,28.740000000000002,28.509999999999998,28.63636363636363,29.736363636363635,0.0,0.0,25.444444444444443,0.7999999999992724,21.5,0.0,1.5222222222222221,1.4155555555555555,27.0,,False
2022-06-30 21:30:00,0.0,0.0,0.0,0.0,0.0,0.0,0.0,28.68,29.545454545454547,30.000000000000004,29.718181818181815,28.69090909090909,29.54,30.52,0.0,0.0,24.181818181818183,0.8800000000001091,23.272727272727273,0.0,1.5,1.4845454545454544,27.399999999999995,,False
2022-06-30 22:00:00,0.0,0.0,0.0,0.0,13.9,0.0,0.0,29.199999999999996,30.072727272727267,30.36363636363636,30.22,28.53,30.03,30.97,0.0,0.0,25.181818181818183,0.8800000000001091,22.136363636363637,67.27272727272727,1.518181818181818,1.4418181818181817,27.3,,False
2022-06-30 22:30:00,0.0,0.0,0.0,0.0,37.0,0.0,0.0,29.49,30.540000000000003,30.439999999999998,30.690909090909088,28.46363636363636,30.38888888888889,31.311111111111114,4.363636363636363,0.0,26.09090909090909,0.5200000000004366,18.954545454545453,92.0909090909091,1.5727272727272725,1.3190909090909089,,2.459522391,False
2022-06-30 22:45:00,0.0,0.0,0.0,0.0,0.0,0.0,0.0,29.611111111111104,30.666666666666668,30.466666666666665,30.78,28.880000000000003,30.533333333333335,31.45555555555556,0.0,0.0,24.1,0.27999999999974534,24.2,0.0,1.5,1.5259999999999998,,,False
2022-06-30 23:00:00,0.0,0.0,0.0,0.0,83.66666666666667,0.0,0.0,29.846153846153843,30.76666666666667,30.600000000000005,30.96153846153846,28.546666666666667,30.692307692307686,31.538461538461547,18.307692307692307,0.0,28.076923076923077,0.03999999999996362,17.5,155.46153846153845,1.6615384615384619,1.2707692307692307,,10.56580237,False
2022-06-30 23:15:00,0.0,0.0,0.0,0.0,0.0,0.0,0.0,29.96666666666667,30.86363636363636,30.63636363636363,31.10909090909091,28.833333333333332,30.772727272727273,31.727272727272727,0.0,0.0,24.9,0.8800000000001091,24.2,0.0,1.5,1.5230000000000004,,,False
2022-06-30 23:30:00,0.0,0.0,0.0,0.0,81.33333333333333,0.0,0.0,30.07,30.981818181818184,30.663636363636364,31.24545454545455,28.483333333333334,30.939999999999998,31.839999999999996,15.8,0.0,27.4,0.07999999999992724,17.5,165.3,1.6299999999999997,1.2740000000000002,,9.723030557,False
2022-06-30 23:45:00,0.0,0.0,0.0,0.0,0.0,0.0,0.0,30.2,31.060000000000002,30.609999999999996,31.34444444444445,28.880000000000006,31.05,31.970000000000006,0.0,0.0,24.6,0.8800000000001091,24.15,0.0,1.5,1.5219999999999998,,,False
2022-07-01 00:00:00,0.0,0.0,0.0,0.0,84.0,0.0,0.0,30.34444444444445,31.199999999999996,30.633333333333333,31.43333333333333,28.4,31.233333333333334,32.1,15.6,0.0,27.4,0.03999999999996362,17.8,158.0,1.64,1.284,27.5,9.890213931999998,False
2022-07-01 00:15:00,0.0,0.0,0.0,0.0,0.0,0.0,0.0,30.481818181818184,31.199999999999996,30.5,31.5,28.75,31.310000000000002,32.199999999999996,0.0,0.0,24.8,0.8400000000001455,24.3,0.0,1.5,1.5260000000000002,27.266666666666666,,False
2022-07-01 00:45:00,0.0,0.0,0.0,0.0,0.0,0.0,0.0,30.699999999999992,31.300000000000008,30.300000000000008,31.5,28.66666666666666,31.5,32.300000000000004,0.0,0.0,24.333333333333332,0.7599999999993088,23.27777777777778,0.0,1.5,1.4866666666666664,26.900000000000002,,False
2022-07-01 01:15:00,0.0,0.0,0.0,0.0,52.72727272727273,0.0,0.0,30.763636363636365,31.370000000000005,30.419999999999998,31.6,28.3,31.6,32.300000000000004,10.8,0.0,26.5,0.16000000000076398,16.45,126.2,1.59,1.238,27.266666666666666,6.364836573,False
2022-07-01 01:30:00,0.0,0.0,0.0,0.0,0.0,0.0,0.0,30.869999999999997,31.400000000000002,30.38888888888889,31.599999999999998,28.744444444444444,31.599999999999998,32.388888888888886,0.0,0.0,24.0,0.7599999999993088,23.9,0.0,1.5,1.5099999999999998,27.333333333333332,,False
2022-07-01 02:00:00,0.0,0.0,0.0,0.0,0.0,0.0,0.0,31.011111111111113,31.400000000000002,30.333333333333332,31.699999999999996,28.64444444444444,31.699999999999996,32.422222222222224,0.0,0.0,24.545454545454547,0.8800000000001091,22.863636363636363,0.0,1.5,1.469090909090909,27.2,,False
2022-07-01 02:30:00,0.0,0.0,0.0,0.0,64.27272727272727,0.0,0.0,31.1,31.49,30.28,31.699999999999996,28.34545454545454,31.800000000000004,32.5,11.0,0.0,26.6,0.48000000000047294,16.0,174.4,1.6,1.22,27.133333333333336,6.204499991,False
2022-07-01 02:45:00,0.0,0.0,0.0,0.0,0.0,0.0,0.0,31.159999999999997,31.466666666666672,30.14444444444444,31.733333333333334,28.860000000000003,31.800000000000004,32.5,0.0,0.0,24.0,0.4399999999995998,23.9,0.0,1.5,1.5079999999999998,27.100000000000005,,False
2022-07-01 03:00:00,0.0,0.0,0.0,0.0,54.90909090909091,0.0,0.0,31.159999999999997,31.49,30.109999999999996,31.800000000000004,28.40909090909091,31.800000000000004,32.5,9.0,0.0,26.6,0.15999999999985448,18.25,117.1,1.59,1.298,27.166666666666668,5.734062549,False
2022-07-01 03:15:00,0.0,0.0,0.0,0.0,12.583333333333334,0.0,0.0,31.199999999999992,31.45,30.079999999999995,31.800000000000008,28.89166666666667,31.800000000000008,32.60000000000001,3.2,0.0,24.9,0.6000000000003638,23.55,21.8,1.53,1.4969999999999994,27.3,2.8115211220000003,False
2022-07-01 03:30:00,0.0,0.0,0.0,0.0,41.18181818181818,0.0,0.0,31.199999999999992,31.466666666666665,30.15555555555555,31.800000000000004,28.4,31.800000000000004,32.56666666666667,10.0,0.0,26.727272727272727,0.3599999999996726,17.136363636363637,118.9090909090909,1.6,1.2654545454545454,27.433333333333334,5.938571025,False
2022-07-01 03:45:00,0.0,0.0,0.0,0.0,0.0,0.0,0.0,31.28000000000001,31.466666666666665,30.15555555555555,31.800000000000004,28.82222222222222,31.839999999999996,32.60000000000001,0.0,0.0,24.1,0.48000000000047294,24.15,0.0,1.5,1.5239999999999996,27.2,,False
2022-07-01 04:15:00,0.0,0.0,0.0,0.0,52.81818181818182,0.0,0.0,31.300000000000004,31.444444444444443,30.099999999999998,31.800000000000004,28.745454545454546,31.900000000000002,32.6,14.666666666666666,0.0,26.555555555555557,0.8000000000001819,17.666666666666668,157.44444444444446,1.6000000000000003,1.2833333333333332,27.100000000000005,9.636566126,False
2022-07-01 04:30:00,0.0,0.0,0.0,0.0,25.6,0.0,0.0,31.300000000000008,31.481818181818177,30.1,31.800000000000004,28.5,31.9,32.60000000000001,0.0,0.0,25.363636363636363,0.8799999999991996,21.40909090909091,33.81818181818182,1.5363636363636362,1.4118181818181819,27.166666666666668,,False
2022-07-01 04:45:00,0.0,0.0,0.0,0.0,13.727272727272727,0.0,0.0,31.310000000000002,31.5,30.2,31.85,28.927272727272726,31.9,32.60000000000001,9.777777777777779,0.0,25.444444444444443,0.03999999999996362,22.38888888888889,44.55555555555556,1.5555555555555556,1.46,27.100000000000005,8.855648405,False
2022-07-01 05:00:00,0.0,0.0,0.0,0.0,53.5,0.0,0.0,31.311111111111114,31.462500000000002,30.300000000000004,31.900000000000002,28.35,31.900000000000002,32.6,5.111111111111111,0.0,26.333333333333332,0.6000000000003638,19.0,76.0,1.5888888888888888,1.321111111111111,27.066666666666666,3.1315771449999996,False
2022-07-01 05:15:00,0.0,0.0,0.0,0.0,56.69230769230769,0.0,0.0,31.36666666666667,31.5,30.354545454545452,31.9,28.707692307692312,31.90909090909091,32.60000000000001,12.545454545454545,0.0,26.0,0.23999999999978172,18.09090909090909,147.54545454545453,1.5909090909090913,1.302727272727273,27.066666666666666,8.649473866000001,False
2022-07-01 05:30:00,0.0,0.0,0.0,0.0,0.0,0.0,0.0,31.300000000000004,31.5,30.466666666666665,31.900000000000002,28.688888888888886,31.900000000000002,32.6,0.0,0.0,24.9,0.8000000000001819,22.45,0.0,1.52,1.456,26.933333333333334,,False
2022-07-01 06:00:00,0.0,0.0,0.0,0.0,0.0,0.0,0.0,31.4,31.4,30.363636363636363,32.0,28.754545454545447,31.927272727272733,32.60000000000001,0.0,0.0,24.6,0.8000000000001819,23.1,0.0,1.5,1.4799999999999998,26.96666666666667,,False
2022-07-01 06:30:00,0.0,0.0,0.0,0.0,15.1,0.0,0.0,31.37777777777778,31.41111111111111,30.222222222222214,32.0,28.869999999999997,31.900000000000002,32.6,4.2,0.0,25.9,0.9200000000000728,21.25,60.1,1.56,1.411,27.566666666666666,2.9755648929999996,False
2022-07-01 06:45:00,0.0,0.0,0.0,0.0,48.63636363636363,0.0,0.0,31.36666666666666,31.4,30.140000000000004,32.0,28.372727272727275,31.9,32.61,3.6363636363636362,0.0,26.545454545454547,0.680000000000291,18.818181818181817,111.81818181818181,1.6090909090909091,1.3163636363636362,27.766666666666666,2.323618597,False
2022-07-01 07:00:00,0.0,0.0,0.0,0.0,62.916666666666664,0.0,0.0,31.400000000000002,31.4,30.060000000000002,32.010000000000005,28.541666666666668,31.9,32.67999999999999,8.4,0.0,27.3,0.23999999999978172,18.4,178.4,1.6199999999999999,1.3050000000000002,27.900000000000002,4.907496157,False
2022-07-01 07:15:00,0.0,0.0,0.0,0.0,55.30769230769231,0.0,0.0,31.459999999999997,31.472727272727273,30.0,32.10000000000001,28.630769230769225,31.99090909090909,32.699999999999996,8.6,0.0,27.2,0.8000000000001819,18.45,175.3,1.6400000000000001,1.307,28.066666666666666,5.609781551,False
2022-07-01 07:30:00,0.0,0.0,0.0,0.0,15.1,0.0,0.0,31.4,31.5,29.939999999999998,32.1,28.959999999999997,31.933333333333337,32.68888888888889,4.6,0.0,26.3,0.8799999999991996,21.1,52.1,1.6,1.406,28.100000000000005,3.6730756639999997,False
2022-07-01 07:45:00,0.0,0.0,0.0,0.0,53.27272727272727,0.0,0.0,31.45,31.45,29.919999999999998,32.10000000000001,28.381818181818176,31.97,32.69,4.3,0.0,27.0,0.8000000000001819,19.05,123.3,1.64,1.3279999999999998,28.133333333333336,2.291471264,False
2022-07-01 08:00:00,0.0,0.0,0.0,0.0,59.2,0.0,0.0,31.5,31.466666666666665,29.93333333333333,32.1,28.619999999999994,32.0,32.699999999999996,11.5,0.0,27.0,0.03999999999996362,19.125,176.5,1.6,1.3362500000000002,28.133333333333336,8.184517302,False
2022-07-01 08:15:00,0.0,0.0,0.0,0.0,66.46153846153847,0.0,0.0,31.43,31.44545454545454,29.94545454545454,32.10000000000001,28.54615384615385,31.972727272727266,32.68181818181818,16.0,0.0,28.818181818181817,0.8400000000001455,15.863636363636363,167.63636363636363,1.6818181818181819,1.211818181818182,28.633333333333336,8.390833298,False
2022-07-01 08:30:00,0.0,0.0,0.0,0.0,0.0,0.0,0.0,31.422222222222224,31.439999999999998,29.840000000000003,32.10000000000001,28.588888888888885,31.93333333333333,32.699999999999996,0.0,0.0,27.22222222222222,1.0399999999999636,20.055555555555557,0.0,1.5999999999999999,1.3500000000000003,29.066666666666666,,False
2022-07-01 08:45:00,17.727272727272727,17.727272727272727,5.909090909090909,6.5,54.36363636363637,6.5,6.5,31.472727272727266,31.418181818181814,29.881818181818186,32.09,28.763636363636362,31.96,32.699999999999996,16.181818181818183,5.090909090909091,28.636363636363637,0.03999999999996362,16.454545454545453,184.72727272727272,1.7,1.2481818181818183,29.166666666666668,11.552634470000001,False
2022-07-01 09:00:00,8.125,7.222222222222222,7.222222222222222,8.125,14.444444444444445,8.125,8.125,30.962500000000002,30.72222222222222,29.85555555555556,31.2375,28.166666666666668,31.3375,32.3625,18.75,6.875,30.625,2.2799999999997453,5.25,85.0,1.775,0.8512500000000001,29.366666666666664,8.193067829000002,False
2022-07-01 09:15:00,0.0,0.0,0.0,0.0,32.583333333333336,0.0,0.0,29.61818181818182,29.63636363636364,29.03636363636364,30.081818181818186,28.79166666666666,30.59090909090909,31.572727272727274,15.4,0.0,33.1,1.4000000000005457,8.95,19.1,1.9200000000000004,0.9650000000000001,29.766666666666666,4.457130529,False
2022-07-01 09:30:00,0.0,0.0,0.0,0.0,56.8,0.0,0.0,28.825,29.12222222222222,28.833333333333332,29.54444444444444,28.25,30.04444444444444,30.87777777777778,6.888888888888889,0.0,29.666666666666668,1.0399999999999636,18.27777777777778,94.88888888888889,1.7555555555555555,1.2966666666666664,29.0,3.7546460539999997,False
2022-07-01 09:45:00,0.0,0.0,0.0,0.0,0.0,0.0,0.0,29.066666666666663,29.2,29.072727272727274,29.618181818181814,28.41818181818182,30.05454545454546,30.818181818181817,0.0,0.0,26.8,0.7200000000002547,24.25,0.0,1.5999999999999999,1.5270000000000001,29.433333333333334,,False
2022-07-01 10:30:00,0.0,0.0,0.0,0.0,24.0,0.0,0.0,29.759999999999998,29.866666666666674,29.900000000000002,30.144444444444446,28.11111111111111,30.699999999999996,31.5,0.0,0.0,28.2,1.319999999999709,20.05,120.2,1.6999999999999997,1.352,29.833333333333332,,False
2022-07-01 10:45:00,0.0,0.0,0.0,0.0,0.0,0.0,0.0,29.799999999999997,29.830000000000002,29.95,30.07,28.620000000000005,30.699999999999996,31.540000000000003,0.0,0.0,26.90909090909091,0.07999999999992724,23.681818181818183,0.0,1.618181818181818,1.5,30.166666666666668,,False
2022-07-01 11:00:00,0.0,0.0,0.0,0.0,84.2,0.0,0.0,29.966666666666665,30.0,30.088888888888885,30.287500000000005,28.580000000000002,30.7625,31.599999999999998,20.333333333333332,0.0,29.22222222222222,0.03999999999996362,16.166666666666668,380.77777777777777,1.7222222222222223,1.2355555555555553,31.0,10.71944294,False
2022-07-01 11:15:00,0.0,0.0,0.0,0.0,50.333333333333336,0.0,0.0,30.040000000000003,30.139999999999997,30.240000000000002,30.45,28.600000000000005,30.839999999999996,31.71,12.181818181818182,0.0,30.636363636363637,1.800000000000182,17.681818181818183,159.36363636363637,1.7636363636363634,1.2718181818181817,30.833333333333332,6.354909141,False
2022-07-01 11:30:00,0.0,0.0,0.0,0.0,92.92307692307692,0.0,0.0,30.139999999999997,30.281818181818178,30.327272727272724,30.627272727272725,28.499999999999996,30.95,31.9,11.8,0.0,31.5,0.8400000000001455,16.55,335.3,1.8200000000000003,1.2269999999999999,31.0,5.743417962,False
2022-07-01 11:45:00,0.0,0.0,0.0,0.0,52.09090909090909,0.0,54.90909090909091,30.37272727272727,30.46,30.45,30.709999999999997,28.663636363636364,31.159999999999997,31.118181818181814,23.8,0.0,31.5,1.0399999999999636,16.85,347.4,1.85,1.244,31.5,12.54977325,False
2022-07-01 12:00:00,0.0,0.0,0.0,0.0,40.333333333333336,0.0,111.0,30.5,30.619999999999997,30.350000000000005,30.810000000000002,28.525000000000006,31.250000000000007,25.59090909090909,38.333333333333336,0.0,32.55555555555556,2.119999999999891,8.222222222222221,870.5555555555555,1.877777777777778,0.9400000000000001,31.53333333333333,15.415631609999998,False
2022-07-01 12:15:00,0.0,0.0,0.0,0.0,48.833333333333336,0.0,0.0,30.58181818181818,30.699999999999992,30.218181818181815,30.9,28.816666666666663,31.354545454545452,25.954545454545453,16.5,0.0,31.9,4.599999999999454,14.15,225.4,1.8699999999999999,1.145,31.933333333333334,6.901217795999999,False
2022-07-01 12:30:00,0.0,0.0,0.0,0.0,67.3,0.0,0.0,30.629999999999995,30.75,30.04,30.900000000000002,28.47,31.311111111111114,27.14444444444445,22.666666666666668,0.0,32.55555555555556,1.480000000000473,11.61111111111111,396.6666666666667,1.8888888888888888,1.057777777777778,32.26666666666667,9.805875338,False
2022-07-01 12:45:00,34.84615384615385,0.0,0.0,0.0,57.27272727272727,0.0,0.0,30.33076923076923,30.879999999999995,29.9,30.9,28.354545454545452,31.439999999999998,27.529999999999994,26.272727272727273,0.0,32.27272727272727,1.7600000000002183,12.272727272727273,377.0,1.881818181818182,1.0845454545454545,32.3,11.61935409,False
2022-07-01 13:00:00,73.25,0.0,0.0,0.0,0.0,0.0,0.0,26.862500000000004,30.93333333333333,29.900000000000002,30.977777777777778,28.72222222222222,31.5,27.98888888888889,9.8,0.0,31.6,1.800000000000182,15.15,252.0,1.8400000000000003,1.179,32.13333333333333,4.249706005,False
2022-07-01 13:15:00,90.57142857142857,0.0,0.0,0.0,79.66666666666667,0.0,0.0,26.271428571428572,30.97,29.99,31.0,28.45833333333333,31.51,28.459999999999997,27.8,0.0,32.8,1.8799999999991996,11.0,851.2,1.8900000000000001,1.027,32.06666666666667,11.791389279999999,False
2022-07-01 13:30:00,64.71428571428571,0.0,0.0,0.0,0.0,0.0,0.0,26.849999999999994,31.0,30.0,31.011111111111113,28.209999999999997,31.522222222222222,28.744444444444444,4.222222222222222,0.0,31.22222222222222,3.280000000000655,19.444444444444443,209.11111111111111,1.8222222222222224,1.3322222222222222,32.13333333333333,1.7913495100000003,False
2022-07-01 13:45:00,0.0,0.0,0.0,0.0,65.07692307692308,0.0,0.0,26.97692307692308,31.0,29.95454545454545,31.072727272727274,28.423076923076923,31.290909090909096,28.918181818181814,14.272727272727273,0.0,31.272727272727273,0.5999999999994543,15.818181818181818,218.63636363636363,1.8272727272727274,1.2072727272727273,31.866666666666664,6.5254534479999995,False
2022-07-01 14:00:00,0.0,0.0,0.0,0.0,0.0,0.0,0.0,27.26666666666667,30.95555555555556,29.822222222222226,31.099999999999998,28.26666666666667,30.888888888888896,29.04444444444444,0.0,0.0,29.875,1.1199999999998909,20.4375,0.0,1.7750000000000004,1.3637500000000002,31.633333333333336,,False
2022-07-01 14:30:00,0.0,0.0,0.0,0.0,25.9,0.0,0.0,27.689999999999998,31.033333333333335,29.900000000000002,31.199999999999996,28.79,30.61111111111111,29.43333333333333,3.4,0.0,30.5,1.4400000000005093,18.4,183.0,1.78,1.2910000000000001,31.866666666666664,1.139926477,False
2022-07-01 14:45:00,0.0,0.0,0.0,0.0,54.90909090909091,0.0,0.0,27.97,31.080000000000002,30.0,31.199999999999996,28.381818181818176,30.55,29.649999999999995,4.8,0.0,30.9,0.680000000000291,18.05,240.0,1.81,1.2830000000000001,32.46666666666666,2.255989161,False
2022-07-01 15:00:00,0.0,0.0,0.0,0.0,62.916666666666664,0.0,0.0,28.272727272727277,31.02,30.01,31.209999999999997,28.541666666666668,30.6,29.96,13.272727272727273,0.0,31.545454545454547,0.5199999999995271,17.5,390.09090909090907,1.8272727272727274,1.2699999999999998,32.766666666666666,6.699251179999999,False
2022-07-01 15:15:00,0.0,0.0,0.0,0.0,68.63636363636364,0.0,0.0,28.649999999999995,31.0,30.066666666666663,31.199999999999996,28.381818181818186,30.45555555555556,30.022222222222222,8.5,0.0,32.0,1.3599999999996726,17.05,284.0,1.8699999999999999,1.249,32.666666666666664,3.502994115,False
2022-07-01 15:30:00,0.0,0.0,0.0,0.0,15.1,0.0,0.0,28.95555555555556,31.0,30.199999999999996,31.199999999999996,28.49,30.333333333333332,30.022222222222222,3.0,0.0,30.22222222222222,1.360000000000582,21.0,0.0,1.7777777777777781,1.391111111111111,32.13333333333333,1.4928366960000001,False
2022-07-01 15:45:00,21.666666666666668,19.5,19.5,19.5,37.36363636363637,19.5,19.5,29.28888888888889,30.71,30.220000000000006,30.93,27.981818181818188,30.209999999999997,30.389999999999997,31.77777777777778,18.333333333333332,34.55555555555556,0.5199999999995271,3.7777777777777777,256.77777777777777,2.0,0.8088888888888889,32.26666666666666,16.01463398,False
2022-07-01 16:00:00,0.0,0.0,0.0,0.0,101.7,0.0,0.0,28.577777777777783,29.75555555555555,29.522222222222222,29.94444444444445,28.7,29.599999999999998,30.166666666666668,25.333333333333332,0.0,36.666666666666664,3.119999999999891,9.61111111111111,155.11111111111111,2.1333333333333333,0.9755555555555555,32.03333333333333,9.212536269000001,False
2022-07-01 16:15:00,0.0,0.0,0.0,0.0,106.5,0.0,0.0,27.94545454545454,29.181818181818183,29.15454545454546,29.354545454545452,28.34285714285715,29.24545454545454,29.900000000000002,13.5,0.0,31.0,1.9600000000000364,15.25,300.9,1.81,1.186,31.333333333333332,6.500699944,False
2022-07-01 16:30:00,0.0,0.0,0.0,0.0,74.83333333333333,0.0,0.0,27.74,29.079999999999995,29.07,29.03,28.616666666666664,29.11111111111111,29.522222222222222,22.666666666666668,0.0,31.555555555555557,1.2400000000006912,12.777777777777779,311.6666666666667,1.8000000000000003,1.1,31.566666666666666,10.2343151,False
2022-07-01 16:45:00,0.0,0.0,0.0,0.0,66.46153846153847,0.0,0.0,27.78,28.99,29.03,29.0,28.676923076923075,29.159999999999997,29.300000000000004,17.3,0.0,31.0,1.519999999999527,13.85,240.4,1.8,1.139,31.2,7.453396870000001,False
2022-07-01 17:00:00,0.0,0.0,0.0,0.0,67.84615384615384,0.0,0.0,28.155555555555555,29.233333333333338,29.225000000000005,29.15,28.715384615384615,29.427272727272733,29.463636363636365,14.222222222222221,0.0,31.22222222222222,1.1199999999998909,15.833333333333334,181.33333333333334,1.822222222222222,1.2000000000000002,31.166666666666668,6.698026679,False
2022-07-01 17:15:00,0.0,0.0,0.0,0.0,110.15384615384616,0.0,0.0,28.7,29.559999999999995,29.359999999999996,29.380000000000003,28.58461538461538,29.82,29.939999999999998,29.11111111111111,0.0,32.0,1.360000000000582,9.833333333333334,438.6666666666667,1.8555555555555554,1.001111111111111,31.133333333333336,11.8092836,False
2022-07-01 17:30:00,0.0,0.0,0.0,0.0,96.92307692307692,0.0,0.0,28.988888888888887,29.863636363636363,29.66363636363636,29.65454545454545,28.707692307692305,30.072727272727274,30.209090909090904,16.88888888888889,0.0,31.22222222222222,1.9200000000000728,14.333333333333334,311.55555555555554,1.8111111111111111,1.1522222222222223,30.733333333333334,7.63180461,False
2022-07-01 17:45:00,19.5,17.727272727272727,17.727272727272727,19.5,65.58333333333333,19.5,19.5,29.400000000000006,29.972727272727266,29.91818181818182,29.909999999999997,28.583333333333332,30.25,30.689999999999998,31.6,16.5,32.6,1.199999999999818,5.9,407.9,1.8800000000000001,0.8780000000000001,30.5,16.97477164,False
2022-07-01 18:00:00,0.0,0.0,0.0,0.0,33.3,0.0,0.0,29.11111111111111,29.444444444444443,29.555555555555557,29.388888888888896,28.889999999999997,29.900000000000002,30.61111111111111,16.333333333333332,0.0,32.0,3.3599999999996726,8.88888888888889,37.888888888888886,1.877777777777778,0.9522222222222223,30.100000000000005,5.097741261,False
2022-07-01 18:15:00,0.0,0.0,0.0,0.0,95.25,0.0,0.0,28.236363636363638,28.71999999999999,29.1,28.872727272727275,28.341666666666665,29.380000000000006,29.93,20.0,0.0,33.3,1.1599999999998545,11.95,213.5,1.94,1.068,29.899999999999995,7.787879962999999,False
2022-07-01 18:30:00,0.0,0.0,0.0,0.0,58.416666666666664,0.0,0.0,28.109999999999996,28.659999999999997,28.96,28.699999999999996,28.65833333333333,29.27,29.649999999999995,7.454545454545454,0.0,28.727272727272727,1.199999999999818,18.0,205.0909090909091,1.6909090909090907,1.2854545454545454,29.633333333333336,3.8307737439999996,False
2022-07-01 18:45:00,0.0,0.0,0.0,0.0,48.833333333333336,0.0,0.0,28.37777777777778,28.880000000000003,29.129999999999995,28.79,28.891666666666662,29.336363636363636,29.79090909090909,13.2,0.0,29.2,1.0,18.2,140.9,1.7100000000000002,1.299,29.333333333333332,7.630726295999999,False
2022-07-01 19:00:00,0.0,0.0,0.0,0.0,24.181818181818183,0.0,0.0,28.72222222222222,29.05,29.290000000000003,29.05,28.70909090909091,29.48,29.99,0.0,0.0,27.90909090909091,0.9600000000000364,20.136363636363637,42.81818181818182,1.6272727272727274,1.3527272727272728,29.03333333333333,0.0,False
2022-07-02 09:15:00,37.75,0.0,0.0,0.0,0.0,0.0,0.0,26.575000000000003,31.199999999999996,31.74,31.610000000000003,30.909999999999997,31.5,32.12222222222223,4.7272727272727275,0.0,25.181818181818183,1.800000000000182,17.681818181818183,93.0,1.518181818181818,1.2645454545454546,26.5,3.144778986,False
2022-07-02 09:30:00,44.46153846153846,0.0,0.0,0.0,0.0,0.0,9.23076923076923,26.723076923076924,31.13333333333334,31.699999999999992,31.52857142857143,30.823076923076925,31.454545454545453,31.861538461538462,6.9,0.0,25.3,0.6400000000003274,16.9,88.8,1.56,1.2439999999999998,26.133333333333336,4.199642692,False
2022-07-02 09:45:00,82.36363636363636,0.0,0.0,0.0,0.0,0.0,0.0,26.490909090909096,31.099999999999998,31.599999999999998,31.5,30.800000000000004,31.444444444444443,31.699999999999996,12.6,0.0,25.0,0.8400000000001455,16.55,166.4,1.54,1.23,25.833333333333332,8.249695824,False
2022-07-02 10:00:00,75.5,0.0,0.0,0.0,0.0,0.0,0.0,26.47142857142857,31.089999999999996,31.6,31.5,30.800000000000004,31.4,31.22,16.09090909090909,0.0,25.272727272727273,1.0,14.681818181818182,130.45454545454547,1.5454545454545454,1.169090909090909,25.8,8.881064916,False
2022-07-02 10:15:00,60.4,0.0,0.0,0.0,0.0,0.0,0.0,26.54,31.055555555555557,31.54444444444444,31.5,30.800000000000004,31.311111111111114,30.788888888888884,8.4,0.0,24.9,0.6799999999993815,17.85,81.1,1.5299999999999998,1.2730000000000001,25.833333333333332,5.377351643999999,False
2022-07-02 10:30:00,73.75,6.5,6.5,6.5,6.5,6.5,6.5,26.40833333333333,31.03,31.5,31.49,30.810000000000002,31.290000000000003,30.699999999999996,16.09090909090909,5.0,25.90909090909091,0.5600000000004002,14.272727272727273,175.63636363636363,1.5727272727272725,1.1518181818181819,25.666666666666668,11.366858240000001,False
2022-07-02 10:45:00,64.22222222222223,8.125,8.125,8.125,8.125,8.125,8.125,26.455555555555556,30.35,30.9625,30.7875,30.35,30.725,30.7625,19.88888888888889,6.222222222222222,28.0,2.519999999999527,3.6666666666666665,0.0,1.6555555555555554,0.8033333333333332,25.666666666666668,8.202458996999999,False
2022-07-02 11:00:00,92.92307692307692,0.0,0.0,0.0,0.0,0.0,0.0,26.484615384615385,29.320000000000004,29.970000000000006,29.869999999999997,29.527272727272727,29.981818181818184,30.154545454545453,10.363636363636363,0.0,25.181818181818183,0.8000000000001819,14.363636363636363,113.81818181818181,1.5272727272727271,1.1445454545454543,25.633333333333336,5.3481071899999995,False
2022-07-02 11:15:00,82.36363636363636,0.0,0.0,0.0,0.0,0.0,0.0,26.609090909090913,28.900000000000002,29.575,29.387500000000003,29.124999999999996,29.577777777777776,29.900000000000002,13.222222222222221,0.0,25.11111111111111,0.6000000000003638,16.22222222222222,141.77777777777777,1.5333333333333332,1.2144444444444444,25.666666666666668,7.957253691,False
2022-07-02 11:30:00,50.333333333333336,0.0,0.0,0.0,0.0,0.0,0.0,26.46666666666667,28.800000000000008,29.481818181818184,29.21818181818181,29.00909090909091,29.5,29.87272727272727,9.818181818181818,0.0,25.181818181818183,0.5599999999994907,17.636363636363637,47.27272727272727,1.5545454545454547,1.2654545454545456,25.866666666666664,6.593859411,False
2022-07-02 11:45:00,40.0,0.0,0.0,0.0,0.0,0.0,91.72727272727273,26.65333333333333,28.94545454545454,29.54545454545455,29.28181818181819,29.15454545454545,29.48,28.354545454545452,30.444444444444443,0.0,27.22222222222222,0.6400000000003274,12.722222222222221,196.0,1.6555555555555557,1.097777777777778,26.03333333333333,14.83063059,False
2022-07-02 12:00:00,84.07142857142857,0.0,0.0,0.0,0.0,0.0,78.18181818181819,26.435714285714283,29.118181818181814,29.74545454545455,29.45,29.3,29.53636363636364,24.827272727272728,35.36363636363637,0.0,32.0,2.3599999999996726,7.681818181818182,216.0,1.8636363636363635,0.9163636363636364,26.333333333333332,14.40622331,False
2022-07-02 12:15:00,97.38461538461539,0.0,0.0,0.0,0.0,0.0,12.0,25.076923076923073,29.311111111111114,29.95555555555556,29.733333333333334,29.533333333333335,29.624999999999996,25.233333333333334,27.0,0.0,30.555555555555557,2.0,11.277777777777779,222.77777777777777,1.788888888888889,1.037777777777778,26.366666666666664,11.7502333,False
2022-07-02 12:30:00,0.0,0.0,0.0,0.0,0.0,0.0,0.0,25.83636363636364,29.525000000000002,30.083333333333332,29.954545454545453,29.772727272727273,29.89166666666667,26.808333333333334,0.0,0.0,24.636363636363637,1.0799999999999272,21.09090909090909,0.0,1.5,1.3945454545454548,26.2,,False
2022-07-02 13:00:00,0.0,0.0,0.0,0.0,0.0,0.0,0.0,26.625000000000004,29.97,30.439999999999998,30.336363636363636,30.11666666666666,30.327272727272724,28.44545454545455,0.0,0.0,23.636363636363637,0.5200000000004366,21.272727272727273,0.0,1.481818181818182,1.4027272727272726,25.633333333333336,,False
2022-07-02 13:15:00,50.333333333333336,0.0,0.0,0.0,0.0,0.0,0.0,26.266666666666666,30.060000000000002,30.57,30.48,30.24545454545455,30.420000000000005,28.709999999999997,6.8,0.0,24.7,0.1999999999998181,19.25,91.3,1.52,1.327,25.7,5.146757633,False
2022-07-02 13:30:00,0.0,0.0,0.0,0.0,0.0,0.0,0.0,26.981818181818177,30.16363636363636,30.699999999999992,30.63636363636363,30.391666666666666,30.583333333333332,29.058333333333334,0.0,0.0,24.0,0.15999999999985448,23.8,0.0,1.5,1.5079999999999998,25.46666666666667,0.0,False
2022-07-02 15:45:00,37.75,0.0,0.0,0.0,0.0,0.0,48.54545454545455,26.516666666666666,30.666666666666668,31.300000000000004,31.11111111111111,30.87777777777778,31.187499999999996,30.236363636363635,17.555555555555557,0.0,25.444444444444443,1.2400000000006912,16.22222222222222,76.88888888888889,1.5555555555555556,1.2144444444444447,25.3,10.8469892,False
2022-07-02 16:00:00,30.0,0.0,0.0,0.0,0.0,0.0,97.41666666666667,26.73846153846154,30.699999999999992,31.300000000000008,31.159999999999997,30.9,31.1,25.875000000000004,34.6,0.0,28.4,1.5599999999994907,9.65,215.9,1.67,0.9879999999999999,25.566666666666666,15.6983614,False
2022-07-02 16:15:00,6.538461538461538,0.0,0.0,0.0,0.0,0.0,50.416666666666664,26.838461538461537,30.699999999999996,31.310000000000002,31.199999999999996,30.9,31.02,25.600000000000005,12.222222222222221,0.0,27.555555555555557,1.800000000000182,14.0,38.888888888888886,1.6555555555555554,1.1388888888888888,25.96666666666667,5.7816701969999995,False
2022-07-02 16:30:00,73.07142857142857,0.0,0.0,0.0,0.0,0.0,41.69230769230769,25.642857142857142,30.699999999999992,31.354545454545452,31.199999999999992,30.899999999999995,31.0,25.53076923076923,34.27272727272727,0.0,29.727272727272727,1.2799999999997453,7.863636363636363,124.9090909090909,1.7545454545454546,0.9263636363636363,26.066666666666666,14.719141969999999,False
2022-07-02 16:45:00,34.84615384615385,0.0,0.0,0.0,0.0,0.0,74.76923076923077,25.799999999999994,30.699999999999996,31.4,31.263636363636365,30.963636363636365,31.0,25.700000000000006,23.3,0.0,26.0,1.800000000000182,12.85,157.8,1.5799999999999998,1.097,26.0,11.65504147,False
2022-07-02 17:00:00,44.84615384615385,6.5,6.5,5.909090909090909,5.909090909090909,6.5,63.07692307692308,25.484615384615378,30.76,31.45,31.300000000000008,31.0,31.05,25.523076923076925,23.8,5.5,27.8,1.680000000000291,12.4,185.4,1.6599999999999997,1.0870000000000002,26.133333333333336,14.21786554,False
2022-07-02 17:15:00,57.083333333333336,11.818181818181818,11.818181818181818,13.0,14.444444444444445,14.444444444444445,14.444444444444445,25.375,30.218181818181815,30.845454545454547,30.729999999999997,30.488888888888887,30.45555555555556,26.433333333333334,24.0,11.0,30.6,2.0399999999999636,3.8,44.1,1.7899999999999998,0.808,26.133333333333336,11.0820687,False
2022-07-02 17:30:00,25.166666666666668,0.0,0.0,0.0,0.0,0.0,0.0,25.791666666666668,29.181818181818176,29.790909090909096,29.724999999999994,29.558333333333334,29.625,27.149999999999995,0.0,0.0,26.0,1.7199999999993452,18.09090909090909,0.0,1.5636363636363635,1.2772727272727273,26.133333333333336,,False
2022-07-02 18:30:00,101.35714285714286,0.0,0.0,0.0,0.0,0.0,0.0,25.62142857142857,29.09166666666667,29.683333333333337,29.57,29.33333333333334,29.707142857142863,28.942857142857132,22.8,0.0,27.5,1.0800000000008367,11.0,185.0,1.64,1.0360000000000003,26.399999999999995,10.162911229999999,False
2022-07-02 18:45:00,91.72727272727273,0.0,0.0,0.0,0.0,0.0,0.0,25.536363636363635,28.922222222222224,29.61111111111111,29.4,29.300000000000004,29.5375,28.975,15.3,0.0,26.3,1.199999999999818,13.4,149.3,1.5799999999999998,1.116,25.8,7.495842861,False
2022-07-02 19:00:00,0.0,0.0,0.0,0.0,0.0,0.0,0.0,25.88333333333334,29.033333333333328,29.77777777777778,29.463636363636365,29.37272727272727,29.300000000000008,28.825000000000003,0.0,0.0,23.7,0.8400000000001455,20.3,0.0,1.49,1.361,25.433333333333334,0.0,False
2022-07-03 11:45:00,0.0,0.0,0.0,0.0,0.0,0.0,111.23076923076923,31.199999999999996,31.300000000000004,31.900000000000002,32.0,31.400000000000002,31.477777777777778,25.59230769230769,22.3,0.0,27.8,2.1599999999998545,13.25,223.1,1.6599999999999997,1.1110000000000002,26.03333333333333,11.1031119,False
2022-07-03 12:00:00,0.0,0.0,0.0,0.0,0.0,0.0,95.26666666666667,31.164285714285718,31.300000000000008,31.899999999999995,32.0,31.399999999999995,31.341666666666672,25.94,23.727272727272727,0.0,27.90909090909091,1.0799999999999272,14.0,144.8181818181818,1.6545454545454548,1.14,26.5,12.08074491,False
2022-07-03 12:15:00,34.84615384615385,0.0,0.0,0.0,0.0,0.0,69.75,30.95384615384615,31.37272727272727,31.9,32.0,31.4,31.199999999999996,25.683333333333337,21.5,0.0,28.9,1.5999999999994543,13.85,197.2,1.7,1.137,27.3,10.85487616,False
2022-07-03 12:30:00,59.785714285714285,0.0,0.0,0.0,0.0,0.0,0.0,27.02857142857143,31.399999999999995,31.974999999999998,32.0,31.40909090909091,31.199999999999992,27.283333333333342,11.818181818181818,0.0,28.363636363636363,1.4000000000005457,15.227272727272727,140.0909090909091,1.6636363636363638,1.1900000000000002,28.166666666666668,6.013893650999999,False
2022-07-03 12:45:00,0.0,0.0,0.0,0.0,0.0,112.46153846153847,0.0,27.555555555555557,31.4,32.0,32.0,31.5,28.33076923076923,27.91111111111111,36.25,0.0,30.375,0.47999999999956344,9.875,376.75,1.7625000000000002,1.0125,28.5,15.307187390000001,False
2022-07-03 13:00:00,38.36363636363637,0.0,0.0,0.0,0.0,79.21428571428571,0.0,27.390909090909087,31.400000000000002,32.0,32.0,31.5,25.185714285714283,28.355555555555554,40.111111111111114,0.0,31.11111111111111,2.680000000000291,6.111111111111111,415.44444444444446,1.8111111111111116,0.87,28.7,16.64018887,False
2022-07-03 13:15:00,0.0,0.0,0.0,0.0,0.0,84.66666666666667,0.0,27.494999999999997,31.438888888888886,32.0,32.0,31.5,24.514814814814823,28.883333333333333,27.608695652173914,0.0,30.304347826086957,2.5200000000004366,9.608695652173912,335.6521739130435,1.7782608695652165,0.9891304347826084,29.166666666666668,12.02983739,False
2022-07-03 13:30:00,75.58620689655173,71.58333333333333,71.58333333333333,74.51851851851852,73.0,231.1818181818182,73.61538461538461,29.837931034482754,32.454166666666666,32.57083333333333,33.18888888888889,32.62307692307692,26.863636363636374,30.953846153846158,25.88888888888889,4.148148148148148,40.51851851851852,2.0,5.481481481481482,425.44444444444446,2.392592592592593,0.8766666666666668,29.666666666666668,8.587495657,False
2022-07-03 13:45:00,59.04761904761905,52.80952380952381,52.80952380952381,54.86363636363637,56.73913043478261,104.38461538461539,56.73913043478261,33.647619047619045,36.16666666666668,35.714285714285715,36.56818181818181,36.54347826086957,28.576923076923077,34.50869565217391,30.23076923076923,12.192307692307692,41.92307692307692,3.5599999999994907,6.5576923076923075,526.6153846153846,2.4615384615384617,0.9380769230769231,29.933333333333337,12.90114487,False
2022-07-03 14:00:00,0.0,0.0,0.0,0.0,0.0,0.0,0.0,30.428571428571427,32.655,33.11,33.18421052631579,33.03157894736842,26.87894736842106,32.00526315789474,1.6153846153846154,0.0,30.346153846153847,3.2399999999997817,7.076923076923077,26.192307692307693,1.807692307692307,0.9030769230769231,30.0,,False
2022-07-03 15:15:00,0.0,0.0,0.0,0.0,0.0,0.0,106.15789473684211,29.250000000000004,30.56250000000001,31.300000000000008,31.199999999999992,30.866666666666656,28.372222222222213,25.13157894736842,31.833333333333332,0.0,29.833333333333332,2.0,11.055555555555555,277.77777777777777,1.7555555555555558,1.0383333333333333,27.8,15.35062959,False
2022-07-03 15:30:00,0.0,0.0,0.0,0.0,0.0,0.0,104.55555555555556,29.359999999999996,30.655,31.3,31.2,30.89999999999999,28.605882352941173,23.78333333333333,41.28,0.0,30.68,2.8400000000001455,6.94,371.44,1.808,0.9016000000000003,28.433333333333334,17.88056614,False
2022-07-03 15:45:00,0.0,0.0,0.0,0.0,0.0,0.0,0.0,29.591304347826103,30.700000000000006,31.33478260869565,31.29545454545454,30.975,28.866666666666664,24.93809523809524,0.0,0.0,25.85185185185185,2.1599999999998545,17.35185185185185,0.0,1.585185185185186,1.2488888888888892,28.566666666666666,0.0,False
2022-07-04 10:00:00,46.46153846153846,0.0,0.0,0.0,0.0,0.0,64.5,30.307692307692303,31.599999999999998,32.02222222222222,32.166666666666664,31.699999999999992,32.0,26.858333333333334,26.636363636363637,0.0,27.818181818181817,1.0399999999999636,11.0,259.90909090909093,1.6454545454545455,1.0363636363636366,26.8,12.683103209999999,False
2022-07-04 10:15:00,58.07692307692308,0.0,0.0,0.0,0.0,0.0,0.0,27.576923076923073,31.6,32.0,32.10000000000001,31.65,31.909999999999997,27.95,9.555555555555555,0.0,26.444444444444443,1.2400000000006912,17.666666666666668,158.22222222222223,1.5666666666666664,1.271111111111111,26.899999999999995,6.3455749180000005,False
2022-07-04 10:30:00,68.63636363636364,0.0,0.0,0.0,0.0,0.0,0.0,27.55454545454546,31.533333333333335,31.977777777777778,32.1,31.599999999999998,31.900000000000002,28.311111111111117,12.666666666666666,0.0,26.77777777777778,0.5599999999994907,18.22222222222222,89.11111111111111,1.5888888888888888,1.29,26.933333333333334,8.572380178,False
2022-07-04 10:45:00,32.357142857142854,0.0,0.0,0.0,0.0,0.0,0.0,27.978571428571435,31.5,31.899999999999995,32.041666666666664,31.600000000000005,31.899999999999995,28.330769230769228,0.0,0.0,25.4,0.5600000000004002,22.85,0.0,1.52,1.463,27.0,,False
2022-07-04 11:00:00,0.0,0.0,0.0,0.0,0.0,0.0,0.0,28.381818181818186,31.5,31.9,32.0,31.6,31.9,28.8,0.0,0.0,25.0,0.03999999999996362,25.363636363636363,0.0,1.5,1.5799999999999998,26.96666666666667,0.0,False
2022-07-04 12:00:00,0.0,0.0,0.0,0.0,0.0,0.0,35.84615384615385,28.860000000000003,31.51,31.909999999999997,32.04444444444445,31.599999999999998,31.9,24.130769230769225,15.5,0.0,26.2,3.0,13.75,124.0,1.57,1.1350000000000002,26.96666666666667,8.788985008,False
2022-07-04 12:15:00,0.0,0.0,0.0,0.0,0.0,0.0,0.0,28.75454545454546,31.5,31.9,32.08181818181819,31.6,31.84545454545455,26.263636363636362,0.0,0.0,21.0,0.5599999999994907,21.333333333333332,0.0,1.4000000000000001,1.41,26.96666666666667,0.0,False
2022-07-04 12:45:00,0.0,0.0,0.0,0.0,0.0,0.0,0.0,27.244444444444447,31.5,31.900000000000002,32.0,31.5,31.800000000000004,27.609999999999996,0.0,0.0,24.555555555555557,1.0,22.72222222222222,0.0,1.5,1.4655555555555555,27.166666666666668,,False
2022-07-04 13:00:00,0.0,0.0,0.0,0.0,0.0,0.0,0.0,27.827272727272728,31.5,31.820000000000004,31.919999999999998,31.5,31.800000000000004,28.130000000000003,0.0,0.0,24.0,0.03999999999996362,24.5,0.0,1.5,1.5355555555555556,27.333333333333332,,False
2022-07-04 13:15:00,50.333333333333336,0.0,0.0,0.0,0.0,0.0,0.0,27.10833333333333,31.43,31.759999999999998,31.870000000000005,31.479999999999997,31.74,28.6,4.4,0.0,26.8,0.5200000000004366,19.7,149.3,1.6199999999999999,1.344,27.566666666666666,2.460962333,False
2022-07-04 13:30:00,0.0,0.0,0.0,0.0,0.0,0.0,0.0,27.689999999999998,31.370000000000005,31.689999999999998,31.800000000000004,31.4,31.630000000000003,28.78,0.0,0.0,25.0,0.03999999999996362,24.636363636363637,0.0,1.5,1.5454545454545454,27.833333333333332,0.0,False
2022-07-04 14:00:00,0.0,0.0,0.0,0.0,0.0,0.0,72.1,28.5125,31.187499999999996,31.5,31.599999999999998,31.237499999999997,31.450000000000003,23.71,24.25,0.0,29.625,3.399999999999636,10.4375,209.0,1.75,1.0150000000000001,28.5,10.869696890000002,False
2022-07-04 14:15:00,19.5,13.0,13.0,11.818181818181818,11.818181818181818,13.0,86.92307692307692,28.679999999999996,31.059999999999995,31.47,31.5,31.16363636363636,31.369999999999997,23.62307692307692,27.11111111111111,9.777777777777779,30.333333333333332,1.5600000000004002,8.944444444444445,297.3333333333333,1.7888888888888888,0.982222222222222,28.433333333333334,14.806812619999999,False
2022-07-04 14:30:00,0.0,0.0,0.0,0.0,0.0,0.0,35.54545454545455,28.299999999999997,30.122222222222224,30.522222222222226,30.577777777777783,30.32222222222222,30.41111111111111,24.200000000000003,10.4,0.0,28.6,3.0399999999999636,10.6,73.3,1.69,1.027,28.399999999999995,3.5836155770000007,False
2022-07-04 14:45:00,0.0,0.0,0.0,0.0,0.0,0.0,0.0,27.589999999999996,29.188888888888886,29.77777777777778,29.744444444444436,29.511111111111113,29.522222222222222,25.700000000000003,0.0,0.0,26.3,0.15999999999985448,20.2,0.0,1.5799999999999998,1.3559999999999999,28.5,0.0,False
2022-07-05 10:30:00,27.923076923076923,0.0,0.0,0.0,0.0,0.0,54.9,25.653846153846153,30.866666666666667,31.5,31.166666666666668,31.055555555555557,31.12222222222222,24.240000000000002,23.333333333333332,0.0,30.666666666666668,3.8400000000001455,11.38888888888889,367.55555555555554,1.7666666666666666,1.0466666666666666,29.5,10.446497110000001,False
2022-07-05 10:45:00,75.5,0.0,0.0,0.0,0.0,0.0,0.0,25.533333333333335,30.800000000000004,31.5,31.099999999999998,31.0,31.01,25.68,14.909090909090908,0.0,29.727272727272727,1.800000000000182,15.318181818181818,230.0,1.736363636363636,1.1845454545454543,29.433333333333334,7.299661845,False
2022-07-05 11:00:00,61.916666666666664,0.0,0.0,0.0,0.0,0.0,0.0,25.608333333333334,30.800000000000004,31.5,31.1,30.99,31.040000000000003,26.410000000000004,11.8,0.0,29.5,1.0,15.2,165.1,1.72,1.1880000000000002,29.5,5.682071422,False
2022-07-05 11:15:00,67.0,0.0,0.0,0.0,0.0,0.0,0.0,25.5,30.800000000000004,31.5,31.1,30.9,31.080000000000002,26.810000000000002,13.11111111111111,0.0,29.77777777777778,1.0399999999999636,15.722222222222221,230.55555555555554,1.7555555555555555,1.2055555555555557,29.866666666666664,6.321830675,False
2022-07-05 11:30:00,62.916666666666664,0.0,0.0,0.0,0.0,0.0,0.0,25.58333333333334,30.800000000000004,31.5,31.099999999999998,30.900000000000002,31.099999999999998,27.111111111111104,15.444444444444445,0.0,29.88888888888889,0.9600000000000364,14.555555555555555,191.55555555555554,1.7666666666666664,1.163333333333333,29.900000000000002,6.881294913,False
2022-07-05 11:45:00,0.0,0.0,0.0,0.0,0.0,0.0,0.0,26.389999999999997,30.810000000000002,31.5,31.189999999999998,30.96,31.119999999999997,27.560000000000002,0.0,0.0,24.363636363636363,0.07999999999992724,24.227272727272727,0.0,1.5,1.5254545454545456,30.166666666666668,0.0,False
2022-07-05 12:30:00,64.71428571428571,0.0,0.0,0.0,0.0,0.0,0.0,27.178571428571427,31.0,31.5,31.4,31.145454545454548,31.300000000000008,29.55,12.4,0.0,29.5,0.3999999999996362,17.75,313.0,1.7399999999999998,1.2770000000000001,30.5,6.563016774,False
2022-07-05 12:45:00,0.0,0.0,0.0,0.0,0.0,0.0,0.0,27.024999999999995,31.063636363636366,31.5,31.4,31.163636363636364,31.300000000000008,29.525000000000006,0.0,0.0,28.7,0.8400000000001455,22.95,0.0,1.69,1.4739999999999998,30.3,,False
2022-07-05 13:15:00,60.4,0.0,0.0,0.0,0.0,0.0,0.0,27.380000000000003,31.1,31.5,31.5,31.199999999999992,31.4,30.136363636363637,12.727272727272727,0.0,29.272727272727273,0.03999999999996362,19.045454545454547,235.63636363636363,1.7363636363636366,1.3299999999999998,29.96666666666667,8.084832662,False
2022-07-05 13:30:00,0.0,0.0,0.0,0.0,0.0,0.0,0.0,27.036363636363635,31.1,31.5,31.46,31.199999999999996,31.4,30.090000000000003,0.0,0.0,28.666666666666668,1.2800000000006548,23.055555555555557,0.0,1.6999999999999997,1.4744444444444442,29.7,0.0,False
2022-07-05 14:00:00,0.0,0.0,0.0,0.0,0.0,0.0,85.52631578947368,27.89999999999999,31.111764705882358,31.5,31.5,31.2,31.39999999999999,24.289473684210524,27.1875,0.0,31.4375,3.7999999999992724,11.0625,337.75,1.8249999999999997,1.0375,30.166666666666668,12.663866000000002,False
2022-07-05 14:15:00,0.0,0.0,0.0,0.0,0.0,0.0,99.0,28.00869565217392,31.100000000000012,31.5,31.4590909090909,31.113636363636374,31.399999999999988,23.67916666666667,33.92,0.0,31.32,2.800000000000182,8.68,438.64,1.8359999999999999,0.9624000000000003,29.95,14.93537602,False
2022-07-05 14:30:00,15.166666666666666,17.93103448275862,17.93103448275862,16.85185185185185,16.774193548387096,18.870967741935484,95.25,28.16000000000001,30.648275862068964,31.034482758620697,30.966666666666676,30.78709677419355,31.048387096774196,23.72812500000001,32.69230769230769,13.576923076923077,34.92307692307692,3.280000000000655,4.980769230769231,229.96153846153845,2.007692307692307,0.8442307692307691,30.266666666666666,15.4830258,False
2022-07-05 14:45:00,0.0,0.0,0.0,0.0,0.0,0.0,99.69565217391305,27.322727272727267,29.565217391304344,30.04347826086956,29.934999999999995,29.84761904761905,29.83809523809524,23.6608695652174,18.08695652173913,0.0,36.04347826086956,2.519999999999527,11.652173913043478,165.69565217391303,2.091304347826087,1.0560869565217392,30.433333333333334,6.397669486,False
2022-07-05 15:00:00,0.0,0.0,0.0,0.0,0.0,0.0,118.1875,26.516666666666666,28.94117647058823,29.54117647058823,29.350000000000005,29.362500000000004,29.260000000000005,23.787499999999998,30.055555555555557,0.0,31.88888888888889,2.199999999999818,9.38888888888889,608.0555555555555,1.8555555555555552,0.9855555555555556,30.833333333333332,12.46402497,False
2022-07-05 15:15:00,0.0,0.0,0.0,0.0,0.0,0.0,53.27272727272727,26.169999999999995,28.699999999999996,29.340000000000003,28.909999999999997,29.130000000000003,28.919999999999998,24.163636363636364,8.2,0.0,30.5,2.3200000000006185,15.25,249.1,1.7900000000000003,1.182,31.03333333333333,3.350209046,False
2022-07-05 15:30:00,0.0,0.0,0.0,0.0,0.0,0.0,0.0,26.541666666666668,28.709090909090904,29.4,28.94545454545454,29.109999999999996,29.040000000000003,25.580000000000002,0.0,0.0,30.4,0.07999999999992724,20.8,0.0,1.7900000000000003,1.384,30.899999999999995,0.0,False
2022-07-05 17:15:00,0.0,0.0,0.0,0.0,0.0,0.0,63.38461538461539,29.25454545454545,29.766666666666666,30.322222222222226,30.177777777777774,30.119999999999997,30.419999999999998,23.73076923076923,24.727272727272727,0.0,30.363636363636363,3.6799999999993815,9.318181818181818,447.0,1.8090909090909093,0.9781818181818184,30.633333333333336,10.735917709999999,False
2022-07-05 17:30:00,0.0,0.0,0.0,0.0,0.0,0.0,0.0,29.199999999999992,29.699999999999996,30.300000000000004,30.199999999999996,30.1,30.400000000000002,25.3,0.0,0.0,28.9,1.0399999999999636,19.0,0.0,1.7199999999999995,1.308,30.5,0.0,False
2022-07-05 18:00:00,0.0,0.0,0.0,0.0,0.0,0.0,88.64285714285714,29.339999999999996,29.866666666666667,30.400000000000002,30.300000000000004,30.22222222222222,30.57,24.09285714285715,32.333333333333336,0.0,31.11111111111111,1.7200000000002547,7.388888888888889,446.6666666666667,1.7888888888888888,0.9211111111111112,30.3,13.15184507,False
2022-07-05 18:15:00,24.5,29.4,29.4,29.4,29.4,29.4,41.76923076923077,29.516666666666676,29.97,30.479999999999997,30.380000000000003,30.300000000000004,30.689999999999998,25.484615384615388,2.727272727272727,0.0,22.818181818181817,1.3999999999996362,21.954545454545453,68.45454545454545,1.4363636363636365,1.4318181818181817,30.2,2.847377869,False
2022-07-05 18:30:00,0.0,0.0,0.0,0.0,0.0,0.0,74.0,29.59090909090909,29.840000000000003,30.4,30.281818181818178,30.25454545454545,30.660000000000004,25.516666666666666,18.0,0.0,29.555555555555557,1.1200000000008004,13.444444444444445,245.0,1.722222222222222,1.1222222222222222,29.8,8.249977342,False
2022-07-05 18:45:00,0.0,0.0,0.0,0.0,0.0,0.0,72.0,29.5,29.777777777777786,30.400000000000002,30.109999999999996,30.199999999999992,30.53,25.45833333333334,14.777777777777779,0.0,29.77777777777778,1.2399999999997817,15.38888888888889,274.22222222222223,1.7777777777777775,1.1911111111111112,29.7,7.363093098999999,False
2022-07-05 19:00:00,0.0,0.0,0.0,0.0,0.0,0.0,54.90909090909091,29.64545454545454,29.86363636363636,30.436363636363637,30.199999999999992,30.199999999999992,30.560000000000002,26.963636363636365,0.0,0.0,26.444444444444443,0.07999999999992724,24.11111111111111,0.0,1.5777777777777777,1.5255555555555556,29.566666666666666,0.0,False
2022-07-05 19:30:00,0.0,0.0,0.0,0.0,0.0,0.0,0.0,30.033333333333342,30.127272727272725,30.627272727272725,30.481818181818184,30.436363636363637,30.783333333333342,28.875,0.0,0.0,25.0,0.03999999999996362,25.5,0.0,1.5,1.587,29.3,0.0,False
2022-07-06 03:00:00,91.0,0.0,0.0,0.0,0.0,0.0,0.0,24.928571428571427,31.5,31.909090909090903,31.781818181818185,31.6,31.636363636363637,31.963636363636365,31.0,0.0,29.181818181818183,2.4799999999995634,8.909090909090908,259.27272727272725,1.7181818181818185,0.9645454545454545,27.633333333333336,13.807609990000001,False
2022-07-06 03:15:00,58.07692307692308,0.0,0.0,0.0,0.0,0.0,0.0,24.576923076923073,31.437500000000004,31.812500000000004,31.699999999999996,31.5875,31.387500000000003,31.5125,10.2,0.0,26.1,1.6000000000003638,15.75,170.1,1.5699999999999998,1.1949999999999998,27.600000000000005,5.671882954,False
2022-07-06 03:30:00,58.07692307692308,0.0,0.0,0.0,0.0,0.0,0.0,24.700000000000003,31.4,31.800000000000008,31.699999999999992,31.5,31.236363636363635,31.46363636363636,13.8,0.0,27.1,0.9600000000000364,15.1,154.4,1.6299999999999997,1.178,27.600000000000005,7.469650608,False
2022-07-06 03:45:00,66.45454545454545,0.0,0.0,0.0,0.0,0.0,0.0,24.527272727272727,31.400000000000002,31.800000000000004,31.699999999999996,31.5,31.099999999999998,31.34444444444445,13.1,0.0,27.6,0.9600000000000364,15.25,166.1,1.65,1.1800000000000002,27.600000000000005,6.840424379999999,False
2022-07-06 04:00:00,60.916666666666664,0.0,0.0,0.0,0.0,0.0,0.0,24.599999999999998,31.47,31.800000000000004,31.699999999999996,31.5,30.72,31.31000000000001,10.909090909090908,0.0,27.181818181818183,0.9600000000000364,15.454545454545455,151.27272727272728,1.6454545454545455,1.190909090909091,27.566666666666666,5.7359681060000005,False
2022-07-06 04:15:00,54.90909090909091,0.0,0.0,0.0,0.0,0.0,0.0,24.309090909090912,31.5,31.800000000000004,31.699999999999996,31.5,30.327272727272728,31.227272727272723,13.6,0.0,27.3,0.8400000000001455,14.25,166.3,1.6299999999999997,1.144,27.566666666666666,7.017209014,False
2022-07-06 08:15:00,103.92857142857143,17.727272727272727,17.727272727272727,14.444444444444445,13.0,13.0,13.0,28.164285714285715,31.763636363636365,32.12727272727272,32.111111111111114,31.73,31.630000000000003,32.61999999999999,38.09090909090909,15.0,30.818181818181817,0.6399999999994179,9.090909090909092,358.8181818181818,1.8,1.007272727272727,28.0,21.95509433,False
2022-07-06 08:30:00,139.46153846153845,0.0,0.0,0.0,0.0,0.0,0.0,23.78461538461538,30.666666666666668,31.11111111111111,31.08888888888889,30.91111111111111,30.63333333333334,31.811111111111114,24.22222222222222,0.0,30.22222222222222,4.160000000000764,8.61111111111111,367.22222222222223,1.7333333333333334,0.9555555555555555,28.266666666666666,9.230659587,False
2022-07-06 08:45:00,78.53846153846153,0.0,0.0,0.0,0.0,0.0,0.0,24.546153846153842,29.870000000000005,30.46,30.380000000000003,30.27,29.98,30.98,18.545454545454547,0.0,29.0,0.9199999999991633,13.5,161.0,1.7090909090909092,1.1272727272727274,28.600000000000005,8.859352534,False
2022-07-06 09:00:00,76.6923076923077,0.0,0.0,0.0,0.0,0.0,0.0,24.43846153846154,29.48,30.1,29.959999999999997,29.939999999999998,29.509999999999998,30.5,13.11111111111111,0.0,29.22222222222222,1.1200000000008004,14.444444444444445,251.66666666666666,1.7000000000000002,1.1522222222222223,,6.0429813139999995,False
2022-07-06 09:15:00,69.6923076923077,0.0,0.0,0.0,0.0,0.0,0.0,24.84615384615385,29.399999999999995,30.024999999999995,29.925,29.858333333333338,29.35454545454546,30.24545454545454,9.23076923076923,0.0,28.615384615384617,1.0399999999999636,15.73076923076923,165.69230769230768,1.6769230769230776,1.1984615384615382,29.05,4.391166429999999,False
2022-07-06 09:30:00,0.0,0.0,0.0,0.0,0.0,0.0,0.0,25.19,29.420000000000005,30.1,30.0,29.9,29.360000000000003,30.04,0.0,0.0,27.9,0.7199999999993452,19.95,0.0,1.67,1.346,29.566666666666663,0.0,False
2022-07-06 11:45:00,0.0,0.0,0.0,0.0,0.0,0.0,114.33333333333333,29.009999999999998,30.699999999999992,31.12727272727273,31.130000000000003,30.889999999999997,30.85454545454546,27.09333333333333,41.3,0.0,30.0,0.8000000000001819,8.5,369.1,1.7700000000000002,0.9579999999999999,26.950000000000003,17.929819780000003,False
2022-07-06 12:00:00,60.4,0.0,0.0,0.0,0.0,0.0,73.71428571428571,27.970000000000006,30.699999999999996,31.133333333333333,31.099999999999998,30.900000000000002,30.633333333333333,25.449999999999996,26.1,0.0,27.6,2.4400000000005093,11.4,279.5,1.6700000000000004,1.048,26.233333333333334,12.56909583,False
2022-07-06 12:15:00,57.416666666666664,0.0,0.0,0.0,0.0,0.0,0.0,25.066666666666663,30.699999999999996,31.199999999999996,31.129999999999995,30.9,30.599999999999998,26.866666666666667,11.1,0.0,25.5,2.2799999999997453,15.7,101.1,1.5699999999999998,1.198,26.166666666666668,6.525047559000001,False
2022-07-06 12:30:00,69.6923076923077,0.0,0.0,0.0,0.0,0.0,0.0,25.476923076923075,30.699999999999996,31.27,31.199999999999992,30.9,30.639999999999997,27.869999999999997,12.777777777777779,0.0,26.0,0.15999999999985448,17.61111111111111,96.66666666666667,1.5777777777777777,1.2644444444444443,25.96666666666667,8.439712767000001,False
2022-07-06 12:45:00,0.0,0.0,0.0,0.0,0.0,0.0,0.0,26.04444444444444,30.699999999999996,31.277777777777786,31.199999999999996,30.900000000000002,30.699999999999996,28.26666666666667,0.0,0.0,23.7,0.4399999999995998,22.55,0.0,1.5,1.4520000000000002,26.066666666666666,,False
2022-07-06 13:15:00,12.583333333333334,0.0,0.0,0.0,0.0,0.0,0.0,25.8,30.699999999999992,31.290909090909096,31.199999999999992,30.9,30.86363636363636,29.090909090909097,0.0,0.0,24.727272727272727,0.7200000000002547,20.863636363636363,33.63636363636363,1.5090909090909093,1.3827272727272726,26.45,,False
2022-07-06 16:15:00,0.0,0.0,0.0,0.0,0.0,0.0,45.3,30.274999999999995,30.7,31.174999999999997,31.125,30.762499999999996,31.450000000000003,25.79,16.2,0.0,27.4,2.1599999999998545,15.5,176.2,1.6300000000000001,1.204,28.166666666666668,9.263035747,False
2022-07-07 09:15:00,74.5,0.0,0.0,0.0,0.0,0.0,0.0,26.583333333333332,30.85,31.910000000000004,31.35,31.05,31.709999999999997,31.72,14.272727272727273,0.0,29.90909090909091,2.4400000000005093,16.59090909090909,223.36363636363637,1.7727272727272725,1.2290909090909092,29.85,7.308236895,False
2022-07-07 09:30:00,15.1,0.0,0.0,0.0,0.0,0.0,0.0,26.560000000000002,30.533333333333335,31.722222222222214,30.966666666666665,30.677777777777774,31.488888888888887,31.33333333333334,0.0,0.0,28.6,1.0399999999999636,21.1,110.4,1.6999999999999997,1.392,29.96666666666667,,False
2022-07-07 09:45:00,75.5,0.0,0.0,0.0,0.0,0.0,57.61538461538461,26.391666666666666,30.327272727272728,31.58181818181818,30.74545454545454,30.46363636363636,31.28,30.0,32.72727272727273,0.0,32.09090909090909,1.0399999999999636,12.454545454545455,441.90909090909093,1.8636363636363633,1.0881818181818181,29.933333333333334,15.312016790000001,False
2022-07-07 10:00:00,34.84615384615385,0.0,0.0,0.0,0.0,0.0,70.21428571428571,26.65384615384615,30.21818181818181,31.5,30.699999999999992,30.318181818181824,30.850000000000005,26.450000000000006,19.666666666666668,0.0,30.555555555555557,1.9200000000000728,12.555555555555555,372.6666666666667,1.7777777777777777,1.086666666666667,29.96666666666667,8.992225765,False
2022-07-07 10:15:00,35.733333333333334,17.727272727272727,17.727272727272727,21.666666666666668,23.636363636363637,17.727272727272727,92.42857142857143,26.393333333333327,30.172727272727272,31.44545454545455,30.674999999999997,30.245454545454546,30.309090909090912,25.66428571428571,33.45454545454545,15.181818181818182,33.36363636363637,1.8400000000001455,7.454545454545454,448.1818181818182,1.9454545454545455,0.9309090909090909,30.53333333333333,17.96396125,False
2022-07-07 10:30:00,0.0,0.0,0.0,0.0,0.0,0.0,0.0,26.029999999999994,29.55454545454546,30.49090909090909,30.00909090909091,29.669999999999998,29.6,26.16363636363636,1.3,0.0,31.7,3.519999999999527,6.0,27.1,1.8200000000000003,0.8659999999999999,30.566666666666666,,False
2022-07-07 10:45:00,0.0,0.0,0.0,0.0,0.0,0.0,0.0,25.763636363636355,28.660000000000004,29.520000000000003,29.139999999999997,29.109999999999996,28.97,27.380000000000003,0.0,0.0,31.181818181818183,0.03999999999996362,12.545454545454545,0.0,1.8000000000000005,1.0772727272727272,30.400000000000002,0.0,False
2022-07-07 12:30:00,76.93333333333334,0.0,0.0,0.0,0.0,0.0,0.0,27.326666666666664,29.4,29.98,29.870000000000005,29.580000000000002,30.218181818181815,30.5,18.181818181818183,0.0,30.0,0.5600000000004002,15.136363636363637,396.09090909090907,1.7545454545454546,1.1890909090909092,30.399999999999995,8.785020059,False
2022-07-07 12:45:00,0.0,0.0,0.0,0.0,0.0,54.90909090909091,0.0,26.499999999999996,29.400000000000002,30.0,29.859999999999996,29.669999999999998,30.1,30.5,14.222222222222221,0.0,31.11111111111111,1.4399999999995998,17.77777777777778,281.55555555555554,1.822222222222222,1.2755555555555556,30.866666666666664,7.381718543000001,False
2022-07-07 13:00:00,0.0,0.0,0.0,0.0,0.0,69.6923076923077,0.0,27.49090909090909,29.439999999999998,30.01,30.0,29.750000000000007,27.56153846153847,30.327272727272728,12.090909090909092,0.0,31.0,1.9200000000000728,17.136363636363637,299.3636363636364,1.8090909090909089,1.257272727272727,30.866666666666664,6.085758195,False
2022-07-07 13:15:00,46.46153846153846,0.0,0.0,0.0,0.0,46.46153846153846,0.0,27.299999999999994,29.659999999999997,30.149999999999995,30.060000000000002,29.954545454545453,27.315384615384612,30.075,9.333333333333334,0.0,30.444444444444443,1.0399999999999636,16.0,256.0,1.7777777777777777,1.2100000000000002,30.733333333333334,4.174865243,False
2022-07-07 13:30:00,0.0,0.0,0.0,0.0,0.0,58.07692307692308,0.0,26.94545454545454,29.839999999999996,30.290000000000003,30.190909090909088,30.00909090909091,27.415384615384617,29.86666666666667,16.88888888888889,0.0,30.333333333333332,1.2799999999997453,15.666666666666666,250.44444444444446,1.7777777777777777,1.2055555555555557,30.5,8.505478821999999,False
2022-07-07 13:45:00,0.0,0.0,0.0,0.0,0.0,51.07692307692308,101.5,27.41666666666667,29.981818181818184,30.4,30.35,30.129999999999995,27.55384615384616,26.728571428571428,41.3,0.0,31.0,1.360000000000582,10.75,417.2,1.81,1.028,28.566666666666666,18.634395530000003,False
2022-07-07 14:00:00,0.0,0.0,0.0,0.0,0.0,0.0,64.35,27.905,30.0,30.489473684210523,30.436842105263157,30.199999999999996,27.231578947368416,25.465000000000003,18.45,0.0,28.9,2.7200000000002547,11.3,260.7,1.7050000000000005,1.0414999999999999,27.7,8.117455701999999,False
2022-07-07 14:15:00,96.625,0.0,0.0,0.0,0.0,0.0,33.55555555555556,25.799999999999997,30.0,30.5,30.5,30.266666666666655,27.883333333333336,25.540740740740745,27.3,0.0,29.35,1.7599999999993088,10.325,345.1,1.7350000000000005,1.0095000000000003,27.433333333333334,11.63377089,False
2022-07-07 14:30:00,43.08695652173913,13.68421052631579,13.68421052631579,13.68421052631579,16.25,17.105263157894736,56.75,24.69130434782609,29.805263157894736,30.257894736842104,30.257894736842104,30.060000000000002,28.105263157894743,25.545,31.652173913043477,14.26086956521739,30.130434782608695,2.8400000000001455,5.434782608695652,278.04347826086956,1.7652173913043483,0.8573913043478261,26.933333333333334,16.53350467,False
2022-07-07 14:45:00,68.70833333333333,0.0,0.0,0.0,0.0,0.0,94.91304347826087,25.087500000000002,28.88095238095238,29.380952380952387,29.35909090909092,29.277272727272734,27.595454545454547,25.578260869565216,12.8,0.0,29.64,2.0,15.08,148.84,1.7480000000000002,1.1688000000000003,26.566666666666663,6.180525343,False
2022-07-07 15:00:00,0.0,0.0,0.0,0.0,0.0,0.0,0.0,25.605263157894733,28.43124999999999,28.93749999999999,28.811764705882354,28.741176470588226,27.550000000000004,26.624999999999996,0.0,0.0,24.333333333333332,0.4000000000005457,21.023809523809526,0.0,1.5,1.3899999999999997,25.833333333333332,0.0,False
2022-07-07 15:15:00,0.0,0.0,0.0,0.0,0.0,0.0,0.0,26.474999999999998,28.599999999999998,29.022222222222222,28.925,28.800000000000004,27.912499999999998,27.375,0.0,0.0,24.0,0.03999999999996362,23.75,0.0,1.5,1.50375,25.333333333333332,0.0,False
2022-07-07 15:30:00,87.77777777777777,0.0,0.0,0.0,0.0,0.0,0.0,25.73888888888889,28.7,29.199999999999992,29.146153846153847,29.023076923076925,28.315384615384616,27.969230769230776,27.363636363636363,0.0,27.90909090909091,0.31999999999970896,11.318181818181818,192.27272727272728,1.6363636363636365,1.0645454545454547,25.3,12.00854587,False
2022-07-07 15:45:00,36.25,0.0,0.0,0.0,0.0,0.0,0.0,25.34166666666667,28.522222222222222,29.199999999999996,28.988888888888887,29.0,28.22222222222222,28.099999999999998,20.666666666666668,0.0,26.555555555555557,1.3599999999996726,12.833333333333334,138.11111111111111,1.5999999999999999,1.1055555555555554,25.3,10.184748959999999,False
2022-07-07 16:00:00,93.6923076923077,0.0,0.0,0.0,0.0,0.0,72.0,24.530769230769234,28.6,29.300000000000008,29.066666666666666,29.058333333333337,28.41818181818182,27.008333333333336,47.9,0.0,33.3,2.4000000000005457,6.3,308.6,1.9299999999999997,0.876,25.433333333333334,18.1671655,False
2022-07-07 16:15:00,69.5,0.0,0.0,0.0,0.0,0.0,78.5,25.42,28.71111111111111,29.38888888888889,29.28888888888889,29.255555555555556,28.71111111111111,25.474999999999998,31.4,0.0,32.7,2.880000000000109,9.0,300.8,1.9,0.9579999999999999,25.666666666666668,13.14161859,False
2022-07-07 16:30:00,80.85714285714286,0.0,0.0,0.0,0.0,0.0,57.30769230769231,25.98571428571429,28.930000000000007,29.619999999999994,29.5,29.380000000000003,28.889999999999997,25.46923076923077,26.8,0.0,32.3,2.119999999999891,9.75,232.9,1.8800000000000001,0.9860000000000001,26.03333333333333,11.127559999999999,False
2022-07-07 16:45:00,103.0,0.0,0.0,0.0,0.0,0.0,0.0,25.08571428571429,29.200000000000003,29.862500000000004,29.733333333333334,29.599999999999994,29.089999999999996,26.28,36.1,0.0,33.6,1.839999999999236,6.45,250.7,1.95,0.8799999999999999,26.066666666666666,13.62003379,False
2022-07-07 17:00:00,81.82608695652173,0.0,0.0,0.0,0.0,0.0,62.69230769230769,24.926086956521736,29.322222222222226,30.0,29.93,29.810000000000002,29.300000000000004,25.830769230769228,39.44444444444444,0.0,33.111111111111114,2.9200000000000728,6.388888888888889,286.77777777777777,1.9222222222222223,0.8788888888888889,26.2,14.86430535,False
2022-07-07 17:15:00,68.91666666666667,0.0,0.0,0.0,0.0,0.0,0.0,24.970833333333335,29.420000000000005,30.109999999999996,30.020000000000003,29.93,29.439999999999998,26.583333333333332,31.1,0.0,32.0,2.0,7.3,242.7,1.81,0.9019999999999999,26.433333333333334,12.82329536,False
2022-07-07 17:30:00,63.89473684210526,0.0,0.0,0.0,0.0,0.0,0.0,24.847368421052632,29.566666666666663,30.24444444444445,30.14444444444444,30.0,29.633333333333333,27.688888888888886,21.1,0.0,33.2,1.6000000000003638,9.75,170.8,1.9300000000000002,0.9799999999999999,26.166666666666668,7.724376258,False
2022-07-07 17:45:00,62.19230769230769,0.0,0.0,0.0,0.0,0.0,0.0,25.423076923076923,29.7235294117647,30.370588235294107,30.283333333333335,30.094117647058834,29.8235294117647,28.57058823529411,19.4375,0.0,30.875,1.800000000000182,11.3125,195.5625,1.8,1.0412499999999998,26.133333333333336,8.433861391,False
2022-07-07 18:00:00,87.52,17.5,17.5,17.5,17.5,15.6,15.6,24.644000000000002,29.630769230769236,30.207692307692305,30.12692307692308,29.96153846153846,29.767999999999997,29.02000000000001,40.523809523809526,7.333333333333333,32.04761904761905,2.1599999999998545,3.1904761904761907,212.1904761904762,1.8666666666666667,0.7904761904761906,26.2,15.959865930000001,False
2022-07-07 18:15:00,171.32,0.0,0.0,0.0,0.0,0.0,0.0,25.287999999999997,28.678260869565214,29.23478260869565,29.174999999999997,29.192000000000004,28.7625,28.850000000000012,25.333333333333332,0.0,34.583333333333336,2.319999999999709,6.708333333333333,174.16666666666666,2.0124999999999997,0.8866666666666668,26.333333333333332,8.170981439,False
2022-07-07 18:30:00,109.31818181818181,0.0,0.0,0.0,0.0,0.0,0.0,24.381818181818186,28.14782608695653,28.813043478260862,28.652173913043487,28.75000000000001,28.170833333333345,28.333333333333343,26.666666666666668,0.0,33.041666666666664,1.8800000000001091,7.458333333333333,250.95833333333334,1.8916666666666657,0.9075000000000001,26.266666666666666,9.763858668000001,False
2022-07-07 18:45:00,46.0,0.0,0.0,0.0,0.0,0.0,0.0,24.238095238095237,28.100000000000012,28.757894736842104,28.600000000000012,28.7,28.045000000000005,28.21999999999999,12.11111111111111,0.0,29.22222222222222,1.5600000000004002,12.583333333333334,151.11111111111111,1.7055555555555557,1.0877777777777777,26.233333333333334,4.909277824,False
2022-07-07 19:00:00,0.0,0.0,0.0,0.0,0.0,0.0,0.0,25.11818181818182,28.119999999999997,28.800000000000004,28.699999999999996,28.727272727272727,28.181818181818183,28.472727272727273,0.0,0.0,24.666666666666668,0.03999999999996362,21.72222222222222,0.0,1.5,1.421111111111111,26.333333333333332,0.0,False
2022-07-08 09:00:00,95.25,0.0,0.0,0.0,0.0,0.0,0.0,27.41874999999999,31.527272727272727,31.909090909090903,31.9,31.5,31.472727272727266,32.07272727272727,40.888888888888886,0.0,30.666666666666668,1.0,9.833333333333334,380.77777777777777,1.7777777777777777,1.017777777777778,28.9,18.565564280000004,False
2022-07-08 09:15:00,88.375,0.0,0.0,0.0,0.0,0.0,0.0,24.418750000000003,31.5,31.87692307692308,31.807692307692314,31.5,31.238461538461532,31.776923076923076,26.9,0.0,30.2,2.719999999999345,10.0,303.6,1.7600000000000002,1.004,29.333333333333332,11.92750283,False
2022-07-08 09:30:00,13.727272727272727,0.0,0.0,0.0,0.0,0.0,0.0,24.363636363636363,31.5,31.800000000000008,31.800000000000008,31.5,31.11818181818182,31.654545454545453,0.0,0.0,28.363636363636363,0.8800000000001091,17.09090909090909,46.45454545454545,1.6999999999999995,1.239090909090909,29.666666666666668,0.0,False
2022-07-08 09:45:00,0.0,0.0,0.0,0.0,0.0,0.0,101.5,25.036363636363635,31.5,31.800000000000008,31.736363636363635,31.409090909090903,31.063636363636363,28.39444444444444,37.666666666666664,0.0,31.555555555555557,0.6000000000003638,10.333333333333334,372.55555555555554,1.8333333333333333,1.0166666666666666,30.366666666666664,16.47906457,False
2022-07-08 10:00:00,0.0,0.0,0.0,0.0,0.0,0.0,89.25,24.907142857142855,31.5,31.778571428571432,31.699999999999992,31.39999999999999,31.013333333333332,24.406249999999996,27.928571428571427,0.0,30.785714285714285,3.600000000000364,10.714285714285714,429.2857142857143,1.7999999999999996,1.0264285714285715,30.433333333333334,13.33571357,False
2022-07-08 10:15:00,0.0,0.0,0.0,0.0,0.0,0.0,110.85185185185185,25.05789473684211,31.494999999999997,31.7,31.675,31.399999999999988,30.919999999999987,23.814814814814824,46.041666666666664,0.0,31.875,2.8799999999991996,4.916666666666667,524.0,1.8499999999999996,0.8370833333333332,29.73333333333333,18.15559201,False
2022-07-08 10:30:00,0.0,0.0,0.0,0.0,0.0,0.0,4.578947368421052,25.615789473684206,31.40499999999999,31.7,31.600000000000012,31.347368421052625,30.899999999999988,25.121052631578944,0.0,0.0,26.928571428571427,1.800000000000182,16.678571428571427,33.642857142857146,1.6071428571428579,1.2239285714285713,29.73333333333333,0.0,False
2022-07-08 10:45:00,0.0,0.0,0.0,0.0,0.0,0.0,0.0,26.24090909090909,31.399999999999988,31.700000000000003,31.600000000000012,31.299999999999994,30.926086956521733,26.130434782608695,0.0,0.0,23.666666666666668,0.03999999999996362,20.944444444444443,0.0,1.4703703703703697,1.3881481481481486,30.400000000000002,0.0,False
2022-07-08 11:45:00,0.0,0.0,0.0,0.0,0.0,0.0,91.04545454545455,28.483333333333334,31.300000000000008,31.699999999999992,31.5,31.199999999999992,31.100000000000005,24.154545454545453,35.666666666666664,0.0,33.083333333333336,2.9600000000000364,5.458333333333333,699.1666666666666,1.8916666666666666,0.8541666666666669,32.13333333333333,14.4629688,False
2022-07-08 12:00:00,12.380952380952381,13.68421052631579,13.68421052631579,13.68421052631579,13.68421052631579,12.380952380952381,81.69565217391305,28.67142857142857,31.273684210526323,31.62631578947369,31.5,31.189473684210522,31.085714285714296,23.160869565217393,40.36363636363637,10.0,32.72727272727273,3.119999999999891,7.0227272727272725,626.8181818181819,1.9,0.9149999999999998,31.866666666666664,19.27209984,False
2022-07-08 12:15:00,7.066666666666666,2.3214285714285716,2.3214285714285716,2.4074074074074074,2.3214285714285716,2.4074074074074074,2.4074074074074074,28.329999999999995,30.378571428571426,30.775,30.696296296296296,30.421428571428574,30.17777777777778,23.44444444444444,6.846153846153846,4.269230769230769,32.15384615384615,4.600000000000364,4.153846153846154,91.96153846153847,1.8615384615384611,0.8173076923076923,32.23333333333334,2.299313375,False
2022-07-08 12:30:00,62.03333333333333,0.0,0.0,0.0,0.0,0.0,0.0,26.07333333333334,29.272413793103457,29.737931034482763,29.639999999999997,29.607407407407404,29.311111111111117,24.655555555555562,12.73076923076923,0.0,31.923076923076923,1.4799999999995634,15.538461538461538,358.1923076923077,1.8423076923076915,1.1892307692307693,32.666666666666664,5.799587203,False
2022-07-08 12:45:00,0.0,0.0,0.0,0.0,0.0,0.0,0.0,26.621739130434772,28.856521739130425,29.36956521739129,29.260000000000012,29.28000000000001,29.02083333333334,24.995833333333337,0.0,0.0,31.041666666666668,0.03999999999996362,21.645833333333332,0.0,1.7999999999999996,1.4183333333333332,32.63333333333333,,False
2022-07-08 13:45:00,0.0,0.0,0.0,0.0,0.0,0.0,27.454545454545453,29.063636363636363,29.577777777777776,30.099999999999998,30.011111111111113,29.811111111111114,29.977777777777778,27.809090909090912,12.7,0.0,29.0,0.040000000000873115,22.1,200.9,1.7399999999999998,1.4520000000000004,31.266666666666666,9.128267183,False
2022-07-08 14:00:00,0.0,0.0,0.0,0.0,0.0,0.0,95.22222222222223,29.300000000000008,29.450000000000006,30.03,29.920000000000005,29.810000000000002,29.936363636363637,24.355555555555554,45.7,0.0,33.9,3.759999999999309,5.3,766.5,1.9600000000000002,0.842,32.03333333333333,18.14456379,False
2022-07-08 14:15:00,0.0,0.0,0.0,0.0,0.0,0.0,82.05,29.3,29.300000000000004,29.89999999999999,29.7,29.600000000000012,29.783333333333342,22.904999999999998,30.894736842105264,0.0,33.10526315789474,3.0,9.631578947368421,612.6315789473684,1.9157894736842105,0.9878947368421053,32.23333333333333,13.589572180000001,False
2022-07-08 14:30:00,0.0,0.0,0.0,0.0,0.0,0.0,40.592592592592595,29.45263157894737,29.3,29.96,29.757894736842104,29.600000000000012,29.704545454545453,21.918518518518514,15.0,0.0,31.73076923076923,4.119999999999891,10.211538461538462,345.03846153846155,1.8230769230769224,1.0084615384615383,32.03333333333334,5.386757546,False
2022-07-08 16:15:00,94.34782608695652,0.0,0.0,0.0,0.0,0.0,0.0,24.34347826086957,30.0,30.5,30.399999999999995,30.100000000000005,30.5,28.514285714285712,29.933333333333334,0.0,29.533333333333335,4.160000000000764,9.666666666666666,408.1333333333333,1.74,0.9953333333333332,28.433333333333334,14.17198136,False
2022-07-08 16:30:00,114.34210526315789,0.0,0.0,0.0,0.0,0.0,0.0,23.194736842105264,30.0,30.51666666666667,30.399999999999984,30.100000000000016,30.5793103448276,28.175862068965536,51.0,0.0,31.77777777777778,2.519999999999527,4.2407407407407405,496.8888888888889,1.8370370370370364,0.8199999999999997,28.566666666666663,20.15494448,False
2022-07-08 16:45:00,90.55,0.0,0.0,0.0,0.0,0.0,0.0,22.919999999999998,30.0,30.5,30.399999999999988,30.100000000000012,30.665217391304356,28.34347826086956,19.041666666666668,0.0,29.541666666666668,2.600000000000364,10.270833333333334,303.7916666666667,1.7541666666666667,1.0104166666666667,29.333333333333332,7.868886693,False
2022-07-08 17:00:00,0.0,0.0,0.0,0.0,0.0,0.0,0.0,22.9875,30.0,30.560869565217406,30.405263157894726,30.176190476190477,30.7,28.625000000000007,0.0,0.0,27.607142857142858,1.0799999999999272,16.482142857142858,0.0,1.6428571428571437,1.2153571428571428,29.833333333333332,0.0,False
2022-07-09 10:00:00,79.15789473684211,0.0,0.0,0.0,0.0,0.0,0.0,28.663157894736848,31.959999999999997,32.24999999999999,32.154545454545456,31.981818181818177,32.14545454545455,32.35454545454546,29.727272727272727,0.0,30.636363636363637,1.0799999999999272,14.363636363636363,532.8181818181819,1.7909090909090908,1.1790909090909094,31.333333333333332,14.704900250000001,False
2022-07-09 10:15:00,119.0,16.25,16.25,14.444444444444445,14.444444444444445,16.25,57.0,24.916666666666668,31.775,32.099999999999994,31.922222222222224,31.800000000000004,31.775,30.511111111111113,52.22222222222222,6.222222222222222,32.888888888888886,4.599999999999454,5.888888888888889,806.8888888888889,1.911111111111111,0.8644444444444445,31.366666666666664,22.950209169999997,False
2022-07-09 10:30:00,117.52941176470588,0.0,0.0,0.0,0.0,0.0,114.45454545454545,24.035294117647062,31.08333333333334,31.399999999999995,31.13636363636363,31.236363636363635,30.80909090909091,21.86363636363636,68.63636363636364,0.0,34.27272727272727,6.720000000000255,6.090909090909091,830.6363636363636,2.0,0.8745454545454546,32.199999999999996,26.526339180000004,False
2022-07-09 10:45:00,9.0,0.0,0.0,0.0,0.0,0.0,94.23809523809524,23.387500000000003,30.190476190476197,30.585714285714282,30.34761904761905,30.509523809523802,29.865,19.871428571428574,38.19047619047619,0.0,32.80952380952381,4.480000000000473,7.928571428571429,747.7142857142857,1.9142857142857144,0.9342857142857144,32.63333333333333,15.67728138,False
2022-07-09 11:00:00,0.0,0.0,0.0,0.0,0.0,0.0,97.5909090909091,23.871428571428574,30.0,30.37894736842105,30.044444444444448,30.11176470588236,29.363157894736847,19.313636363636366,30.04,0.0,32.44,3.839999999999236,7.94,635.24,1.8759999999999997,0.9352000000000001,32.53333333333333,12.23384933,False
2022-07-09 11:15:00,0.0,0.0,0.0,0.0,0.0,0.0,85.66666666666667,24.518181818181823,30.055000000000014,30.35499999999999,30.185714285714273,30.20499999999999,29.300000000000004,18.976190476190474,30.363636363636363,0.0,32.72727272727273,3.880000000000109,7.818181818181818,659.1363636363636,1.8909090909090907,0.9313636363636362,32.53333333333333,11.66725867,False
2022-07-09 11:30:00,0.0,0.0,0.0,0.0,0.0,0.0,110.36,25.471428571428575,30.168181818181825,30.527272727272734,30.394999999999992,30.38636363636363,29.32608695652174,19.168000000000003,32.5,0.0,33.57692307692308,2.9600000000000364,7.980769230769231,722.2692307692307,1.9423076923076923,0.9376923076923078,32.6,12.5223727,False
2022-07-09 11:45:00,0.0,0.0,0.0,0.0,0.0,0.0,95.375,26.200000000000003,30.327272727272724,30.64545454545454,30.55454545454546,30.591666666666665,29.491666666666674,18.768750000000008,25.785714285714285,0.0,33.285714285714285,3.5200000000004366,8.0,789.7857142857143,1.9285714285714284,0.932142857142857,32.9,10.032523959999999,False
2022-07-09 12:00:00,0.0,0.0,0.0,0.0,0.0,0.0,47.13333333333333,27.03333333333333,30.54166666666667,30.733333333333334,30.709090909090904,30.750000000000004,29.691666666666666,20.82,0.0,0.0,28.181818181818183,1.680000000000291,20.863636363636363,0.0,1.6727272727272726,1.3900000000000001,32.800000000000004,,False
2022-07-09 12:30:00,63.51724137931034,0.0,0.0,0.0,0.0,67.6896551724138,0.0,27.886206896551723,30.892307692307682,31.073076923076936,31.060000000000013,31.158333333333346,29.541379310344833,25.384000000000004,21.272727272727273,0.0,29.90909090909091,0.07999999999992724,18.704545454545453,379.22727272727275,1.7545454545454549,1.325909090909091,33.63333333333333,11.76229327,False
2022-07-09 12:45:00,20.347826086956523,0.0,0.0,0.0,0.0,15.1,0.0,27.03478260869565,31.059090909090923,31.227272727272712,31.19047619047618,31.27142857142857,28.03000000000001,26.1,0.0,0.0,32.52173913043478,2.199999999999818,23.73913043478261,75.65217391304348,1.8826086956521733,1.5047826086956524,34.166666666666664,,False
2022-07-09 13:15:00,65.65217391304348,0.0,0.0,0.0,0.0,0.0,0.0,27.29565217391304,31.388888888888875,31.5,31.5,31.5,29.048000000000002,27.80399999999999,13.043478260869565,0.0,33.65217391304348,1.3999999999996362,18.847826086956523,295.60869565217394,1.9391304347826082,1.3208695652173914,34.13333333333333,6.648598615,False
2022-07-09 14:00:00,0.0,0.0,0.0,0.0,0.0,0.0,0.0,29.24444444444445,31.633333333333333,31.755555555555556,31.76,31.790000000000003,29.900000000000002,29.15555555555555,0.0,0.0,27.0,0.03999999999996362,27.0,0.0,1.5999999999999999,1.66,34.63333333333333,0.0,False
2022-07-09 16:15:00,12.583333333333334,0.0,0.0,0.0,0.0,0.0,53.23076923076923,31.01666666666667,32.44,32.400000000000006,32.470000000000006,32.43,31.619999999999997,29.123076923076916,16.0,0.0,32.09090909090909,1.3200000000006185,17.954545454545453,343.72727272727275,1.8727272727272728,1.2999999999999998,34.300000000000004,8.212535399,False
2022-07-09 16:30:00,69.54545454545455,0.0,0.0,0.0,0.0,0.0,0.0,27.03636363636364,32.2875,32.275,32.224999999999994,32.300000000000004,31.262499999999996,28.937499999999996,5.4,0.0,33.3,2.199999999999818,18.7,430.8,1.9300000000000002,1.307,34.666666666666664,2.061875019,False
2022-07-09 16:45:00,0.0,0.0,0.0,0.0,0.0,0.0,0.0,27.72,32.199999999999996,32.199999999999996,32.10000000000001,32.23,31.0,29.15,0.0,0.0,31.545454545454547,0.27999999999974534,25.681818181818183,0.0,1.8272727272727278,1.5890909090909089,34.4,0.0,False
2022-07-09 20:00:00,0.0,0.0,0.0,0.0,0.0,0.0,0.0,31.699999999999992,31.70909090909091,32.261538461538464,31.178571428571434,31.976923076923075,31.87272727272727,31.53636363636364,0.0,0.0,28.363636363636363,0.03999999999996362,27.90909090909091,0.0,1.7090909090909088,1.6936363636363632,31.233333333333334,0.0,False
2022-07-11 08:00:00,11.818181818181818,17.727272727272727,17.727272727272727,16.25,16.25,17.727272727272727,189.76923076923077,32.699999999999996,33.47272727272727,33.7,33.64166666666667,33.35833333333334,33.09090909090909,26.66923076923077,44.3,8.5,32.5,3.7600000000002183,7.15,772.4,1.86,0.913,30.599999999999998,20.428057130000003,False
2022-07-11 08:15:00,0.0,0.0,0.0,0.0,0.0,0.0,67.84615384615384,31.299999999999997,32.4,32.7,32.625,32.577777777777776,31.880000000000003,25.499999999999996,8.0,0.0,29.7,1.2799999999997453,15.35,341.5,1.7600000000000002,1.19,30.666666666666668,3.539910037,False
2022-07-11 08:30:00,0.0,0.0,0.0,0.0,0.0,0.0,0.0,30.54,31.781818181818185,32.1090909090909,32.05,32.08888888888888,31.311111111111106,26.82222222222222,0.0,0.0,28.7,1.199999999999818,20.1,0.0,1.6999999999999997,1.355,30.666666666666668,0.0,False
2022-07-11 08:45:00,0.0,0.0,0.0,0.0,0.0,0.0,92.14285714285714,30.279999999999994,31.5,31.809090909090912,31.890909090909087,31.809090909090912,30.999999999999996,26.47857142857143,25.11111111111111,0.0,31.77777777777778,2.0799999999999272,12.833333333333334,612.0,1.8444444444444446,1.1044444444444443,31.099999999999998,11.161478229999998,False
2022-07-11 09:00:00,0.0,0.0,0.0,0.0,0.0,0.0,44.61538461538461,30.263636363636365,31.5,31.800000000000008,31.9,31.781818181818185,30.9,25.515384615384615,9.3,0.0,29.7,1.8400000000001455,17.65,257.1,1.73,1.269,31.133333333333336,4.837014663,False
2022-07-11 09:15:00,0.0,0.0,0.0,0.0,0.0,0.0,66.0,30.37777777777778,31.5,31.800000000000008,31.9,31.729999999999997,30.9,25.361538461538462,9.88888888888889,0.0,30.555555555555557,1.1599999999998545,16.555555555555557,250.44444444444446,1.7666666666666664,1.2277777777777776,30.899999999999995,4.903910982999999,False
2022-07-11 09:30:00,0.0,0.0,0.0,0.0,0.0,0.0,80.53333333333333,30.54166666666667,31.5,31.800000000000008,32.0,31.790909090909096,31.058333333333337,25.366666666666667,17.454545454545453,0.0,31.363636363636363,1.480000000000473,15.863636363636363,400.3636363636364,1.8272727272727272,1.2054545454545453,31.066666666666666,8.204841165,False
2022-07-11 09:45:00,0.0,0.0,0.0,0.0,0.0,0.0,81.3076923076923,30.709999999999997,31.5,31.810000000000002,32.07000000000001,31.830000000000002,31.22,25.499999999999996,15.0,0.0,31.1,1.3599999999996726,16.0,334.3,1.7899999999999998,1.216,31.433333333333334,7.1786474170000005,False
2022-07-11 10:00:00,0.0,0.0,0.0,0.0,0.0,0.0,70.46666666666667,30.881818181818186,31.5,31.9,32.080000000000005,31.800000000000004,31.349999999999994,25.713333333333342,17.7,0.0,30.9,1.0799999999999272,16.5,290.3,1.7899999999999998,1.2269999999999999,31.166666666666668,9.389086437,False
2022-07-11 10:15:00,19.5,19.5,19.5,19.5,23.636363636363637,23.636363636363637,71.07692307692308,30.79,31.21,31.560000000000002,31.689999999999998,31.527272727272727,31.190909090909088,25.476923076923075,31.7,11.9,33.7,3.240000000000691,4.75,243.6,1.9400000000000002,0.8419999999999999,31.066666666666663,14.81975046,False
2022-07-11 10:30:00,0.0,0.0,0.0,0.0,0.0,0.0,97.07142857142857,29.716666666666665,30.241666666666664,30.65833333333333,30.674999999999994,30.591666666666665,30.2,25.59285714285715,20.8,0.0,33.8,1.0799999999999272,14.55,187.5,1.9600000000000002,1.158,31.133333333333336,9.291706677,False
2022-07-11 10:45:00,0.0,0.0,0.0,0.0,0.0,0.0,54.90909090909091,29.022222222222222,29.85555555555556,30.133333333333333,30.1125,30.224999999999998,29.85,25.46363636363636,9.444444444444445,0.0,30.77777777777778,1.639999999999418,17.77777777777778,268.8888888888889,1.8111111111111116,1.2722222222222221,31.766666666666666,4.511895181,False
2022-07-11 11:00:00,0.0,0.0,0.0,0.0,0.0,0.0,112.46153846153847,28.827272727272728,29.509999999999998,29.920000000000005,29.850000000000005,30.009999999999998,29.640000000000004,25.53846153846154,33.3,0.0,32.5,1.7600000000002183,10.05,541.1,1.89,1.0130000000000001,31.433333333333337,13.623807039999999,False
2022-07-11 11:15:00,0.0,0.0,0.0,0.0,0.0,0.0,81.27272727272727,28.84444444444445,29.311111111111114,29.77777777777778,29.800000000000004,29.900000000000002,29.700000000000003,25.618181818181814,15.5,0.0,31.25,1.2799999999997453,16.75,283.875,1.8375000000000001,1.2375,31.633333333333336,8.036299651,False
2022-07-11 11:30:00,0.0,0.0,0.0,0.0,0.0,0.0,75.07142857142857,29.116666666666664,29.300000000000008,29.83333333333333,29.91818181818182,29.9,29.927272727272733,25.33571428571429,11.818181818181818,0.0,31.0,1.7600000000002183,17.227272727272727,282.1818181818182,1.8181818181818181,1.2554545454545456,31.433333333333334,6.202967184,False
2022-07-11 11:45:00,0.0,0.0,0.0,0.0,0.0,0.0,62.916666666666664,29.410000000000004,29.439999999999998,30.020000000000003,30.139999999999997,29.99,30.169999999999998,25.491666666666664,11.6,0.0,32.0,0.7600000000002183,18.3,247.4,1.8699999999999999,1.2940000000000003,31.96666666666667,6.132862716,False
2022-07-11 12:00:00,0.0,0.0,0.0,0.0,0.0,0.0,53.92857142857143,29.736363636363635,29.7,30.181818181818183,30.389999999999997,30.16363636363636,30.458333333333343,25.49285714285714,7.2,0.0,32.2,1.319999999999709,19.9,272.4,1.8800000000000001,1.349,32.199999999999996,3.6569334469999997,False
2022-07-11 12:15:00,0.0,0.0,0.0,0.0,0.0,0.0,0.0,30.033333333333335,29.95555555555556,30.444444444444443,30.611111111111104,30.400000000000002,30.699999999999996,27.41111111111111,0.0,0.0,31.555555555555557,0.6400000000003274,22.333333333333332,0.0,1.8111111111111111,1.448888888888889,32.666666666666664,0.0,False
2022-07-11 14:00:00,98.47058823529412,0.0,0.0,0.0,0.0,0.0,0.0,28.794117647058822,31.9,32.269999999999996,32.36363636363637,32.15833333333334,32.300000000000004,31.9,39.0,0.0,34.0,2.399999999999636,11.863636363636363,624.1818181818181,1.9909090909090912,1.0890909090909089,34.06666666666667,17.6517359,False
2022-07-11 14:15:00,93.8695652173913,0.0,0.0,0.0,0.0,0.0,0.0,24.956521739130427,31.400000000000006,32.02142857142857,32.199999999999996,31.923529411764694,32.11875000000001,31.350000000000005,28.235294117647058,0.0,34.705882352941174,4.360000000000582,11.205882352941176,488.1764705882353,2.0,1.042941176470588,34.46666666666666,12.75701051,False
2022-07-11 14:30:00,110.30434782608695,0.0,0.0,0.0,0.0,0.0,0.0,23.42173913043478,31.176190476190484,31.928571428571416,32.080000000000005,31.77000000000001,32.019999999999996,31.165000000000013,51.56,0.0,36.44,4.519999999999527,3.58,739.2,2.100000000000001,0.7992,34.56666666666667,18.76024282,False
2022-07-11 14:45:00,31.45,0.0,0.0,0.0,0.0,0.0,0.0,23.81,31.018181818181816,31.899999999999988,32.0,31.700000000000006,32.0,31.214285714285705,11.185185185185185,0.0,32.81481481481482,2.0,13.61111111111111,135.07407407407408,1.896296296296295,1.1218518518518517,35.13333333333333,4.335220799000001,False
2022-07-11 15:00:00,0.0,0.0,0.0,0.0,0.0,0.0,0.0,24.517391304347825,31.100000000000012,31.899999999999988,32.0,31.749999999999982,32.0,31.349999999999994,0.0,0.0,30.178571428571427,0.03999999999996362,19.517857142857142,0.0,1.7642857142857156,1.3303571428571426,35.233333333333334,0.0,False
2022-07-11 15:30:00,0.0,0.0,0.0,0.0,0.0,0.0,108.18181818181819,25.555555555555554,31.305882352941186,32.0,32.10000000000001,31.829999999999995,32.005,25.94090909090909,36.869565217391305,0.0,36.73913043478261,3.0,11.695652173913043,650.695652173913,2.1086956521739135,1.0582608695652176,35.06666666666667,16.88762475,False
2022-07-11 15:45:00,98.2,13.0,13.0,13.0,13.0,13.0,103.41666666666667,25.17333333333334,31.43,32.02,32.14,31.9,32.0,25.508333333333336,53.30769230769231,8.461538461538462,37.76923076923077,4.760000000000218,6.153846153846154,868.0769230769231,2.169230769230769,0.8769230769230769,35.53333333333333,21.81811916,False
2022-07-11 16:00:00,93.64285714285714,0.0,0.0,0.0,0.0,0.0,71.6923076923077,24.51428571428571,31.15,31.660000000000004,31.72,31.599999999999998,31.3,25.53846153846154,33.1,0.0,36.8,5.559999999999491,11.2,750.5,2.1000000000000005,1.0299999999999998,35.3,14.54891866,False
2022-07-11 16:15:00,68.4,0.0,0.0,0.0,0.0,0.0,44.07692307692308,24.340000000000003,30.377777777777776,30.833333333333332,30.93333333333333,30.944444444444443,30.355555555555554,25.73846153846154,22.1,0.0,35.8,3.8400000000001455,10.9,590.5,2.06,1.0259999999999998,35.166666666666664,8.382984886000001,False
2022-07-11 16:30:00,0.0,0.0,0.0,0.0,0.0,0.0,82.36363636363636,24.622222222222224,29.888888888888896,30.466666666666665,30.400000000000002,30.511111111111113,29.87777777777778,25.70909090909091,22.0,0.0,35.22222222222222,1.9600000000000364,15.555555555555555,478.77777777777777,2.033333333333333,1.1966666666666665,35.3,10.35084202,False
2022-07-11 16:45:00,0.0,0.0,0.0,0.0,0.0,0.0,62.916666666666664,25.072727272727274,29.82,30.380000000000003,30.32,30.4,29.699999999999996,25.50833333333333,19.9,0.0,34.9,1.9200000000000728,14.4,433.4,2.0100000000000002,1.1569999999999998,35.099999999999994,8.901404064000001,False
2022-07-11 17:00:00,0.0,0.0,0.0,0.0,0.0,0.0,96.64285714285714,25.509999999999998,29.93,30.4,30.439999999999998,30.4,29.727272727272727,25.47142857142857,20.666666666666668,0.0,35.111111111111114,1.8800000000001091,14.166666666666666,477.1111111111111,2.011111111111111,1.1466666666666667,35.266666666666666,9.219026694,False
2022-07-11 17:15:00,0.0,0.0,0.0,0.0,0.0,0.0,90.61538461538461,25.941666666666674,30.04545454545455,30.518181818181823,30.609090909090902,30.454545454545453,29.90909090909091,25.561538461538458,19.2,0.0,35.2,2.0399999999999636,15.35,428.8,2.0200000000000005,1.1889999999999998,35.13333333333333,8.400523156000002,False
2022-07-11 17:30:00,0.0,0.0,0.0,0.0,0.0,0.0,0.0,26.381818181818186,30.211111111111116,30.666666666666668,30.699999999999996,30.611111111111104,30.066666666666663,25.900000000000006,0.0,0.0,33.6,1.5600000000004002,20.85,0.0,1.9600000000000002,1.3830000000000002,35.1,0.0,False
2022-07-11 18:30:00,0.0,0.0,0.0,0.0,0.0,0.0,74.5,29.177777777777774,31.133333333333333,31.400000000000002,31.5,31.325000000000003,31.15,27.358333333333334,19.4,0.0,33.4,2.0,15.85,459.3,1.9299999999999997,1.2179999999999997,33.86666666666667,8.792836429000001,False
2022-07-11 18:45:00,0.0,0.0,0.0,0.0,0.0,0.0,0.0,29.10909090909091,31.119999999999997,31.439999999999998,31.5,31.400000000000002,31.11111111111111,27.477777777777778,0.0,0.0,33.0,0.03999999999996362,21.1,0.0,1.9,1.393,33.5,0.0,False
2022-07-11 19:45:00,0.0,0.0,0.0,0.0,0.0,0.0,0.0,30.492307692307698,31.718181818181822,31.972727272727276,32.083333333333336,31.799999999999997,31.79090909090909,30.0,0.0,0.0,27.25,0.1999999999998181,27.5,0.0,1.5999999999999999,1.6775,32.233333333333334,0.0,False
2022-07-11 20:00:00,128.66666666666666,0.0,0.0,0.0,0.0,0.0,0.0,26.76666666666666,31.872727272727275,32.10000000000001,32.199999999999996,31.983333333333334,31.872727272727275,30.309090909090912,46.0,0.0,33.90909090909091,4.960000000000036,6.7727272727272725,781.6363636363636,1.9727272727272724,0.8990909090909093,32.1,17.94829167,False
2022-07-11 20:15:00,93.5,0.0,0.0,0.0,0.0,0.0,0.0,24.02333333333333,31.84499999999999,32.10000000000001,32.20000000000001,32.05000000000001,31.799999999999994,29.937499999999986,24.88,0.0,32.32,2.3599999999996726,9.78,430.52,1.8799999999999997,0.9928000000000001,31.833333333333332,10.50279492,False
2022-07-11 20:30:00,0.0,0.0,0.0,0.0,0.0,0.0,0.0,24.10588235294117,31.916666666666654,32.169444444444466,32.28421052631577,32.14210526315792,31.79999999999998,29.98333333333333,0.0,0.0,29.0625,0.03999999999996362,17.5,0.0,1.709375000000001,1.2550000000000003,31.666666666666668,0.0,False
2022-07-12 09:00:00,0.0,0.0,0.0,0.0,0.0,0.0,136.8,31.808333333333337,33.50833333333333,33.45833333333332,33.57272727272727,33.25454545454545,33.470000000000006,26.04,55.90909090909091,0.0,33.0,3.6400000000003274,5.818181818181818,809.4545454545455,1.9,0.8654545454545456,31.866666666666664,22.97380041,False
2022-07-12 09:15:00,0.0,0.0,0.0,0.0,0.0,0.0,76.35714285714286,31.149999999999995,33.4,33.33333333333334,33.42999999999999,33.12727272727273,33.129999999999995,23.842857142857138,15.6,0.0,30.8,3.0,13.4,414.6,1.7999999999999996,1.119,32.233333333333334,7.392977921,False
2022-07-12 09:30:00,0.0,0.0,0.0,0.0,0.0,0.0,11.615384615384615,30.807692307692307,33.32500000000001,33.25833333333333,33.35384615384616,33.02307692307692,32.98333333333333,25.62307692307692,0.0,0.0,30.90909090909091,1.199999999999818,20.227272727272727,0.0,1.8090909090909093,1.3563636363636364,32.56666666666666,0.0,False
2022-07-12 11:00:00,19.5,19.5,19.5,23.636363636363637,23.636363636363637,23.636363636363637,62.5,31.840000000000003,33.05,32.980000000000004,33.127272727272725,32.86363636363637,32.99090909090909,28.84285714285715,24.9,14.5,32.1,0.8000000000001819,16.2,417.2,1.9,1.262,33.36666666666667,20.15467633,False
2022-07-12 11:15:00,0.0,0.0,0.0,0.0,0.0,0.0,89.4,31.11111111111111,32.05,32.160000000000004,32.239999999999995,31.977777777777778,32.0125,25.39,20.6,0.0,33.6,4.680000000000291,9.2,451.8,1.9400000000000002,0.9739999999999999,32.63333333333333,7.892302223999999,False
2022-07-12 11:30:00,0.0,0.0,0.0,0.0,0.0,0.0,73.2,29.85384615384616,31.025000000000002,31.191666666666663,31.183333333333334,31.191666666666663,31.36666666666667,24.666666666666675,17.545454545454547,0.0,33.54545454545455,2.1599999999998545,15.045454545454545,464.3636363636364,1.9272727272727272,1.1727272727272728,33.0,8.090062947,False
2022-07-12 11:45:00,0.0,0.0,0.0,0.0,0.0,0.0,133.83333333333334,29.03636363636364,30.516666666666662,30.73333333333333,30.663636363636364,30.718181818181815,30.858333333333334,23.46666666666667,47.6,0.0,35.0,3.5599999999994907,4.7,840.6,2.0,0.8290000000000001,33.199999999999996,16.27478901,False
2022-07-12 12:00:00,0.0,0.0,0.0,0.0,0.0,0.0,59.72222222222222,28.67647058823529,30.311764705882357,30.53529411764706,30.5125,30.521428571428572,30.699999999999992,21.549999999999997,15.11111111111111,0.0,33.111111111111114,4.240000000000691,11.333333333333334,417.22222222222223,1.9222222222222218,1.0444444444444445,33.56666666666667,5.790142531000001,False
2022-07-12 12:15:00,10.785714285714286,0.0,0.0,0.0,0.0,0.0,0.0,28.857142857142858,30.299999999999997,30.50909090909091,30.547826086956533,30.47619047619047,30.700000000000003,24.295454545454547,2.6153846153846154,0.0,32.57692307692308,0.07999999999992724,18.442307692307693,31.23076923076923,1.8807692307692299,1.2892307692307692,33.5,0.6196432856,False
2022-07-12 12:30:00,90.46666666666667,0.0,0.0,0.0,0.0,100.03846153846153,0.0,26.290000000000006,30.362499999999994,30.600000000000012,30.600000000000012,30.5,29.007692307692302,25.716666666666665,45.0,0.0,35.64,3.759999999999309,9.2,836.12,2.0440000000000005,0.9700000000000002,33.43333333333333,18.47001791,False
2022-07-12 12:45:00,68.85185185185185,0.0,0.0,0.0,0.0,45.375,0.0,25.777777777777775,30.436363636363634,30.659090909090914,30.695652173913054,30.53750000000001,27.54583333333333,26.699999999999992,18.615384615384617,0.0,34.30769230769231,3.4000000000005457,16.692307692307693,433.88461538461536,1.9846153846153842,1.2311538461538463,34.23333333333334,9.200053431999999,False
2022-07-12 13:00:00,102.95833333333333,0.0,0.0,0.0,0.0,68.63636363636364,0.0,25.558333333333326,30.54000000000001,30.714999999999986,30.719047619047604,30.680952380952384,27.599999999999998,27.771428571428572,23.523809523809526,0.0,34.523809523809526,2.3599999999996726,15.761904761904763,563.1904761904761,1.9999999999999996,1.2033333333333331,34.699999999999996,11.53263073,False
2022-07-12 13:15:00,68.3076923076923,0.0,0.0,0.0,0.0,62.916666666666664,0.0,25.46153846153846,30.674999999999997,30.83333333333333,30.89090909090909,30.724999999999998,27.20833333333334,28.181818181818183,19.818181818181817,0.0,34.45454545454545,2.2399999999997817,16.954545454545453,362.0,1.9818181818181815,1.25,35.199999999999996,9.717793341,False
2022-07-12 13:45:00,0.0,0.0,0.0,0.0,0.0,0.0,30.2,27.54444444444444,31.0,31.177777777777774,31.24444444444445,31.055555555555557,28.42222222222222,28.57,8.0,0.0,32.111111111111114,0.03999999999996362,23.666666666666668,92.22222222222223,1.8555555555555554,1.5155555555555553,35.233333333333334,5.41159212,False
2022-07-12 14:00:00,0.0,0.0,0.0,0.0,0.0,0.0,125.83333333333333,27.944444444444446,31.159999999999997,31.339999999999996,31.359999999999996,31.233333333333334,28.744444444444444,25.591666666666665,25.88888888888889,0.0,35.111111111111114,2.680000000000291,12.222222222222221,640.0,2.0444444444444443,1.08,35.2,11.05681903,False
2022-07-12 14:15:00,0.0,0.0,0.0,0.0,0.0,0.0,107.85714285714286,27.754545454545454,31.263636363636365,31.454545454545453,31.48,31.35,28.750000000000007,25.357142857142858,18.0,0.0,34.6,3.0,14.65,425.5,2.0,1.1620000000000001,35.1,7.780667543000001,False
2022-07-12 14:30:00,0.0,0.0,0.0,0.0,0.0,0.0,0.0,27.872727272727275,31.369999999999997,31.5,31.518181818181823,31.43,28.880000000000006,26.880000000000003,0.0,0.0,34.1,0.23999999999978172,21.1,0.0,1.98,1.394,35.6,0.0,False
2022-07-12 17:15:00,0.0,0.0,0.0,0.0,0.0,0.0,86.72727272727273,31.633333333333333,32.544444444444444,32.644444444444446,32.74444444444444,32.45555555555555,32.44444444444444,27.781818181818178,43.0,0.0,35.55555555555556,3.240000000000691,11.88888888888889,677.2222222222222,2.0444444444444443,1.09,35.833333333333336,19.8473542,False
2022-07-12 17:30:00,14.444444444444445,13.0,13.0,11.818181818181818,17.727272727272727,17.727272727272727,139.27272727272728,30.733333333333334,31.810000000000002,31.990000000000002,32.06363636363637,31.845454545454547,31.75454545454545,22.5,46.45454545454545,10.0,37.27272727272727,6.079999999999927,4.090909090909091,775.0909090909091,2.1363636363636367,0.8127272727272729,35.5,18.92729962,False
2022-07-12 17:45:00,0.0,0.0,0.0,0.0,0.0,0.0,104.6923076923077,29.54545454545455,30.609999999999996,30.9,30.916666666666668,30.875,30.50909090909091,22.00769230769231,50.5,0.0,36.9,4.479999999999563,5.15,655.8,2.1000000000000005,0.845,35.53333333333333,19.0950472,False
2022-07-12 18:00:00,0.0,0.0,0.0,0.0,0.0,0.0,42.92857142857143,28.527272727272727,29.966666666666665,30.33333333333334,30.191666666666666,30.300000000000004,29.592307692307692,21.271428571428572,0.0,0.0,33.54545454545455,1.4400000000005093,14.5,109.27272727272727,1.9272727272727272,1.1445454545454545,35.333333333333336,,False
2022-07-12 19:15:00,,,,,,,,,,,,,,,0.0,0.0,26.0,0.03999999999996362,26.28,0.0,1.6000000000000005,1.6151999999999997,33.56666666666667,,False
2022-07-12 20:00:00,,,,,,,,,,,,,,,0.0,0.0,27.0,0.03999999999996362,27.35,0.0,1.5999999999999999,1.67,32.03333333333333,,False
2022-07-12 20:45:00,,,,,,,,,,,,,,,0.0,0.0,28.0,0.03999999999996362,28.4,0.0,1.6999999999999997,1.7080000000000002,31.399999999999995,,False
2022-07-12 21:45:00,,,,,,,,,,,,,,,0.0,0.0,28.363636363636363,0.03999999999996362,28.5,0.0,1.6999999999999995,1.7300000000000002,30.866666666666664,,False
2022-07-12 22:30:00,,,,,,,,,,,,,,,0.0,0.0,29.0,0.03999999999996362,29.0,0.0,1.6999999999999997,1.7399999999999998,30.433333333333334,,False
2022-07-12 23:15:00,,,,,,,,,,,,,,,0.0,0.0,29.0,0.03999999999996362,29.0,0.0,1.6999999999999997,1.7466666666666668,30.100000000000005,,False
2022-07-13 00:00:00,,,,,,,,,,,,,,,0.0,0.0,29.0,0.03999999999996362,29.0,0.0,1.6999999999999997,1.748,29.866666666666664,,False
2022-07-13 01:00:00,,,,,,,,,,,,,,,0.0,0.0,29.0,0.03999999999996362,29.0,0.0,1.6999999999999997,1.74,29.233333333333334,,False
2022-07-13 01:45:00,,,,,,,,,,,,,,,0.0,0.0,29.0,0.03999999999996362,29.0,0.0,1.6999999999999995,1.7399999999999998,29.03333333333333,,False
2022-07-13 02:45:00,,,,,,,,,,,,,,,0.0,0.0,28.454545454545453,0.03999999999996362,28.5,0.0,1.6999999999999995,1.7300000000000002,28.633333333333336,,False
2022-07-13 03:30:00,,,,,,,,,,,,,,,0.0,0.0,28.25,0.03999999999996362,28.5,0.0,1.6999999999999997,1.7300000000000002,28.5,,False
2022-07-13 04:15:00,,,,,,,,,,,,,,,0.0,0.0,28.4,0.03999999999996362,28.5,0.0,1.6999999999999997,1.73,28.399999999999995,,False
2022-07-13 05:15:00,,,,,,,,,,,,,,,0.0,0.0,28.0,0.03999999999996362,28.5,0.0,1.6999999999999997,1.7300000000000002,28.46666666666667,,False
2022-07-13 06:00:00,,,,,,,,,,,,,,,0.0,0.0,28.555555555555557,0.03999999999996362,28.555555555555557,0.0,1.6999999999999997,1.7311111111111113,28.5,,False
2022-07-13 07:00:00,,,,,,,,,,,,,,,0.0,0.0,29.0,0.03999999999996362,29.5,0.0,1.6999999999999997,1.77,29.566666666666663,,False
2022-07-13 07:45:00,,,,,,,,,,,,,,,0.0,0.0,29.4,0.03999999999996362,29.7,0.0,1.6999999999999997,1.7739999999999998,29.8,,False
2022-07-13 12:00:00,0.0,0.0,0.0,0.0,0.0,0.0,112.92307692307692,32.61818181818182,32.55,32.879999999999995,32.96666666666667,32.733333333333334,33.260000000000005,26.538461538461533,34.4,0.0,34.0,3.4000000000005457,11.8,609.8,1.97,1.0589999999999997,34.733333333333334,15.65726541,False
2022-07-13 12:15:00,0.0,0.0,0.0,0.0,0.0,0.0,91.54545454545455,31.883333333333336,31.788888888888884,32.58888888888888,32.58888888888888,32.32222222222222,32.84444444444445,23.10909090909091,39.9,0.0,34.9,4.039999999999964,8.55,696.5,2.01,0.9559999999999998,34.63333333333333,16.40582057,False
2022-07-13 12:30:00,105.93333333333334,0.0,0.0,0.0,0.0,0.0,0.0,26.906666666666673,31.536363636363635,32.481818181818184,32.5,32.14166666666667,32.54545454545455,25.88181818181818,23.2,0.0,34.2,3.1599999999998545,11.15,583.6,1.9900000000000002,1.0370000000000001,33.666666666666664,9.098256670000001,False
2022-07-13 12:45:00,0.0,0.0,0.0,0.0,0.0,0.0,0.0,27.36666666666667,31.5,32.5,32.5,32.10000000000001,32.41,26.919999999999998,0.0,0.0,32.09090909090909,0.03999999999996362,21.954545454545453,0.0,1.8545454545454545,1.4318181818181819,34.599999999999994,,False
2022-07-13 13:00:00,0.0,0.0,0.0,0.0,0.0,0.0,0.0,28.799999999999997,31.62727272727272,32.554545454545455,32.63333333333333,32.208333333333336,32.58,27.663636363636364,0.0,0.0,28.4,0.03999999999996362,26.75,0.0,1.69,1.6340000000000003,34.96666666666666,0.0,False
2022-07-13 13:15:00,80.53333333333333,84.53333333333333,80.64285714285714,88.6875,84.53333333333333,75.23076923076923,79.78571428571429,29.51333333333333,30.8,31.785714285714285,31.275,31.279999999999998,32.284615384615385,28.3,22.181818181818183,0.0,31.727272727272727,0.4399999999995998,24.318181818181817,441.45454545454544,1.8545454545454545,1.5399999999999998,35.03333333333333,15.289374580000002,False
2022-07-13 13:30:00,17.066666666666666,76.8,96.93333333333334,64.26666666666667,63.2,107.52941176470588,94.26666666666667,28.040000000000006,25.506666666666664,25.54,24.293333333333333,26.380000000000003,28.394117647058827,26.486666666666665,44.333333333333336,41.888888888888886,38.888888888888886,7.8400000000001455,9.5,871.1111111111111,2.255555555555556,0.9744444444444444,35.36666666666667,35.561605629999995,False
2022-07-13 13:45:00,19.5,90.0,81.1,81.9,70.7,64.8,74.8,28.639999999999997,24.019999999999996,22.830000000000002,22.890000000000008,24.910000000000004,27.410000000000004,23.88,51.1,51.7,40.4,9.360000000000582,8.1,870.7,2.34,0.929,35.199999999999996,41.90562326,False
2022-07-13 14:00:00,0.0,71.45454545454545,68.625,88.875,63.54545454545455,47.75,67.27272727272727,28.466666666666665,24.072727272727274,22.737499999999997,22.86875,24.745454545454546,27.741666666666664,23.599999999999998,38.111111111111114,38.333333333333336,38.888888888888886,8.959999999999127,9.222222222222221,871.0,2.2222222222222223,0.9644444444444444,35.300000000000004,31.62195109,False
2022-07-13 14:15:00,0.0,78.55555555555556,73.88888888888889,87.70588235294117,65.33333333333333,0.0,80.27272727272727,27.755555555555553,23.98888888888889,23.055555555555557,22.635294117647057,24.8,27.955555555555556,23.527272727272724,38.333333333333336,38.111111111111114,38.888888888888886,7.400000000000546,8.444444444444445,871.0,2.211111111111111,0.941111111111111,35.36666666666667,26.4583707,False
2022-07-13 14:30:00,0.0,87.4,79.2,79.3529411764706,69.6,0.0,82.42857142857143,27.350000000000005,23.580000000000002,22.640000000000004,22.6235294117647,24.35,28.20909090909091,23.63571428571428,40.55555555555556,40.333333333333336,38.77777777777778,7.720000000000255,8.833333333333334,870.7777777777778,2.222222222222222,0.9499999999999998,35.6,22.9341838,False
2022-07-13 14:45:00,0.0,78.1,102.25,86.125,65.0,0.0,79.5,27.366666666666667,23.509999999999998,22.691666666666674,22.6125,24.21,28.619999999999997,23.650000000000002,42.8,25.1,38.1,7.399999999999636,11.0,871.0,2.18,1.025,36.03333333333333,16.89344137,False
2022-07-13 15:00:00,0.0,73.0,74.86666666666666,87.89473684210526,64.0,0.0,83.25,27.589999999999996,23.500000000000004,22.753333333333334,22.694736842105264,24.330000000000002,28.970000000000006,23.58333333333334,72.55555555555556,0.0,38.0,7.199999999999818,9.666666666666666,870.7777777777778,2.1999999999999997,0.9811111111111109,35.833333333333336,16.00568332,False
2022-07-13 15:15:00,17.727272727272727,90.45454545454545,94.9090909090909,109.58333333333333,78.9090909090909,17.727272727272727,78.07692307692308,27.827272727272728,23.781818181818185,22.89090909090909,22.691666666666663,24.418181818181814,29.30909090909091,23.530769230769234,66.54545454545455,15.636363636363637,38.90909090909091,8.079999999999927,8.863636363636363,871.1818181818181,2.227272727272727,0.9554545454545454,36.199999999999996,21.864834849999998,False
2022-07-13 15:30:00,0.0,73.0,104.3529411764706,84.6470588235294,73.08333333333333,0.0,89.25,27.566666666666674,23.584615384615386,22.511764705882346,22.541176470588237,24.066666666666663,28.97,23.599999999999998,68.88888888888889,0.0,38.888888888888886,7.520000000000437,9.944444444444445,870.7777777777778,2.211111111111111,0.9888888888888889,36.5,22.73479481,False
2022-07-13 15:45:00,5.0,73.0,73.0,87.15789473684211,64.0,0.0,91.76923076923077,26.89166666666667,23.581818181818186,22.781818181818185,22.563157894736843,24.172727272727276,28.35454545454546,23.599999999999998,66.44444444444444,0.0,39.0,6.559999999999491,10.222222222222221,870.8888888888889,2.211111111111111,1.0,36.36666666666667,15.84985675,False
2022-07-13 16:00:00,98.75,75.44444444444444,74.77777777777777,102.46666666666667,69.0,0.0,67.86666666666666,25.53124999999999,23.75555555555556,22.85555555555555,22.599999999999998,24.481818181818184,28.1,23.900000000000002,60.1,24.1,39.0,8.280000000000655,10.8,871.1,2.24,1.017,35.233333333333334,22.640130860000003,False
2022-07-13 16:30:00,44.46666666666667,85.58333333333333,80.3529411764706,110.64285714285714,71.5,0.0,62.75,23.826666666666664,24.183333333333334,22.688235294117643,22.735714285714284,24.63333333333333,28.380000000000003,23.566666666666666,44.111111111111114,44.22222222222222,40.0,8.839999999999236,9.555555555555555,871.3333333333334,2.2777777777777777,0.9777777777777779,35.93333333333333,33.23616885,False
2022-07-13 16:45:00,19.2,69.7,66.2,94.28571428571429,58.81818181818182,0.0,96.6923076923077,26.340000000000003,23.63,22.759999999999998,22.571428571428573,24.272727272727273,27.59090909090909,23.66153846153846,69.36363636363636,0.0,38.90909090909091,7.920000000000073,10.318181818181818,871.1818181818181,2.209090909090909,1.0027272727272727,36.6,19.917099880000002,False
2022-07-13 17:00:00,25.166666666666668,53.0,65.0,89.41176470588235,54.2,0.0,89.63636363636364,26.400000000000006,23.81,23.1,22.61764705882353,24.4,27.12727272727273,23.854545454545452,68.66666666666667,0.0,38.55555555555556,6.800000000000182,10.5,871.2222222222222,2.1999999999999997,1.01,36.56666666666666,16.12113498,False
2022-07-13 17:15:00,92.64285714285714,63.6,64.8,107.53333333333333,57.5,0.0,27.363636363636363,25.878571428571426,23.69,22.619999999999997,22.59333333333334,24.299999999999994,27.370000000000005,23.972727272727273,67.6,0.0,38.8,7.8400000000001455,10.6,871.1,2.2399999999999998,1.0100000000000002,36.13333333333333,14.7160099,False
2022-07-13 17:30:00,20.0,85.61538461538461,73.07692307692308,84.3529411764706,82.2,21.666666666666668,21.666666666666668,25.138461538461534,23.230769230769226,22.707692307692312,22.235294117647065,23.93333333333333,27.933333333333334,25.66666666666667,53.6,16.8,38.5,6.920000000000073,7.8,870.2,2.2199999999999998,0.9289999999999999,36.3,21.340557540000002,False
2022-07-13 17:45:00,10.0,69.0,100.8,93.875,69.6,0.0,0.0,25.850000000000005,23.155555555555555,22.459999999999997,22.568749999999998,23.810000000000002,27.890000000000004,26.240000000000002,47.4,0.0,37.4,5.119999999999891,11.35,870.9,2.14,1.0330000000000001,36.4,15.96223972,False
2022-07-13 18:00:00,32.46153846153846,66.44444444444444,79.77777777777777,106.53846153846153,63.0,0.0,0.0,26.469230769230766,23.400000000000002,22.711111111111112,22.638461538461534,24.1,27.209090909090904,26.527272727272724,49.22222222222222,0.0,37.333333333333336,5.119999999999891,11.5,871.2222222222222,2.1333333333333337,1.04,35.86666666666667,10.773581159999999,False
2022-07-13 18:15:00,57.54545454545455,60.0,69.33333333333333,79.76470588235294,58.111111111111114,0.0,0.0,26.472727272727276,23.544444444444444,22.58888888888889,22.48235294117647,24.11111111111111,26.62222222222222,26.91111111111111,54.75,0.0,37.375,5.640000000000327,11.3125,870.625,2.1374999999999997,1.0337500000000002,35.53333333333333,11.59977868,False
2022-07-13 18:30:00,40.166666666666664,62.666666666666664,64.88888888888889,108.5,62.0,0.0,0.0,26.325,23.733333333333334,22.87777777777778,22.474999999999998,24.18888888888889,26.560000000000002,27.189999999999998,60.0,0.0,37.666666666666664,6.559999999999491,10.722222222222221,871.1111111111111,2.1666666666666665,1.0166666666666666,35.56666666666667,12.847809649999999,False
2022-07-13 18:45:00,21.666666666666668,78.9090909090909,70.08333333333333,66.57142857142857,75.27272727272727,17.727272727272727,17.727272727272727,26.166666666666668,23.12727272727273,22.641666666666666,22.61428571428571,23.818181818181817,26.536363636363635,27.463636363636365,51.2,11.0,37.4,6.680000000000291,8.55,871.0,2.14,0.9500000000000002,34.96666666666666,12.7399251,False
2022-07-13 19:00:00,0.0,30.0,51.07692307692308,54.90909090909091,30.8,0.0,0.0,26.790000000000003,23.833333333333332,23.676923076923078,23.70909090909091,24.53,27.3875,27.599999999999998,11.3,0.0,32.9,1.800000000000182,19.2,261.4,1.9000000000000004,1.329,34.766666666666666,5.824739114999999,False
2022-07-13 19:30:00,0.0,0.0,0.0,0.0,0.0,0.0,21.571428571428573,28.416666666666668,26.724999999999998,27.24166666666667,27.28333333333333,27.553846153846152,28.341666666666672,27.52857142857143,9.0,0.0,28.5,0.07999999999992724,23.2,163.6,1.7100000000000002,1.499,34.83333333333333,7.025124325,False
2022-07-13 19:45:00,0.0,0.0,0.0,0.0,0.0,0.0,95.27272727272727,28.783333333333342,27.09090909090909,27.89090909090909,27.840000000000003,28.169999999999998,28.309999999999995,24.34545454545454,29.4,0.0,34.7,4.4399999999996,8.15,678.4,2.0300000000000002,0.9410000000000002,34.300000000000004,11.15644361,False
2022-07-13 20:15:00,0.0,0.0,0.0,0.0,0.0,0.0,0.0,29.189999999999998,27.840000000000003,28.28000000000001,28.409090909090914,28.627272727272725,28.43,25.99,0.0,0.0,30.4,0.03999999999996362,21.05,0.0,1.78,1.389,33.266666666666666,0.0,False
2022-07-14 09:45:00,0.0,0.0,0.0,0.0,0.0,0.0,132.33333333333334,32.715384615384615,32.4,32.44166666666667,32.44615384615385,32.346153846153854,32.800000000000004,27.066666666666663,50.3,0.0,33.1,4.240000000000691,6.55,830.4,1.9,0.889,30.733333333333334,20.57287023,False
2022-07-14 10:00:00,0.0,0.0,0.0,0.0,0.0,0.0,94.47826086956522,32.600000000000016,31.890476190476175,32.09523809523811,31.923809523809506,31.939130434782594,32.12727272727272,23.50869565217391,30.608695652173914,0.0,32.30434782608695,3.519999999999527,8.73913043478261,578.7826086956521,1.8739130434782607,0.9604347826086955,30.866666666666664,13.2623286,False
2022-07-14 10:15:00,0.0,0.0,0.0,0.0,0.0,0.0,85.33333333333333,32.52058823529412,31.706666666666685,31.929999999999986,31.69666666666668,31.629411764705893,31.73437500000002,21.927272727272726,45.0,0.0,34.148148148148145,3.8400000000001455,4.407407407407407,524.0370370370371,1.9666666666666666,0.8218518518518516,31.366666666666664,17.37697095,False
2022-07-14 10:30:00,0.0,0.0,0.0,0.0,0.0,0.0,90.25,32.47857142857142,31.64782608695653,31.886956521739116,31.600000000000012,31.580769230769242,31.600000000000016,22.48214285714286,22.2,0.0,31.72,3.0799999999999272,10.3,505.2,1.847999999999999,1.0092,31.133333333333336,9.059404889,False
2022-07-14 10:45:00,0.0,0.0,0.0,0.0,0.0,0.0,68.63636363636364,32.399999999999984,31.572413793103458,31.799999999999986,31.55555555555556,31.5,31.59354838709679,24.19696969696969,11.928571428571429,0.0,31.428571428571427,1.3599999999996726,14.607142857142858,358.67857142857144,1.8357142857142847,1.157142857142857,31.633333333333336,5.189412677,False
2022-07-14 11:00:00,0.0,0.0,0.0,0.0,0.0,0.0,0.0,32.39230769230768,31.5,31.79615384615384,31.5,31.511111111111113,31.54074074074074,25.4925925925926,0.0,0.0,30.857142857142858,0.040000000000873115,20.035714285714285,0.0,1.7999999999999992,1.348928571428571,31.866666666666664,0.0,False
2022-07-14 11:45:00,0.0,0.0,0.0,0.0,0.0,0.0,40.266666666666666,32.46666666666667,31.5,31.836363636363636,31.55454545454546,31.590909090909097,31.86363636363636,27.926666666666666,13.0,0.0,28.1,0.1999999999998181,22.25,172.1,1.69,1.4640000000000002,32.43333333333333,9.733512893999999,False
2022-07-14 12:00:00,0.0,0.0,0.0,0.0,0.0,0.0,105.5,32.43333333333333,31.5,31.872727272727275,31.570000000000004,31.6,31.919999999999998,24.36,49.55555555555556,0.0,34.77777777777778,5.1599999999998545,4.777777777777778,841.1111111111111,2.0,0.8333333333333334,32.699999999999996,19.35116777,False
2022-07-14 12:15:00,0.0,0.0,0.0,0.0,0.0,0.0,82.07407407407408,32.399999999999984,31.5,31.839999999999996,31.600000000000012,31.600000000000012,31.899999999999988,23.44444444444445,21.03846153846154,0.0,33.38461538461539,3.680000000000291,10.75,553.6153846153846,1.9307692307692308,1.0261538461538462,32.93333333333333,8.683225233,False
2022-07-14 12:30:00,16.25,11.304347826086957,11.304347826086957,11.818181818181818,13.0,15.476190476190476,131.43478260869566,32.29,31.460869565217383,31.821739130434782,31.55,31.570000000000004,31.84761904761905,23.517391304347825,42.52173913043478,14.347826086956522,35.34782608695652,5.199999999999818,5.478260869565218,687.1739130434783,2.0347826086956524,0.8652173913043479,33.13333333333333,20.03237869,False
2022-07-14 12:45:00,94.375,0.0,0.0,0.0,0.0,0.0,16.75862068965517,28.103125,30.648387096774194,31.064516129032267,30.76785714285715,31.023076923076925,30.965517241379313,23.382758620689653,18.48,0.0,34.28,3.1599999999998545,11.36,625.8,1.9960000000000002,1.0456,33.300000000000004,6.652407663,False
2022-07-14 13:00:00,0.0,0.0,0.0,0.0,0.0,0.0,0.0,27.5,29.838095238095246,30.223809523809532,30.04090909090909,30.357692307692318,30.3423076923077,24.861538461538462,0.0,0.0,32.791666666666664,0.1999999999998181,20.625,0.0,1.8999999999999992,1.3729166666666666,34.233333333333334,,False
2022-07-14 13:15:00,0.0,0.0,0.0,0.0,0.0,0.0,0.0,28.62,29.716666666666665,30.100000000000005,29.899999999999995,30.064285714285713,30.033333333333335,25.5,0.0,0.0,32.083333333333336,0.03999999999996362,22.708333333333332,0.0,1.866666666666667,1.4616666666666667,34.0,,False
2022-07-14 13:30:00,30.076923076923077,0.0,0.0,0.0,0.0,0.0,0.0,29.0,29.859999999999996,30.169999999999995,29.972727272727273,30.118181818181814,30.2,26.581818181818186,0.0,0.0,33.09090909090909,0.31999999999970896,24.5,79.18181818181819,1.9090909090909092,1.5363636363636362,34.06666666666666,,False
2022-07-15 09:00:00,0.0,0.0,0.0,0.0,0.0,0.0,131.41666666666666,33.027272727272724,32.64545454545455,32.99090909090909,32.900000000000006,32.833333333333336,33.225,27.76666666666667,54.72727272727273,0.0,33.09090909090909,4.280000000000655,4.818181818181818,834.0,1.9,0.8336363636363636,30.933333333333334,21.220402330000002,False
2022-07-15 09:15:00,70.48148148148148,0.0,0.0,0.0,0.0,0.0,39.7,30.38888888888889,31.99999999999999,32.50416666666666,32.38333333333332,32.2857142857143,32.62777777777777,25.835,37.43478260869565,0.0,32.52173913043478,4.399999999999636,8.956521739130435,631.6086956521739,1.878260869565217,0.972608695652174,31.066666666666666,15.893258719999999,False
2022-07-15 09:30:00,74.75757575757575,0.0,0.0,0.0,0.0,0.0,0.0,24.869696969696975,31.728571428571446,32.29999999999998,32.15555555555556,32.026666666666664,32.35312499999998,27.709374999999998,33.642857142857146,0.0,33.142857142857146,3.4000000000005457,6.553571428571429,439.39285714285717,1.9214285714285708,0.8899999999999999,31.5,13.823341680000002,False
2022-07-15 09:45:00,109.37037037037037,0.0,0.0,0.0,0.0,0.0,31.24137931034483,24.962962962962973,31.669230769230772,32.296153846153835,32.04642857142858,31.907142857142844,32.29999999999998,28.089655172413803,29.84,0.0,32.64,2.1599999999998545,10.16,567.88,1.8839999999999997,1.006,31.53333333333333,12.638428529999999,False
2022-07-15 10:00:00,93.42857142857143,0.0,0.0,0.0,0.0,0.0,119.44444444444444,24.535714285714285,31.600000000000016,32.20000000000002,31.94642857142856,31.87499999999999,32.29999999999998,25.848148148148148,52.54545454545455,0.0,34.45454545454545,5.479999999999563,7.295454545454546,871.2272727272727,1.9909090909090907,0.9054545454545455,31.7,20.18375017,False
2022-07-15 10:15:00,75.48148148148148,0.0,0.0,0.0,0.0,0.0,65.15384615384616,24.551851851851854,31.600000000000012,32.20000000000001,31.899999999999988,31.879999999999995,32.29999999999998,24.60384615384616,32.666666666666664,0.0,33.666666666666664,4.440000000000509,9.38888888888889,835.5925925925926,1.959259259259259,0.9729629629629633,32.03333333333333,13.65161566,False
2022-07-15 10:30:00,82.96153846153847,0.0,0.0,0.0,0.0,0.0,0.0,24.66538461538461,31.64583333333334,32.241666666666646,31.899999999999988,31.899999999999988,32.29999999999999,26.009523809523813,18.956521739130434,0.0,32.608695652173914,2.199999999999818,13.043478260869565,422.2173913043478,1.8913043478260863,1.110434782608696,32.266666666666666,8.062114429000001,False
2022-07-15 10:45:00,80.71428571428571,0.0,0.0,0.0,0.0,0.0,0.0,24.650000000000002,31.74545454545455,32.300000000000004,31.899999999999995,31.95,32.233333333333334,26.683333333333334,14.0,0.0,33.0,1.7600000000002183,14.590909090909092,392.90909090909093,1.9090909090909092,1.1590909090909092,32.6,5.722440434,False
2022-07-15 11:00:00,77.0909090909091,0.0,0.0,0.0,0.0,0.0,0.0,24.681818181818187,31.87777777777778,32.300000000000004,31.95,32.0,31.911111111111115,26.966666666666665,19.444444444444443,0.0,33.22222222222222,1.9200000000000728,13.055555555555555,462.8888888888889,1.9111111111111114,1.108888888888889,32.53333333333333,8.016152901,False
2022-07-15 11:15:00,33.13333333333333,11.818181818181818,11.818181818181818,16.25,16.25,15.0,15.0,24.68,31.83636363636364,32.22727272727273,31.86666666666667,32.0,31.49230769230769,27.53846153846154,23.90909090909091,13.545454545454545,33.81818181818182,3.759999999999309,7.2272727272727275,401.90909090909093,1.945454545454545,0.9190909090909091,32.96666666666667,13.154261540000002,False
2022-07-15 11:45:00,0.0,0.0,0.0,0.0,0.0,0.0,56.625,26.145454545454548,30.58333333333333,30.79166666666666,30.3,31.058333333333334,30.116666666666664,26.90625,14.5,0.0,33.3,1.9200000000000728,15.55,303.0,1.9300000000000002,1.19,33.50000000000001,6.091472639,False
2022-07-15 12:00:00,0.0,0.0,0.0,0.0,0.0,0.0,79.0,26.85,30.322222222222226,30.599999999999998,30.0,30.71818181818181,29.872727272727275,26.47692307692308,20.333333333333332,0.0,34.22222222222222,1.7200000000002547,14.777777777777779,380.1111111111111,1.9888888888888887,1.1722222222222223,33.800000000000004,8.805429113,False
2022-07-15 12:15:00,0.0,0.0,0.0,0.0,0.0,0.0,34.84615384615385,27.590909090909086,30.318181818181817,30.563636363636363,29.941666666666666,30.699999999999992,29.958333333333332,27.5,4.181818181818182,0.0,32.18181818181818,0.7200000000002547,20.545454545454547,237.63636363636363,1.8636363636363635,1.38,33.666666666666664,1.887937848,False
2022-07-15 12:30:00,25.166666666666668,0.0,0.0,0.0,0.0,0.0,0.0,28.191666666666666,30.436363636363637,30.699999999999992,30.025,30.737500000000004,30.174999999999997,28.775000000000002,10.0,0.0,33.333333333333336,0.7999999999992724,19.72222222222222,189.11111111111111,1.9333333333333336,1.3600000000000003,33.9,5.071304259000001,False
2022-07-15 12:45:00,71.26666666666667,0.0,0.0,0.0,0.0,0.0,0.0,25.713333333333335,30.566666666666674,30.775000000000006,30.2,30.85833333333333,30.438461538461542,29.25384615384616,12.363636363636363,0.0,34.09090909090909,2.160000000000764,13.863636363636363,354.8181818181818,1.9818181818181815,1.1345454545454545,34.4,4.425705807,False
2022-07-15 13:00:00,50.333333333333336,0.0,0.0,0.0,0.0,0.0,0.0,26.691666666666666,30.649999999999995,30.86666666666666,30.390000000000004,31.0,30.669999999999998,29.330000000000002,9.777777777777779,0.0,34.77777777777778,1.3599999999996726,17.61111111111111,273.44444444444446,2.011111111111111,1.2722222222222221,34.699999999999996,4.142443031,False
2022-07-15 13:15:00,25.166666666666668,0.0,0.0,0.0,0.0,0.0,0.0,26.591666666666665,30.709090909090904,31.000000000000004,30.629999999999995,31.08181818181818,30.74545454545455,29.481818181818184,8.727272727272727,0.0,34.63636363636363,0.3599999999996726,18.818181818181817,156.45454545454547,2.0000000000000004,1.3136363636363637,34.63333333333333,4.074097944,False
2022-07-15 13:30:00,46.46153846153846,0.0,0.0,0.0,0.0,0.0,0.0,25.907692307692308,30.866666666666667,31.177777777777774,30.750000000000007,31.272727272727277,30.699999999999996,29.566666666666663,5.4,0.0,34.8,1.480000000000473,17.9,170.1,1.9900000000000002,1.2719999999999998,34.63333333333333,1.747037993,False
2022-07-15 14:00:00,0.0,0.0,0.0,0.0,0.0,0.0,69.84,27.25499999999999,31.242857142857133,31.47142857142857,31.14090909090909,31.486363636363638,30.7,29.279999999999994,27.238095238095237,0.0,34.95238095238095,1.3599999999996726,16.523809523809526,426.4761904761905,2.01904761904762,1.2490476190476187,35.1,13.73170129,False
2022-07-15 14:15:00,0.0,0.0,0.0,0.0,0.0,0.0,85.83333333333333,27.21764705882354,31.434482758620685,31.600000000000016,31.41666666666666,31.665517241379327,30.64285714285715,25.136666666666663,34.107142857142854,0.0,35.964285714285715,4.5600000000004,8.732142857142858,654.1785714285714,2.0535714285714284,0.96,,15.00164755,False
2022-07-15 14:30:00,0.0,0.0,0.0,0.0,0.0,0.0,54.36666666666667,27.35151515151514,31.54062500000001,31.74999999999998,31.521875000000005,31.836363636363625,30.658620689655184,25.02,11.03448275862069,0.0,33.62068965517241,2.0,15.068965517241379,300.2758620689655,1.9379310344827574,1.1734482758620686,33.300000000000004,4.328742957,False
2022-07-15 15:45:00,0.0,0.0,0.0,0.0,0.0,0.0,95.0,29.699999999999996,32.03636363636363,32.25454545454545,31.86363636363637,32.13333333333334,31.809090909090912,25.60833333333333,30.1,0.0,29.7,2.4399999999996,9.25,315.3,1.7399999999999998,0.9780000000000001,28.2,13.3563899,False
2022-07-15 16:00:00,0.0,0.0,0.0,0.0,0.0,0.0,93.9090909090909,29.822222222222226,31.909090909090914,32.199999999999996,31.800000000000008,32.10000000000001,31.966666666666665,24.763636363636365,22.88888888888889,0.0,29.88888888888889,1.4400000000005093,11.666666666666666,276.3333333333333,1.7333333333333334,1.0544444444444445,29.0,10.148675670000001,False
2022-07-15 16:15:00,0.0,0.0,0.0,0.0,0.0,0.0,97.46153846153847,29.99090909090909,31.800000000000008,32.25454545454546,31.800000000000008,32.10000000000001,32.05454545454546,24.638461538461534,22.9,0.0,29.4,1.6799999999993815,10.1,281.4,1.7100000000000002,1.004,,9.628507954,False
2022-07-15 16:30:00,0.0,0.0,0.0,0.0,0.0,0.0,105.46153846153847,30.040000000000003,31.766666666666666,32.300000000000004,31.800000000000004,32.019999999999996,32.16,24.67692307692308,18.22222222222222,0.0,29.11111111111111,1.6000000000003638,12.444444444444445,330.3333333333333,1.7222222222222223,1.0822222222222222,28.8,7.905767581999999,False
2022-07-15 16:45:00,0.0,0.0,0.0,0.0,0.0,0.0,0.0,30.13636363636363,31.76,32.300000000000004,31.800000000000008,32.027272727272724,32.209090909090904,25.653846153846157,0.0,0.0,25.0,0.03999999999996362,21.727272727272727,0.0,1.5272727272727273,1.4254545454545453,28.700000000000003,,False
2022-07-15 17:00:00,0.0,0.0,0.0,0.0,0.0,0.0,0.0,30.290000000000003,31.727272727272723,32.300000000000004,31.800000000000008,32.0,32.300000000000004,27.525000000000002,0.0,0.0,24.3,0.03999999999996362,24.65,0.0,1.5,1.5400000000000003,28.766666666666666,0.0,False
2022-07-16 08:30:00,102.05555555555556,0.0,0.0,0.0,0.0,0.0,0.0,29.316666666666663,33.236363636363635,33.463636363636354,33.336363636363636,33.18,34.0,33.163636363636364,38.90909090909091,0.0,31.818181818181817,0.6000000000003638,11.863636363636363,620.6363636363636,1.8545454545454545,1.0881818181818181,29.933333333333334,17.991768630000003,False
2022-07-16 08:45:00,19.545454545454547,0.0,0.0,0.0,0.0,0.0,0.0,26.681818181818183,33.10000000000001,33.34545454545455,33.077777777777776,33.06666666666667,33.87777777777778,32.56666666666666,0.0,0.0,29.0,3.4399999999996,15.61111111111111,94.44444444444444,1.7222222222222223,1.1822222222222223,30.03333333333333,0.0,False
2022-07-16 09:00:00,0.0,0.0,0.0,0.0,0.0,0.0,0.0,27.380000000000003,33.05,33.300000000000004,33.0,33.0,33.800000000000004,32.300000000000004,0.0,0.0,31.0,0.03999999999996362,18.25,0.0,1.8000000000000003,1.2840000000000003,30.633333333333336,0.0,False
2022-07-18 14:15:00,0.0,0.0,0.0,0.0,0.0,0.0,0.0,29.5,32.025,32.23333333333334,32.21666666666667,32.15,30.833333333333332,29.38333333333334,0.0,0.0,27.818181818181817,77.92000000000007,27.772727272727273,0.0,1.618181818181818,1.6845454545454543,,0.0,False
2022-07-18 15:00:00,0.0,0.0,0.0,0.0,0.0,0.0,95.28571428571429,30.866666666666664,32.64545454545455,32.800000000000004,32.766666666666666,32.761538461538464,31.823076923076925,28.528571428571432,44.4,0.0,35.9,0.03999999999996362,10.75,696.3,2.07,1.048,35.2,19.59290493,False
2022-07-18 15:15:00,0.0,0.0,0.0,0.0,0.0,0.0,74.30434782608695,30.313043478260887,32.40454545454544,32.645454545454555,32.60000000000001,32.54736842105263,31.438095238095222,24.426086956521736,31.59090909090909,0.0,36.09090909090909,6.119999999999891,8.25,587.2727272727273,2.063636363636364,0.9463636363636364,34.86666666666667,13.41728525,False
2022-07-18 15:30:00,0.0,0.0,0.0,0.0,0.0,0.0,83.85185185185185,30.103571428571446,32.399999999999984,32.615384615384635,32.600000000000016,32.492592592592594,31.399999999999984,23.75185185185185,32.23076923076923,0.0,35.84615384615385,3.5600000000004,7.230769230769231,538.9230769230769,2.0500000000000003,0.9138461538461538,34.8,13.06245769,False
2022-07-18 15:45:00,0.0,0.0,0.0,0.0,0.0,0.0,0.0,30.195833333333326,32.42399999999999,32.70000000000002,32.600000000000016,32.49090909090909,31.46666666666667,25.137499999999992,0.0,0.0,31.36,2.199999999999818,17.82,0.0,1.7999999999999994,1.266,,0.0,False
2022-07-18 16:00:00,92.55882352941177,0.0,0.0,0.0,0.0,0.0,62.97142857142857,28.22941176470589,32.540625000000006,32.725,32.62857142857145,32.57142857142859,31.5,26.091428571428573,50.416666666666664,0.0,35.041666666666664,0.07999999999992724,10.0625,656.9583333333334,2.037500000000001,1.00625,33.13333333333333,21.51629496,False
2022-07-18 16:15:00,40.63636363636363,0.0,0.0,0.0,0.0,0.0,70.2,25.31363636363636,32.60625000000001,32.83125,32.699999999999996,32.68235294117647,31.59333333333333,24.21333333333333,41.294117647058826,0.0,34.705882352941174,6.479999999999563,6.382352941176471,868.3529411764706,2.0058823529411764,0.8776470588235293,32.7,16.84084107,False
2022-07-18 16:30:00,104.92307692307692,0.0,0.0,0.0,0.0,0.0,66.54545454545455,25.60769230769231,32.699999999999996,32.89999999999999,32.730000000000004,32.699999999999996,31.763636363636365,24.700000000000003,36.0,0.0,34.5,4.5600000000004,8.9,842.2,2.0,0.9550000000000001,,14.481385869999999,False
2022-07-18 16:45:00,81.91666666666667,19.5,19.5,19.5,19.5,21.666666666666668,94.11111111111111,25.441666666666663,32.49,32.690000000000005,32.53,32.510000000000005,31.58888888888889,24.277777777777782,34.4,16.5,35.4,5.399999999999636,7.1,777.8,2.0300000000000002,0.9099999999999999,33.0,18.346551369999997,False
2022-07-18 17:00:00,78.0,0.0,0.0,0.0,0.0,0.0,39.81818181818182,25.415384615384617,31.70909090909091,32.00909090909091,31.9,31.98,30.709999999999997,24.909090909090914,25.1,0.0,34.2,2.7600000000002183,11.45,675.7,1.9799999999999998,1.042,32.9,10.702679589999999,False
2022-07-18 17:15:00,49.333333333333336,0.0,0.0,0.0,0.0,0.0,0.0,25.666666666666668,31.077777777777776,31.45555555555556,31.29,31.52,29.966666666666672,26.299999999999997,10.11111111111111,0.0,32.22222222222222,2.0399999999999636,15.722222222222221,288.22222222222223,1.8666666666666667,1.2000000000000002,32.9,4.292653506000001,False
2022-07-18 17:30:00,84.14285714285714,0.0,0.0,0.0,0.0,0.0,0.0,25.55,30.78333333333333,31.399999999999995,31.199999999999992,31.5,29.472727272727266,26.80909090909091,21.8,0.0,33.1,2.4400000000005093,13.25,390.3,1.9100000000000001,1.1190000000000002,32.766666666666666,9.612724277,False
2022-07-18 17:45:00,68.76923076923077,0.0,0.0,0.0,0.0,0.0,0.0,25.669230769230772,30.62727272727273,31.472727272727273,31.30909090909091,31.575000000000003,29.325000000000003,27.13333333333333,18.9,0.0,33.1,2.4799999999995634,13.2,393.2,1.9100000000000001,1.112,,7.885248582999999,False
2022-07-18 18:00:00,94.66666666666667,0.0,0.0,0.0,0.0,0.0,0.0,25.575000000000003,30.6,31.57,31.5,31.74444444444445,29.199999999999996,27.422222222222224,25.333333333333332,0.0,33.22222222222222,2.1599999999998545,11.944444444444445,472.8888888888889,1.9111111111111114,1.0744444444444445,32.5,10.61994593,False
2022-07-18 18:15:00,98.53846153846153,0.0,0.0,0.0,0.0,0.0,0.0,25.48461538461538,30.73,31.750000000000007,31.669999999999998,31.859999999999996,29.077777777777776,27.75555555555556,17.5,0.0,32.5,1.9200000000000728,12.6,512.6,1.9,1.094,32.46666666666667,7.246960865999999,False
2022-07-18 18:30:00,77.45454545454545,0.0,0.0,0.0,0.0,0.0,0.0,25.60909090909091,30.91818181818182,31.927272727272733,31.85833333333333,32.02727272727273,28.972727272727276,28.05454545454545,19.666666666666668,0.0,33.0,1.8800000000001091,14.055555555555555,475.6666666666667,1.911111111111111,1.1422222222222222,,8.961498351,False
2022-07-18 18:45:00,45.92857142857143,13.0,13.0,11.818181818181818,10.833333333333334,13.0,13.0,25.6,31.2,32.07000000000001,31.99090909090909,32.141666666666666,29.189999999999998,28.470000000000006,26.22222222222222,12.333333333333334,33.111111111111114,1.9600000000000364,6.611111111111111,384.3333333333333,1.9222222222222223,0.9111111111111112,32.2,13.03676133,False
2022-07-18 19:00:00,23.076923076923077,0.0,0.0,0.0,0.0,0.0,0.0,26.26923076923077,30.900000000000002,31.558333333333334,31.40769230769231,31.649999999999995,29.400000000000002,29.049999999999997,2.5454545454545454,0.0,27.363636363636363,3.680000000000291,16.636363636363637,0.0,1.6363636363636365,1.2272727272727273,32.03333333333333,1.2068795970000001,False
2022-07-18 19:15:00,0.0,0.0,0.0,0.0,0.0,0.0,0.0,26.659999999999997,30.418181818181814,31.05454545454545,30.881818181818186,31.250000000000004,29.300000000000008,28.800000000000008,0.0,0.0,23.7,0.03999999999996362,22.15,0.0,1.4500000000000002,1.436,31.899999999999995,0.0,False
2022-07-19 10:15:00,70.66666666666667,0.0,0.0,0.0,0.0,0.0,0.0,31.925000000000008,33.85,33.98,33.96,33.75000000000001,33.563636363636355,33.872727272727275,29.6,0.0,32.8,1.8800000000001091,17.0,510.3,1.92,1.2850000000000001,32.06666666666666,15.59832316,False
2022-07-19 10:30:00,120.21428571428571,0.0,0.0,0.0,0.0,136.6153846153846,0.0,24.414285714285715,30.190909090909088,30.454545454545453,30.059999999999995,29.919999999999998,27.45384615384615,29.85,31.636363636363637,14.0,34.63636363636363,3.719999999999345,13.409090909090908,394.1818181818182,1.9909090909090912,1.1363636363636362,32.199999999999996,21.13267947,False
2022-07-19 10:45:00,84.53846153846153,0.0,0.0,0.0,0.0,110.4,10.0,24.46923076923077,32.945454545454545,33.24545454545454,33.06666666666667,33.010000000000005,26.389999999999997,32.71666666666666,61.77777777777778,12.666666666666666,36.22222222222222,7.960000000000036,1.4444444444444444,870.4444444444445,2.0777777777777775,0.7377777777777779,32.300000000000004,24.798738659999998,False
2022-07-19 11:00:00,0.0,0.0,0.0,0.0,0.0,18.6,122.4,24.781818181818178,32.800000000000004,33.05833333333333,32.99166666666667,32.88,25.860000000000003,27.15,55.3,0.0,35.5,6.5600000000004,2.75,848.6,2.01,0.7779999999999999,32.66666666666667,20.688912690000002,False
2022-07-19 11:15:00,0.0,0.0,0.0,0.0,0.0,0.0,86.84615384615384,25.433333333333337,32.800000000000004,33.0,32.89999999999999,32.881818181818176,26.318181818181824,24.615384615384617,25.333333333333332,0.0,33.888888888888886,3.5599999999994907,8.333333333333334,535.3333333333334,1.9333333333333331,0.951111111111111,32.86666666666667,9.990022156,False
2022-07-19 11:30:00,0.0,0.0,0.0,0.0,0.0,0.0,9.4375,25.90909090909091,32.849999999999994,33.08,32.93,32.945454545454545,26.95454545454545,25.925,2.8,0.0,28.6,0.24000000000069122,20.45,74.8,1.7,1.369,32.8,1.6141928269999999,False
2022-07-19 11:45:00,0.0,0.0,0.0,0.0,0.0,0.0,115.7,26.590909090909086,32.989999999999995,33.169999999999995,33.0,33.0,27.690000000000005,24.679999999999996,60.666666666666664,0.0,36.44444444444444,4.920000000000073,2.111111111111111,818.3333333333334,2.1,0.758888888888889,33.0,21.84880344,False
2022-07-19 12:00:00,0.0,0.0,0.0,0.0,0.0,0.0,72.9,27.099999999999998,33.025000000000006,33.225,33.0,33.08,28.240000000000002,22.080000000000005,54.0,0.0,36.54545454545455,5.399999999999636,0.13636363636363635,708.0,2.1000000000000005,0.7000000000000001,33.63333333333333,18.9314098,False
2022-07-19 12:15:00,0.0,0.0,0.0,0.0,0.0,0.0,31.185185185185187,27.73636363636363,33.14615384615387,33.334615384615375,33.066666666666684,33.212,28.938461538461546,23.751851851851846,9.11111111111111,0.0,33.592592592592595,1.5200000000004366,14.351851851851851,211.66666666666666,1.937037037037037,1.145925925925926,33.56666666666667,3.4025920229999995,False
2022-07-19 12:30:00,46.2962962962963,16.25,16.25,14.130434782608695,14.130434782608695,13.541666666666666,86.32,28.13333333333333,33.1625,33.349999999999994,33.06521739130435,33.27391304347827,29.40833333333333,23.268,56.18181818181818,14.681818181818182,37.22727272727273,6.359999999999673,0.1590909090909091,680.2272727272727,2.1318181818181823,0.7054545454545454,33.800000000000004,22.491593560000002,False
2022-07-19 12:45:00,57.17857142857143,0.0,0.0,0.0,0.0,0.0,0.0,25.560714285714283,32.4,32.62962962962962,32.41481481481482,32.670967741935485,29.151612903225804,24.37419354838709,15.92,0.0,33.92,2.319999999999709,11.72,140.16,1.9759999999999989,1.0628000000000002,34.4,5.96050071,False
2022-07-19 13:15:00,0.0,0.0,0.0,0.0,0.0,0.0,0.0,28.792307692307695,31.5,31.68461538461539,31.469230769230762,31.784615384615385,28.730769230769226,25.5,0.0,0.0,25.818181818181817,0.03999999999996362,24.136363636363637,0.0,1.5454545454545454,1.5199999999999998,34.36666666666667,,False
2022-07-19 13:45:00,0.0,0.0,0.0,0.0,0.0,0.0,46.46153846153846,30.084615384615386,31.772727272727277,31.89090909090909,31.750000000000004,32.025,29.820000000000004,26.78461538461539,22.4,0.0,30.9,1.1199999999998909,18.6,344.4,1.8,1.333,34.199999999999996,12.963112970000001,False
2022-07-19 14:00:00,0.0,0.0,0.0,0.0,0.0,0.0,107.0,30.492307692307698,31.800000000000008,31.936363636363637,31.724999999999994,32.025,29.690000000000005,25.07,68.9090909090909,0.0,37.45454545454545,7.0,-0.2727272727272727,870.7272727272727,2.145454545454545,0.6909090909090909,34.43333333333333,23.77292447,False
2022-07-19 14:15:00,0.0,0.0,0.0,0.0,0.0,0.0,75.0,30.737500000000004,31.800000000000004,32.025,31.699999999999996,32.036363636363646,29.666666666666668,23.816666666666666,18.7,0.0,35.0,3.8400000000001455,9.7,580.9,2.0200000000000005,0.9890000000000001,34.333333333333336,7.033601690999999,False
2022-07-19 14:30:00,0.0,0.0,0.0,0.0,0.0,0.0,0.0,31.03333333333333,31.9,32.15454545454545,31.849999999999994,32.14166666666666,30.007142857142856,24.875000000000004,1.9,0.0,33.7,0.8800000000001091,17.3,0.0,1.9400000000000002,1.2479999999999998,34.6,0.1768436693,False
2022-07-19 14:45:00,0.0,0.0,0.0,0.0,0.0,135.14285714285714,0.0,31.28888888888889,32.050000000000004,32.28000000000001,32.022222222222226,32.28888888888889,27.342857142857145,25.959999999999997,65.5,0.0,36.9,5.520000000000437,3.5,783.5,2.11,0.8049999999999999,34.76666666666667,24.576645850000002,False
2022-07-19 15:00:00,0.0,0.0,0.0,0.0,0.0,83.8,0.0,31.492307692307694,32.24545454545455,32.36363636363636,32.2,32.37499999999999,25.573333333333334,26.041666666666668,19.727272727272727,0.0,34.72727272727273,3.7999999999992724,9.954545454545455,550.6363636363636,2.0181818181818185,1.0045454545454546,34.73333333333333,7.309062776000001,False
2022-07-19 15:15:00,0.0,0.0,0.0,0.0,0.0,123.54545454545455,0.0,31.70909090909091,32.33636363636363,32.50909090909091,32.31,32.540000000000006,25.727272727272734,26.089999999999996,34.6,0.0,36.1,2.9200000000000728,10.4,554.0,2.0599999999999996,1.024,34.36666666666667,14.66373806,False
2022-07-19 15:30:00,0.0,0.0,0.0,0.0,0.0,129.30769230769232,0.0,31.878571428571423,32.55833333333334,32.68333333333333,32.45,32.733333333333334,25.66923076923077,26.281818181818185,37.0,0.0,35.90909090909091,2.7600000000002183,9.545454545454545,615.0,2.0545454545454547,0.9981818181818182,34.63333333333333,15.186231630000002,False
2022-07-19 15:45:00,43.333333333333336,35.45454545454545,35.45454545454545,35.45454545454545,35.45454545454545,63.23076923076923,35.45454545454545,31.833333333333332,32.67272727272728,32.790909090909096,32.54545454545455,32.90909090909091,25.5,27.372727272727275,35.888888888888886,13.777777777777779,37.0,5.199999999999818,3.0,515.4444444444445,2.1,0.7966666666666666,35.03333333333334,15.659013790000001,False
2022-07-19 16:00:00,0.0,0.0,0.0,0.0,0.0,111.64285714285714,0.0,30.936363636363637,32.190000000000005,32.26,32.01111111111111,32.52222222222222,25.54285714285714,28.1,20.666666666666668,0.0,35.77777777777778,3.360000000000582,9.555555555555555,500.55555555555554,2.0444444444444443,0.9888888888888889,35.13333333333333,7.424566688,False
2022-07-19 16:15:00,0.0,0.0,0.0,0.0,0.0,116.15384615384616,0.0,30.041666666666668,31.454545454545453,31.58181818181818,31.481818181818177,32.09090909090909,25.592307692307696,28.036363636363635,23.5,0.0,35.8,2.519999999999527,11.15,435.5,2.05,1.0450000000000002,35.23333333333333,9.554893167,False
2022-07-19 16:30:00,0.0,0.0,0.0,0.0,0.0,105.3076923076923,0.0,29.716666666666665,31.0,31.481818181818184,31.4,31.827272727272728,25.53076923076923,27.639999999999997,37.0,0.0,36.0,3.2399999999997817,8.055555555555555,576.1111111111111,2.0555555555555554,0.9455555555555555,34.833333333333336,14.32450524,False
2022-07-19 16:45:00,69.0909090909091,0.0,0.0,0.0,0.0,82.36363636363636,0.0,29.136363636363637,30.820000000000004,31.4,31.49090909090909,31.800000000000008,25.681818181818183,27.577777777777772,33.1,4.2,35.6,3.800000000000182,11.0,692.1,2.06,1.034,34.46666666666667,15.731602919999998,False
2022-07-19 17:00:00,108.6875,0.0,0.0,0.0,0.0,66.78571428571429,0.0,24.931250000000002,30.9,31.446153846153848,31.58181818181818,31.910000000000004,25.514285714285716,27.944444444444443,57.2,0.0,36.6,6.520000000000437,2.65,871.2,2.1300000000000003,0.771,34.43333333333334,16.86096202,False
2022-07-19 17:15:00,81.52,0.0,0.0,0.0,0.0,77.57142857142857,0.0,23.332000000000008,31.15555555555555,31.533333333333335,31.79,32.099999999999994,25.407142857142862,28.45,55.1,0.0,36.6,5.6799999999993815,3.65,825.5,2.1300000000000003,0.8009999999999999,34.333333333333336,17.49199996,False
2022-07-19 17:30:00,81.1875,0.0,0.0,0.0,0.0,86.46666666666667,0.0,23.168749999999996,31.41818181818182,31.736363636363638,32.03333333333334,32.209090909090904,25.439999999999994,29.0,52.9,0.0,36.3,5.1200000000008,4.3,750.7,2.1,0.8180000000000002,34.199999999999996,17.764160349999997,False
2022-07-19 17:45:00,82.61538461538461,13.0,13.0,13.0,13.0,70.3076923076923,11.818181818181818,22.938461538461542,31.589999999999996,31.830000000000005,32.0,32.230000000000004,25.600000000000005,29.872727272727275,51.0,13.090909090909092,36.63636363636363,5.919999999999163,1.4090909090909092,627.9090909090909,2.1000000000000005,0.7381818181818183,33.83333333333333,21.09423576,False
2022-07-19 18:00:00,67.66666666666667,0.0,0.0,0.0,0.0,65.8,0.0,22.775000000000006,30.970000000000006,31.22,31.32222222222222,31.699999999999996,25.48,29.679999999999996,47.55555555555556,0.0,35.77777777777778,4.240000000000691,2.5555555555555554,601.1111111111111,2.066666666666667,0.768888888888889,33.56666666666666,17.457403309999997,False
2022-07-19 18:15:00,15.923076923076923,0.0,0.0,0.0,0.0,93.08333333333333,0.0,22.73846153846154,30.50909090909091,30.71818181818181,30.919999999999998,31.29,25.608333333333334,28.977777777777778,29.90909090909091,0.0,34.27272727272727,2.0799999999999272,10.136363636363637,468.09090909090907,1.981818181818182,1.0127272727272727,33.333333333333336,12.873742109999998,False
2022-07-19 18:30:00,0.0,0.0,0.0,0.0,0.0,111.25,0.0,23.56363636363636,30.51,30.699999999999996,30.96,31.199999999999996,25.474999999999998,28.48,15.0,0.0,32.2,3.119999999999891,13.55,510.9,1.8799999999999997,1.1190000000000002,33.03333333333333,6.193661917,False
2022-07-19 18:45:00,0.0,0.0,0.0,0.0,0.0,88.8,0.0,23.688888888888886,30.666666666666668,30.800000000000004,31.022222222222222,31.22222222222222,25.53,28.15555555555555,17.8,0.0,32.9,2.3599999999996726,12.7,390.7,1.92,1.097,32.93333333333333,7.309858834999999,False
2022-07-19 19:15:00,0.0,0.0,0.0,0.0,0.0,0.0,0.0,25.288888888888888,31.020000000000003,31.21,31.330000000000002,31.49,27.160000000000004,28.93,0.0,0.0,29.88888888888889,0.03999999999996362,22.77777777777778,0.0,1.7666666666666666,1.4655555555555555,32.23333333333333,0.0,False
2022-07-20 09:30:00,62.1764705882353,0.0,0.0,0.0,0.0,0.0,0.0,31.376470588235293,33.875,33.89999999999999,33.89999999999999,33.60000000000001,33.48461538461539,33.83846153846154,32.8,0.0,31.0,1.5600000000004002,16.3,435.3,1.8,1.276,30.73333333333333,17.95613117,False
2022-07-20 09:45:00,103.18181818181819,0.0,0.0,0.0,0.0,0.0,0.0,23.299999999999997,33.800000000000004,33.82222222222222,33.74444444444444,33.52222222222222,32.99999999999999,33.26363636363637,43.3,0.0,31.5,5.880000000000109,3.7,587.5,1.85,0.813,31.166666666666668,15.773295869999998,False
2022-07-20 10:00:00,82.46153846153847,0.0,0.0,0.0,0.0,0.0,0.0,24.87692307692308,33.72727272727272,33.72727272727272,33.645454545454555,33.43636363636363,32.559999999999995,32.78,23.0,0.0,31.181818181818183,2.5599999999994907,11.318181818181818,427.54545454545456,1.8090909090909093,1.0463636363636364,31.333333333333332,9.720113211,False
2022-07-20 10:15:00,0.0,0.0,0.0,0.0,0.0,0.0,0.0,25.88181818181818,33.63333333333334,33.699999999999996,33.53636363636363,33.39999999999999,32.36,32.44,0.0,0.0,25.6,0.07999999999992724,23.5,0.0,1.54,1.498,31.2,0.0,False
2022-07-20 11:45:00,0.0,0.0,0.0,0.0,0.0,0.0,81.83333333333333,30.14166666666667,33.699999999999996,33.699999999999996,33.554545454545455,33.5,32.519999999999996,30.766666666666666,51.4,0.0,33.8,3.480000000000473,9.3,598.0,1.9600000000000002,1.018,33.36666666666667,22.86490121,False
2022-07-20 12:00:00,17.727272727272727,17.727272727272727,17.727272727272727,17.727272727272727,19.5,19.5,103.4,30.13636363636363,33.24545454545454,33.36363636363637,33.190909090909095,33.17,32.0,23.900000000000002,59.0,9.8,35.3,6.920000000000073,-1.1,748.6,2.0100000000000002,0.6689999999999999,33.266666666666666,20.925494060000002,False
2022-07-20 12:15:00,0.0,0.0,0.0,0.0,0.0,0.0,80.1,29.463636363636372,32.11,32.33,32.23333333333333,32.32222222222222,30.7,22.160000000000004,54.6,0.0,35.0,4.880000000000109,-0.1,696.2,2.0,0.6919999999999998,33.03333333333333,19.23348108,False
2022-07-20 12:30:00,0.0,0.0,0.0,0.0,0.0,0.0,40.72727272727273,28.609999999999996,31.422222222222224,31.67777777777778,31.522222222222222,31.71999999999999,30.049999999999994,21.772727272727273,19.11111111111111,0.0,32.333333333333336,2.2799999999997453,8.5,317.22222222222223,1.9000000000000001,0.9577777777777777,33.4,7.104397761,False
2022-07-20 12:45:00,86.15384615384616,0.0,0.0,0.0,0.0,0.0,0.0,26.923076923076923,31.2076923076923,31.5,31.33333333333334,31.5,30.0,24.045454545454547,32.4,0.0,34.4,3.0399999999999636,9.65,556.6,1.9999999999999996,0.99,33.96666666666667,13.12722936,False
2022-07-20 13:00:00,0.0,0.0,0.0,0.0,0.0,0.0,0.0,26.709090909090914,31.179999999999996,31.5,31.300000000000004,31.5,30.099999999999998,25.099999999999998,0.0,0.0,31.6,0.03999999999996362,18.6,0.0,1.8599999999999999,1.297,34.266666666666666,,False
2022-07-20 13:15:00,0.0,0.0,0.0,0.0,0.0,0.0,0.0,28.433333333333334,31.22222222222222,31.511111111111113,31.355555555555554,31.5,30.380000000000006,25.630000000000003,0.0,0.0,31.5,0.03999999999996362,21.55,0.0,1.8400000000000003,1.412,34.36666666666667,,False
2022-07-20 14:00:00,0.0,0.0,0.0,0.0,0.0,0.0,74.71428571428571,30.433333333333337,31.727272727272727,31.99090909090909,31.84545454545454,31.890909090909087,31.427272727272722,27.485714285714288,41.44444444444444,0.0,31.77777777777778,3.319999999999709,11.11111111111111,539.5555555555555,1.8777777777777775,1.072222222222222,32.26666666666667,19.45168372,False
2022-07-20 14:15:00,0.0,0.0,0.0,0.0,0.0,0.0,74.0,30.683333333333334,31.763636363636365,32.0,31.872727272727275,31.9,31.40909090909091,25.546153846153842,19.545454545454547,0.0,33.90909090909091,3.7600000000002183,10.136363636363637,474.6363636363636,1.936363636363636,1.0045454545454544,33.099999999999994,8.15289252,False
2022-07-20 14:30:00,0.0,0.0,0.0,0.0,0.0,0.0,100.71428571428571,30.941666666666666,31.790000000000003,32.0,31.87272727272727,31.899999999999995,31.46666666666667,25.821428571428573,32.1,0.0,35.0,3.480000000000473,9.8,525.1,2.03,1.0,34.06666666666667,13.62180919,False
2022-07-20 14:45:00,0.0,0.0,0.0,0.0,0.0,0.0,74.61538461538461,31.15833333333333,31.900000000000002,32.125,32.00909090909091,31.99090909090909,31.520000000000003,25.71538461538461,20.09090909090909,0.0,33.0,2.0,13.318181818181818,354.45454545454544,1.9090909090909092,1.119090909090909,33.766666666666666,8.536303325,False
2022-07-20 15:00:00,0.0,0.0,0.0,0.0,0.0,0.0,68.0,31.400000000000002,32.03333333333333,32.233333333333334,32.10000000000001,32.09,31.700000000000006,25.79166666666666,23.77777777777778,0.0,33.44444444444444,2.3599999999996726,12.222222222222221,431.22222222222223,1.9444444444444444,1.0911111111111111,34.06666666666666,10.220519679999999,False
2022-07-20 15:15:00,0.0,0.0,0.0,0.0,0.0,0.0,99.5,31.5,32.172727272727265,32.300000000000004,32.23636363636364,32.172727272727265,31.800000000000008,25.74285714285715,36.53846153846154,0.0,33.92307692307692,2.4399999999996,9.384615384615385,602.9230769230769,1.9307692307692308,0.9915384615384616,33.766666666666666,15.411689519999998,False
2022-07-20 15:30:00,0.0,0.0,0.0,0.0,0.0,0.0,100.6923076923077,31.629999999999995,32.300000000000004,32.354545454545445,32.300000000000004,32.300000000000004,31.83333333333333,25.57692307692308,33.333333333333336,0.0,34.333333333333336,2.4000000000005457,9.11111111111111,626.8888888888889,1.9555555555555557,0.9822222222222224,33.63333333333333,12.94557236,False
2022-07-20 15:45:00,19.5,17.727272727272727,17.727272727272727,23.636363636363637,23.636363636363637,23.636363636363637,70.38461538461539,31.2,31.93636363636364,32.16363636363636,32.06363636363636,32.099999999999994,31.472727272727273,25.56923076923077,19.6,10.9,33.8,3.880000000000109,7.2,383.0,1.9600000000000002,0.917,33.833333333333336,10.28934989,False
2022-07-20 16:00:00,0.0,0.0,0.0,0.0,0.0,0.0,66.46153846153847,30.290909090909096,31.209999999999997,31.53,31.419999999999998,31.579999999999995,30.56363636363636,25.507692307692313,18.2,0.0,33.3,2.9600000000000364,11.15,480.6,1.9300000000000002,1.044,33.666666666666664,6.584247757999999,False
2022-07-20 16:15:00,0.0,0.0,0.0,0.0,0.0,0.0,54.90909090909091,29.810000000000002,30.672727272727276,31.063636363636363,30.94545454545454,31.145454545454548,30.229999999999997,27.063636363636363,2.3636363636363638,0.0,31.181818181818183,0.27999999999974534,22.772727272727273,158.0,1.8090909090909093,1.4654545454545456,33.46666666666666,0.8912871796,False
2022-07-20 18:45:00,90.06666666666666,0.0,0.0,0.0,0.0,0.0,0.0,28.92666666666666,31.984615384615385,32.261538461538464,32.33,32.28,32.300000000000004,31.625,29.9,0.0,31.5,2.6400000000003274,11.4,365.8,1.85,1.071,30.26666666666667,13.439622680000001,False
2022-07-20 19:00:00,112.4,0.0,0.0,0.0,0.0,0.0,0.0,25.686666666666664,31.422222222222224,31.988888888888887,32.02222222222222,32.059999999999995,31.881818181818186,31.400000000000002,35.9,0.0,32.5,2.639999999999418,8.35,505.1,1.8800000000000001,0.9499999999999998,30.433333333333334,14.409764659999999,False
2022-07-20 19:15:00,88.46153846153847,0.0,0.0,0.0,0.0,0.0,0.0,24.915384615384614,31.11818181818182,31.809090909090912,31.83636363636364,31.791666666666668,31.576923076923077,31.115384615384617,29.0,0.0,31.8,2.0799999999999272,8.95,282.8,1.8300000000000005,0.9730000000000001,30.433333333333334,12.094667459999998,False
2022-07-20 19:30:00,125.83333333333333,0.0,0.0,0.0,0.0,0.0,0.0,24.775000000000002,31.0,31.699999999999996,31.800000000000004,31.699999999999996,31.38888888888889,30.888888888888896,37.8,0.0,32.0,1.8800000000001091,7.85,450.7,1.8399999999999999,0.9369999999999997,30.366666666666664,15.21326494,False
2022-07-20 19:45:00,96.3076923076923,0.0,0.0,0.0,0.0,0.0,0.0,24.800000000000004,31.027272727272727,31.699999999999992,31.800000000000004,31.699999999999992,30.900000000000002,30.709090909090904,39.0,0.0,31.11111111111111,2.5600000000004,8.722222222222221,389.3333333333333,1.7999999999999998,0.9666666666666666,30.399999999999995,16.23548815,False
2022-07-20 20:00:00,98.5,0.0,0.0,0.0,0.0,0.0,0.0,24.63571428571429,31.116666666666664,31.699999999999992,31.84545454545454,31.699999999999992,30.563636363636363,30.5,27.2,0.0,30.8,2.719999999999345,9.85,435.7,1.81,1.0050000000000001,30.399999999999995,11.275799079999999,False
2022-07-20 20:15:00,65.4375,21.666666666666668,21.666666666666668,27.083333333333332,27.083333333333332,25.0,25.0,24.731250000000003,31.224999999999998,31.766666666666676,31.875,31.783333333333335,30.446153846153848,30.315384615384612,22.1,17.4,31.1,3.160000000000764,8.0,312.8,1.83,0.9530000000000001,30.366666666666664,14.760235690000002,False
2022-07-20 20:30:00,146.76923076923077,0.0,0.0,0.0,0.0,0.0,0.0,24.815384615384616,30.820000000000004,31.2,31.279999999999994,31.400000000000006,29.920000000000005,30.28,27.09090909090909,0.0,31.545454545454547,2.0399999999999636,6.045454545454546,285.72727272727275,1.8181818181818181,0.8781818181818184,30.266666666666666,9.373749383,False
2022-07-20 20:45:00,83.27272727272727,0.0,0.0,0.0,0.0,0.0,0.0,25.03636363636364,30.28,30.57,30.599999999999994,30.82,29.58181818181818,29.89090909090909,20.0,0.0,29.8,1.3599999999996726,10.4,204.0,1.7399999999999998,1.0219999999999998,30.3,7.98477323,False
2022-07-20 21:15:00,0.0,0.0,0.0,0.0,0.0,0.0,0.0,26.141666666666666,29.72,30.359999999999996,30.369999999999997,30.669999999999998,29.360000000000003,28.990000000000002,0.0,0.0,25.3,0.03999999999996362,22.1,0.0,1.55,1.4360000000000002,30.2,0.0,False
2022-07-21 09:30:00,0.0,0.0,0.0,0.0,0.0,0.0,10.785714285714286,32.6,33.300000000000004,33.5,33.5,33.199999999999996,33.53000000000001,33.685714285714276,4.4,0.0,29.5,0.27999999999974534,27.35,87.1,1.7199999999999995,1.6760000000000002,30.733333333333334,3.748446858,False
2022-07-21 09:45:00,0.0,0.0,0.0,0.0,0.0,0.0,119.3076923076923,32.23636363636364,33.03636363636364,33.36363636363637,33.38181818181818,33.03333333333333,33.176923076923075,27.315384615384616,67.63636363636364,0.0,33.90909090909091,6.480000000000473,-0.45454545454545453,812.0,1.9727272727272727,0.6854545454545454,31.566666666666666,22.89112068,False
2022-07-21 10:00:00,103.61538461538461,0.0,0.0,0.0,0.0,0.0,70.27272727272727,26.661538461538463,32.589999999999996,33.160000000000004,33.1625,32.81111111111111,32.61818181818182,23.745454545454546,71.0,0.0,35.0,6.0,2.05,655.8,2.0100000000000002,0.7550000000000001,32.1,25.929846530000003,False
2022-07-21 10:15:00,7.0588235294117645,0.0,0.0,0.0,0.0,0.0,48.370370370370374,25.570588235294125,32.376923076923056,33.02307692307692,33.01111111111111,32.632142857142874,32.333333333333314,25.277777777777786,6.379310344827586,0.0,29.379310344827587,0.9200000000000728,16.189655172413794,195.13793103448276,1.7344827586206903,1.2110344827586204,31.766666666666666,2.773886076,False
2022-07-21 10:30:00,0.0,0.0,0.0,0.0,0.0,0.0,76.10344827586206,26.05161290322582,32.281481481481485,33.0,33.0,32.54827586206897,32.29999999999998,24.951724137931038,26.37037037037037,0.0,31.333333333333332,2.5599999999994907,8.62962962962963,335.8888888888889,1.8333333333333346,0.9562962962962962,31.833333333333332,10.9116309,False
2022-07-21 10:45:00,0.0,0.0,0.0,0.0,0.0,0.0,0.0,26.234615384615378,32.20000000000001,32.91739130434781,32.92380952380951,32.42222222222221,32.29999999999998,26.13703703703703,0.0,0.0,30.93103448275862,0.03999999999996362,16.344827586206897,0.0,1.7862068965517233,1.2096551724137927,32.7,0.0,False
2022-07-21 11:00:00,0.0,0.0,0.0,51.241379310344826,53.13333333333333,0.0,0.0,26.71379310344826,32.20000000000002,32.85199999999998,30.47586206896551,30.869999999999994,32.29999999999998,26.620000000000008,17.76923076923077,2.1538461538461537,32.46153846153846,1.680000000000291,15.576923076923077,272.7692307692308,1.8807692307692312,1.1942307692307694,32.76666666666667,9.206877316,False
2022-07-21 11:15:00,14.444444444444445,11.818181818181818,11.818181818181818,93.875,86.3076923076923,13.0,13.0,27.28888888888889,31.999999999999996,32.554545454545455,24.343749999999996,25.95384615384615,32.33,27.03,55.888888888888886,12.88888888888889,34.888888888888886,6.920000000000073,1.8333333333333333,870.7777777777778,2.011111111111111,0.7511111111111111,32.43333333333334,22.170985930000004,False
2022-07-21 11:30:00,0.0,0.0,0.0,98.65,82.0,0.0,38.714285714285715,27.866666666666664,30.87272727272727,31.11818181818182,24.54,25.792857142857137,31.599999999999998,27.685714285714287,52.27272727272727,0.0,34.36363636363637,5.319999999999709,3.772727272727273,852.1818181818181,1.981818181818182,0.8054545454545455,32.36666666666667,16.22653,False
2022-07-21 11:45:00,0.0,0.0,0.0,70.55555555555556,74.77777777777777,0.0,86.9090909090909,27.290000000000003,30.00909090909091,30.199999999999992,24.583333333333332,25.355555555555558,30.7,24.11818181818182,46.0,38.77777777777778,36.333333333333336,7.8400000000001455,2.0555555555555554,871.2222222222222,2.1,0.7566666666666667,32.5,27.59374444,False
2022-07-21 12:00:00,0.0,0.0,0.0,77.85714285714286,68.15384615384616,0.0,65.45454545454545,26.558333333333334,29.527272727272724,29.572727272727267,24.32380952380952,25.36923076923077,30.272727272727266,22.672727272727272,59.18181818181818,3.909090909090909,35.54545454545455,6.760000000000218,2.9545454545454546,871.1818181818181,2.045454545454546,0.7836363636363636,32.86666666666667,24.03392193,False
2022-07-21 12:15:00,0.0,0.0,0.0,53.608695652173914,54.19230769230769,0.0,40.375,26.21764705882353,29.412499999999994,29.41249999999999,24.891304347826075,25.711538461538467,30.199999999999992,22.124999999999996,24.0,2.5294117647058822,33.8235294117647,5.1599999999998545,9.764705882352942,512.3529411764706,1.9470588235294115,1.0023529411764704,33.23333333333334,11.739643529999999,False
2022-07-21 12:30:00,69.6470588235294,0.0,0.0,69.19354838709677,87.21875,106.29032258064517,20.82758620689655,26.720588235294116,29.534482758620697,29.47241379310345,25.3516129032258,26.415625,29.387096774193548,25.09655172413793,34.166666666666664,19.291666666666668,34.958333333333336,4.5600000000004,12.1875,492.5,2.012500000000001,1.0841666666666672,33.86666666666667,23.054227880000003,False
2022-07-21 12:45:00,0.0,0.0,0.0,72.42857142857143,73.82608695652173,84.03846153846153,0.0,27.139999999999997,29.547368421052642,29.573684210526327,24.442857142857147,25.208695652173912,25.511538461538464,26.562499999999996,54.869565217391305,27.347826086956523,36.17391304347826,8.239999999999782,1.434782608695652,870.695652173913,2.078260869565218,0.738695652173913,33.73333333333333,26.16615262,False
2022-07-21 13:00:00,10.833333333333334,13.0,13.0,85.65517241379311,71.72413793103448,62.06666666666667,14.444444444444445,27.620833333333337,29.7,29.665000000000003,24.43448275862069,25.531034482758624,25.666666666666668,27.514814814814798,59.6,9.2,36.52,7.239999999999782,4.18,871.16,2.0880000000000005,0.8168,34.3,24.45599271,False
2022-07-21 13:15:00,0.0,0.0,0.0,82.44827586206897,68.63636363636364,69.125,0.0,28.07916666666667,29.26666666666667,29.214285714285715,24.379310344827587,25.54545454545454,25.470833333333328,27.88095238095237,57.65,8.25,36.6,6.239999999999782,4.75,870.9,2.0900000000000007,0.8334999999999999,34.46666666666667,21.8324525,False
2022-07-21 13:30:00,0.0,0.0,0.0,98.27777777777777,70.9,27.454545454545453,0.0,28.91111111111111,28.662499999999998,28.612499999999997,24.461111111111116,25.640000000000004,25.227272727272734,27.800000000000004,58.0,0.0,36.55555555555556,6.720000000000255,3.388888888888889,871.1111111111111,2.088888888888889,0.7955555555555556,34.73333333333334,19.262482659999996,False
2022-07-21 13:45:00,0.0,0.0,0.0,85.45,78.83783783783784,0.0,0.0,29.441666666666674,28.649999999999995,28.5,24.370000000000005,25.445945945945944,26.089999999999996,27.679999999999996,50.1,0.0,36.1,5.520000000000437,5.1,862.9,2.1000000000000005,0.843,34.9,19.163053960000003,False
2022-07-21 14:00:00,95.16666666666667,0.0,0.0,84.14285714285714,81.41176470588235,0.0,83.91666666666667,27.441666666666663,28.73,28.619999999999997,24.447619047619053,25.34705882352941,26.736363636363635,27.008333333333336,62.333333333333336,24.555555555555557,38.333333333333336,7.799999999999272,6.333333333333333,865.8888888888889,2.2111111111111112,0.8777777777777778,34.93333333333333,31.78178398,False
2022-07-21 14:15:00,69.58823529411765,0.0,0.0,55.421052631578945,73.03225806451613,0.0,73.7,23.46470588235294,28.899999999999995,28.73076923076923,24.4421052631579,24.799999999999994,27.4,23.250000000000004,47.0,41.54545454545455,38.45454545454545,9.0,1.3636363636363635,871.1818181818181,2.209090909090909,0.7345454545454545,35.56666666666666,28.50185472,False
2022-07-21 14:30:00,12.583333333333334,0.0,0.0,80.05,73.47222222222223,0.0,70.7,24.03333333333333,29.109999999999996,28.920000000000005,24.485000000000003,25.08055555555556,28.049999999999994,22.42,61.666666666666664,16.11111111111111,37.333333333333336,7.520000000000437,1.7222222222222223,871.0,2.1333333333333337,0.7477777777777779,34.46666666666666,24.891165119999997,False
2022-07-21 14:45:00,0.0,0.0,0.0,75.34782608695652,74.34285714285714,0.0,20.0,24.45,29.275000000000006,29.141666666666662,24.439130434782605,25.037142857142857,28.55454545454545,22.766666666666666,53.0,0.0,36.6,5.960000000000036,4.55,870.7,2.08,0.826,34.63333333333333,20.98215402,False
2022-07-21 15:00:00,0.0,0.0,0.0,81.4,78.0,0.0,0.0,25.183333333333334,29.37272727272727,29.300000000000008,24.415000000000003,24.994117647058825,29.088888888888885,24.48888888888889,51.4,0.0,36.1,6.399999999999636,4.7,871.3,2.06,0.827,35.0,19.87361656,False
2022-07-21 15:15:00,0.0,0.0,0.0,85.0,82.08695652173913,0.0,0.0,25.684615384615377,29.572727272727274,29.400000000000002,24.486363636363645,25.09130434782608,29.39166666666667,25.03333333333333,57.18181818181818,0.0,36.81818181818182,5.680000000000291,4.7727272727272725,870.0909090909091,2.1090909090909093,0.8318181818181819,35.233333333333334,22.784315619999997,False
2022-07-21 15:30:00,16.25,21.666666666666668,21.666666666666668,73.15384615384616,103.53846153846153,16.25,16.25,26.424999999999997,29.544444444444448,29.433333333333337,24.307692307692303,25.015384615384612,29.5875,26.049999999999997,53.375,11.0,36.375,6.760000000000218,2.375,863.5,2.1,0.76375,34.7,20.51673471,False
2022-07-21 15:45:00,0.0,0.0,0.0,88.85,76.25,0.0,0.0,26.240000000000002,28.94545454545455,28.881818181818186,24.480000000000004,25.275000000000002,28.84545454545454,26.91818181818182,41.6,0.0,35.7,5.199999999999818,5.6,850.6,2.06,0.857,34.699999999999996,12.97084986,False
2022-07-21 16:00:00,0.0,0.0,0.0,82.3,73.53333333333333,0.0,0.0,25.555555555555557,28.5,28.410000000000004,24.544999999999998,25.68666666666667,28.1,27.1,49.77777777777778,0.0,36.0,5.519999999999527,4.388888888888889,850.3333333333334,2.1,0.8200000000000001,34.9,15.493567340000002,False
2022-07-21 16:15:00,0.0,0.0,0.0,59.421052631578945,76.0,0.0,0.0,25.5,28.49090909090909,28.300000000000008,24.468421052631577,25.270270270270267,27.7,26.98,45.90909090909091,0.0,36.27272727272727,5.400000000000546,5.2727272727272725,850.4545454545455,2.1000000000000005,0.8445454545454545,35.13333333333333,18.10532131,False
2022-07-21 16:30:00,0.0,0.0,0.0,66.21052631578948,72.875,0.0,0.0,25.744444444444447,28.55,28.4,24.489473684210523,25.090625,27.840000000000003,26.669999999999998,52.5,0.0,36.25,5.880000000000109,4.5625,850.375,2.0875,0.82375,34.9,20.24496991,False
2022-07-21 16:45:00,0.0,0.0,0.0,63.36842105263158,79.41935483870968,0.0,0.0,26.245454545454546,28.763636363636365,28.609090909090902,24.47894736842105,25.148387096774197,28.327272727272728,26.881818181818186,53.9,0.0,36.3,5.279999999999745,4.75,850.3,2.0900000000000003,0.8310000000000001,34.96666666666666,21.3288337,False
2022-07-21 17:00:00,23.636363636363637,21.666666666666668,21.666666666666668,68.57142857142857,103.2,20.0,20.0,26.90909090909091,28.874999999999996,28.766666666666666,24.4,25.130000000000003,28.776923076923076,27.830769230769228,47.666666666666664,19.333333333333332,36.44444444444444,6.1599999999998545,2.9444444444444446,843.2222222222222,2.1,0.7822222222222223,34.43333333333334,22.663444780000003,False
2022-07-21 17:15:00,0.0,0.0,0.0,90.47368421052632,94.83333333333333,0.0,0.0,26.954545454545453,28.59090909090909,28.481818181818184,24.52631578947369,25.491666666666664,28.30909090909091,28.681818181818183,60.45454545454545,0.0,36.36363636363637,5.800000000000182,4.318181818181818,830.6363636363636,2.081818181818182,0.8181818181818182,34.266666666666666,19.10872665,False
2022-07-21 17:30:00,0.0,0.0,0.0,103.6875,74.77777777777777,0.0,0.0,26.18,28.15555555555555,28.011111111111113,24.349999999999998,25.42222222222222,27.7,28.444444444444443,59.6,0.0,36.1,5.519999999999527,3.25,830.7,2.06,0.791,34.05,19.61168305,False
2022-07-21 17:45:00,0.0,0.0,0.0,93.63157894736842,74.3076923076923,0.0,0.0,25.70833333333333,28.100000000000005,27.95,24.463157894736838,25.273076923076925,27.575,28.041666666666668,44.72727272727273,0.0,35.63636363636363,4.720000000000255,5.363636363636363,830.3636363636364,2.0636363636363635,0.8472727272727273,34.300000000000004,15.1695974,False
2022-07-21 18:00:00,0.0,0.0,0.0,96.36842105263158,86.04761904761905,0.0,0.0,25.881818181818186,28.28888888888889,28.099999999999998,24.42105263157895,25.385714285714286,27.890000000000004,27.709999999999997,50.6,0.0,36.2,5.239999999999782,6.35,830.4,2.0900000000000003,0.8779999999999999,34.13333333333333,18.560322850000002,False
2022-07-21 18:15:00,5.0,5.416666666666667,5.416666666666667,97.45,85.83333333333333,5.909090909090909,5.909090909090909,26.292307692307695,28.60833333333333,28.325,24.414999999999992,25.53333333333333,28.281818181818185,27.954545454545453,63.54545454545455,5.454545454545454,36.54545454545455,5.600000000000364,4.7727272727272725,832.2727272727273,2.090909090909091,0.8318181818181819,33.86666666666667,25.66989752,False
2022-07-21 18:30:00,11.818181818181818,6.5,6.5,79.4375,116.07142857142857,6.5,6.5,27.109090909090913,28.8,28.629999999999995,24.575,25.407142857142855,28.679999999999996,29.120000000000005,53.0,11.6,35.7,7.479999999999563,3.55,846.9,2.05,0.798,33.4,21.82366582,False
2022-07-21 18:45:00,0.0,0.0,0.0,87.33333333333333,79.27272727272727,0.0,0.0,26.663636363636364,28.454545454545453,28.218181818181815,24.509523809523813,25.87272727272727,28.116666666666664,28.96666666666667,57.63636363636363,0.0,35.18181818181818,5.680000000000291,4.0,850.0909090909091,2.018181818181818,0.810909090909091,32.96666666666667,20.07826299,False
2022-07-21 19:00:00,0.0,0.0,0.0,15.0,22.363636363636363,0.0,0.0,26.060000000000002,28.26666666666667,28.13333333333333,26.224999999999998,26.545454545454547,27.818181818181824,28.245454545454546,0.0,0.0,31.0,0.9600000000000364,16.944444444444443,189.11111111111111,1.8111111111111111,1.2355555555555557,32.73333333333333,0.0,False
2022-07-21 19:45:00,0.0,0.0,0.0,0.0,0.0,0.0,119.07142857142857,27.399999999999995,29.29166666666667,29.208333333333332,28.261538461538464,28.757142857142863,28.899999999999995,25.714285714285722,60.81818181818182,0.0,34.09090909090909,5.640000000000327,1.4090909090909092,867.4545454545455,2.0,0.739090909090909,31.766666666666666,21.87304566,False
2022-07-21 20:00:00,0.0,0.0,0.0,0.0,0.0,0.0,40.5,27.45,29.32,29.490000000000002,28.320000000000004,28.88888888888889,29.04444444444444,22.36,17.0,0.0,30.2,2.719999999999345,8.1,348.2,1.7599999999999998,0.9390000000000001,31.633333333333336,6.214322437,False
2022-07-22 12:00:00,45.53846153846154,0.0,0.0,0.0,0.0,0.0,0.0,31.83076923076923,33.23,33.17,33.27,33.0,33.57,33.0,23.6,0.0,32.2,2.0800000000008367,20.25,344.3,1.8699999999999999,1.4129999999999998,33.93333333333334,13.773924209999999,False
2022-07-22 12:15:00,128.41666666666666,0.0,0.0,0.0,0.0,0.0,0.0,22.900000000000002,32.74166666666667,32.775,32.79166666666667,32.63333333333333,33.125,32.550000000000004,68.6,0.0,37.6,7.199999999999818,-0.85,793.8,2.1700000000000004,0.673,34.0,21.155911930000002,False
2022-07-22 12:30:00,55.61538461538461,23.636363636363637,23.636363636363637,21.666666666666668,21.666666666666668,23.636363636363637,23.636363636363637,21.22307692307692,32.16363636363637,32.345454545454544,32.216666666666676,32.125,32.57272727272727,32.25454545454546,25.555555555555557,13.222222222222221,35.333333333333336,3.9600000000000364,5.166666666666667,378.1111111111111,2.0222222222222226,0.8533333333333333,34.333333333333336,13.10672947,False
2022-07-22 12:45:00,84.14285714285714,0.0,0.0,0.0,0.0,0.0,102.53846153846153,22.96428571428571,31.209999999999997,31.380000000000003,31.144444444444446,31.177777777777774,31.358333333333334,28.761538461538464,60.81818181818182,0.0,37.18181818181818,5.960000000000036,2.8181818181818183,812.4545454545455,2.1272727272727274,0.78,34.43333333333333,18.95142382,False
2022-07-22 13:00:00,0.0,0.0,0.0,0.0,0.0,0.0,85.36363636363636,25.259999999999998,30.360000000000003,30.599999999999994,30.100000000000005,30.58888888888889,30.381818181818186,22.654545454545453,58.5,0.0,37.5,5.4399999999996,0.05,725.4,2.1499999999999995,0.6939999999999997,35.26666666666667,19.55240037,False
2022-07-22 13:15:00,0.0,0.0,0.0,0.0,0.0,0.0,60.25,27.09090909090909,30.0,30.227272727272723,29.636363636363637,30.233333333333334,29.908333333333335,20.84166666666666,31.5,0.0,37.166666666666664,3.8400000000001455,4.5,498.0,2.1416666666666666,0.8291666666666666,35.56666666666667,12.349455840000001,False
2022-07-22 13:30:00,0.0,0.0,0.0,0.0,0.0,0.0,0.0,27.918750000000006,29.946153846153834,30.20000000000001,29.5,30.01153846153846,29.826923076923073,23.21379310344828,0.0,0.0,33.32142857142857,0.03999999999996362,16.178571428571427,0.0,1.9357142857142853,1.2039285714285712,35.333333333333336,0.0,False
2022-07-22 13:45:00,0.0,0.0,0.0,0.0,0.0,0.0,0.0,28.534482758620705,29.94583333333333,30.241666666666664,29.530769230769238,30.0,29.99259259259259,24.82962962962963,0.0,0.0,34.5,0.03999999999996362,18.839285714285715,0.0,2.0,1.3028571428571427,35.86666666666667,0.0,False
2022-07-22 15:00:00,0.0,0.0,0.0,0.0,0.0,11.615384615384615,0.0,30.53636363636364,31.21,31.380000000000003,31.111111111111104,31.159999999999997,31.438461538461542,29.481818181818184,4.0,0.0,28.1,0.31999999999970896,25.55,85.4,1.67,1.5879999999999999,36.300000000000004,3.4836768450000006,False
2022-07-22 15:15:00,0.0,0.0,0.0,0.0,0.0,97.42857142857143,0.0,30.699999999999992,31.2,31.43,31.130000000000003,31.25454545454545,29.192857142857147,29.83636363636364,30.363636363636363,0.0,37.36363636363637,3.0799999999999272,13.227272727272727,553.8181818181819,2.1545454545454543,1.1172727272727272,36.76666666666666,13.77350138,False
2022-07-22 15:30:00,43.142857142857146,0.0,0.0,0.0,0.0,124.3529411764706,0.0,30.535714285714285,30.858333333333338,31.325000000000003,30.916666666666668,31.09090909090909,25.6,29.724999999999994,42.6,0.0,38.1,5.280000000000655,7.35,710.1,2.19,0.9199999999999999,36.86666666666667,17.60432674,False
2022-07-22 15:45:00,63.72727272727273,0.0,0.0,0.0,0.0,88.2,0.0,26.472727272727273,30.699999999999996,31.300000000000004,30.800000000000008,30.927272727272726,25.639999999999997,29.736363636363638,32.888888888888886,5.666666666666667,37.55555555555556,5.079999999999927,8.444444444444445,581.0,2.1666666666666665,0.9611111111111111,36.699999999999996,14.63450004,False
2022-07-22 16:00:00,76.91666666666667,32.5,32.5,29.545454545454547,29.545454545454547,86.64285714285714,29.545454545454547,26.700000000000003,30.699999999999996,31.380000000000003,30.800000000000008,30.90909090909091,25.621428571428574,29.963636363636365,31.6,16.7,38.7,5.519999999999527,9.85,725.5,2.22,1.008,36.76666666666666,18.61050186,False
2022-07-22 16:15:00,73.28571428571429,0.0,0.0,0.0,0.0,88.91666666666667,0.0,26.3,30.330000000000002,30.85,30.46,30.589999999999996,25.708333333333332,30.15,25.0,0.0,37.09090909090909,3.5600000000004,10.045454545454545,532.0,2.127272727272728,1.0063636363636363,37.166666666666664,9.351168422,False
2022-07-22 16:30:00,78.07142857142857,0.0,0.0,0.0,0.0,51.785714285714285,0.0,25.8,29.849999999999994,30.224999999999998,29.683333333333326,30.027272727272727,25.878571428571426,29.500000000000007,24.4,0.0,37.2,3.5999999999994543,11.2,605.7,2.12,1.039,36.93333333333334,9.393684256999999,False
2022-07-22 16:45:00,0.0,0.0,0.0,0.0,0.0,94.07692307692308,0.0,25.20909090909091,29.527272727272727,29.827272727272724,29.26,29.727272727272727,25.769230769230777,29.0,22.545454545454547,0.0,35.81818181818182,2.680000000000291,11.363636363636363,475.09090909090907,2.081818181818182,1.054545454545455,37.199999999999996,8.948290574,False
2022-07-22 17:00:00,0.0,0.0,0.0,0.0,0.0,104.53846153846153,0.0,25.372727272727275,29.145454545454548,29.62727272727273,29.100000000000005,29.5,25.684615384615384,28.58181818181818,31.0,0.0,37.8,3.1599999999998545,10.9,696.0,2.17,1.036,37.333333333333336,12.95968599,False
2022-07-22 17:15:00,0.0,0.0,0.0,0.0,0.0,102.0,0.0,25.541666666666668,29.100000000000005,29.600000000000005,29.15,29.5,25.499999999999996,28.28333333333333,20.4,0.0,36.6,3.5600000000004,11.85,561.8,2.1100000000000003,1.0710000000000002,37.26666666666666,7.530615812000001,False
2022-07-22 17:30:00,87.28571428571429,0.0,0.0,0.0,0.0,62.916666666666664,0.0,26.185714285714283,29.240000000000002,29.659999999999997,29.28000000000001,29.619999999999997,25.558333333333337,28.240000000000002,43.0,0.0,37.6,4.4399999999996,9.7,609.3,2.15,0.999,36.83333333333333,17.514361440000002,False
2022-07-22 17:45:00,79.07692307692308,30.0,30.0,27.083333333333332,27.083333333333332,44.6875,27.083333333333332,24.600000000000005,29.515384615384615,29.88461538461539,29.475000000000005,29.875,25.78125,28.725000000000005,21.363636363636363,15.0,36.45454545454545,4.440000000000509,10.227272727272727,625.9090909090909,2.1181818181818186,1.0127272727272727,36.86666666666667,13.74665735,False
2022-07-22 18:00:00,93.3076923076923,0.0,0.0,0.0,0.0,70.07692307692308,0.0,24.753846153846155,29.709999999999997,29.990000000000002,29.560000000000002,30.069999999999993,25.676923076923078,29.318181818181824,29.77777777777778,0.0,36.666666666666664,3.4399999999996,11.5,483.8888888888889,2.1222222222222222,1.0577777777777777,36.733333333333334,12.446361300000001,False
2022-07-22 18:15:00,62.142857142857146,0.0,0.0,0.0,0.0,116.15384615384616,0.0,24.6,29.39166666666667,29.483333333333334,28.91818181818182,29.69090909090909,25.653846153846153,28.927272727272726,31.181818181818183,0.0,36.36363636363637,4.119999999999891,12.136363636363637,633.0,2.090909090909091,1.0800000000000003,36.5,13.481029190000001,False
2022-07-22 18:30:00,0.0,0.0,0.0,0.0,0.0,107.85714285714286,0.0,25.083333333333332,29.22,29.22,28.65555555555555,29.43,25.478571428571428,28.518181818181823,21.0,0.0,35.9,2.8400000000001455,9.95,435.4,2.0599999999999996,1.0099999999999998,36.300000000000004,7.500081434000001,False
2022-07-22 18:45:00,0.0,0.0,0.0,0.0,0.0,92.92307692307692,0.0,25.208333333333332,28.83636363636364,29.08181818181818,28.54166666666667,29.325000000000003,25.499999999999996,28.018181818181816,8.181818181818182,0.0,34.27272727272727,2.119999999999891,14.590909090909092,465.8181818181818,1.9727272727272727,1.159090909090909,35.96666666666667,2.824849189,False
2022-07-22 19:00:00,0.0,0.0,0.0,0.0,0.0,0.0,0.0,25.44,28.699999999999992,29.13636363636363,28.669999999999998,29.300000000000004,25.75,27.955555555555556,0.0,0.0,33.0,0.07999999999992724,20.0,0.0,1.9000000000000001,1.3455555555555554,35.6,0.0,False
2022-07-23 02:00:00,0.0,0.0,0.0,0.0,0.0,0.0,0.0,32.300000000000004,33.0,33.1,33.010000000000005,32.97272727272727,32.42,33.36,0.0,0.0,29.0,0.12000000000080036,29.363636363636363,0.0,1.6999999999999995,1.7572727272727275,30.166666666666668,0.0,False
2022-07-23 02:15:00,0.0,0.0,0.0,0.0,0.0,0.0,0.0,32.39999999999999,33.03000000000001,33.199999999999996,33.10000000000001,33.0,32.56363636363637,33.43636363636364,0.0,0.0,29.0,0.15999999999985448,29.166666666666668,0.0,1.6999999999999997,1.7533333333333332,30.0,0.0,False
2022-07-23 02:30:00,0.0,0.0,0.0,0.0,0.0,0.0,0.0,32.47272727272727,33.10000000000001,33.275000000000006,33.17499999999999,33.0,32.646153846153844,33.51538461538462,0.0,0.0,29.0,0.11999999999989086,29.272727272727273,0.0,1.6999999999999995,1.7554545454545456,29.96666666666667,0.0,False
2022-07-23 02:45:00,0.0,0.0,0.0,0.0,0.0,0.0,0.0,32.5,33.13333333333333,33.300000000000004,33.199999999999996,33.06666666666667,32.699999999999996,33.60000000000001,0.0,0.0,29.0,0.11999999999989086,29.055555555555557,0.0,1.6999999999999997,1.751111111111111,29.933333333333334,0.0,False
2022-07-23 07:00:00,0.0,0.0,0.0,0.0,0.0,0.0,0.0,32.87499999999999,33.37272727272727,33.60000000000001,33.5,33.21666666666666,33.0,33.800000000000004,0.0,0.0,29.0,0.11999999999989086,29.5,0.0,1.6999999999999995,1.7663636363636364,29.53333333333333,0.0,False
2022-07-23 07:15:00,0.0,0.0,0.0,0.0,0.0,0.0,0.0,32.89999999999999,33.422222222222224,33.66666666666666,33.56,33.300000000000004,33.0,33.800000000000004,0.0,0.0,29.2,0.11999999999989086,29.65,0.0,1.6999999999999997,1.7729999999999997,29.566666666666666,0.0,False
2022-07-23 07:30:00,0.0,0.0,0.0,0.0,0.0,0.0,0.0,33.0,33.5,33.699999999999996,33.60000000000001,33.354545454545445,33.0,33.881818181818176,0.0,0.0,29.90909090909091,0.11999999999989086,30.0,0.0,1.6999999999999995,1.7800000000000002,29.866666666666664,0.0,False
2022-07-23 07:45:00,0.0,0.0,0.0,0.0,0.0,0.0,0.0,33.0,33.60000000000001,33.77,33.64545454545454,33.39999999999999,33.09090909090909,33.89999999999999,0.0,0.0,30.0,0.11999999999989086,30.0,0.0,1.6999999999999997,1.78,30.100000000000005,0.0,False
2022-07-23 08:00:00,0.0,0.0,0.0,0.0,0.0,0.0,0.0,33.0,33.669999999999995,33.800000000000004,33.699999999999996,33.5,33.10000000000001,33.89999999999999,0.0,0.0,30.0,0.12000000000080036,30.0,0.0,1.6999999999999995,1.7845454545454542,30.5,0.0,False
2022-07-23 08:15:00,0.0,0.0,0.0,0.0,0.0,0.0,0.0,33.0,33.76363636363637,33.881818181818176,33.775000000000006,33.57500000000001,33.15,33.958333333333336,0.0,0.0,30.0,0.03999999999996362,30.0,0.0,1.7099999999999997,1.7899999999999996,30.7,0.0,False
2022-07-23 12:30:00,0.0,0.0,0.0,0.0,0.0,51.25,0.0,33.32000000000001,34.455555555555556,34.25555555555556,34.24444444444444,34.25555555555556,32.70833333333333,34.0,34.4,0.0,35.0,0.9600000000000364,19.7,342.1,2.02,1.4,35.13333333333333,19.11187974,False
2022-07-23 12:45:00,0.0,0.0,0.0,0.0,0.0,138.625,0.0,32.53076923076923,33.858333333333334,33.82500000000001,33.481818181818184,33.72727272727273,26.356249999999996,33.541666666666664,62.45454545454545,0.0,37.81818181818182,7.319999999999709,0.5909090909090909,794.1818181818181,2.1727272727272724,0.7172727272727274,35.300000000000004,20.069593949999998,False
2022-07-23 13:00:00,66.7,0.0,0.0,0.0,0.0,68.16666666666667,0.0,30.5,33.41111111111112,33.477777777777774,32.94444444444444,33.13333333333333,25.76666666666667,32.91111111111112,48.77777777777778,2.111111111111111,37.888888888888886,4.519999999999527,7.888888888888889,636.4444444444445,2.166666666666666,0.9355555555555556,35.96666666666667,20.2969708,False
2022-07-23 13:15:00,94.23076923076923,0.0,0.0,0.0,0.0,89.17647058823529,0.0,24.26923076923077,33.22727272727272,33.327272727272735,32.772727272727266,32.8909090909091,25.599999999999994,32.66153846153847,51.0,3.2,38.4,7.520000000000437,6.8,783.2,2.2,0.906,36.46666666666666,21.31984873,False
2022-07-23 13:30:00,100.91666666666667,0.0,0.0,0.0,0.0,78.07692307692308,0.0,23.891666666666666,33.230000000000004,33.269999999999996,32.64000000000001,32.73,25.253846153846155,32.60000000000001,41.77777777777778,4.111111111111111,38.0,4.760000000000218,9.277777777777779,676.8888888888889,2.1888888888888887,0.9822222222222224,36.5,18.12866732,False
2022-07-23 13:45:00,35.166666666666664,0.0,0.0,0.0,0.0,0.0,0.0,24.275000000000006,33.300000000000004,33.199999999999996,32.60000000000001,32.699999999999996,25.781818181818185,32.60909090909092,6.4,0.0,36.7,1.4799999999995634,13.3,261.8,2.1100000000000003,1.106,36.06666666666667,1.368567257,False
2022-07-23 14:00:00,0.0,0.0,0.0,0.0,0.0,0.0,0.0,24.83333333333334,33.345454545454544,33.209090909090904,32.60000000000001,32.68181818181818,26.33636363636364,32.66363636363636,0.0,0.0,38.0,0.03999999999996362,17.9,0.0,2.1999999999999997,1.272,36.9,0.0,False
2022-07-23 15:00:00,19.5,21.666666666666668,21.666666666666668,19.5,19.5,19.5,144.5,27.790000000000003,33.699999999999996,33.56666666666666,32.91,32.940000000000005,29.189999999999998,26.46999999999999,59.111111111111114,17.22222222222222,40.55555555555556,5.400000000000546,4.0,870.4444444444445,2.344444444444444,0.8244444444444445,37.36666666666667,25.361085940000002,False
2022-07-23 15:15:00,0.0,0.0,0.0,0.0,0.0,0.0,114.0,28.063636363636363,33.33,33.13,32.58,33.018181818181816,29.049999999999997,19.88333333333333,49.7,22.4,39.6,8.199999999999818,-1.0,869.0,2.3000000000000003,0.669,37.300000000000004,21.22482582,False
2022-07-23 15:30:00,0.0,0.0,0.0,0.0,0.0,0.0,81.0,27.33333333333334,32.45,32.38,31.672727272727272,32.19090909090908,28.366666666666664,17.749999999999996,53.1,0.0,39.4,6.680000000000291,1.25,844.5,2.2800000000000002,0.734,37.199999999999996,19.24522216,False
2022-07-23 15:45:00,0.0,0.0,0.0,0.0,0.0,0.0,12.583333333333334,27.022222222222222,32.06666666666667,31.95555555555556,31.34444444444445,31.688888888888886,28.169999999999995,20.783333333333335,2.7,0.0,35.4,1.0,14.65,39.3,2.0300000000000002,1.145,37.13333333333333,0.3366100539,False
2022-07-23 16:00:00,0.0,0.0,0.0,0.0,0.0,0.0,119.0,27.26666666666667,32.0,31.944444444444443,31.366666666666667,31.639999999999997,28.400000000000002,20.623076923076926,40.22222222222222,0.0,38.888888888888886,4.8799999999992,5.888888888888889,749.0,2.2222222222222223,0.8700000000000001,37.36666666666667,15.287580109999999,False
2022-07-23 16:15:00,0.0,0.0,0.0,0.0,0.0,0.0,0.0,27.78,32.1,32.14166666666666,31.54166666666667,31.736363636363638,28.7,23.32,0.0,0.0,35.44444444444444,0.32000000000061846,17.11111111111111,0.0,2.0444444444444447,1.2411111111111113,37.23333333333333,,False
2022-07-23 16:30:00,0.0,0.0,0.0,0.0,0.0,0.0,102.0,28.290000000000003,32.199999999999996,32.300000000000004,31.78888888888889,31.920000000000005,28.981818181818177,23.158333333333335,51.0,0.0,39.0,3.199999999999818,7.45,625.6,2.24,0.9309999999999998,37.13333333333333,20.45196305,False
2022-07-23 16:45:00,0.0,0.0,0.0,0.0,0.0,0.0,27.9,28.763636363636362,32.300000000000004,32.300000000000004,32.01111111111111,32.12222222222222,29.011111111111113,20.07,6.363636363636363,0.0,35.72727272727273,3.399999999999636,11.090909090909092,231.8181818181818,2.045454545454546,1.032727272727273,37.1,1.345863088,False
2022-07-23 17:00:00,0.0,0.0,0.0,0.0,0.0,0.0,84.46666666666667,29.183333333333334,32.4,32.425,32.24545454545455,32.27272727272728,29.207692307692305,22.220000000000002,38.0,0.0,38.4,1.7200000000002547,9.2,464.7,2.2,0.9749999999999999,37.2,15.162345290000001,False
2022-07-23 17:15:00,0.0,0.0,0.0,0.0,0.0,0.0,87.08333333333333,29.54,32.56363636363637,32.57272727272727,32.32727272727272,32.35833333333333,29.4,17.525,58.54545454545455,0.0,39.18181818181818,7.319999999999709,0.36363636363636365,840.5454545454545,2.2454545454545456,0.7063636363636363,37.166666666666664,21.04407362,False
2022-07-23 17:30:00,0.0,0.0,0.0,0.0,0.0,0.0,0.0,29.863636363636363,32.76666666666667,32.77777777777778,32.44,32.57000000000001,29.700000000000003,21.400000000000002,0.0,0.0,34.9,1.1199999999998909,15.55,0.0,2.0,1.1790000000000003,36.9,,False
2022-07-23 17:45:00,0.0,0.0,0.0,0.0,0.0,0.0,0.0,30.059999999999995,32.96,32.96,32.58888888888888,32.73333333333334,30.0,25.200000000000003,0.0,0.0,36.0,0.040000000000873115,18.65,0.0,2.1000000000000005,1.298,36.8,,False
2022-07-23 18:30:00,0.0,0.0,0.0,0.0,0.0,0.0,0.0,30.727272727272727,33.458333333333336,33.51666666666667,32.90909090909091,33.11,30.74,29.770000000000003,0.0,0.0,33.3,0.03999999999996362,25.15,0.0,1.9400000000000002,1.5669999999999997,36.4,0.0,False
2022-07-24 11:45:00,11.818181818181818,13.0,13.0,13.0,13.0,13.0,153.08333333333334,34.163636363636364,35.55,35.28,35.209999999999994,35.28,34.42,28.499999999999996,53.81818181818182,8.818181818181818,38.27272727272727,5.279999999999745,7.681818181818182,791.3636363636364,2.1999999999999997,0.9554545454545454,35.23333333333333,23.44787969,False
2022-07-24 12:00:00,0.0,0.0,0.0,0.0,0.0,0.0,70.8,32.77,34.54,34.32,34.01111111111112,34.58888888888889,33.099999999999994,24.940000000000005,22.0,0.0,35.0,4.680000000000291,12.5,415.5,2.04,1.0950000000000002,35.166666666666664,9.467019748,False
2022-07-24 12:15:00,0.0,0.0,0.0,0.0,0.0,0.0,98.5,31.55454545454546,33.85555555555556,33.67777777777778,33.21111111111111,33.970000000000006,32.10909090909091,24.835714285714285,24.727272727272727,0.0,35.72727272727273,3.1599999999998545,13.0,464.0,2.0727272727272723,1.1072727272727274,35.6,10.78430445,False
2022-07-25 08:15:00,0.0,0.0,0.0,0.0,0.0,0.0,130.58333333333334,34.17,36.03636363636363,35.86363636363637,35.658333333333324,35.65,34.422222222222224,27.408333333333335,44.0,19.333333333333332,34.333333333333336,5.399999999999636,2.388888888888889,756.3333333333334,1.9666666666666666,0.7677777777777779,31.166666666666668,22.893267480000002,False
2022-07-25 08:30:00,0.0,0.0,0.0,0.0,0.0,0.0,0.0,33.55,35.963636363636354,35.62727272727273,35.07,35.3,33.959999999999994,26.15,0.0,0.0,30.6,0.3599999999996726,13.85,0.0,1.78,1.124,31.600000000000005,0.0,False
2022-07-25 08:45:00,0.0,0.0,0.0,0.0,0.0,0.0,49.53333333333333,33.06153846153846,35.89999999999999,35.5,34.87272727272728,35.15833333333334,33.76153846153846,27.446666666666673,25.181818181818183,0.0,33.81818181818182,0.8400000000001455,13.181818181818182,312.90909090909093,1.9454545454545455,1.1081818181818184,31.899999999999995,11.15682856,False
2022-07-25 09:00:00,0.0,0.0,0.0,0.0,0.0,0.0,86.07692307692308,32.78,35.89999999999999,35.5,34.73,35.05,33.57,22.438461538461542,51.111111111111114,0.0,34.77777777777778,5.1599999999998545,4.222222222222222,719.1111111111111,2.0,0.8233333333333334,32.1,20.192452130000003,False
2022-07-25 09:15:00,0.0,0.0,0.0,0.0,0.0,0.0,103.23076923076923,32.699999999999996,35.89999999999999,35.39999999999999,34.62727272727273,35.0,33.5,23.346153846153847,47.18181818181818,0.0,34.72727272727273,5.039999999999964,6.045454545454546,623.5454545454545,2.0000000000000004,0.8818181818181817,32.46666666666667,19.28995926,False
2022-07-25 09:30:00,117.9090909090909,6.5,6.5,5.909090909090909,6.5,5.909090909090909,81.92307692307692,29.418181818181814,35.89999999999999,35.39999999999999,34.60000000000001,35.0,33.43636363636363,23.853846153846156,63.7,11.8,36.2,7.040000000000873,2.4,870.7,2.1000000000000005,0.764,32.666666666666664,26.78722521,False
2022-07-25 09:45:00,137.25,16.25,16.25,15.0,15.0,11.818181818181818,60.875,23.7,35.21666666666666,34.958333333333336,34.26153846153846,34.761538461538464,32.93636363636364,25.287500000000005,66.0,15.727272727272727,36.54545454545455,8.199999999999818,-0.2727272727272727,871.0909090909091,2.10909090909091,0.6936363636363637,33.06666666666666,24.76486132,False
2022-07-25 10:00:00,104.11111111111111,0.0,0.0,0.0,0.0,0.0,62.75,23.111111111111107,34.1125,33.975,33.325,34.05,31.9625,24.61666666666667,58.77777777777778,0.0,36.333333333333336,6.519999999999527,2.7777777777777777,871.2222222222222,2.1,0.7777777777777778,33.53333333333333,19.48830973,False
2022-07-25 10:15:00,9.0,0.0,0.0,0.0,0.0,0.0,96.64285714285714,23.63333333333333,33.66923076923078,33.49999999999999,32.80769230769231,33.583333333333336,31.327272727272728,24.778571428571432,33.77777777777778,0.0,35.44444444444444,3.8400000000001455,10.666666666666666,670.5555555555555,2.0444444444444443,1.0233333333333334,33.86666666666667,14.4821317,False
2022-07-25 10:30:00,0.0,0.0,0.0,0.0,0.0,0.0,123.81818181818181,24.330000000000002,33.5,33.39999999999999,32.61818181818182,33.5,31.03,24.60909090909091,27.1,0.0,36.5,3.9200000000000728,11.5,533.2,2.11,1.059,33.93333333333333,11.22091315,False
2022-07-25 10:45:00,0.0,0.0,0.0,0.0,0.0,0.0,80.53333333333333,24.672727272727272,33.50909090909091,33.39999999999999,32.708333333333336,33.558333333333344,30.949999999999992,24.560000000000002,20.8,0.0,35.3,3.119999999999891,13.6,490.6,2.04,1.1290000000000002,34.233333333333334,9.052403897,False
2022-07-25 11:00:00,0.0,0.0,0.0,0.0,0.0,0.0,92.92307692307692,24.900000000000002,33.669999999999995,33.540000000000006,32.99090909090909,33.699999999999996,30.86363636363636,24.653846153846157,29.2,0.0,35.7,2.4400000000005093,12.4,522.6,2.09,1.0939999999999999,34.8,13.16563813,False
2022-07-25 11:15:00,0.0,0.0,0.0,0.0,0.0,0.0,125.0,25.45,33.86363636363636,33.67272727272727,33.21818181818182,33.86363636363636,30.96,24.730769230769226,34.111111111111114,0.0,36.666666666666664,2.8799999999991996,9.722222222222221,572.5555555555555,2.088888888888889,0.9966666666666667,35.46666666666667,13.54457033,False
2022-07-25 11:30:00,0.0,0.0,0.0,0.0,0.0,0.0,74.5,26.408333333333335,34.00909090909091,33.881818181818176,33.50000000000001,34.0,31.3,24.58333333333334,15.636363636363637,0.0,35.63636363636363,3.360000000000582,14.090909090909092,393.90909090909093,2.0727272727272728,1.1454545454545455,35.63333333333333,6.409379645,False
2022-07-25 11:45:00,16.25,16.25,16.25,17.727272727272727,17.727272727272727,19.5,113.41666666666667,27.25,34.224999999999994,34.074999999999996,33.76363636363636,34.23636363636364,31.55,24.916666666666668,38.0,12.88888888888889,36.888888888888886,4.6799999999993815,8.666666666666666,571.8888888888889,2.1111111111111107,0.9722222222222222,35.53333333333333,19.763444200000002,False
2022-07-25 12:00:00,0.0,0.0,0.0,0.0,0.0,0.0,107.15384615384616,27.450000000000003,34.11818181818182,33.86363636363637,33.481818181818184,34.400000000000006,31.28181818181819,24.653846153846153,31.90909090909091,0.0,37.0,3.800000000000182,10.863636363636363,686.8181818181819,2.1363636363636362,1.0399999999999998,35.73333333333333,13.40849207,False
2022-07-25 12:15:00,80.64285714285714,0.0,0.0,0.0,0.0,0.0,50.333333333333336,27.471428571428568,33.32,33.129999999999995,32.836363636363636,33.85454545454545,30.810000000000002,25.400000000000002,39.55555555555556,0.0,37.111111111111114,3.3200000000006185,10.444444444444445,580.3333333333334,2.144444444444444,1.0266666666666666,35.733333333333334,16.76659781,False
2022-07-25 12:30:00,92.5,0.0,0.0,0.0,0.0,0.0,0.0,23.325,33.02727272727273,32.85454545454546,32.59090909090909,33.490909090909085,30.263636363636365,27.527272727272727,40.0,0.0,36.90909090909091,5.799999999999272,5.954545454545454,554.5454545454545,2.0909090909090904,0.8781818181818181,36.199999999999996,14.70605239,False
2022-07-25 12:45:00,75.5,0.0,0.0,0.0,0.0,0.0,0.0,25.578571428571426,33.06,32.839999999999996,32.64,33.39999999999999,30.2,28.169999999999998,18.0,0.0,37.0,2.1200000000008004,13.7,430.8,2.12,1.124,36.13333333333333,6.787234885,False
2022-07-25 13:00:00,89.75,0.0,0.0,0.0,0.0,0.0,0.0,25.75,33.21818181818182,32.97272727272727,32.836363636363636,33.43,30.229999999999997,28.46,30.9,0.0,36.3,2.4399999999996,12.0,522.2,2.12,1.083,36.46666666666667,13.363649299999999,False
2022-07-25 13:15:00,116.25,0.0,0.0,0.0,0.0,0.0,0.0,25.783333333333335,33.44444444444444,33.15555555555555,33.03333333333333,33.62222222222222,30.088888888888885,28.377777777777784,30.0,0.0,37.44444444444444,3.0399999999999636,9.666666666666666,578.5555555555555,2.177777777777778,1.0022222222222223,36.86666666666667,11.680988170000001,False
2022-07-25 13:30:00,0.0,0.0,0.0,0.0,0.0,0.0,0.0,26.459999999999997,33.71,33.379999999999995,33.29,33.84444444444444,30.011111111111113,28.45555555555556,0.0,0.0,36.45454545454545,0.5600000000004002,20.227272727272727,0.0,2.090909090909091,1.3563636363636364,36.96666666666666,0.0,False
2022-07-25 13:45:00,0.0,0.0,0.0,0.0,0.0,0.0,30.2,27.190000000000005,33.879999999999995,33.550000000000004,33.472727272727276,33.97,30.169999999999998,28.939999999999994,11.8,0.0,39.1,0.11999999999989086,20.55,132.4,2.2499999999999996,1.381,37.13333333333333,5.259781718999999,False
2022-07-25 14:00:00,0.0,0.0,0.0,0.0,0.0,0.0,127.8,27.44545454545454,34.0,33.74545454545455,33.64166666666666,34.00909090909091,30.4,25.689999999999998,82.72727272727273,0.0,41.36363636363637,8.319999999999709,0.22727272727272727,871.0,2.3727272727272726,0.7018181818181817,37.46666666666667,28.262770250000003,False
2022-07-25 14:15:00,14.444444444444445,13.0,13.0,14.444444444444445,19.5,19.5,136.0,27.733333333333334,34.09,33.94,33.78888888888889,34.21,30.54,24.169999999999998,67.2,14.2,40.8,8.680000000000291,0.55,870.8,2.3400000000000003,0.7150000000000001,37.63333333333333,25.03084935,False
2022-07-25 14:30:00,0.0,0.0,0.0,0.0,0.0,0.0,100.6,27.525000000000002,33.56363636363637,33.409090909090914,33.154545454545456,33.98333333333333,30.224999999999998,23.07333333333333,46.90909090909091,0.0,39.63636363636363,6.079999999999927,5.954545454545454,773.3636363636364,2.2818181818181817,0.8754545454545454,37.833333333333336,18.47503657,False
2022-07-25 14:45:00,0.0,0.0,0.0,0.0,0.0,0.0,107.07692307692308,27.199999999999996,32.81818181818182,32.76363636363636,32.51111111111111,33.32222222222222,29.82,23.10769230769231,48.0,0.0,40.22222222222222,4.719999999999345,5.833333333333333,729.3333333333334,2.3111111111111113,0.8744444444444444,37.86666666666667,17.443244330000002,False
2022-07-25 15:00:00,0.0,0.0,0.0,0.0,0.0,0.0,99.28571428571429,27.34166666666667,32.60000000000001,32.59090909090909,32.290909090909096,33.0,29.709090909090904,23.042857142857144,45.4,0.0,39.5,4.880000000000109,7.0,696.3,2.28,0.913,37.86666666666667,17.2434909,False
2022-07-25 15:15:00,70.26666666666667,0.0,0.0,0.0,0.0,0.0,107.07692307692308,27.839999999999996,32.709090909090904,32.581818181818186,32.30909090909091,33.0,29.910000000000004,23.207692307692305,39.888888888888886,20.0,40.44444444444444,5.160000000000764,7.833333333333333,732.6666666666666,2.3444444444444446,0.9377777777777777,38.333333333333336,22.0797048,False
2022-07-25 15:30:00,75.73333333333333,0.0,0.0,0.0,0.0,0.0,89.6,26.62,32.86666666666666,32.71666666666667,32.52727272727273,33.01538461538462,30.174999999999997,23.426666666666662,41.27272727272727,10.727272727272727,40.0,6.66666666666697,8.636363636363637,712.4545454545455,2.3000000000000003,0.9600000000000001,38.36666666666667,19.59508675,False
2022-07-25 15:45:00,60.0,0.0,0.0,0.0,0.0,0.0,98.21428571428571,26.813333333333333,33.0,32.89,32.809090909090905,33.18181818181818,30.250000000000007,22.942857142857143,42.2,0.0,40.0,5.173333333332266,9.4,743.2,2.3,0.9870000000000001,38.13333333333333,17.10553272,False
2022-07-25 16:00:00,69.23076923076923,0.0,0.0,0.0,0.0,0.0,106.0,26.71538461538462,33.11818181818182,33.0,33.0,33.37499999999999,30.39090909090909,23.10714285714286,45.22222222222222,0.0,39.55555555555556,4.800000000000182,8.277777777777779,700.0,2.266666666666667,0.9477777777777777,38.43333333333334,18.27292055,False
2022-07-25 16:45:00,35.166666666666664,0.0,0.0,0.0,0.0,0.0,80.15384615384616,26.325,32.64,32.58,32.34444444444445,33.32222222222222,29.950000000000006,22.869230769230764,28.0,0.0,39.0,6.300000000000182,11.555555555555555,760.4444444444445,2.2444444444444445,1.0555555555555554,38.13333333333333,11.10134036,False
2022-07-25 17:00:00,75.35714285714286,0.0,0.0,0.0,0.0,0.0,92.66666666666667,26.571428571428573,32.300000000000004,32.28,32.02727272727273,32.916666666666664,29.625000000000004,22.913333333333334,36.3,0.0,38.9,3.5600000000004,13.3,456.7,2.23,1.1139999999999999,38.166666666666664,16.01405806,False
2022-07-25 17:15:00,58.07692307692308,0.0,0.0,0.0,0.0,0.0,83.3076923076923,26.56923076923077,32.300000000000004,32.300000000000004,32.0,32.75,29.63636363636363,22.876923076923074,27.2,0.0,38.2,3.319999999999709,12.75,605.5,2.1799999999999997,1.0939999999999999,38.233333333333334,11.52624445,False
2022-07-25 17:30:00,64.92857142857143,0.0,0.0,0.0,0.0,0.0,90.78571428571429,26.35714285714286,32.379999999999995,32.39,32.127272727272725,32.800000000000004,29.849999999999998,22.82857142857143,32.44444444444444,0.0,38.44444444444444,4.399999999999636,11.61111111111111,580.2222222222222,2.2111111111111112,1.0522222222222222,37.96666666666667,13.711055759999999,False
2022-07-25 17:45:00,40.166666666666664,0.0,0.0,0.0,0.0,0.0,105.2,26.30833333333334,32.58,32.540000000000006,32.333333333333336,32.839999999999996,30.063636363636363,22.746666666666666,29.2,0.0,38.8,4.280000000000655,12.7,709.4,2.2500000000000004,1.091,37.699999999999996,12.502388530000001,False
2022-07-25 18:00:00,55.42857142857143,17.727272727272727,17.727272727272727,21.666666666666668,21.666666666666668,20.0,74.6875,26.557142857142857,32.81818181818182,32.72727272727273,32.49166666666667,32.975,30.469230769230766,22.931250000000002,28.0,11.272727272727273,38.63636363636363,5.1599999999998545,9.454545454545455,599.4545454545455,2.2181818181818183,0.990909090909091,37.5,14.578985530000002,False
2022-07-25 18:15:00,77.57142857142857,0.0,0.0,0.0,0.0,0.0,116.64285714285714,26.53571428571429,32.55384615384615,32.44615384615385,32.15384615384615,32.833333333333336,30.300000000000008,22.921428571428574,39.6,0.0,38.1,3.0,10.95,672.5,2.21,1.028,36.86666666666667,16.254590540000002,False
2022-07-25 18:30:00,79.78571428571429,0.0,0.0,0.0,0.0,0.0,98.57142857142857,26.42142857142857,31.811111111111106,31.85555555555556,31.55,32.36000000000001,29.736363636363635,22.635714285714283,30.4,3.5,37.4,4.639999999999418,11.25,605.7,2.12,1.048,36.43333333333333,14.048993269999999,False
2022-07-25 18:45:00,72.91666666666667,0.0,0.0,0.0,0.0,0.0,55.38461538461539,26.291666666666668,31.5,31.759999999999998,31.4,32.16363636363637,29.390000000000004,22.869230769230775,29.0,0.0,36.7,3.360000000000582,12.25,593.7,2.13,1.08,36.03333333333333,12.22278285,False
2022-07-25 19:00:00,0.0,0.0,0.0,0.0,0.0,0.0,0.0,26.574999999999992,31.527272727272734,31.763636363636365,31.399999999999995,32.10000000000001,29.349999999999994,25.038461538461533,0.0,0.0,33.90909090909091,0.3999999999996362,22.045454545454547,0.0,1.981818181818182,1.4363636363636363,36.0,0.0,False
2022-07-25 19:30:00,0.0,0.0,0.0,0.0,0.0,0.0,0.0,28.31111111111111,31.987499999999997,32.0875,31.85,32.275000000000006,30.3375,27.812499999999996,0.0,0.0,32.1,0.03999999999996362,26.9,0.0,1.86,1.6469999999999998,35.46666666666666,0.0,False
2022-07-26 08:00:00,13.0,15.0,15.0,19.5,19.5,23.636363636363637,89.15384615384616,34.980000000000004,35.46923076923077,35.43846153846153,35.51,35.459999999999994,35.10909090909092,33.223076923076924,26.1,10.3,33.0,2.800000000000182,18.95,425.2,1.89,1.3830000000000002,30.96666666666667,20.53911899,False
2022-07-26 08:15:00,108.5625,0.0,0.0,0.0,0.0,0.0,184.54545454545453,28.968750000000004,34.550000000000004,34.60000000000001,34.540000000000006,34.709090909090904,34.10000000000001,26.236363636363638,65.5,42.8,36.1,9.0,1.05,844.6,2.0700000000000003,0.728,31.333333333333332,34.56548248,False
2022-07-26 08:30:00,45.214285714285715,0.0,0.0,0.0,0.0,0.0,125.72727272727273,25.67142857142857,33.54545454545455,33.69090909090909,33.480000000000004,33.82000000000001,33.018181818181816,24.081818181818186,65.18181818181819,7.818181818181818,34.72727272727273,7.079999999999927,2.0454545454545454,850.5454545454545,2.0090909090909093,0.7536363636363635,31.599999999999998,27.145961749999998,False
2022-07-26 08:45:00,68.46153846153847,0.0,0.0,0.0,0.0,0.0,61.53846153846154,26.415384615384614,33.144444444444446,33.24444444444444,33.03636363636363,33.3909090909091,32.400000000000006,23.39230769230769,39.7,0.0,33.0,4.880000000000109,8.3,676.9,1.9,0.953,32.0,16.61941921,False
2022-07-26 09:00:00,54.5,0.0,0.0,0.0,0.0,0.0,88.47058823529412,26.464285714285715,33.03333333333333,33.12500000000001,32.97692307692307,33.23076923076922,32.17142857142858,22.87647058823529,44.81818181818182,0.0,34.18181818181818,4.279999999999745,8.545454545454545,624.1818181818181,1.9909090909090912,0.9509090909090908,32.1,19.079850309999998,False
2022-07-26 09:15:00,63.642857142857146,0.0,0.0,0.0,0.0,0.0,112.15384615384616,26.342857142857145,33.0,33.1,32.93,33.11,32.00909090909091,22.715384615384615,34.4,0.0,34.2,4.3200000000006185,9.55,672.0,1.97,0.9810000000000002,32.36666666666667,14.4641732,False
2022-07-26 09:30:00,76.4,0.0,0.0,0.0,0.0,0.0,108.57142857142857,26.319999999999997,33.05,33.10000000000001,33.0,33.016666666666666,32.07000000000001,22.792857142857148,34.81818181818182,0.0,34.0,4.6799999999993815,9.363636363636363,675.1818181818181,1.9454545454545455,0.9863636363636364,32.33333333333333,14.554041630000002,False
2022-07-26 09:45:00,0.0,0.0,0.0,0.0,0.0,0.0,89.18181818181819,26.055555555555557,33.10000000000001,33.129999999999995,33.0,33.0,31.988888888888894,23.245454545454546,28.77777777777778,0.0,32.77777777777778,3.280000000000655,10.833333333333334,555.2222222222222,1.9000000000000001,1.03,32.233333333333334,12.917136469999999,False
2022-07-26 10:00:00,32.5,32.5,32.5,26.0,26.0,26.0,75.53846153846153,26.54,33.08,33.14,32.98,33.029999999999994,31.660000000000004,22.94615384615384,44.44444444444444,19.333333333333332,34.44444444444444,5.4399999999996,2.2777777777777777,679.6666666666666,1.9888888888888887,0.7777777777777778,32.266666666666666,20.22495959,False
2022-07-26 10:15:00,0.0,0.0,0.0,0.0,0.0,0.0,106.91666666666667,26.572727272727267,32.48888888888889,32.577777777777776,32.472727272727276,32.6,31.15454545454545,24.23333333333333,26.6,0.0,33.0,2.6400000000003274,6.6,485.1,1.9300000000000002,0.9049999999999999,32.43333333333333,9.476700719,False
2022-07-26 12:00:00,0.0,0.0,0.0,0.0,0.0,0.0,85.27272727272727,30.57,32.65,32.55,32.540000000000006,32.63636363636363,32.34,29.245454545454546,37.5,0.0,33.7,2.759999999999309,15.2,435.4,1.95,1.229,34.53333333333333,18.68158559,False
2022-07-26 12:15:00,0.0,0.0,0.0,0.0,0.0,0.0,50.083333333333336,30.283333333333328,32.25454545454546,32.272727272727266,32.3,32.46999999999999,32.13636363636364,24.225000000000005,8.0,0.0,33.5,2.9200000000000728,11.6,257.2,1.92,1.052,34.86666666666667,2.4264029920000003,False
2022-07-26 12:30:00,34.84615384615385,0.0,0.0,0.0,0.0,0.0,0.0,30.28461538461538,32.0,32.10000000000001,32.199999999999996,32.31,32.10000000000001,27.04,11.272727272727273,0.0,35.81818181818182,0.03999999999996362,15.409090909090908,166.8181818181818,2.0727272727272728,1.1809090909090911,34.73333333333334,3.902754621,False
2022-07-26 12:45:00,58.416666666666664,0.0,0.0,0.0,0.0,0.0,0.0,28.066666666666666,32.0,32.14545454545454,32.199999999999996,32.300000000000004,32.21818181818182,27.59090909090909,5.3,0.0,34.9,2.240000000000691,16.7,240.6,1.98,1.237,35.13333333333333,1.613651221,False
2022-07-26 13:00:00,81.3076923076923,0.0,0.0,0.0,0.0,0.0,0.0,28.33846153846154,32.06363636363637,32.23636363636364,32.28181818181819,32.300000000000004,32.199999999999996,28.018181818181812,25.4,0.0,37.0,1.7999999999992724,15.1,441.8,2.1199999999999997,1.188,35.4,11.34490993,False
2022-07-26 13:15:00,73.78571428571429,0.0,0.0,0.0,0.0,0.0,0.0,28.542857142857144,32.25000000000001,32.300000000000004,32.324999999999996,32.34166666666666,31.981818181818177,28.327272727272728,24.0,0.0,36.666666666666664,1.1199999999998909,15.222222222222221,342.22222222222223,2.122222222222222,1.1999999999999997,35.300000000000004,10.505123090000001,False
2022-07-26 13:30:00,24.166666666666668,0.0,0.0,0.0,0.0,0.0,0.0,27.516666666666666,32.33333333333333,32.324999999999996,32.39999999999999,32.45,31.633333333333336,28.58333333333333,0.0,0.0,35.6,0.8000000000001819,20.75,87.0,2.06,1.3780000000000001,36.23333333333333,0.0,False
2022-07-26 13:45:00,0.0,0.0,0.0,0.0,0.0,0.0,0.0,28.20909090909091,32.50909090909091,32.46363636363637,32.42307692307692,32.607692307692304,31.599999999999998,29.018181818181823,0.0,0.0,37.54545454545455,0.03999999999996362,22.681818181818183,0.0,2.1545454545454543,1.4645454545454546,35.96666666666667,0.0,False
2022-07-26 14:45:00,67.41666666666667,0.0,0.0,0.0,0.0,0.0,138.4,29.541666666666668,33.19090909090909,33.09090909090909,33.0,33.09,32.78,26.07,65.22222222222223,18.77777777777778,40.44444444444444,7.079999999999927,4.388888888888889,797.7777777777778,2.322222222222222,0.8366666666666666,36.53333333333333,29.76796901,False
2022-07-26 15:00:00,76.6923076923077,0.0,0.0,0.0,0.0,0.0,39.785714285714285,23.792307692307695,33.199999999999996,33.08,32.93846153846153,33.10000000000001,32.699999999999996,23.435714285714283,36.6,10.8,38.3,5.960000000000036,5.35,746.8,2.1799999999999997,0.8559999999999999,36.8,18.598617450000003,False
2022-07-26 15:15:00,98.9,0.0,0.0,0.0,0.0,0.0,69.6923076923077,23.96,33.300000000000004,33.10000000000001,32.89999999999999,33.17999999999999,32.69,24.415384615384614,59.77777777777778,0.0,39.111111111111114,7.119999999999891,3.388888888888889,870.5555555555555,2.2666666666666666,0.7922222222222222,36.9,20.96011156,False
2022-07-26 15:30:00,75.44444444444444,0.0,0.0,0.0,0.0,0.0,77.26666666666667,23.43333333333333,33.37272727272727,33.10000000000001,32.85,33.199999999999996,32.68333333333333,24.493333333333336,56.2,0.0,38.8,6.0,2.55,860.4,2.2199999999999998,0.7689999999999999,36.93333333333334,20.00536813,False
2022-07-26 15:45:00,65.92307692307692,0.0,0.0,0.0,0.0,0.0,49.5,23.638461538461545,33.418181818181814,33.15454545454545,32.800000000000004,33.199999999999996,32.790909090909096,24.642857142857146,35.9,0.0,37.9,3.9600000000000364,9.15,735.5,2.1699999999999995,0.9760000000000002,37.266666666666666,15.4685003,False
2022-07-26 16:00:00,96.92857142857143,0.0,0.0,0.0,0.0,0.0,59.2,23.70714285714286,33.5,33.22,32.800000000000004,33.23636363636364,32.85833333333333,24.833333333333336,34.44444444444444,3.7777777777777777,38.111111111111114,5.3200000000006185,7.555555555555555,677.0,2.177777777777778,0.9277777777777777,37.333333333333336,15.130008109999999,False
2022-07-26 16:15:00,98.21428571428571,0.0,0.0,0.0,0.0,0.0,41.18181818181818,23.792857142857144,33.57500000000001,33.29166666666667,32.800000000000004,33.300000000000004,32.92,25.5,33.09090909090909,0.0,37.81818181818182,3.3599999999996726,10.772727272727273,620.5454545454545,2.1363636363636362,1.0272727272727271,37.166666666666664,13.492481130000002,False
2022-07-26 16:30:00,92.91666666666667,0.0,0.0,0.0,0.0,0.0,0.0,23.808333333333337,33.67999999999999,33.379999999999995,32.800000000000004,33.300000000000004,33.0,27.23,24.9,0.0,37.0,3.2799999999997453,9.3,514.2,2.11,0.984,37.36666666666667,9.088821473,False
2022-07-26 16:45:00,81.14285714285714,32.5,32.5,32.5,32.5,28.88888888888889,28.88888888888889,23.849999999999998,33.339999999999996,33.14,32.63999999999999,33.08,32.76666666666667,28.188888888888886,38.72727272727273,16.454545454545453,37.0,5.240000000000691,4.363636363636363,620.4545454545455,2.118181818181818,0.8309090909090909,37.13333333333333,17.68059974,False
2022-07-26 17:00:00,100.53846153846153,0.0,0.0,0.0,0.0,0.0,0.0,23.83076923076923,32.163636363636364,32.20909090909091,31.859999999999996,32.239999999999995,31.681818181818176,28.499999999999996,27.1,0.0,37.0,2.880000000000109,8.0,570.2,2.13,0.946,36.733333333333334,9.29312491,False
2022-07-26 17:15:00,15.5,0.0,0.0,0.0,0.0,0.0,50.333333333333336,25.019999999999996,31.43,31.400000000000006,31.13636363636363,31.645454545454548,30.890000000000004,27.808333333333334,23.2,0.0,36.9,2.5599999999994907,11.75,419.6,2.1,1.0550000000000002,,8.844730616,False
2022-07-26 17:30:00,0.0,0.0,0.0,0.0,0.0,0.0,99.92307692307692,25.16363636363636,30.900000000000002,31.027272727272724,30.779999999999994,31.299999999999997,30.3,22.746153846153845,45.4,0.0,37.7,4.920000000000073,5.1,590.7,2.15,0.8469999999999999,36.9,17.29371129,False
2022-07-26 17:45:00,0.0,0.0,0.0,0.0,0.0,0.0,106.38461538461539,25.660000000000004,30.363636363636363,30.9,30.699999999999992,31.09090909090909,30.00909090909091,22.253846153846155,31.363636363636363,0.0,36.18181818181818,3.680000000000291,9.272727272727273,554.5454545454545,2.0999999999999996,0.9836363636363639,36.53333333333334,12.105069929999999,False
2022-07-26 18:00:00,0.0,0.0,0.0,0.0,0.0,0.0,0.0,26.327272727272724,30.40909090909091,30.981818181818184,30.79090909090909,31.1,30.018181818181816,24.545454545454547,0.0,0.0,34.77777777777778,0.03999999999996362,18.27777777777778,0.0,2.0,1.2844444444444445,35.699999999999996,0.0,False
2022-07-26 18:15:00,0.0,0.0,0.0,0.0,0.0,0.0,23.23076923076923,27.160000000000004,30.62222222222222,31.14444444444444,31.01,31.189999999999998,30.3,25.707692307692305,9.4,0.0,34.7,0.5599999999994907,18.4,171.9,2.0200000000000005,1.296,35.56666666666667,3.877345424,False
2022-07-26 18:30:00,0.0,0.0,0.0,0.0,0.0,0.0,111.73333333333333,27.861538461538466,30.775000000000002,31.26666666666667,31.19090909090909,31.366666666666664,30.515384615384605,22.793333333333337,44.9,0.0,36.1,5.039999999999964,4.85,730.6,2.06,0.841,35.333333333333336,17.59768047,False
2022-07-26 18:45:00,0.0,0.0,0.0,0.0,0.0,0.0,68.9375,28.44545454545454,31.127272727272725,31.454545454545453,31.46666666666667,31.55,30.475000000000005,22.35,27.09090909090909,0.0,33.63636363636363,3.119999999999891,11.136363636363637,432.0,1.9545454545454546,1.0527272727272727,34.93333333333333,11.81268527,False
2022-07-26 19:00:00,0.0,0.0,0.0,0.0,0.0,0.0,0.0,29.018181818181816,31.458333333333332,31.708333333333332,31.666666666666668,31.791666666666668,30.741666666666664,25.025000000000002,0.0,0.0,26.5,0.03999999999996362,23.2,0.0,1.5799999999999998,1.4849999999999999,34.5,0.0,False
2022-07-27 09:45:00,0.0,0.0,0.0,0.0,0.0,0.0,20.133333333333333,34.4076923076923,35.0,34.74999999999999,34.800000000000004,34.699999999999996,34.83076923076923,34.01333333333333,8.6,0.0,32.0,0.4000000000005457,27.55,126.6,1.85,1.693,31.433333333333334,7.8520931780000005,False
2022-07-27 10:00:00,0.0,0.0,0.0,0.0,0.0,0.0,138.8,34.019999999999996,34.949999999999996,34.589999999999996,34.45,34.58,34.45,25.689999999999998,71.2,0.0,34.8,6.920000000000073,0.5,867.2,2.0,0.7110000000000001,31.53333333333333,24.17968198,False
2022-07-27 10:15:00,19.5,17.727272727272727,17.727272727272727,19.5,19.5,19.5,100.76923076923077,33.01,34.02727272727273,33.78181818181819,33.58,33.77,33.5,21.892307692307693,39.54545454545455,16.363636363636363,34.18181818181818,5.960000000000036,3.0,689.8181818181819,1.9818181818181815,0.7909090909090909,31.933333333333334,18.669840049999998,False
2022-07-27 10:30:00,0.0,0.0,0.0,0.0,0.0,0.0,54.90909090909091,31.58181818181818,32.80909090909091,32.68181818181818,32.440000000000005,32.71999999999999,32.5,24.636363636363637,10.8,0.0,32.6,0.8400000000001455,14.2,241.5,1.8800000000000001,1.143,32.300000000000004,4.220716189,False
2022-07-27 11:45:00,0.0,0.0,0.0,0.0,0.0,0.0,128.2,31.45,32.290909090909096,32.300000000000004,32.10000000000001,32.300000000000004,32.300000000000004,25.73,61.8,0.0,35.5,5.6799999999993815,4.4,783.6,2.04,0.8450000000000001,33.6,23.755013769999998,False
2022-07-27 12:00:00,0.0,0.0,0.0,0.0,0.0,0.0,46.81818181818182,31.360000000000003,32.011111111111106,32.300000000000004,32.0,32.300000000000004,32.300000000000004,22.97272727272727,15.555555555555555,0.0,32.666666666666664,1.680000000000291,9.38888888888889,290.44444444444446,1.911111111111111,0.9788888888888887,33.9,0.0,False
2022-07-27 12:15:00,32.357142857142854,0.0,0.0,0.0,0.0,0.0,0.0,31.21428571428571,31.800000000000008,32.300000000000004,31.983333333333334,32.224999999999994,32.29166666666667,25.7,10.181818181818182,0.0,33.81818181818182,0.5600000000004002,14.409090909090908,158.27272727272728,1.9636363636363638,1.1463636363636363,34.199999999999996,3.570989164,False
2022-07-27 12:30:00,107.8,0.0,0.0,0.0,0.0,0.0,42.2,25.919999999999995,31.800000000000004,32.300000000000004,32.08,32.199999999999996,32.339999999999996,25.92666666666667,42.888888888888886,0.0,36.111111111111114,5.599999999999454,6.555555555555555,774.2222222222222,2.0666666666666664,0.8966666666666667,34.300000000000004,17.523504250000002,False
2022-07-27 12:45:00,37.75,0.0,0.0,0.0,0.0,0.0,0.0,27.166666666666668,31.94545454545454,32.39090909090908,32.172727272727265,32.26666666666667,32.31666666666667,27.64166666666667,11.777777777777779,0.0,34.333333333333336,0.6400000000003274,16.0,193.22222222222223,1.9888888888888892,1.2077777777777776,35.0,4.855759507,False
2022-07-27 13:00:00,41.18181818181818,0.0,0.0,0.0,0.0,0.0,0.0,27.345454545454547,32.11,32.540000000000006,32.199999999999996,32.33,32.300000000000004,28.72,4.4,0.0,34.3,0.9600000000000364,19.55,261.2,1.98,1.338,,1.509749462,False
2022-07-27 13:15:00,61.416666666666664,0.0,0.0,0.0,0.0,0.0,0.0,27.150000000000002,32.300000000000004,32.60000000000001,32.24,32.45454545454545,32.290909090909096,29.181818181818176,7.0,0.0,35.2,1.3999999999996362,18.3,271.4,2.01,1.287,35.25,2.829369411,False
2022-07-27 13:30:00,72.0,0.0,0.0,0.0,0.0,0.0,43.142857142857146,27.03333333333333,32.480000000000004,32.709999999999994,32.300000000000004,32.61,32.12,29.28571428571428,30.2,0.0,36.1,2.9200000000000728,12.45,599.6,2.06,1.0879999999999999,35.4,13.12126052,False
2022-07-27 13:45:00,30.166666666666668,0.0,0.0,0.0,0.0,0.0,95.9,26.91666666666666,32.64166666666666,32.800000000000004,32.300000000000004,32.699999999999996,31.73,24.940000000000005,63.111111111111114,0.0,38.0,6.5600000000004,0.8333333333333334,853.4444444444445,2.1888888888888887,0.7233333333333333,35.06666666666667,21.86665884,False
2022-07-27 14:30:00,0.0,0.0,0.0,0.0,0.0,0.0,87.0,27.15,31.119999999999997,31.370000000000005,30.922222222222224,31.366666666666667,30.236363636363635,21.318181818181817,45.4,0.0,38.4,4.8400000000001455,0.85,418.7,2.2199999999999998,0.7209999999999999,35.733333333333334,13.211933759999999,False
2022-07-27 14:45:00,0.0,0.0,0.0,0.0,0.0,0.0,73.61538461538461,27.10909090909091,30.729999999999997,31.04,30.660000000000004,31.03333333333333,29.900000000000002,21.861538461538455,29.818181818181817,0.0,37.72727272727273,4.200000000000728,5.590909090909091,287.0,2.163636363636364,0.860909090909091,36.03333333333333,10.850079520000001,False
2022-07-27 15:00:00,0.0,0.0,0.0,0.0,0.0,0.0,95.16666666666667,27.518181818181816,30.755555555555556,30.966666666666672,30.64444444444444,30.977777777777778,29.990000000000002,23.900000000000002,44.4,0.0,37.0,2.639999999999418,5.6,589.7,2.1199999999999997,0.8700000000000001,36.06666666666666,16.172889559999998,False
2022-07-27 15:15:00,0.0,0.0,0.0,0.0,0.0,0.0,98.38461538461539,28.133333333333333,30.936363636363637,31.072727272727274,30.699999999999992,31.04545454545455,30.29090909090909,23.769230769230766,30.555555555555557,0.0,37.0,4.319999999999709,8.0,612.3333333333334,2.1333333333333333,0.941111111111111,36.03333333333333,12.09185336,False
2022-07-27 15:30:00,0.0,0.0,0.0,0.0,0.0,0.0,68.8,28.669999999999995,31.089999999999996,31.240000000000002,30.833333333333332,31.188888888888886,30.633333333333326,23.990000000000002,35.3,0.0,36.4,3.7600000000002183,9.05,435.0,2.0799999999999996,0.9789999999999998,36.43333333333333,14.35333766,False
2022-07-27 15:45:00,0.0,0.0,0.0,0.0,0.0,0.0,104.23076923076923,29.22,31.300000000000004,31.422222222222224,31.109999999999996,31.330000000000002,30.827272727272724,23.88461538461539,47.3,0.0,38.1,3.7200000000002547,5.25,755.8,2.1599999999999997,0.8549999999999999,36.300000000000004,17.13966266,False
2022-07-27 16:00:00,5.416666666666667,5.909090909090909,5.909090909090909,6.5,5.909090909090909,5.909090909090909,74.33333333333333,29.633333333333336,31.472727272727273,31.54545454545455,31.3,31.481818181818184,31.172727272727272,23.858333333333334,33.1,5.8,37.3,5.039999999999964,7.05,539.6,2.1599999999999997,0.917,36.4,15.00756195,False
2022-07-27 16:15:00,5.909090909090909,5.416666666666667,5.416666666666667,5.909090909090909,5.909090909090909,5.909090909090909,87.07692307692308,29.7,31.400000000000006,31.574999999999992,31.34545454545455,31.5,31.199999999999992,23.669230769230765,33.0,5.363636363636363,37.45454545454545,4.4399999999996,6.7727272727272725,554.3636363636364,2.145454545454545,0.9063636363636363,36.300000000000004,13.12108211,False
2022-07-27 16:30:00,0.0,0.0,0.0,0.0,0.0,0.0,108.61538461538461,28.90909090909091,30.71999999999999,30.940000000000005,30.736363636363638,31.099999999999994,30.463636363636365,23.999999999999996,38.8,0.0,37.2,3.5200000000004366,7.15,607.7,2.1399999999999997,0.9189999999999999,36.333333333333336,14.448802030000001,False
2022-07-27 16:45:00,0.0,0.0,0.0,0.0,0.0,0.0,62.666666666666664,28.400000000000006,30.22,30.48,30.299999999999997,30.699999999999996,29.95,23.666666666666668,30.6,0.0,36.3,3.7600000000002183,8.1,514.5,2.07,0.9510000000000002,36.5,12.41852832,False
2022-07-27 17:00:00,0.0,0.0,0.0,0.0,0.0,0.0,96.27272727272727,28.433333333333334,30.177777777777774,30.533333333333335,30.233333333333334,30.599999999999998,29.88888888888889,23.854545454545452,33.6,0.0,36.8,4.239999999999782,9.3,597.9,2.12,0.9850000000000001,36.5,13.540265419999997,False
2022-07-27 17:15:00,0.0,0.0,0.0,0.0,0.0,0.0,39.916666666666664,28.73,30.38888888888889,30.64444444444444,30.34444444444445,30.633333333333333,30.022222222222222,23.558333333333334,12.8,0.0,35.4,3.399999999999636,12.9,261.2,2.04,1.1019999999999999,,4.555185104,False
2022-07-27 17:30:00,0.0,0.0,0.0,0.0,0.0,0.0,0.0,29.154545454545453,30.61666666666666,30.799999999999997,30.54545454545455,30.699999999999992,30.325,25.525000000000002,0.0,0.0,36.0,2.119999999999891,18.95,0.0,2.0700000000000003,1.308,36.2,0.0,False
2022-07-27 18:00:00,0.0,0.0,0.0,0.0,0.0,0.0,0.0,29.920000000000005,31.084615384615383,31.27692307692307,31.00833333333334,31.058333333333337,31.049999999999994,27.110000000000003,0.0,0.0,33.9,0.040000000000873115,23.35,0.0,1.9599999999999997,1.4899999999999998,36.06666666666666,0.0,False
2022-07-28 00:00:00,111.0,103.11764705882354,109.3529411764706,101.11764705882354,99.5,107.52941176470588,111.23529411764706,30.563157894736843,30.017647058823535,30.21176470588235,28.605882352941176,30.21111111111111,32.170588235294126,30.382352941176464,65.81818181818181,41.27272727272727,37.0,0.27999999999974534,14.954545454545455,631.1818181818181,2.1363636363636362,1.1927272727272729,31.0,52.76150613,False
2022-07-28 00:15:00,53.86666666666667,99.11111111111111,90.44444444444444,49.64705882352941,78.8,127.6,95.66666666666667,27.253333333333337,25.166666666666668,23.977777777777774,24.452941176470592,25.810000000000002,27.813333333333333,25.222222222222225,100.1,100.1,39.8,14.479999999999563,-0.1,871.0,2.29,0.6970000000000001,30.8,57.80382937000001,False
2022-07-28 00:30:00,39.714285714285715,76.0,84.92857142857143,52.5625,86.6923076923077,89.71428571428571,73.35714285714286,27.307142857142857,24.709090909090914,22.864285714285717,24.537499999999998,25.0,25.521428571428576,23.421428571428574,71.0,58.8,37.1,18.840000000000146,3.65,871.1,2.12,0.8030000000000002,30.7,47.32773746,False
2022-07-28 00:45:00,10.909090909090908,72.7,78.0909090909091,25.11764705882353,68.5,84.5,72.53846153846153,27.39090909090909,24.940000000000005,22.981818181818184,24.49411764705882,25.13333333333333,25.592857142857145,23.46153846153846,45.2,45.6,35.1,9.0,4.55,870.9,2.03,0.8230000000000001,30.600000000000005,30.39006894,False
2022-07-28 01:00:00,23.23076923076923,81.54545454545455,75.54545454545455,47.0,66.18181818181819,94.85714285714286,55.642857142857146,26.73076923076923,24.418181818181814,23.09090909090909,24.50588235294117,25.10909090909091,25.45714285714286,23.650000000000002,50.45454545454545,50.90909090909091,35.72727272727273,8.720000000000255,4.590909090909091,871.1818181818181,2.0454545454545454,0.8272727272727273,30.53333333333333,34.6194383,False
2022-07-28 01:15:00,38.36363636363637,73.9,64.2,38.8125,62.3,101.71428571428571,83.64285714285714,26.85454545454546,24.560000000000002,23.15,24.525,25.09,25.614285714285717,23.421428571428567,51.75,35.125,34.875,9.0,5.8125,870.75,2.025,0.86125,30.5,30.70946647,False
2022-07-28 01:30:00,27.846153846153847,74.72727272727273,68.27272727272727,45.125,66.0,48.42857142857143,39.46153846153846,27.146153846153855,24.827272727272728,23.245454545454546,24.550000000000004,25.24,25.557142857142857,23.26923076923077,52.8,34.1,34.6,7.359999999999673,3.9,871.0,2.0,0.8099999999999999,30.333333333333332,29.36852431,False
2022-07-28 01:45:00,0.0,76.8,73.4,25.714285714285715,63.81818181818182,84.07142857142857,58.214285714285715,27.22,24.18,23.049999999999997,24.607142857142854,24.85454545454546,25.550000000000004,23.47142857142857,46.0,46.0,34.77777777777778,8.320000000000618,5.222222222222222,871.2222222222222,2.0,0.8444444444444446,30.266666666666666,30.89734877,False
2022-07-28 02:00:00,48.266666666666666,78.92307692307692,75.92307692307692,29.529411764705884,66.0909090909091,32.266666666666666,62.333333333333336,26.793333333333333,24.21538461538462,22.792307692307695,24.48823529411765,24.727272727272734,25.54,23.580000000000005,44.0,44.18181818181818,34.63636363636363,8.079999999999927,4.5,871.0,1.9818181818181815,0.8254545454545454,30.266666666666666,33.67177891,False
2022-07-28 02:15:00,54.36363636363637,67.88888888888889,85.2,61.46666666666667,61.0,86.92307692307692,58.166666666666664,27.50909090909091,24.1,22.686666666666667,24.166666666666668,24.659999999999997,25.423076923076923,23.441666666666666,60.1,40.0,34.7,8.599999999999454,3.25,871.0,2.0,0.7910000000000001,30.166666666666668,36.15563469,False
2022-07-28 02:30:00,0.0,76.58333333333333,116.33333333333333,0.0,66.0,69.53846153846153,56.785714285714285,26.850000000000005,24.041666666666668,22.639999999999997,25.015384615384615,24.527272727272727,25.699999999999996,23.24285714285714,61.81818181818182,23.363636363636363,33.81818181818182,8.079999999999927,4.590909090909091,870.3636363636364,1.936363636363636,0.8281818181818181,29.899999999999995,28.91296656,False
2022-07-28 02:45:00,50.916666666666664,77.36363636363636,95.4,0.0,84.6,75.46666666666667,51.714285714285715,27.025000000000002,24.063636363636366,22.459999999999997,25.145454545454548,24.6,25.360000000000003,23.35,52.3,46.5,34.3,8.760000000000218,2.5,871.1,1.9899999999999998,0.7670000000000001,29.733333333333334,31.16423098,False
2022-07-28 03:00:00,0.0,81.25,107.0,0.0,109.4,74.33333333333333,37.8,27.181818181818183,24.0,22.642857142857146,25.576923076923077,24.38,25.65333333333334,23.593333333333337,57.27272727272727,38.36363636363637,34.09090909090909,7.960000000000036,2.727272727272727,867.0909090909091,1.9545454545454546,0.7745454545454545,29.633333333333336,29.88368807,False
2022-07-28 03:15:00,34.42857142857143,82.72727272727273,81.66666666666667,18.75,108.46153846153847,76.53846153846153,62.15384615384615,26.828571428571426,23.727272727272727,22.706666666666667,26.162499999999998,24.507692307692306,25.523076923076925,23.407692307692304,56.2,35.0,34.3,9.4399999999996,5.2,871.0,1.9700000000000002,0.845,29.53333333333333,29.144954960000003,False
2022-07-28 03:30:00,15.083333333333334,73.0909090909091,106.6923076923077,18.214285714285715,83.70588235294117,51.625,66.78571428571429,27.683333333333334,24.15454545454545,22.646153846153844,24.357142857142854,24.494117647058818,25.712500000000006,23.314285714285713,63.09090909090909,22.90909090909091,33.81818181818182,7.400000000000546,5.681818181818182,871.0909090909091,1.9454545454545455,0.8609090909090908,29.5,28.837175260000002,False
2022-07-28 03:45:00,18.727272727272727,78.0,98.92307692307692,23.076923076923077,81.85714285714286,74.3076923076923,58.25,26.454545454545453,24.119999999999997,22.623076923076926,24.415384615384617,24.407142857142855,25.469230769230776,23.441666666666666,48.9,22.0,33.0,7.680000000000291,6.55,871.4,1.9100000000000001,0.8839999999999998,29.46666666666667,23.755815419999998,False
2022-07-28 04:00:00,19.181818181818183,67.25,87.625,18.133333333333333,87.28571428571429,69.66666666666667,45.214285714285715,27.8,24.224999999999998,22.887500000000003,24.633333333333333,24.771428571428572,25.679999999999996,23.50714285714286,52.7,11.1,32.6,7.279999999999745,6.3,870.9,1.89,0.883,29.366666666666664,21.49598744,False
2022-07-28 04:15:00,13.727272727272727,62.111111111111114,104.84615384615384,21.428571428571427,102.28571428571429,97.53846153846153,47.07142857142857,26.69090909090909,24.06666666666667,22.66153846153846,24.557142857142857,24.485714285714277,25.500000000000004,23.52142857142857,55.22222222222222,23.22222222222222,33.55555555555556,7.1599999999998545,5.277777777777778,870.8888888888889,1.9222222222222223,0.8500000000000001,29.3,25.993696879999998,False
2022-07-28 04:30:00,23.636363636363637,76.6,76.28571428571429,39.0625,84.125,50.46153846153846,72.0,27.609090909090913,23.73,22.571428571428566,24.087500000000002,24.462499999999995,25.346153846153847,23.5,66.7,26.8,33.7,7.1599999999998545,4.95,870.9,1.9700000000000002,0.8390000000000001,29.3,31.702546549999997,False
2022-07-28 04:45:00,0.0,79.3,74.6923076923077,0.0,66.78571428571429,48.13333333333333,72.4,27.333333333333336,23.61,22.807692307692307,25.263636363636362,24.578571428571426,25.619999999999997,23.619999999999997,55.44444444444444,17.22222222222222,32.77777777777778,7.760000000000218,3.7222222222222223,862.0,1.877777777777778,0.8066666666666666,29.266666666666666,23.18182587,False
2022-07-28 05:00:00,39.46153846153846,64.18181818181819,118.64285714285714,0.0,88.64285714285714,106.6,64.4,27.192307692307693,24.018181818181816,22.63571428571428,25.99375,24.428571428571434,25.466666666666665,23.37333333333333,58.9,32.1,33.3,7.1599999999998545,4.85,871.2,1.9300000000000004,0.8370000000000001,29.233333333333334,31.33574295,False
2022-07-28 05:15:00,0.0,77.92307692307692,83.3529411764706,0.0,74.83333333333333,44.266666666666666,36.13333333333333,27.192307692307693,23.5,22.605882352941173,26.126315789473676,24.505555555555553,25.4,23.360000000000003,55.7,17.2,32.3,7.0,3.65,870.3,1.8800000000000001,0.8029999999999999,29.099999999999998,22.90745604,False
2022-07-28 05:30:00,34.84615384615385,69.4,86.46153846153847,0.0,70.41666666666667,81.78571428571429,42.75,27.22307692307693,23.790000000000003,22.661538461538463,26.276470588235288,24.625,25.464285714285715,23.474999999999998,68.3,12.4,32.9,6.800000000000182,5.6,863.0,1.9099999999999997,0.8560000000000001,29.0,25.27704999,False
2022-07-28 05:45:00,0.0,70.4,86.64285714285714,16.666666666666668,79.5625,36.13333333333333,58.4375,27.066666666666674,23.579999999999995,22.71428571428572,25.155555555555555,24.65625,25.46,23.581250000000004,54.81818181818182,3.6363636363636362,31.90909090909091,6.559999999999491,6.7272727272727275,870.8181818181819,1.8727272727272726,0.8900000000000001,29.0,20.12688954,False
2022-07-28 06:00:00,19.5,73.11111111111111,82.15384615384616,19.5,61.25,43.416666666666664,43.2,27.330000000000002,23.611111111111107,22.6,23.729999999999997,24.649999999999995,25.625000000000004,23.069999999999997,57.1,26.4,32.7,6.360000000000582,4.05,862.8,1.92,0.8119999999999999,28.933333333333334,29.52935808,False
2022-07-28 06:15:00,0.0,78.5,82.46666666666667,0.0,77.57142857142857,71.92307692307692,29.466666666666665,27.46363636363636,23.230000000000004,22.546666666666663,25.5,24.514285714285712,25.47692307692308,23.433333333333337,54.7,24.3,32.6,8.0,4.65,856.9,1.89,0.828,28.899999999999995,25.99845098,False
2022-07-28 06:30:00,20.846153846153847,71.83333333333333,77.9375,0.0,74.3076923076923,60.5,37.857142857142854,27.01538461538462,23.591666666666665,22.506250000000005,25.86470588235294,24.45384615384615,25.428571428571434,23.32857142857143,52.2,22.8,32.6,6.800000000000182,4.1,870.9,1.8800000000000001,0.817,29.03333333333333,24.11098131,False
2022-07-28 06:45:00,0.0,76.45454545454545,84.07142857142857,0.0,71.07142857142857,67.3076923076923,59.76923076923077,27.358333333333334,23.818181818181817,22.592857142857145,26.0375,24.69285714285714,25.576923076923077,23.36923076923077,58.9,21.6,32.9,6.719999999999345,4.6,870.7,1.9,0.828,29.03333333333333,26.1243629,False
2022-07-28 07:00:00,32.90909090909091,70.11111111111111,102.08333333333333,0.0,89.08333333333333,65.81818181818181,39.0,27.127272727272725,23.955555555555556,22.933333333333326,26.39333333333333,24.708333333333332,25.463636363636365,23.71666666666667,55.4,8.8,32.7,7.720000000000255,8.25,871.5,1.9,0.9410000000000001,29.133333333333336,21.43445376,False
2022-07-28 07:15:00,0.0,72.3,107.41666666666667,27.692307692307693,103.23076923076923,45.083333333333336,0.0,26.990000000000002,24.040000000000003,22.566666666666666,24.861538461538462,24.56153846153846,25.466666666666665,25.4,53.6,16.0,33.1,7.039999999999964,6.0,871.0,1.9099999999999997,0.869,29.3,22.60127588,False
2022-07-28 07:30:00,17.727272727272727,80.0909090909091,71.52941176470588,31.428571428571427,85.4,45.46153846153846,17.727272727272727,27.38181818181818,23.900000000000002,22.6,24.007142857142863,24.53333333333334,25.51538461538462,26.3,54.111111111111114,22.11111111111111,33.0,7.079999999999927,5.722222222222222,869.0,1.911111111111111,0.86,29.46666666666667,27.61581857,False
2022-07-28 07:45:00,0.0,77.91666666666667,121.8,0.0,103.21428571428571,77.11764705882354,0.0,27.55,24.025000000000002,22.64,25.668750000000003,24.428571428571427,25.435294117647054,26.741666666666664,58.77777777777778,15.222222222222221,33.22222222222222,7.800000000000182,5.833333333333333,864.1111111111111,1.9444444444444444,0.8655555555555555,29.666666666666668,24.09573661,False
2022-07-28 08:00:00,42.75,79.77777777777777,104.54545454545455,0.0,105.0,52.583333333333336,29.727272727272727,26.808333333333326,24.18888888888889,22.681818181818183,26.187500000000004,24.59333333333333,25.433333333333337,26.463636363636365,55.8,35.5,34.4,6.600000000000364,5.05,870.8,1.98,0.8430000000000002,29.8,29.586810789999994,False
2022-07-28 08:15:00,40.92857142857143,89.91666666666667,82.58333333333333,16.666666666666668,84.82352941176471,73.5625,74.73333333333333,27.521428571428572,23.766666666666666,22.45833333333334,26.194444444444446,24.717647058823534,25.474999999999994,23.700000000000003,53.8,53.8,35.0,9.039999999999964,3.35,870.9,2.0100000000000002,0.792,30.0,35.01329191999999,False
2022-07-28 08:30:00,0.0,85.0,78.7,45.88235294117647,85.625,50.333333333333336,0.0,26.575,24.160000000000004,22.69,24.28823529411764,24.64375,25.441666666666666,25.26,50.4,43.2,34.7,9.359999999999673,3.15,871.1,2.0200000000000005,0.7849999999999999,30.166666666666668,30.458701930000004,False
2022-07-28 08:45:00,37.07692307692308,79.6,73.8,25.2,97.61538461538461,56.0,0.0,27.23076923076923,24.38,23.03,24.593333333333337,24.73076923076923,25.564285714285713,26.169999999999998,54.44444444444444,35.888888888888886,35.0,7.479999999999563,3.9444444444444446,871.1111111111111,2.022222222222222,0.8099999999999999,30.600000000000005,31.37900042,False
2022-07-28 09:00:00,0.0,80.45454545454545,76.36363636363636,48.23809523809524,65.1,51.714285714285715,102.18181818181819,26.83636363636364,24.65454545454546,23.218181818181815,24.533333333333335,25.200000000000003,25.33571428571429,25.154545454545453,57.55555555555556,40.666666666666664,36.111111111111114,8.200000000000728,5.555555555555555,870.6666666666666,2.088888888888889,0.8555555555555556,30.933333333333337,35.04717574,False
2022-07-28 09:15:00,28.46153846153846,78.46153846153847,73.3076923076923,27.761904761904763,64.33333333333333,34.785714285714285,75.18181818181819,27.22307692307692,24.900000000000002,23.300000000000004,24.404761904761898,25.608333333333338,25.592857142857138,23.75454545454545,48.44444444444444,48.22222222222222,36.666666666666664,9.839999999999236,5.388888888888889,871.0,2.1111111111111116,0.8511111111111112,31.03333333333333,37.96624516000001,False
2022-07-28 09:30:00,0.0,74.8,72.2,43.125,67.0,71.53846153846153,77.7,26.936363636363637,24.86,23.209999999999997,24.349999999999994,25.48,25.33846153846154,23.610000000000003,50.0,51.4,36.3,9.080000000000837,5.65,870.9,2.1000000000000005,0.8549999999999999,31.166666666666668,40.10246603,False
2022-07-28 09:45:00,45.166666666666664,80.0,76.36363636363636,38.8235294117647,67.72727272727273,40.92857142857143,77.33333333333333,27.416666666666668,24.772727272727273,23.045454545454547,24.688235294117646,25.34545454545454,25.471428571428568,23.475000000000005,53.6,54.1,36.8,8.599999999999454,3.7,866.8,2.1100000000000003,0.8039999999999999,31.53333333333333,41.61083506000001,False
2022-07-28 10:00:00,0.0,84.18181818181819,80.0909090909091,38.44444444444444,70.0,64.92307692307692,56.61538461538461,26.845454545454547,24.700000000000003,23.11818181818182,24.399999999999995,25.499999999999996,25.684615384615384,23.261538461538464,52.0,52.333333333333336,36.77777777777778,9.760000000000218,3.611111111111111,871.6666666666666,2.111111111111111,0.7988888888888889,31.999999999999996,40.051322930000005,False
2022-07-28 10:15:00,32.714285714285715,88.36363636363636,85.0,41.1578947368421,71.36363636363636,73.5625,49.07142857142857,27.18571428571428,24.527272727272727,23.063636363636366,24.542105263157893,25.263636363636365,25.318749999999994,23.571428571428573,50.18181818181818,51.36363636363637,37.09090909090909,10.0,4.590909090909091,870.6363636363636,2.145454545454545,0.829090909090909,32.1,38.66699192,False
2022-07-28 10:30:00,0.0,83.83333333333333,80.33333333333333,26.25,70.83333333333333,27.846153846153847,66.42857142857143,26.874999999999996,24.266666666666666,22.71666666666667,24.575,24.84166666666667,25.469230769230776,23.657142857142865,48.5,48.7,37.2,9.760000000000218,4.15,870.5,2.1300000000000003,0.8150000000000001,32.300000000000004,33.63954184,False
2022-07-28 10:45:00,0.0,85.36363636363636,81.54545454545455,43.63636363636363,71.84615384615384,54.5625,109.8125,27.75,24.472727272727276,22.863636363636363,24.545454545454547,24.96153846153846,25.731250000000006,23.375,54.09090909090909,54.72727272727273,37.90909090909091,9.519999999999527,3.6363636363636362,871.1818181818181,2.1727272727272724,0.8009090909090909,32.63333333333333,39.236472320000004,False
2022-07-28 11:00:00,44.07692307692308,87.5,83.3,33.8,71.88888888888889,42.75,43.61538461538461,27.169230769230772,24.709999999999997,23.01,24.506666666666664,25.222222222222225,25.224999999999998,23.353846153846156,54.5,54.2,38.3,9.640000000000327,3.2,871.1,2.21,0.79,32.76666666666667,35.24799908,False
2022-07-28 11:15:00,0.0,82.11111111111111,81.0,30.0,64.63636363636364,27.846153846153847,54.76923076923077,27.09090909090909,23.844444444444445,22.566666666666663,24.42142857142857,24.436363636363637,25.546153846153842,23.461538461538456,48.90909090909091,44.45454545454545,37.27272727272727,10.199999999999818,3.0454545454545454,871.0,2.1272727272727274,0.7863636363636363,33.46666666666667,30.211986060000005,False
2022-07-28 11:30:00,45.166666666666664,69.7,108.41666666666667,34.285714285714285,108.5,70.63636363636364,77.66666666666667,27.308333333333326,24.21,22.733333333333338,24.55714285714286,24.691666666666666,25.545454545454547,23.66666666666666,56.8,40.4,38.1,8.479999999999563,5.6,870.4,2.17,0.8600000000000001,33.86666666666667,32.734867019999996,False
2022-07-28 11:45:00,69.15384615384616,81.88888888888889,84.36363636363636,21.428571428571427,86.78571428571429,64.92307692307692,55.333333333333336,22.846153846153847,24.033333333333335,22.545454545454543,24.535714285714285,24.607142857142858,25.600000000000005,23.51666666666667,60.0,61.0,39.36363636363637,11.400000000000546,2.909090909090909,871.0,2.2636363636363637,0.7790909090909092,33.6,37.04330021,False
2022-07-28 12:00:00,96.64285714285714,75.36363636363636,86.5,43.333333333333336,68.3,74.3076923076923,105.66666666666667,22.70714285714286,24.718181818181815,23.125,24.561111111111114,25.4,25.369230769230764,23.591666666666665,60.3,44.5,39.4,11.840000000000146,6.2,870.7,2.28,0.877,34.233333333333334,29.89889268,False
2022-07-28 12:15:00,71.53333333333333,68.53846153846153,66.23076923076923,41.21052631578947,60.76923076923077,62.5,70.78571428571429,22.779999999999994,24.94615384615384,23.692307692307693,24.58421052631579,25.7076923076923,25.471428571428564,23.400000000000002,60.45454545454545,15.272727272727273,39.18181818181818,9.079999999999927,7.409090909090909,871.1818181818181,2.227272727272727,0.9081818181818182,34.46666666666667,19.29120164,False
2022-07-28 12:30:00,27.846153846153847,76.16666666666667,71.66666666666667,46.36363636363637,63.30769230769231,34.857142857142854,26.071428571428573,23.492307692307698,24.85833333333333,23.61666666666667,24.41363636363636,25.54615384615385,25.407142857142855,23.77142857142857,60.3,26.7,38.8,8.319999999999709,5.75,870.8,2.2199999999999998,0.86,34.43333333333333,28.764037289999997,False
2022-07-28 12:45:00,23.23076923076923,77.75,75.08333333333333,36.0,66.63636363636364,71.92307692307692,0.0,23.838461538461537,24.500000000000004,23.24166666666667,24.62666666666667,25.345454545454547,25.45384615384615,25.227272727272727,66.0909090909091,15.818181818181818,38.54545454545455,8.520000000000437,6.136363636363637,871.0909090909091,2.2181818181818183,0.8718181818181818,34.36666666666667,24.43140975,False
2022-07-28 13:00:00,0.0,79.9090909090909,76.63636363636364,21.428571428571427,69.0,51.714285714285715,0.0,25.47,24.10909090909091,22.627272727272725,24.614285714285707,24.849999999999994,25.55,26.066666666666666,47.9,35.7,38.6,8.359999999999673,4.7,871.1,2.1999999999999997,0.8320000000000001,35.00000000000001,32.3755436,False
2022-07-28 13:15:00,0.0,78.88888888888889,67.0,25.714285714285715,66.6,43.81818181818182,0.0,26.619999999999994,23.833333333333332,22.48181818181818,24.650000000000002,24.74,25.55454545454545,26.611111111111107,45.0,37.111111111111114,39.111111111111114,8.720000000000255,4.555555555555555,871.2222222222222,2.211111111111111,0.8266666666666665,35.4,32.18170912,False
2022-07-28 13:30:00,16.25,75.07692307692308,119.38461538461539,22.2,66.27272727272727,42.84615384615385,22.5,27.45833333333334,24.392307692307693,22.738461538461536,24.166666666666668,25.05454545454545,25.515384615384615,27.264285714285712,64.54545454545455,24.0,39.27272727272727,7.880000000000109,4.818181818181818,871.0,2.2363636363636363,0.8327272727272729,35.86666666666667,29.63226804,False
2022-07-28 13:45:00,0.0,78.41666666666667,97.2,0.0,87.57142857142857,60.30769230769231,63.5,27.316666666666666,24.025000000000002,22.666666666666668,25.084615384615386,24.828571428571426,25.484615384615388,26.78571428571428,58.9,51.4,41.0,9.799999999999272,2.75,870.8,2.33,0.776,35.93333333333333,32.8332359,False
2022-07-28 14:00:00,0.0,84.38461538461539,97.8125,0.0,89.375,68.4,103.8,26.575,24.0,22.73125,25.99444444444445,24.76875,25.459999999999997,22.833333333333332,64.9,56.4,41.5,12.320000000000618,2.9,868.8,2.4,0.7809999999999999,36.166666666666664,37.004832539999995,False
2022-07-28 14:15:00,0.0,77.6,91.76923076923077,28.933333333333334,75.63636363636364,52.75,107.84615384615384,26.372727272727275,24.05,22.699999999999996,24.94,24.572727272727274,25.5,22.684615384615384,61.3,61.3,41.8,12.479999999999563,3.45,871.3,2.39,0.7949999999999999,36.36666666666667,35.684150110000004,False
2022-07-28 14:30:00,0.0,80.16666666666667,108.625,31.11111111111111,65.66666666666667,55.69230769230769,51.06666666666667,26.674999999999994,24.224999999999998,22.55,24.66111111111111,24.958333333333332,25.492307692307694,22.73333333333333,51.54545454545455,52.09090909090909,40.90909090909091,10.0,3.227272727272727,871.0909090909091,2.3636363636363633,0.7890909090909091,36.699999999999996,30.94488897,False
2022-07-28 14:45:00,0.0,80.7,95.84615384615384,25.2,62.63636363636363,56.8,27.846153846153847,27.10909090909091,24.200000000000003,22.576923076923077,24.526666666666664,25.145454545454548,25.599999999999998,24.246153846153845,51.1,51.4,40.8,10.320000000000618,2.55,871.6,2.36,0.7709999999999999,36.733333333333334,28.452176060000003,False
2022-07-28 15:00:00,0.0,81.58333333333333,90.07692307692308,42.31578947368421,68.54545454545455,51.07692307692308,62.5,27.509090909090904,24.308333333333337,22.49230769230769,24.4,25.127272727272725,25.45384615384615,24.421428571428574,52.09090909090909,51.90909090909091,41.27272727272727,10.719999999999345,3.272727272727273,871.2727272727273,2.3636363636363638,0.788181818181818,36.666666666666664,33.30891635,False
2022-07-28 15:15:00,0.0,77.66666666666667,73.33333333333333,24.705882352941178,63.69230769230769,27.583333333333332,49.5,27.933333333333337,24.266666666666666,22.524999999999995,24.635294117647064,25.046153846153842,25.433333333333337,24.89285714285714,50.2,50.3,41.6,9.680000000000291,3.45,871.0,2.3999999999999995,0.793,36.733333333333334,37.51842585,False
2022-07-28 15:30:00,0.0,76.9,71.3,40.0,64.5,71.07142857142857,66.23076923076923,28.227272727272727,24.330000000000002,22.66,24.43888888888889,25.23,25.514285714285716,24.284615384615385,54.27272727272727,54.90909090909091,42.36363636363637,10.479999999999563,3.590909090909091,870.7272727272727,2.445454545454545,0.7963636363636364,37.06666666666667,39.590599839999996,False
2022-07-28 15:45:00,0.0,76.18181818181819,64.84615384615384,14.533333333333333,66.0909090909091,58.5,48.69230769230769,28.549999999999997,24.099999999999998,22.47692307692308,24.493333333333332,24.89090909090909,25.33333333333333,24.284615384615385,50.9,50.8,41.7,9.920000000000073,2.25,870.9,2.4099999999999997,0.76,37.1,37.011500240000004,False
2022-07-28 16:00:00,0.0,80.5,103.18181818181819,32.875,64.63636363636364,30.333333333333332,30.166666666666668,28.810000000000002,24.049999999999997,22.600000000000005,24.531249999999996,24.94545454545454,25.683333333333334,25.28333333333333,48.0,48.54545454545455,41.36363636363637,9.840000000000146,3.0,871.0909090909091,2.3818181818181814,0.781818181818182,37.099999999999994,30.90795281,False
2022-07-28 16:15:00,0.0,76.54545454545455,59.76923076923077,28.0,62.7,67.76923076923077,47.75,29.059999999999995,24.027272727272727,22.50769230769231,24.66428571428571,25.12,25.56923076923077,25.183333333333334,49.44444444444444,50.77777777777778,41.55555555555556,10.520000000000437,3.5555555555555554,871.0,2.3888888888888884,0.7966666666666667,37.26666666666667,34.70788414,False
2022-07-28 16:30:00,0.0,78.54545454545455,100.35714285714286,24.5,67.0,55.69230769230769,27.846153846153847,29.310000000000002,24.236363636363638,22.457142857142856,24.58888888888889,25.11818181818182,25.353846153846153,25.338461538461537,53.8,47.5,41.6,10.039999999999964,2.95,870.9,2.3899999999999997,0.7819999999999999,37.5,30.79178447,False
2022-07-28 16:45:00,0.0,78.0909090909091,108.125,24.705882352941178,66.36363636363636,37.07692307692308,35.166666666666664,29.490909090909096,23.972727272727273,22.612499999999997,24.441176470588236,24.872727272727275,25.46923076923077,25.308333333333334,54.1,39.9,41.1,9.88000000000011,2.6,870.5,2.35,0.772,37.300000000000004,28.55922878,False
2022-07-28 17:00:00,43.0,78.83333333333333,123.0,26.25,69.0,50.2,41.69230769230769,29.18571428571428,24.141666666666666,22.575,24.45,24.936363636363637,25.433333333333334,25.46153846153846,53.3,54.2,41.9,11.4399999999996,3.85,870.7,2.42,0.8049999999999999,37.166666666666664,29.99992723,False
2022-07-28 17:15:00,66.6,76.5,124.71428571428571,30.0,65.54545454545455,77.0,21.571428571428573,25.553333333333335,24.13333333333333,22.72142857142857,24.371428571428574,25.05454545454546,25.442857142857143,25.32857142857143,55.55555555555556,56.333333333333336,41.888888888888886,11.640000000000327,3.8333333333333335,871.3333333333334,2.411111111111111,0.8033333333333332,37.4,30.33323641,False
2022-07-28 17:30:00,17.142857142857142,81.16666666666667,80.70588235294117,7.25,65.9090909090909,33.875,24.133333333333333,25.735714285714284,23.858333333333338,22.47647058823529,24.468750000000007,24.963636363636365,25.574999999999996,25.32,50.63636363636363,50.54545454545455,41.09090909090909,10.4399999999996,1.1363636363636365,870.7272727272727,2.372727272727273,0.7327272727272728,37.1,27.629775939999995,False
2022-07-28 17:45:00,0.0,81.57142857142857,99.4375,3.75,65.9090909090909,47.357142857142854,48.86666666666667,26.34166666666667,23.857142857142858,22.7375,26.156250000000004,24.836363636363636,25.564285714285713,25.533333333333335,51.9,51.5,41.0,10.239999999999782,1.5,871.0,2.3600000000000003,0.7369999999999999,36.86666666666667,30.40754133,False
2022-07-28 18:00:00,,,,,,,,,,,,,,,,,,10.039999999999964,,,,,36.833333333333336,,False
2022-07-28 18:15:00,0.0,29.571428571428573,0.0,0.0,64.33333333333333,21.571428571428573,0.0,27.314285714285717,24.242857142857144,22.571428571428573,25.9125,25.03333333333333,24.914285714285715,26.722222222222218,16.571428571428573,0.0,37.142857142857146,9.800000000000182,13.928571428571429,746.7142857142857,2.142857142857143,1.1228571428571428,36.53333333333333,6.593873904,False
2022-07-28 18:30:00,0.0,0.0,0.0,0.0,0.0,0.0,0.0,27.618181818181814,25.263636363636365,24.545454545454547,27.169999999999998,26.190909090909088,25.527272727272727,27.66666666666667,0.0,0.0,35.0,4.239999999999782,20.363636363636363,0.0,2.0,1.3618181818181816,36.199999999999996,0.0,False
2022-07-29 00:00:00,112.6875,105.47058823529412,112.70588235294117,97.9375,93.5,96.94444444444444,108.94444444444444,29.3625,28.58823529411765,28.78235294117647,27.681250000000002,29.349999999999998,29.872222222222224,29.311111111111114,66.375,45.125,37.25,0.5200000000004366,13.625,705.75,2.125,1.1425,31.53333333333333,52.51124267,False
2022-07-29 00:15:00,63.90909090909091,99.66666666666667,93.33333333333333,50.89473684210526,79.6,93.6,47.0,25.16363636363636,24.86666666666667,23.955555555555552,24.27894736842105,25.71,25.98,25.645454545454548,82.0,81.25,38.625,16.0,0.625,870.5,2.2375,0.71625,31.366666666666664,50.00046827,False
2022-07-29 00:30:00,19.181818181818183,86.66666666666667,83.11111111111111,39.8235294117647,71.6,65.42857142857143,46.84615384615385,25.036363636363635,24.355555555555554,22.944444444444446,24.505882352941175,25.14,25.550000000000004,25.353846153846153,54.125,53.875,36.5,13.239999999999782,3.5,870.875,2.0625,0.8,31.166666666666668,39.780557529999996,False
2022-07-29 00:45:00,30.076923076923077,76.63636363636364,77.36363636363636,55.5,65.41666666666667,92.64285714285714,47.75,25.54615384615385,24.65454545454546,23.118181818181817,24.444444444444443,25.29166666666666,25.45714285714286,25.350000000000005,63.625,31.25,35.75,8.88000000000011,6.3125,871.0,2.05,0.8787499999999999,31.03333333333333,38.489767889999996,False
2022-07-29 01:00:00,39.46153846153846,82.63636363636364,80.18181818181819,24.0,70.27272727272727,52.75,33.5,25.299999999999997,24.136363636363637,22.90909090909091,24.466666666666665,24.990909090909096,25.49166666666667,25.266666666666662,44.2,44.6,35.4,8.520000000000437,5.55,870.9,2.05,0.8539999999999999,30.900000000000002,34.8979107,False
2022-07-29 01:15:00,32.8,84.36363636363636,84.27272727272727,42.75,70.66666666666667,95.15384615384616,12.0,25.19,24.145454545454548,22.618181818181817,24.666666666666668,24.744444444444444,25.415384615384617,25.33,43.875,44.5,35.375,8.599999999999454,5.5625,871.25,2.0125,0.85375,30.8,34.49071921,False
2022-07-29 01:30:00,52.75,80.88888888888889,83.63636363636364,46.30769230769231,66.0,39.46153846153846,27.454545454545453,25.674999999999997,24.0,22.77272727272727,24.63076923076923,24.5875,25.37692307692308,24.90909090909091,54.75,31.875,34.75,8.0,5.1875,870.625,2.0,0.8462500000000001,30.7,32.812773050000004,False
2022-07-29 01:45:00,16.23076923076923,81.66666666666667,85.76923076923077,24.636363636363637,69.11111111111111,67.3076923076923,52.09090909090909,25.515384615384615,23.98888888888889,22.6,24.636363636363637,24.57777777777778,25.584615384615383,25.218181818181815,52.45454545454545,39.27272727272727,35.09090909090909,8.279999999999745,4.636363636363637,870.9090909090909,2.0181818181818176,0.8300000000000001,30.666666666666668,30.400295210000003,False
2022-07-29 02:00:00,56.625,74.0909090909091,105.07692307692308,39.5,69.92307692307692,79.14285714285714,32.46153846153846,25.4125,24.172727272727276,22.89230769230769,24.518750000000004,24.569230769230764,25.53571428571428,25.207692307692305,64.33333333333333,15.666666666666666,34.666666666666664,7.520000000000437,6.75,871.5,2.0,0.8883333333333333,30.600000000000005,27.1469933,False
2022-07-29 02:15:00,56.833333333333336,75.1,86.84615384615384,13.0,93.93333333333334,53.583333333333336,16.181818181818183,25.433333333333334,23.93,22.669230769230772,24.18,24.65333333333333,25.349999999999998,25.254545454545454,67.44444444444444,44.333333333333336,35.55555555555556,7.880000000000109,3.0,871.2222222222222,2.0555555555555554,0.7844444444444443,30.5,35.4380656,False
2022-07-29 02:30:00,25.857142857142858,76.16666666666667,86.4375,0.0,94.53846153846153,55.69230769230769,41.75,25.357142857142854,23.633333333333326,22.6125,25.66111111111111,24.569230769230764,25.39230769230769,24.891666666666662,56.6,24.1,34.2,8.519999999999527,5.85,870.9,1.97,0.867,30.5,26.823019480000003,False
2022-07-29 02:45:00,22.583333333333332,76.27272727272727,,0.0,98.0,,28.133333333333333,25.375,23.981818181818184,,25.93684210526316,24.47647058823529,,25.259999999999998,55.5,19.6,33.9,7.280000000000655,5.85,870.9,1.97,0.867,30.5,,False
2022-07-29 03:00:00,35.166666666666664,78.54545454545455,,0.0,108.28571428571429,,53.416666666666664,25.141666666666666,23.799999999999997,,26.182352941176475,24.464285714285715,,25.299999999999997,58.55555555555556,29.11111111111111,34.44444444444444,7.960000000000036,4.888888888888889,870.6666666666666,1.9888888888888887,0.8366666666666666,30.399999999999995,,False
2022-07-29 03:15:00,46.63636363636363,75.77777777777777,,0.0,97.625,,34.76923076923077,25.145454545454548,23.644444444444442,,26.352941176470587,24.6,,25.42307692307692,53.75,32.0,34.625,8.0,5.0625,871.0,2.0125,0.8400000000000001,30.399999999999995,,False
2022-07-29 03:30:00,60.333333333333336,80.2,,15.055555555555555,80.23076923076923,,10.909090909090908,25.349999999999998,23.72,,26.24444444444445,24.638461538461538,,25.218181818181815,57.22222222222222,17.77777777777778,33.888888888888886,7.279999999999745,4.5,871.1111111111111,1.9444444444444444,0.8255555555555556,30.266666666666666,,False
2022-07-29 03:45:00,46.888888888888886,77.8,,36.23076923076923,95.61538461538461,,48.583333333333336,25.4,23.659999999999997,,24.215384615384615,24.515384615384615,,25.11666666666667,45.714285714285715,30.571428571428573,34.0,7.519999999999527,5.857142857142857,871.0,1.9571428571428573,0.87,30.100000000000005,,False
2022-07-29 04:00:00,21.1,74.36363636363636,,6.5,86.46153846153847,,37.38461538461539,25.220000000000002,23.818181818181817,,24.470000000000002,24.584615384615386,,25.599999999999998,52.875,25.75,33.875,7.080000000000837,4.6875,870.625,1.95,0.835,30.066666666666666,,False
2022-07-29 04:15:00,30.166666666666668,72.41666666666667,,0.0,74.25,,12.583333333333334,24.833333333333332,23.849999999999998,,25.86666666666667,24.687499999999996,,25.016666666666666,54.27272727272727,22.09090909090909,33.63636363636363,8.11999999999989,5.7727272727272725,870.9090909090909,1.9545454545454546,0.8654545454545456,30.0,,False
2022-07-29 04:30:00,35.166666666666664,74.41666666666667,,0.0,82.16666666666667,,32.46153846153846,25.333333333333332,23.96666666666667,,26.052631578947366,24.57222222222222,,25.13076923076923,58.625,16.375,33.75,6.199999999999818,6.0625,871.25,1.925,0.8724999999999999,29.933333333333334,,False
2022-07-29 04:45:00,36.2,73.33333333333333,,0.0,98.2,,37.07692307692308,25.340000000000003,23.8,,26.37777777777778,24.42666666666667,,25.26153846153846,55.57142857142857,34.57142857142857,34.0,7.599999999999454,5.071428571428571,870.7142857142857,1.9714285714285715,0.8457142857142858,29.899999999999995,,False
2022-07-29 05:00:00,45.25,79.0,,0.0,60.333333333333336,,38.36363636363637,25.5875,23.66,,26.4625,24.641666666666666,,25.390909090909087,58.166666666666664,25.5,33.5,6.920000000000073,2.9166666666666665,870.5,1.95,0.7866666666666667,29.899999999999995,,False
2022-07-29 05:15:00,38.44444444444444,78.0,,19.6875,92.42857142857143,,19.5,25.033333333333335,23.65555555555555,,25.862499999999997,24.492857142857144,,24.919999999999998,61.5,32.0,34.125,7.280000000000655,3.9375,871.125,1.9874999999999998,0.80875,29.8,,False
2022-07-29 05:30:00,50.18181818181818,79.0909090909091,,13.0,74.46666666666667,,15.833333333333334,25.518181818181816,23.609090909090913,,24.270000000000003,24.5,,25.48333333333333,62.375,23.125,34.125,7.719999999999345,5.75,870.875,1.9500000000000002,0.8600000000000001,29.7,,False
2022-07-29 05:45:00,5.454545454545454,79.1,,10.909090909090908,92.53333333333333,,32.46153846153846,25.154545454545453,23.759999999999998,,24.709090909090904,24.393333333333327,,24.992307692307694,56.22222222222222,36.888888888888886,34.0,7.0,3.111111111111111,871.3333333333334,1.9777777777777779,0.7877777777777778,29.600000000000005,,False
2022-07-29 06:00:00,36.2,84.5,,15.0,69.28571428571429,,37.07692307692308,24.94,23.31,,24.34166666666667,24.499999999999996,,25.215384615384615,56.44444444444444,38.0,33.888888888888886,7.760000000000218,3.111111111111111,868.8888888888889,1.9555555555555557,0.7855555555555556,29.600000000000005,,False
2022-07-29 06:15:00,63.666666666666664,78.54545454545455,,23.285714285714285,81.85714285714286,,30.142857142857142,25.111111111111114,23.38181818181818,,24.42142857142857,24.521428571428576,,25.349999999999998,53.5,7.5,32.75,7.0,5.6875,871.0,1.8875000000000002,0.86,29.633333333333336,,False
2022-07-29 06:30:00,23.444444444444443,79.83333333333333,,13.846153846153847,72.4,,12.583333333333334,25.27777777777778,23.366666666666664,,24.36923076923077,24.599999999999998,,24.733333333333334,62.0,0.0,32.8,6.8400000000001455,3.3,871.4,1.9,0.796,29.633333333333336,,False
2022-07-29 06:45:00,39.27272727272727,76.45454545454545,,35.357142857142854,82.57142857142857,,49.46153846153846,25.0,23.58181818181818,,24.33571428571429,24.49285714285714,,25.23846153846154,59.875,13.0,33.125,7.600000000000364,4.0,870.875,1.9375,0.8162499999999999,29.733333333333334,,False
2022-07-29 07:00:00,17.272727272727273,83.33333333333333,,11.818181818181818,64.93333333333334,,11.818181818181818,25.49090909090909,23.325000000000003,,24.690909090909088,24.546666666666667,,25.0,53.875,18.75,33.25,7.519999999999527,2.6875,868.375,1.925,0.7799999999999999,29.96666666666667,,False
2022-07-29 07:15:00,41.69230769230769,86.3,,0.0,57.75,,25.46153846153846,24.72307692307692,23.4,,25.26,24.558333333333334,,26.16153846153846,58.333333333333336,21.77777777777778,33.77777777777778,7.399999999999636,3.0555555555555554,863.8888888888889,1.9444444444444444,0.7855555555555556,30.066666666666666,,False
2022-07-29 07:30:00,0.0,83.33333333333333,,0.0,74.33333333333333,,0.0,25.39090909090909,23.033333333333335,,24.891666666666666,24.513333333333332,,27.68,56.4,27.3,33.7,7.280000000000655,3.05,869.2,1.94,0.7789999999999999,30.566666666666666,,False
2022-07-29 07:45:00,0.0,82.9090909090909,,0.0,66.78571428571429,,0.0,25.799999999999997,22.94545454545455,,25.240000000000002,24.492857142857144,,28.089999999999996,67.25,15.25,34.25,7.039999999999964,2.625,854.75,1.9499999999999997,0.77,30.46666666666667,,False
2022-07-29 08:00:00,0.0,75.8,,0.0,48.69230769230769,,0.0,26.422222222222217,23.289999999999996,,25.34545454545454,24.61538461538462,,28.42222222222222,56.0,12.25,33.375,6.960000000000036,3.375,840.5,1.9375000000000002,0.7937500000000001,30.53333333333333,,False
2022-07-29 08:15:00,24.375,81.9090909090909,,8.666666666666666,59.142857142857146,,10.833333333333334,26.8625,23.44545454545455,,25.493333333333332,24.514285714285716,,28.825000000000003,55.57142857142857,20.428571428571427,34.0,6.279999999999745,4.928571428571429,830.1428571428571,1.9714285714285713,0.8428571428571429,31.066666666666666,,False
2022-07-29 08:30:00,45.166666666666664,66.81818181818181,,0.0,84.85714285714286,,0.0,26.541666666666668,24.027272727272724,,25.831250000000004,24.62857142857143,,28.9,64.33333333333333,14.0,34.666666666666664,6.880000000000109,5.5,870.6666666666666,2.011111111111111,0.8599999999999999,31.233333333333334,,False
2022-07-29 08:45:00,78.6,77.72727272727273,,0.0,106.6,,51.714285714285715,24.700000000000003,23.818181818181824,,26.127777777777776,24.333333333333336,,27.364285714285717,73.33333333333333,20.166666666666668,35.833333333333336,7.880000000000109,4.75,871.1666666666666,2.0666666666666664,0.8333333333333334,31.35,,False
2022-07-29 09:00:00,71.22222222222223,76.66666666666667,,23.076923076923077,84.23076923076923,,60.333333333333336,23.344444444444445,23.45,,25.030769230769234,24.476923076923075,,25.200000000000003,54.833333333333336,33.333333333333336,35.833333333333336,8.039999999999964,3.25,871.0,2.05,0.7866666666666666,31.7,,False
2022-07-29 11:45:00,74.13333333333334,0.0,,0.0,0.0,,86.28571428571429,23.386666666666667,29.300000000000008,,29.5,29.383333333333336,,23.442857142857143,40.125,13.75,37.375,5.240000000000691,5.0,762.25,2.125,0.8487500000000001,35.833333333333336,,False
2022-07-29 12:00:00,10.0,0.0,,0.0,0.0,,87.72727272727273,24.48333333333333,29.300000000000008,,29.55454545454546,29.325000000000003,,22.85454545454545,28.714285714285715,0.0,35.57142857142857,4.599999999999454,10.857142857142858,498.0,2.042857142857143,1.0314285714285714,35.23333333333333,,False
2022-07-29 12:15:00,50.333333333333336,13.0,,13.0,11.818181818181818,,59.785714285714285,25.241666666666664,29.35,,29.740000000000002,29.40909090909091,,23.071428571428566,41.22222222222222,13.333333333333334,37.55555555555556,3.4400000000005093,6.611111111111111,670.4444444444445,2.1666666666666665,0.9011111111111111,35.26666666666667,,False
2022-07-29 12:30:00,95.92307692307692,6.5,,0.0,0.0,,0.0,22.869230769230775,29.259999999999998,,29.622222222222224,29.400000000000002,,25.56666666666667,42.5,5.8,37.9,5.799999999999272,2.8,735.9,2.17,0.7849999999999999,35.6,,False
2022-07-29 12:45:00,69.6923076923077,0.0,,0.0,0.0,,0.0,23.94615384615384,28.52,,29.000000000000007,28.79,,25.389999999999997,4.6,0.0,33.3,2.0399999999999636,19.1,84.9,1.9600000000000002,1.3160000000000003,36.03333333333333,,False
2022-07-29 13:15:00,69.6923076923077,0.0,,0.0,0.0,,0.0,26.43846153846154,28.833333333333332,,29.172727272727272,28.772727272727273,,27.458333333333332,9.333333333333334,0.0,32.55555555555556,0.03999999999996362,19.77777777777778,287.77777777777777,1.911111111111111,1.3555555555555558,36.5,,False
2022-07-29 13:30:00,92.92307692307692,0.0,,0.0,0.0,,0.0,25.0,28.754545454545454,,29.218181818181815,28.763636363636362,,27.679999999999996,19.428571428571427,0.0,37.42857142857143,2.240000000000691,13.714285714285714,613.4285714285714,2.1714285714285713,1.1257142857142857,36.733333333333334,,False
2022-07-29 13:45:00,55.69230769230769,0.0,,0.0,0.0,,76.15384615384616,24.415384615384617,28.699999999999992,,29.300000000000008,28.699999999999996,,25.661538461538466,23.88888888888889,0.0,37.888888888888886,3.319999999999709,13.666666666666666,539.4444444444445,2.1666666666666665,1.1277777777777778,36.93333333333333,,False
2022-07-29 14:00:00,72.91666666666667,0.0,,0.0,0.0,,60.4,24.483333333333334,28.8,,29.41818181818182,28.745454545454546,,24.65333333333334,45.25,0.0,38.625,4.279999999999745,8.5625,628.375,2.2125,0.97125,37.03333333333334,,False
2022-07-29 14:15:00,76.57142857142857,0.0,,0.0,0.0,,0.0,24.63571428571428,28.990000000000002,,29.669999999999998,29.02,,26.627272727272725,24.25,0.0,37.375,2.7200000000002547,12.375,503.5,2.1625,1.09375,37.4,,False
2022-07-29 14:30:00,92.81818181818181,104.54545454545455,,101.9090909090909,102.72727272727273,,111.25,25.154545454545453,28.15454545454546,,27.436363636363634,28.345454545454547,,26.966666666666665,42.875,17.75,39.875,2.4399999999996,16.0,435.75,2.3,1.2075,37.53333333333334,,False
2022-07-29 14:45:00,94.38461538461539,94.54545454545455,,100.82352941176471,78.5,,121.0909090909091,22.60769230769231,23.918181818181814,,21.947058823529414,24.799999999999994,,23.58181818181818,108.44444444444444,108.55555555555556,47.22222222222222,13.200000000000728,2.1666666666666665,870.7777777777778,2.766666666666667,0.7577777777777778,37.13333333333333,,False
2022-07-29 15:00:00,0.0,88.27272727272727,,74.85,74.0909090909091,,95.3076923076923,22.050000000000004,22.727272727272723,,21.565,23.7,,21.592307692307696,81.25,81.375,44.5,23.920000000000073,2.125,871.25,2.575,0.7562500000000001,37.266666666666666,,False
2022-07-29 15:15:00,0.0,88.5,,88.72222222222223,74.83333333333333,,84.3125,22.93333333333333,22.88333333333333,,21.605555555555554,23.73333333333333,,21.55625,72.55555555555556,73.22222222222223,43.888888888888886,17.0,2.9444444444444446,871.1111111111111,2.5444444444444443,0.7822222222222224,37.36666666666667,,False
2022-07-29 15:30:00,0.0,83.66666666666667,,75.88888888888889,70.0,,88.92857142857143,23.59,22.67777777777778,,21.466666666666665,23.58888888888889,,21.57857142857143,64.25,64.875,43.25,15.159999999999854,3.6875,870.75,2.5250000000000004,0.80375,37.53333333333333,,False
2022-07-29 15:45:00,0.0,82.0,,93.3529411764706,68.6923076923077,,51.714285714285715,24.336363636363636,22.71818181818182,,21.49411764705883,23.76153846153846,,21.549999999999994,62.57142857142857,62.714285714285715,43.142857142857146,12.359999999999673,3.9285714285714284,871.0,2.5,0.8085714285714285,37.53333333333333,,False
2022-07-29 16:00:00,0.0,82.0,,93.94117647058823,67.4,,85.92307692307692,25.022222222222222,22.31111111111111,,21.464705882352945,23.43,,21.43846153846154,58.75,59.0,43.25,13.159999999999854,3.6875,870.875,2.4749999999999996,0.8025,37.849999999999994,,False
2022-07-29 16:15:00,0.0,74.18181818181819,105.0,103.375,62.7,0.0,48.642857142857146,25.60833333333333,22.92727272727273,21.549999999999997,21.55,23.96,21.55,21.657142857142855,60.75,47.75,42.5,11.720000000000255,5.375,870.875,2.4499999999999997,0.8487499999999999,37.66666666666667,29.28881773,False
2022-07-29 16:30:00,0.0,82.27272727272727,84.07142857142857,72.45,71.2,0.0,75.375,26.18,22.58181818181818,21.349999999999998,21.455000000000005,23.680000000000003,22.216666666666665,21.525000000000002,58.44444444444444,58.666666666666664,42.44444444444444,9.800000000000182,2.0555555555555554,870.8888888888889,2.433333333333333,0.7566666666666666,37.699999999999996,27.754567539999996,False
2022-07-29 16:45:00,0.0,78.9090909090909,94.71428571428571,99.36842105263158,66.7,0.0,67.3076923076923,26.65454545454545,22.563636363636363,21.8,21.578947368421055,23.67,23.227272727272727,21.353846153846145,55.8,48.7,41.6,11.11999999999989,4.85,870.9,2.4099999999999997,0.8319999999999999,37.266666666666666,32.032038930000006,False
2022-07-29 17:00:00,0.0,76.54545454545455,91.71428571428571,72.94736842105263,66.36363636363636,0.0,45.166666666666664,27.0,22.8,21.45714285714286,21.615789473684213,23.736363636363635,23.863636363636363,21.558333333333334,53.6,29.7,40.8,9.399999999999636,4.7,870.7,2.35,0.833,37.16666666666667,25.223223009999998,False
2022-07-29 17:15:00,0.0,78.54545454545455,100.53333333333333,86.13636363636364,62.76923076923077,0.0,56.06666666666667,27.39166666666667,22.454545454545453,21.56,21.59545454545454,23.653846153846153,24.675,21.580000000000002,60.1,35.4,41.1,9.960000000000036,3.45,870.9,2.36,0.7990000000000002,37.1,26.23986522,False
2022-07-29 17:30:00,0.0,81.7,111.06666666666666,74.89473684210526,65.5,0.0,55.333333333333336,27.727272727272734,22.279999999999998,21.493333333333336,21.531578947368423,23.390000000000004,25.444444444444443,21.583333333333332,47.0,47.666666666666664,41.0,9.760000000000218,2.8333333333333335,871.4444444444445,2.3222222222222224,0.7788888888888889,36.93333333333333,25.21308136,False
2022-07-29 17:45:00,0.0,80.18181818181819,106.6,88.95,67.0,0.0,68.85714285714286,27.99166666666667,22.400000000000002,21.613333333333333,21.465,23.33636363636363,26.063636363636363,21.62857142857143,54.36363636363637,39.09090909090909,40.54545454545455,9.960000000000036,4.545454545454546,870.7272727272727,2.3545454545454545,0.8254545454545454,36.8,26.12723585,False
2022-07-29 18:00:00,0.0,74.11111111111111,92.54545454545455,72.2,63.77777777777778,0.0,52.09090909090909,28.15555555555555,22.266666666666666,21.518181818181816,21.575000000000003,23.366666666666667,26.65555555555555,21.400000000000002,57.22222222222222,34.666666666666664,40.666666666666664,9.640000000000327,4.166666666666667,870.4444444444445,2.3444444444444446,0.8188888888888888,36.8,25.96654867,False
2022-07-29 18:15:00,0.0,77.45454545454545,99.0,82.18181818181819,64.9090909090909,0.0,50.333333333333336,28.40909090909091,22.336363636363636,21.586666666666666,21.504545454545454,23.509090909090904,27.16666666666666,21.533333333333328,60.5,18.1,39.9,9.199999999999818,6.05,870.7,2.3200000000000003,0.873,36.733333333333334,23.71411128,False
2022-07-29 18:30:00,0.0,79.33333333333333,66.78571428571429,77.73684210526316,66.8,0.0,0.0,28.611111111111104,21.95555555555556,21.47857142857143,21.452631578947365,23.069999999999997,27.6375,23.233333333333334,63.22222222222222,20.444444444444443,39.666666666666664,9.239999999999782,4.5,871.1111111111111,2.3111111111111113,0.8233333333333333,36.5,24.88917683,False
2022-07-29 18:45:00,0.0,79.33333333333333,72.375,67.13636363636364,68.53846153846153,0.0,0.0,28.74166666666667,21.96666666666667,21.581249999999997,21.486363636363635,23.046153846153842,28.007692307692313,24.733333333333334,57.81818181818182,26.272727272727273,39.72727272727273,8.600000000000364,3.9545454545454546,871.0909090909091,2.272727272727273,0.81,36.233333333333334,26.26654234,False
2022-07-29 19:00:00,58.07692307692308,14.6,30.2,0.0,17.4,0.0,0.0,28.33846153846154,23.92,23.03,23.527272727272727,24.7,28.254545454545454,26.400000000000002,21.22222222222222,0.0,34.77777777777778,6.239999999999782,14.11111111111111,387.22222222222223,2.0,1.1600000000000001,35.0,8.955342075,False
2022-07-29 19:15:00,136.33333333333334,13.0,13.0,11.818181818181818,11.818181818181818,10.833333333333334,10.833333333333334,23.141666666666662,25.26,25.110000000000003,25.490909090909096,26.018181818181812,28.491666666666664,27.900000000000002,57.54545454545455,16.727272727272727,36.63636363636363,4.119999999999891,0.13636363636363635,870.9090909090909,2.1,0.7009090909090909,34.43333333333334,22.131790730000002,False
2022-07-29 19:30:00,81.3076923076923,0.0,0.0,0.0,0.0,0.0,0.0,22.523076923076925,25.309090909090912,25.136363636363637,25.810000000000002,26.333333333333336,27.744444444444444,27.655555555555555,13.555555555555555,0.0,32.666666666666664,5.239999999999782,11.055555555555555,470.44444444444446,1.9000000000000001,1.0266666666666664,33.73333333333333,4.775019485,False
2022-07-29 19:45:00,13.727272727272727,0.0,0.0,0.0,0.0,0.0,0.0,25.2,25.129999999999995,25.109999999999996,25.90909090909091,26.358333333333334,27.399999999999995,27.40833333333333,4.8,0.0,31.8,1.360000000000582,16.8,87.1,1.8400000000000003,1.2349999999999999,33.5,1.831190153,False
2022-07-29 20:00:00,50.333333333333336,0.0,0.0,0.0,0.0,0.0,0.0,25.291666666666668,25.470000000000002,25.519999999999996,26.149999999999995,26.63636363636363,27.189999999999998,27.309999999999995,4.888888888888889,0.0,31.11111111111111,1.4399999999995998,17.11111111111111,186.77777777777777,1.8222222222222224,1.241111111111111,33.46666666666667,2.053877904,False
2022-07-29 20:15:00,88.08333333333333,0.0,0.0,0.0,0.0,0.0,0.0,25.424999999999997,26.14545454545454,26.045454545454547,26.581818181818175,26.927272727272733,27.063636363636363,27.199999999999992,11.8,0.0,32.9,1.3599999999996726,15.25,232.3,1.9000000000000004,1.187,33.666666666666664,4.970035729,False
2022-07-29 20:30:00,,,,,,,,,,,,,,,,,,0.8400000000001455,,,,,33.86666666666667,,False
2022-07-29 20:45:00,,,,,,,,,,,,,,,,,,1.0,,,,,33.9,,False
2022-07-29 21:00:00,,,,,,,,,,,,,,,,,,1.6400000000003274,,,,,33.8,,False
2022-07-29 21:15:00,,,,,,,,,,,,,,,,,,0.03999999999996362,,,,,33.6,,False
2022-07-29 22:15:00,0.0,0.0,0.0,0.0,0.0,0.0,0.0,29.78,30.34583333333333,30.425,30.719999999999985,30.816666666666663,30.18695652173912,30.63913043478261,0.0,0.0,27.0,0.03999999999996362,27.48148148148148,0.0,1.6000000000000005,1.6696296296296307,33.03333333333333,0.0,False
2022-07-30 00:00:00,113.88235294117646,110.29411764705883,115.3529411764706,103.3157894736842,104.75,98.77777777777777,107.70588235294117,29.029411764705884,28.44117647058824,28.51764705882353,27.210526315789473,29.125,29.45555555555556,28.847058823529416,65.81818181818181,40.54545454545455,37.90909090909091,0.7600000000002183,14.318181818181818,633.0,2.1818181818181817,1.1645454545454548,32.3,51.39550344,False
2022-07-30 00:15:00,63.07692307692308,100.0,94.0,33.5,78.66666666666667,68.81818181818181,35.0,25.415384615384614,24.44,23.740000000000002,24.48125,25.2,25.863636363636363,25.32,77.6,77.9,39.3,17.4399999999996,1.55,871.0,2.2400000000000007,0.743,32.3,48.889449139999996,False
2022-07-30 00:30:00,51.714285714285715,80.58333333333333,76.41666666666667,35.1875,85.0,112.14285714285714,45.214285714285715,25.29285714285714,24.124999999999996,22.75,24.50625,24.825,25.37142857142857,25.4,56.5,56.4,37.8,10.920000000000073,3.9,871.2,2.15,0.808,32.16666666666667,38.62069302,False
2022-07-30 00:45:00,42.75,76.44444444444444,70.55555555555556,43.285714285714285,99.91666666666667,66.4,40.22222222222222,25.566666666666666,24.266666666666666,22.933333333333334,24.53571428571428,24.54166666666666,25.55,25.255555555555553,48.7,31.3,35.9,9.11999999999989,6.6,870.5,2.05,0.889,32.13333333333333,27.7118923,False
2022-07-30 01:00:00,10.0,78.81818181818181,69.41666666666667,13.846153846153847,87.6875,86.46666666666667,25.166666666666668,25.525000000000002,23.79090909090909,22.849999999999998,24.6,24.325000000000003,25.606666666666666,25.05,56.81818181818182,36.0,36.36363636363637,8.5600000000004,3.3181818181818183,870.7272727272727,2.090909090909091,0.7900000000000001,32.13333333333333,30.741349639999996,False
2022-07-30 01:15:00,41.18181818181818,72.63636363636364,102.08333333333333,0.0,88.5625,38.714285714285715,40.92857142857143,25.245454545454546,23.827272727272724,22.575000000000003,24.72,24.4875,25.464285714285715,25.149999999999995,49.3,31.1,36.0,8.279999999999745,6.1,871.1,2.06,0.874,32.0,26.3500588,False
2022-07-30 01:30:00,47.75,73.63636363636364,69.0,24.4375,87.6470588235294,66.78571428571429,56.0,25.325000000000003,23.936363636363637,22.772727272727277,24.525,24.50588235294118,25.571428571428573,25.47142857142857,63.09090909090909,16.181818181818183,35.72727272727273,6.960000000000036,5.2272727272727275,870.6363636363636,2.0454545454545454,0.8472727272727272,31.899999999999995,24.87581634,False
2022-07-30 01:45:00,43.166666666666664,76.18181818181819,68.36363636363636,32.333333333333336,92.76923076923077,58.583333333333336,51.0,25.525000000000002,24.00909090909091,22.89090909090909,24.586666666666666,24.76153846153846,25.633333333333336,25.23333333333333,60.666666666666664,20.11111111111111,35.77777777777778,8.319999999999709,7.222222222222222,870.8888888888889,2.033333333333333,0.9044444444444442,31.899999999999995,28.45843977,False
2022-07-30 02:00:00,5.416666666666667,79.0,72.0,11.818181818181818,75.6875,29.785714285714285,5.416666666666667,24.900000000000002,23.63,22.71,24.61818181818182,24.412499999999994,25.428571428571427,25.191666666666666,55.09090909090909,33.27272727272727,35.63636363636363,8.360000000000582,2.727272727272727,871.1818181818181,2.036363636363636,0.7736363636363635,31.8,29.87210915,False
2022-07-30 02:15:00,67.91666666666667,62.8,91.53846153846153,0.0,91.08333333333333,55.333333333333336,67.91666666666667,25.508333333333336,23.940000000000005,22.769230769230766,25.7,24.658333333333335,25.600000000000005,25.349999999999998,49.5,26.9,35.2,7.039999999999964,6.9,870.9,2.04,0.898,31.7,27.92097815,False
2022-07-30 02:30:00,10.0,83.72727272727273,93.0,0.0,83.53846153846153,43.0,44.07692307692308,25.558333333333334,23.40909090909091,22.764285714285716,26.03529411764706,24.47692307692307,25.714285714285715,25.192307692307693,58.6,16.6,34.9,8.479999999999563,5.2,871.0,2.03,0.8459999999999999,31.633333333333336,24.429977759999996,False
2022-07-30 02:45:00,27.454545454545453,73.77777777777777,86.33333333333333,0.0,85.0,46.63636363636363,43.81818181818182,25.018181818181816,23.62222222222222,22.40833333333333,26.071428571428573,24.42307692307692,25.545454545454547,25.427272727272726,56.5,17.6,34.9,8.199999999999818,6.2,871.1,2.02,0.8770000000000001,31.5,24.87476127,False
2022-07-30 03:00:00,32.13333333333333,69.33333333333333,97.21428571428571,0.0,58.4375,54.0,10.0,25.393333333333334,23.683333333333334,22.485714285714284,26.133333333333333,24.493749999999995,25.413333333333334,25.34166666666667,56.63636363636363,18.0,34.72727272727273,7.1200000000008,5.363636363636363,870.6363636363636,2.0,0.8518181818181817,31.5,24.199656759999996,False
2022-07-30 03:15:00,19.5,78.22222222222223,104.0,17.333333333333332,59.142857142857146,65.75,58.90909090909091,25.52,23.422222222222224,22.75,26.320000000000004,24.457142857142852,25.558333333333326,24.845454545454547,62.666666666666664,29.77777777777778,35.666666666666664,7.719999999999345,4.666666666666667,871.1111111111111,2.0222222222222226,0.8311111111111111,31.399999999999995,31.75307918,False
2022-07-30 03:30:00,22.583333333333332,75.9,87.42857142857143,0.0,56.266666666666666,34.42857142857143,0.0,25.66666666666666,23.479999999999997,22.657142857142862,25.83125,24.586666666666677,25.29285714285714,25.424999999999997,49.9,0.0,33.6,7.600000000000364,7.55,871.3,1.9600000000000002,0.916,31.366666666666664,17.311274779999998,False
2022-07-30 03:45:00,15.1,67.22222222222223,107.33333333333333,0.0,97.53846153846153,61.6,40.0,25.029999999999998,23.6,22.491666666666664,25.781250000000004,24.492307692307694,25.53,24.96,51.8,24.5,34.6,7.079999999999927,5.0,871.2,2.0100000000000002,0.8409999999999999,31.3,23.84814413,False
2022-07-30 04:00:00,32.46153846153846,78.63636363636364,99.4,0.0,83.0,35.166666666666664,30.166666666666668,25.238461538461536,23.136363636363633,22.50666666666666,25.944444444444443,24.487500000000004,25.549999999999997,25.216666666666665,62.9,12.2,34.7,6.880000000000109,5.0,871.2,1.98,0.8390000000000001,31.333333333333332,23.549762440000002,False
2022-07-30 04:15:00,38.36363636363637,87.75,88.0909090909091,0.0,40.166666666666664,43.45454545454545,6.666666666666667,25.645454545454548,22.599999999999998,22.599999999999998,26.185714285714283,24.566666666666663,25.46363636363636,25.311111111111114,52.333333333333336,8.222222222222221,33.666666666666664,7.199999999999818,4.277777777777778,871.3333333333334,1.9333333333333331,0.8222222222222223,31.233333333333334,18.20840783,False
2022-07-30 04:30:00,0.0,111.23076923076923,85.46153846153847,0.0,43.142857142857146,56.0,25.166666666666668,25.119999999999997,23.215384615384615,23.199999999999996,26.293333333333337,24.75714285714286,25.549999999999994,25.008333333333336,36.4,16.6,33.1,7.239999999999782,9.85,609.5,1.9200000000000004,1.001,31.100000000000005,20.89397485,False
2022-07-30 04:45:00,48.357142857142854,108.33333333333333,82.26666666666667,30.833333333333332,58.27272727272727,58.45454545454545,48.583333333333336,25.15714285714285,23.083333333333332,22.54666666666667,24.45833333333333,24.481818181818177,25.318181818181813,25.00833333333334,64.27272727272727,29.818181818181817,35.72727272727273,4.640000000000327,4.409090909090909,846.9090909090909,2.0545454545454547,0.8236363636363635,31.166666666666668,34.92816218,False
2022-07-30 05:00:00,0.0,82.61538461538461,79.47058823529412,0.0,62.69230769230769,32.46153846153846,0.0,24.974999999999998,22.653846153846153,22.517647058823528,24.04,24.52307692307692,25.407692307692308,24.9,61.8,0.0,33.8,8.399999999999636,4.25,856.8,1.9600000000000002,0.8160000000000001,31.133333333333336,20.957808540000002,False
2022-07-30 05:15:00,47.75,76.54545454545455,107.06666666666666,12.857142857142858,43.92857142857143,47.75,39.46153846153846,25.291666666666668,23.10909090909091,22.426666666666666,24.585714285714285,24.628571428571433,25.458333333333332,25.315384615384612,64.6,16.9,34.7,6.5600000000004,3.55,870.6,1.9899999999999998,0.8,31.066666666666666,24.93213896,False
2022-07-30 05:30:00,5.454545454545454,75.54545454545455,72.14285714285714,18.0,50.214285714285715,48.0,47.75,25.50909090909091,23.37272727272727,22.77142857142857,24.64,24.592857142857145,25.558333333333337,25.458333333333332,57.1,15.5,34.2,6.800000000000182,5.75,870.9,1.9799999999999998,0.861,31.0,23.26445061,False
2022-07-30 05:45:00,28.583333333333332,82.54545454545455,95.4375,5.0,48.53846153846154,47.75,0.0,24.908333333333335,23.30909090909091,22.543749999999996,24.425,24.484615384615385,25.525000000000002,24.93,58.4,5.0,33.8,5.799999999999272,6.2,870.8,1.9599999999999997,0.8719999999999999,30.96666666666667,20.56321177,False
2022-07-30 06:00:00,43.23076923076923,71.7,119.25,31.666666666666668,80.71428571428571,69.61538461538461,71.07692307692308,25.238461538461536,23.539999999999996,22.508333333333336,24.049999999999997,24.400000000000002,25.576923076923077,25.22307692307693,54.416666666666664,28.416666666666668,35.0,8.240000000000691,6.416666666666667,871.0,2.0083333333333337,0.8833333333333333,30.899999999999995,29.56505588,False
2022-07-30 06:15:00,5.416666666666667,84.27272727272727,81.53846153846153,5.909090909090909,30.545454545454547,65.53846153846153,5.909090909090909,24.783333333333335,23.08181818181818,22.5,24.772727272727273,24.663636363636364,25.407692307692304,25.218181818181815,59.90909090909091,9.545454545454545,34.18181818181818,7.1599999999998545,2.5454545454545454,867.0,1.9545454545454546,0.770909090909091,30.899999999999995,22.751294480000002,False
2022-07-30 06:30:00,40.166666666666664,83.6,84.35714285714286,0.0,10.785714285714286,54.333333333333336,38.2,25.399999999999995,23.110000000000003,22.528571428571432,25.19090909090909,24.707142857142863,25.42000000000001,25.19333333333334,58.9,16.9,34.2,7.199999999999818,1.5,850.5,1.9599999999999997,0.741,30.833333333333332,22.915438849999997,False
2022-07-30 06:45:00,0.0,84.0,83.53333333333333,0.0,34.42857142857143,51.07692307692308,35.166666666666664,25.08181818181818,22.645454545454545,22.520000000000003,24.783333333333335,24.714285714285715,25.415384615384617,25.433333333333334,62.63636363636363,19.272727272727273,34.18181818181818,7.600000000000364,2.272727272727273,830.4545454545455,1.981818181818182,0.7672727272727274,30.899999999999995,24.84196662,False
2022-07-30 07:00:00,32.90909090909091,83.7,75.35714285714286,0.0,49.5,52.75,0.0,25.281818181818185,22.660000000000004,22.53571428571429,25.072727272727267,24.521428571428576,25.641666666666662,24.72,55.3,26.9,34.3,7.199999999999818,1.6,848.9,1.9799999999999998,0.7459999999999999,30.933333333333334,25.30925238,False
2022-07-30 07:15:00,19.181818181818183,79.55555555555556,92.23076923076923,0.0,35.166666666666664,48.266666666666666,25.166666666666668,25.536363636363635,22.744444444444447,22.515384615384615,25.020000000000003,24.466666666666658,25.526666666666667,24.99166666666667,60.81818181818182,17.90909090909091,34.54545454545455,7.359999999999673,2.227272727272727,847.8181818181819,2.0,0.7627272727272728,31.03333333333333,23.43865697,False
2022-07-30 07:30:00,13.727272727272727,82.88888888888889,92.84615384615384,0.0,30.166666666666668,66.78571428571429,20.0,24.727272727272727,22.755555555555553,22.423076923076923,24.96,24.633333333333336,25.550000000000008,25.51666666666667,59.3,17.7,34.7,7.440000000000509,1.8,786.5,1.98,0.748,31.100000000000005,23.577774140000002,False
2022-07-30 07:45:00,13.0,82.9,77.3076923076923,16.25,41.0,53.0,36.0,25.410000000000004,22.82,22.27692307692308,24.799999999999997,24.39166666666667,25.0,24.40833333333333,62.54545454545455,31.181818181818183,35.63636363636363,7.399999999999636,1.2727272727272727,759.6363636363636,2.0818181818181816,0.7363636363636364,31.366666666666664,29.29508035,False
2022-07-30 08:00:00,48.266666666666666,82.0909090909091,115.14285714285714,0.0,88.75,24.153846153846153,0.0,25.593333333333337,22.727272727272734,22.61428571428571,24.98461538461538,24.50625,25.515384615384615,25.481818181818177,60.5,19.6,35.5,8.0,4.4,832.9,2.0300000000000002,0.8240000000000001,31.5,25.760452569999998,False
2022-07-30 08:15:00,0.0,84.0,98.13333333333334,0.0,62.333333333333336,51.07692307692308,24.133333333333333,25.080000000000002,22.854545454545455,22.500000000000004,25.263636363636365,24.426666666666666,25.53076923076923,25.133333333333333,49.888888888888886,30.11111111111111,35.111111111111114,7.5600000000004,1.6666666666666667,857.2222222222222,2.011111111111111,0.7466666666666667,31.566666666666666,23.79203757,False
2022-07-30 08:30:00,38.36363636363637,84.5,92.64285714285714,0.0,77.91666666666667,63.07692307692308,0.0,25.227272727272727,23.04,22.650000000000002,25.32,24.691666666666666,25.476923076923075,25.66153846153846,52.22222222222222,30.88888888888889,35.333333333333336,7.799999999999272,1.5555555555555556,850.6666666666666,2.022222222222222,0.7444444444444445,31.8,25.17521944,False
2022-07-30 08:45:00,14.083333333333334,74.55555555555556,108.25,0.0,96.61538461538461,55.333333333333336,0.0,25.650000000000006,23.377777777777776,22.524999999999995,25.33333333333333,24.46923076923077,25.558333333333334,26.299999999999997,67.0909090909091,13.545454545454545,36.45454545454545,7.480000000000473,4.318181818181818,787.9090909090909,2.1000000000000005,0.8218181818181819,32.06666666666667,24.19689312,False
2022-07-30 09:00:00,13.727272727272727,76.54545454545455,108.33333333333333,0.0,82.46666666666667,76.0,0.0,24.863636363636363,23.354545454545452,22.593333333333337,25.4,24.400000000000002,25.278571428571432,26.727272727272727,54.5,30.1,36.6,7.239999999999782,2.95,735.4,2.11,0.782,32.2,23.163774019999998,False
2022-07-30 09:15:00,10.833333333333334,78.75,81.375,11.470588235294118,72.46666666666667,26.428571428571427,61.9375,25.45833333333333,23.266666666666666,22.718749999999993,25.95294117647059,24.50666666666666,25.54285714285714,26.71875,59.2,21.6,35.8,6.199999999999818,3.15,788.7,2.08,0.7889999999999999,32.1,25.529040780000003,False
2022-07-30 09:30:00,44.07692307692308,81.0909090909091,85.1875,0.0,42.2,38.714285714285715,8.0,25.184615384615377,23.17272727272727,22.637500000000006,25.955555555555552,24.640000000000008,25.500000000000004,25.40666666666667,58.1,20.4,35.6,7.880000000000109,4.3,870.4,2.04,0.819,32.9,25.16968996,False
2022-07-30 09:45:00,0.0,77.0,92.6470588235294,0.0,56.8235294117647,58.1875,0.0,25.299999999999997,23.084615384615386,22.58823529411765,26.34210526315789,24.370588235294115,25.34375,27.146153846153844,65.3,18.4,36.0,8.159999999999854,2.1,871.2,2.08,0.7569999999999999,33.00000000000001,24.09718041,False
2022-07-30 10:00:00,60.36363636363637,62.9,121.38461538461539,12.857142857142858,78.46666666666667,40.69230769230769,121.0,25.181818181818183,23.409999999999997,22.48461538461538,25.335714285714285,24.57333333333333,25.484615384615385,23.784615384615385,53.3,46.3,37.0,7.760000000000218,5.35,870.9,2.1399999999999997,0.852,32.63333333333333,31.678201589999997,False
2022-07-30 10:15:00,51.07692307692308,61.0,90.84615384615384,30.0,102.8125,33.36363636363637,0.0,25.21538461538461,24.045454545454547,22.776923076923076,24.44375,24.525000000000002,25.454545454545453,23.999999999999996,57.666666666666664,21.0,36.22222222222222,7.039999999999964,7.444444444444445,871.0,2.0777777777777775,0.9155555555555556,32.766666666666666,25.82009337,False
2022-07-30 10:30:00,12.0,74.11111111111111,84.0,21.428571428571427,71.92307692307692,55.333333333333336,0.0,25.55,23.444444444444443,22.490000000000002,24.435714285714287,24.707692307692305,25.483333333333334,26.027272727272727,56.5,4.1,35.8,7.800000000000182,6.4,871.2,2.0500000000000003,0.881,32.63333333333333,20.0793849,False
2022-07-30 10:45:00,45.18181818181818,71.8,78.08333333333333,29.545454545454547,68.21428571428571,26.0,24.454545454545453,24.55454545454546,23.6,22.40833333333333,23.736363636363638,24.45,25.25,26.436363636363637,60.6,26.0,36.6,7.279999999999745,5.55,870.7,2.1,0.857,32.76666666666667,31.56864081,False
2022-07-30 11:00:00,0.0,81.66666666666667,82.125,0.0,69.53333333333333,36.642857142857146,92.4375,25.427272727272733,23.633333333333336,22.562500000000007,25.37272727272727,24.466666666666672,25.4,24.61875,48.666666666666664,49.333333333333336,37.111111111111114,8.600000000000364,3.3333333333333335,870.8888888888889,2.1444444444444444,0.7911111111111112,32.833333333333336,30.81254575,False
2022-07-30 11:15:00,32.357142857142854,80.8,102.76923076923077,0.0,71.8,53.785714285714285,37.07692307692308,25.071428571428566,23.419999999999998,22.56153846153846,24.83333333333334,24.3,25.51428571428571,24.338461538461537,63.5,39.2,38.0,9.519999999999527,2.85,871.2,2.18,0.78,33.43333333333333,31.459135560000004,False
2022-07-30 11:30:00,0.0,78.5,112.375,0.0,76.6,58.214285714285715,34.2,25.830769230769235,23.191666666666666,22.55,25.491666666666664,24.55333333333333,25.53571428571429,24.419999999999998,41.5,41.4,37.7,8.480000000000473,4.3,850.9,2.16,0.8160000000000001,33.733333333333334,24.80702937,False
2022-07-30 11:45:00,0.0,82.5,102.1875,0.0,116.33333333333333,44.266666666666666,35.5,26.641666666666662,23.466666666666665,22.625000000000007,25.575,24.499999999999996,25.286666666666665,24.47142857142857,52.0,53.09090909090909,38.90909090909091,8.479999999999563,3.0,869.3636363636364,2.2454545454545456,0.7836363636363636,34.166666666666664,29.891689239999994,False
2022-07-30 12:00:00,0.0,80.72727272727273,111.26666666666667,0.0,112.66666666666667,46.63636363636363,41.25,27.35,23.436363636363637,22.493333333333336,25.620000000000005,24.366666666666664,25.318181818181817,24.38333333333333,50.1,50.9,39.0,9.5600000000004,1.95,870.6,2.2600000000000002,0.7529999999999999,34.13333333333333,29.48467953,False
2022-07-30 12:15:00,0.0,86.3,92.64285714285714,0.0,66.33333333333333,55.69230769230769,34.42857142857143,27.890000000000004,23.279999999999998,22.557142857142853,25.55,24.606666666666666,25.36923076923077,24.400000000000006,54.77777777777778,43.666666666666664,38.44444444444444,9.199999999999818,0.8333333333333334,859.7777777777778,2.2111111111111112,0.7255555555555555,34.43333333333333,28.851733250000002,False
2022-07-30 12:30:00,48.266666666666666,84.25,92.13333333333334,0.0,113.6470588235294,42.2,0.0,26.180000000000003,23.275000000000002,22.71333333333333,25.645454545454548,24.435294117647057,25.52,25.425,63.77777777777778,34.333333333333336,37.55555555555556,9.400000000000546,3.2777777777777777,861.5555555555555,2.1666666666666665,0.7922222222222222,33.699999999999996,30.91723517,False
2022-07-30 12:45:00,0.0,83.08333333333333,109.375,0.0,51.714285714285715,47.285714285714285,0.0,25.400000000000006,23.650000000000002,22.5375,25.50833333333333,24.542857142857137,25.685714285714283,26.549999999999994,60.72727272727273,12.090909090909092,33.90909090909091,9.4399999999996,4.0,871.1818181818181,1.9636363636363634,0.81,30.366666666666664,23.16966102,False
2022-07-30 13:00:00,0.0,76.63636363636364,96.13333333333334,0.0,58.214285714285715,58.214285714285715,0.0,26.472727272727273,23.38181818181818,22.606666666666666,25.316666666666674,24.49285714285715,25.414285714285715,27.183333333333326,55.44444444444444,17.11111111111111,33.55555555555556,6.720000000000255,3.888888888888889,859.8888888888889,1.9333333333333336,0.8066666666666666,29.066666666666666,22.53375577,False
2022-07-30 13:15:00,0.0,79.72727272727273,98.0,0.0,66.78571428571429,56.0,0.0,26.941666666666666,23.21818181818182,22.581249999999997,25.336363636363636,24.564285714285717,25.478571428571428,27.724999999999998,61.6,0.0,30.6,5.519999999999527,4.5,473.5,1.7900000000000003,0.826,27.53333333333333,20.9442453,False
2022-07-30 13:30:00,14.444444444444445,93.36363636363636,77.63636363636364,21.666666666666668,10.833333333333334,15.833333333333334,10.833333333333334,27.311111111111114,22.727272727272734,22.481818181818184,25.316666666666666,24.54166666666666,25.5,28.233333333333338,48.111111111111114,12.88888888888889,32.77777777777778,4.0,1.9444444444444444,230.88888888888889,1.911111111111111,0.7555555555555555,26.2,18.608729059999998,False
2022-07-30 13:45:00,0.0,89.78571428571429,69.07692307692308,0.0,0.0,61.583333333333336,0.0,26.69166666666666,22.542857142857137,22.415384615384614,24.833333333333332,24.759999999999998,25.524999999999995,27.872727272727275,62.72727272727273,0.0,32.72727272727273,5.600000000000364,0.8636363636363636,349.8181818181818,1.8909090909090909,0.7245454545454545,27.333333333333332,19.59855506,False
2022-07-30 14:00:00,0.0,105.6875,96.53333333333333,0.0,58.214285714285715,60.375,0.0,26.14166666666667,22.606250000000003,22.439999999999998,24.933333333333334,24.6,25.318749999999998,27.04166666666666,56.3,12.0,33.7,4.079999999999927,3.55,283.1,1.9299999999999997,0.8039999999999999,26.866666666666664,22.703181830000002,False
2022-07-30 14:15:00,0.0,128.26666666666668,92.21428571428571,0.0,62.69230769230769,32.46153846153846,0.0,26.43,22.59333333333333,22.557142857142853,24.909999999999997,24.546153846153842,25.47692307692308,27.20909090909091,55.2,6.1,34.1,4.479999999999563,3.3,321.8,1.97,0.795,27.266666666666666,18.297696209999998,False
2022-07-30 14:30:00,0.0,85.54545454545455,88.9375,0.0,40.92857142857143,42.2,0.0,26.825,22.918181818181814,22.587500000000006,24.90909090909091,24.514285714285712,25.493333333333332,27.549999999999997,60.333333333333336,2.111111111111111,31.88888888888889,4.880000000000109,1.5,379.77777777777777,1.8555555555555554,0.7455555555555556,27.03333333333333,18.565479800000002,False
2022-07-30 14:45:00,13.0,86.25,82.3076923076923,17.727272727272727,11.818181818181818,66.16666666666667,13.0,27.209999999999997,22.441666666666666,22.407692307692308,24.53636363636364,24.61818181818182,25.516666666666662,28.02,54.9,11.9,34.2,4.400000000000546,2.75,294.8,1.97,0.7790000000000001,26.633333333333336,21.031149369999998,False
2022-07-30 15:00:00,0.0,96.92857142857143,53.785714285714285,4.642857142857143,5.909090909090909,60.642857142857146,5.909090909090909,27.29,22.578571428571426,22.542857142857144,24.78571428571428,24.209090909090914,25.40714285714285,28.44545454545455,38.77777777777778,0.0,33.77777777777778,4.319999999999709,4.555555555555555,174.22222222222223,1.9555555555555557,0.8311111111111111,26.900000000000002,12.65621402,False
2022-07-30 15:15:00,0.0,81.14285714285714,97.0,0.0,0.0,52.09090909090909,0.0,26.827272727272724,22.55,22.246153846153845,25.507142857142856,24.577777777777772,25.527272727272734,28.000000000000004,51.111111111111114,0.0,34.333333333333336,3.880000000000109,4.444444444444445,250.88888888888889,2.0,0.8255555555555556,26.733333333333334,16.81720318,False
2022-07-30 15:30:00,0.0,107.13333333333334,78.92307692307692,0.0,0.0,32.46153846153846,0.0,26.381818181818186,22.48,22.592307692307696,24.60909090909091,24.8,25.45384615384615,27.436363636363637,43.5,0.0,32.3,3.0799999999999272,4.0,232.8,1.8699999999999999,0.8140000000000001,26.266666666666666,14.49188934,False
2022-07-30 15:45:00,0.0,96.1875,90.57142857142857,0.0,0.0,51.07692307692308,0.0,26.39166666666667,22.593749999999993,22.364285714285717,24.572727272727267,24.870000000000005,25.50769230769231,27.263636363636365,44.3,0.0,35.2,3.3599999999996726,2.9,175.8,2.0500000000000003,0.7869999999999999,26.333333333333332,12.67478828,False
2022-07-30 16:00:00,0.0,96.13333333333334,77.4,0.0,38.36363636363637,40.25,0.0,26.672727272727272,22.480000000000004,22.46,24.6,24.636363636363637,25.441666666666666,28.100000000000005,42.81818181818182,3.1818181818181817,33.27272727272727,3.3200000000006185,2.4545454545454546,287.27272727272725,1.9272727272727268,0.7718181818181818,26.433333333333334,13.31888753,False
2022-07-30 16:15:00,0.0,59.11764705882353,43.0,0.0,0.0,48.266666666666666,0.0,26.991666666666664,22.582352941176477,22.47142857142857,24.44545454545455,24.474999999999998,25.333333333333332,28.346153846153843,40.55555555555556,3.888888888888889,32.666666666666664,3.199999999999818,0.5,215.11111111111111,1.8888888888888888,0.7222222222222222,26.566666666666666,15.0179293,False
2022-07-30 16:30:00,23.636363636363637,93.35714285714286,59.2,27.083333333333332,23.636363636363637,35.84615384615385,23.636363636363637,27.381818181818186,22.421428571428574,22.493333333333336,24.74166666666667,24.46363636363636,25.430769230769233,28.518181818181816,42.81818181818182,5.454545454545454,34.90909090909091,3.399999999999636,2.1363636363636362,186.9090909090909,2.0363636363636366,0.7609090909090909,26.333333333333332,16.03339226,False
2022-07-30 16:45:00,0.0,92.64285714285714,87.91666666666667,0.0,0.0,40.92857142857143,0.0,27.218181818181815,22.61428571428571,22.7,25.563636363636363,24.380000000000003,25.407142857142862,28.46666666666667,42.5,0.0,33.5,4.600000000000364,4.45,157.6,1.9600000000000002,0.825,26.766666666666666,14.942463919999998,False
2022-07-30 17:00:00,0.0,96.22222222222223,79.5625,0.0,0.0,41.69230769230769,0.0,26.516666666666666,22.488888888888894,22.474999999999994,24.983333333333334,24.80909090909091,25.43846153846154,27.490909090909096,41.8,0.0,32.9,3.4399999999996,3.35,172.7,1.9000000000000004,0.795,26.600000000000005,14.60283591,False
2022-07-30 17:15:00,0.0,85.92307692307692,88.85714285714286,0.0,0.0,52.75,0.0,26.229999999999997,22.492307692307694,22.507142857142856,24.509999999999998,24.80909090909091,25.583333333333332,26.933333333333337,44.5,0.0,33.8,2.880000000000109,4.55,217.9,1.9599999999999997,0.8319999999999999,26.666666666666668,14.548639130000002,False
2022-07-30 17:30:00,0.0,105.6470588235294,75.2,0.0,0.0,60.36363636363637,0.0,26.536363636363635,22.41176470588235,22.40666666666667,24.553846153846152,24.784615384615385,25.427272727272733,27.129999999999995,50.1,0.0,34.9,3.5200000000004366,2.45,223.5,2.02,0.772,26.900000000000002,17.604641009999998,False
2022-07-30 17:45:00,0.0,110.0,58.4375,0.0,0.0,30.166666666666668,0.0,26.727272727272723,22.452941176470592,22.556250000000006,24.529999999999998,24.781818181818185,25.433333333333326,27.440000000000005,36.22222222222222,0.0,32.666666666666664,3.3599999999996726,4.0,160.0,1.9000000000000001,0.8166666666666667,26.633333333333336,13.21796775,False
2022-07-30 18:00:00,0.0,101.35714285714286,89.71428571428571,0.0,36.642857142857146,67.3076923076923,0.0,27.049999999999997,22.664285714285718,22.47857142857143,24.61818181818182,24.578571428571426,25.484615384615388,27.863636363636363,43.2,0.0,33.3,2.6400000000003274,4.45,213.5,1.9300000000000002,0.8319999999999999,26.666666666666668,14.099314390000002,False
2022-07-30 18:15:00,10.833333333333334,67.92307692307692,57.785714285714285,21.666666666666668,10.833333333333334,36.0,10.833333333333334,27.383333333333336,22.615384615384617,22.371428571428574,24.558333333333334,24.10833333333333,25.066666666666666,28.350000000000005,39.4,11.6,33.4,4.1599999999998545,2.2,207.5,1.95,0.7599999999999999,26.566666666666663,16.527190590000004,False
2022-07-30 18:30:00,0.0,82.6470588235294,71.07142857142857,0.0,0.0,44.07692307692308,0.0,27.045454545454547,22.576470588235296,22.421428571428574,25.558333333333326,24.560000000000002,25.423076923076923,28.227272727272723,53.77777777777778,0.0,34.0,3.639999999999418,2.7222222222222223,200.0,1.966666666666667,0.7777777777777777,26.566666666666666,16.87713644,False
2022-07-30 18:45:00,0.0,104.35714285714286,81.15384615384616,0.0,0.0,35.166666666666664,0.0,26.259999999999998,22.442857142857143,22.492307692307698,24.527272727272724,24.8,25.474999999999998,27.4,44.111111111111114,6.777777777777778,34.888888888888886,3.7600000000002183,1.9444444444444444,245.44444444444446,2.011111111111111,0.7666666666666666,26.733333333333334,14.063875119999999,False
2022-07-30 19:00:00,0.0,50.333333333333336,0.0,0.0,0.0,0.0,0.0,25.727272727272723,23.333333333333332,23.745454545454546,25.527272727272727,25.763636363636365,26.175,26.279999999999994,3.1,0.0,24.6,2.0399999999999636,16.45,24.1,1.53,1.2200000000000002,26.899999999999995,1.4989119039999999,False
2022-07-31 00:00:00,0.0,105.26666666666667,107.53333333333333,62.76923076923077,86.61111111111111,104.57142857142857,114.5625,28.969230769230766,25.7,26.10666666666667,26.46153846153846,26.66666666666667,28.36428571428571,27.150000000000002,52.90909090909091,32.45454545454545,31.818181818181817,1.0,11.636363636363637,610.5454545454545,1.8545454545454545,1.0736363636363635,27.566666666666666,39.8103562,False
2022-07-31 00:15:00,0.0,89.18181818181819,83.06666666666666,0.0,0.0,86.57142857142857,49.30769230769231,27.709090909090904,22.736363636363635,22.45333333333333,24.318181818181824,24.64545454545454,25.32857142857143,24.46923076923077,64.22222222222223,7.888888888888889,31.11111111111111,9.0,3.7777777777777777,768.5555555555555,1.8222222222222224,0.8033333333333332,27.599999999999998,26.58999356,False
2022-07-31 00:30:00,0.0,82.72727272727273,76.4,0.0,0.0,32.13333333333333,44.266666666666666,27.353846153846156,22.490909090909092,22.43333333333333,24.741666666666664,24.75,25.686666666666667,24.18666666666667,62.45454545454545,0.0,31.545454545454547,5.360000000000582,4.090909090909091,591.8181818181819,1.8181818181818181,0.8136363636363636,27.666666666666668,23.06669455,False
2022-07-31 00:45:00,0.0,68.72727272727273,75.35714285714286,0.0,44.07692307692308,60.15384615384615,30.166666666666668,27.125,22.5,22.47142857142857,24.64545454545454,24.361538461538462,25.46153846153846,24.283333333333335,53.6,0.0,31.9,4.759999999999309,4.7,456.4,1.8700000000000003,0.8290000000000001,27.7,21.021873640000003,False
2022-07-31 01:00:00,0.0,78.07142857142857,76.92857142857143,0.0,67.84615384615384,81.1875,40.266666666666666,26.981818181818184,23.13571428571429,22.900000000000002,24.755555555555556,24.5,25.787499999999998,24.18,32.90909090909091,0.0,29.818181818181817,2.160000000000764,13.045454545454545,303.27272727272725,1.763636363636364,1.0990909090909093,27.733333333333334,16.1001577,False
2022-07-31 01:15:00,0.0,89.07692307692308,66.61538461538461,0.0,12.0,71.27272727272727,54.90909090909091,26.840000000000003,23.05384615384615,22.792307692307695,24.650000000000002,24.619999999999997,25.372727272727275,24.5,22.875,7.625,29.625,3.4799999999995634,13.875,410.0,1.7625,1.13125,27.8,15.45452961,False
2022-07-31 01:30:00,18.571428571428573,90.26666666666667,67.84615384615384,23.636363636363637,45.18181818181818,42.166666666666664,35.84615384615385,26.20714285714286,22.546666666666667,22.261538461538464,23.527272727272727,23.936363636363637,25.566666666666674,24.207692307692305,42.6,18.6,32.8,5.0,4.85,433.6,1.8800000000000001,0.841,27.8,22.82292162,False
2022-07-31 01:45:00,0.0,90.29411764705883,93.21428571428571,0.0,0.0,64.4,30.142857142857142,26.25384615384615,22.61176470588235,22.23571428571429,24.74545454545455,24.560000000000002,25.44,24.14285714285714,58.5,13.9,34.0,3.680000000000291,0.9,352.6,1.98,0.73,27.866666666666664,19.52441009,False
2022-07-31 02:00:00,0.0,87.6875,74.8,0.0,0.0,44.0,32.90909090909091,26.300000000000004,22.48125,22.326666666666668,24.29,24.78,25.318181818181817,24.39090909090909,48.0,9.5,33.6,4.279999999999745,0.6,310.6,1.94,0.7230000000000001,28.0,15.41197501,False
2022-07-31 02:15:00,0.0,75.88235294117646,60.285714285714285,0.0,45.214285714285715,44.07692307692308,44.07692307692308,26.34166666666667,22.729411764705883,22.485714285714288,24.541666666666668,24.557142857142857,25.453846153846158,24.353846153846156,48.0,3.6,33.4,4.079999999999927,-0.7,292.9,1.94,0.7110000000000001,27.933333333333334,14.05439479,False
2022-07-31 02:30:00,0.0,91.38461538461539,100.38461538461539,0.0,0.0,48.69230769230769,40.166666666666664,26.37272727272727,22.707692307692305,22.49230769230769,24.5,24.488888888888887,25.546153846153842,24.50833333333333,43.3,3.9,35.0,4.520000000000437,4.1,248.8,2.0200000000000005,0.829,27.899999999999995,16.761146840000002,False
2022-07-31 02:45:00,0.0,115.3157894736842,63.5625,0.0,4.285714285714286,62.1875,40.92857142857143,26.346153846153847,22.442105263157895,22.500000000000004,24.584615384615383,24.75,25.44375,24.37142857142857,43.0,9.0,34.0,3.319999999999709,2.0,291.8,1.9600000000000002,0.765,27.8,18.135116319999998,False
2022-07-31 03:00:00,25.0,104.61538461538461,81.58333333333333,29.545454545454547,58.3,23.636363636363637,43.27272727272727,26.269230769230774,22.476923076923075,22.483333333333334,24.727272727272727,24.09,25.090909090909086,23.890909090909087,45.9,17.8,34.6,5.1599999999998545,3.75,293.0,2.0,0.808,27.733333333333334,22.69637671,False
2022-07-31 03:15:00,0.0,76.25,53.42857142857143,0.0,0.0,56.5,22.785714285714285,26.0,22.58125,22.435714285714287,25.515384615384615,24.43846153846154,25.6125,24.28571428571429,44.0,9.727272727272727,34.0,3.600000000000364,1.8636363636363635,277.1818181818182,1.9727272727272729,0.77,27.633333333333336,15.91326067,False
2022-07-31 03:30:00,0.0,88.64285714285714,78.92307692307692,0.0,0.0,48.69230769230769,20.846153846153847,26.159999999999997,22.6,22.399999999999995,24.391666666666666,24.636363636363637,25.438461538461542,24.361538461538466,51.5,0.0,34.9,4.559999999999491,1.05,243.8,2.0000000000000004,0.7449999999999999,27.666666666666668,14.8864448,False
2022-07-31 03:45:00,0.0,119.5,75.05555555555556,0.0,0.0,32.76923076923077,41.18181818181818,26.2076923076923,22.394444444444442,22.627777777777776,24.584615384615383,24.866666666666664,25.369230769230764,23.9,59.45454545454545,3.727272727272727,34.63636363636363,4.5600000000004,1.1363636363636365,298.1818181818182,1.9909090909090912,0.7372727272727272,27.600000000000005,17.409901840000003,False
2022-07-31 04:00:00,0.0,98.0,82.25,0.0,0.0,44.07692307692308,47.75,26.28181818181819,22.5625,22.44375,24.59090909090909,24.89166666666667,25.43846153846154,24.241666666666664,50.888888888888886,6.222222222222222,35.0,4.319999999999709,1.1111111111111112,237.33333333333334,2.022222222222222,0.75,27.53333333333333,15.930881730000001,False
2022-07-31 04:15:00,0.0,117.375,48.07142857142857,0.0,0.0,33.785714285714285,36.13333333333333,26.29166666666667,22.3375,22.392857142857142,24.55,24.818181818181813,25.39285714285714,24.399999999999995,56.9,7.2,34.1,4.0,0.35,304.1,1.9699999999999995,0.717,27.53333333333333,20.54027218,False
2022-07-31 04:30:00,16.25,68.42857142857143,56.23076923076923,17.727272727272727,14.444444444444445,14.444444444444445,14.444444444444445,25.966666666666665,22.442857142857143,22.092307692307692,24.218181818181815,24.066666666666674,24.9,24.144444444444442,39.1,9.2,34.2,5.5600000000004,3.45,192.2,1.9800000000000004,0.799,27.46666666666667,16.85983437,False
2022-07-31 04:45:00,0.0,112.92307692307692,59.53333333333333,0.0,0.0,30.142857142857142,30.142857142857142,26.016666666666666,22.592307692307692,22.566666666666666,24.37692307692308,24.56923076923077,25.514285714285712,24.299999999999994,46.54545454545455,8.545454545454545,33.90909090909091,2.9200000000000728,1.0454545454545454,278.54545454545456,1.9545454545454548,0.7472727272727273,27.5,19.18148159,False
2022-07-31 05:00:00,0.0,72.4,46.733333333333334,0.0,0.0,38.714285714285715,30.2,26.172727272727265,22.59333333333333,22.44,24.516666666666666,24.79090909090909,25.47857142857143,24.226666666666663,51.9,0.0,35.2,4.4399999999996,3.0,250.2,2.03,0.7939999999999999,27.5,18.78675059,False
2022-07-31 05:15:00,0.0,92.57894736842105,67.0,0.0,0.0,40.13333333333333,0.0,26.199999999999992,22.505263157894735,22.55,24.525000000000002,24.808333333333334,25.593333333333337,24.184615384615388,54.36363636363637,0.0,33.27272727272727,4.4399999999996,1.3636363636363635,268.09090909090907,1.9454545454545455,0.7381818181818182,27.46666666666667,18.546711159999997,False
2022-07-31 05:30:00,0.0,105.84615384615384,91.61538461538461,0.0,0.0,38.36363636363637,45.3,26.23,22.523076923076925,22.423076923076923,24.518181818181816,24.810000000000002,25.481818181818184,23.96,54.2,5.7,35.0,4.039999999999964,0.2,314.7,2.02,0.726,27.399999999999995,19.819528169999998,False
2022-07-31 05:45:00,0.0,102.125,78.8,0.0,43.07692307692308,51.714285714285715,58.214285714285715,26.25,22.45,22.499999999999996,24.525000000000002,24.423076923076923,25.421428571428574,24.3,51.90909090909091,4.181818181818182,34.63636363636363,4.080000000000837,2.8636363636363638,267.0,1.9818181818181815,0.7827272727272727,27.333333333333332,20.68238084,False
2022-07-31 06:00:00,27.083333333333332,76.06666666666666,59.07692307692308,32.5,26.0,38.44444444444444,19.5,26.183333333333334,22.453333333333333,22.16923076923077,24.425,24.04,24.66666666666667,24.029999999999998,49.7,17.9,34.9,4.239999999999782,0.95,251.7,2.0300000000000002,0.726,27.333333333333332,21.955122069999998,False
2022-07-31 06:15:00,0.0,111.66666666666667,72.85714285714286,0.0,0.0,47.75,22.583333333333332,25.808333333333337,22.486666666666668,22.599999999999998,24.207692307692305,24.390909090909087,25.391666666666666,24.675,54.63636363636363,0.0,35.45454545454545,4.319999999999709,3.3636363636363638,250.0,2.045454545454546,0.7954545454545454,27.433333333333334,18.32852377,False
2022-07-31 06:30:00,0.0,84.4,83.3076923076923,0.0,0.0,22.583333333333332,13.727272727272727,26.099999999999998,22.546666666666674,22.47692307692308,24.43,24.754545454545454,25.49166666666667,23.736363636363638,58.44444444444444,0.0,32.77777777777778,4.039999999999964,1.6666666666666667,319.55555555555554,1.9111111111111114,0.7511111111111111,27.566666666666666,20.36216907,False
2022-07-31 06:45:00,0.0,113.5625,73.9375,0.0,0.0,42.75,51.07692307692308,26.150000000000002,22.437499999999996,22.525000000000002,24.433333333333334,24.724999999999998,25.53333333333333,24.5,38.6,10.0,32.8,3.0799999999999272,1.5,263.9,1.92,0.7669999999999999,27.600000000000005,16.76915617,False
2022-07-31 07:00:00,0.0,84.4,93.08333333333333,0.0,0.0,39.46153846153846,32.46153846153846,26.169999999999995,22.54,22.375,24.46,24.754545454545454,25.346153846153847,24.307692307692307,49.5,8.4,34.5,4.239999999999782,0.6,267.9,2.0,0.725,27.7,19.62008822,False
2022-07-31 07:15:00,0.0,100.91666666666667,70.42857142857143,0.0,0.0,44.266666666666666,40.92857142857143,26.209999999999997,22.75,22.7,24.57,24.91818181818182,25.56,24.428571428571427,38.09090909090909,0.0,35.0,3.5200000000004366,5.636363636363637,179.54545454545453,2.0363636363636357,0.8690909090909091,28.0,14.285849259999999,False
2022-07-31 07:30:00,27.083333333333332,84.92857142857143,90.46153846153847,23.636363636363637,19.5,66.58333333333333,13.0,26.250000000000004,22.4,22.461538461538456,24.62727272727273,24.71,25.09166666666667,24.24,51.8,15.2,35.6,4.720000000000255,0.65,316.2,2.04,0.7310000000000001,28.333333333333332,21.41139288,False
2022-07-31 07:45:00,0.0,94.6923076923077,56.0,0.0,0.0,51.714285714285715,34.42857142857143,25.966666666666672,22.715384615384615,22.55,24.583333333333332,24.30909090909091,25.242857142857144,24.550000000000004,44.9,0.0,33.9,4.039999999999964,4.6,243.9,1.9600000000000002,0.8379999999999999,28.5,16.87470086,False
2022-08-23 16:15:00,,,,,,,,,,,,,,,,,,2.7999999999992724,,,,,,,False
2022-08-23 16:30:00,,,,,,,,,,,,,,,,,,3.1200000000008004,,,,,,,False
2022-08-23 16:45:00,,,,,,,,,,,,,,,,,,3.0799999999999272,,,,,,,False
2022-08-23 17:00:00,,,,,,,,,,,,,,,,,,3.639999999999418,,,,,,,False
2022-08-23 17:15:00,,,,,,,,,,,,,,,,,,4.399999999999636,,,,,,,False
2022-08-23 17:30:00,,,,,,,,,,,,,,,,,,2.5600000000013097,,,,,,,False
2022-08-23 17:45:00,,,,,,,,,,,,,,,,,,2.9200000000000728,,,,,,,False
2022-08-23 18:00:00,,,,,,,,,,,,,,,,,,3.679999999998472,,,,,,,False
2022-08-23 18:15:00,,,,,,,,,,,,,,,,,,3.4800000000013824,,,,,,,False
2022-08-23 18:30:00,,,,,,,,,,,,,,,,,,2.8400000000001455,,,,,,,False
2022-08-23 18:45:00,,,,,,,,,,,,,,,,,,2.4799999999995634,,,,,,,False
2022-08-23 19:00:00,,,,,,,,,,,,,,,,,,5.440000000000509,,,,,,,False
2022-08-23 19:15:00,,,,,,,,,,,,,,,,,,0.039999999999054126,,,,,,,False
2022-08-23 19:45:00,,,,,,,,,,,,,,,,,,1.1599999999998545,,,,,,,False
2022-08-23 20:00:00,,,,,,,,,,,,,,,,,,3.960000000000946,,,,,,,False
2022-08-23 20:15:00,,,,,,,,,,,,,,,,,,3.5599999999994907,,,,,,,False
2022-08-23 20:30:00,,,,,,,,,,,,,,,,,,3.2000000000007276,,,,,,,False
2022-08-23 20:45:00,,,,,,,,,,,,,,,,,,2.9200000000000728,,,,,,,False
2022-08-23 21:00:00,,,,,,,,,,,,,,,,,,2.8799999999991996,,,,,,,False
2022-08-23 21:15:00,,,,,,,,,,,,,,,,,,0.039999999999054126,,,,,,,False
2022-08-29 10:30:00,,,,,,,,,,,,,,,,,,2.8000000000010914,,,,,,,False
2022-08-29 10:45:00,,,,,,,,,,,,,,,,,,1.5599999999994907,,,,,,,False
2022-08-29 11:00:00,,,,,,,,,,,,,,,,,,1.9599999999991269,,,,,,,False
2022-08-29 11:15:00,,,,,,,,,,,,,,,,,,5.520000000000437,,,,,,,False
2022-08-29 11:30:00,,,,,,,,,,,,,,,,,,3.2399999999997817,,,,,,,False
2022-08-29 11:45:00,,,,,,,,,,,,,,,,,,2.399999999999636,,,,,,,False
2022-08-29 12:00:00,,,,,,,,,,,,,,,,,,3.360000000000582,,,,,,,False
2022-08-29 12:15:00,,,,,,,,,,,,,,,,,,1.8000000000010914,,,,,,,False
2022-08-29 12:30:00,,,,,,,,,,,,,,,,,,0.039999999999054126,,,,,31.9,,False
2022-08-29 14:00:00,,,,,,,,,,,,,,,,,,4.8400000000001455,,,,,30.7,,False
2022-08-29 14:15:00,,,,,,,,,,,,,,,,,,2.8400000000001455,,,,,,,False
2022-08-29 14:30:00,,,,,,,,,,,,,,,,,,2.1999999999989086,,,,,30.566666666666666,,False
2022-08-29 14:45:00,,,,,,,,,,,,,,,,,,2.320000000001528,,,,,30.6,,False
2022-08-29 15:00:00,,,,,,,,,,,,,,,,,,0.3599999999987631,,,,,,,False
2022-08-29 15:15:00,,,,,,,,,,,,,,,,,,0.040000000000873115,,,,,31.65,,False
2022-08-29 16:00:00,,,,,,,,,,,,,,,,,,2.5599999999994907,,,,,32.3,,False
2022-08-29 16:15:00,,,,,,,,,,,,,,,,,,3.600000000000364,,,,,32.2,,False
2022-08-29 16:30:00,,,,,,,,,,,,,,,,,,3.2000000000007276,,,,,,,False
2022-08-29 16:45:00,,,,,,,,,,,,,,,,,,2.4799999999995634,,,,,32.666666666666664,,False
2022-08-29 17:00:00,,,,,,,,,,,,,,,,,,0.6399999999994179,,,,,,,False
2022-08-29 18:15:00,,,,,,,,,,,,,,,,,,0.7999999999992724,,,,,32.2,,False
2022-08-29 18:30:00,,,,,,,,,,,,,,,,,,8.160000000001673,,,,,,,False
2022-08-29 18:45:00,,,,,,,,,,,,,,,,,,6.039999999999054,,,,,31.7,,False
2022-08-29 19:00:00,,,,,,,,,,,,,,,,,,4.280000000000655,,,,,31.5,,False
2022-08-29 19:45:00,,,,,,,,,,,,,,,,,,2.8400000000001455,,,,,31.3,,False
2022-08-29 20:00:00,,,,,,,,,,,,,,,,,,1.8400000000001455,,,,,,,False
2022-08-29 20:15:00,,,,,,,,,,,,,,,,,,3.9200000000000728,,,,,31.100000000000005,,False
2022-08-29 20:30:00,,,,,,,,,,,,,,,,,,2.039999999999054,,,,,,,False
2022-08-29 20:45:00,,,,,,,,,,,,,,,,,,0.3999999999996362,,,,,30.8,,False
2022-08-29 21:00:00,,,,,,,,,,,,,,,,,,0.040000000000873115,,,,,30.833333333333332,,False
2022-08-30 08:15:00,,,,,,,,,,,,,,,,,,1.2799999999988358,,,,,29.1,,False
2022-08-30 08:30:00,,,,,,,,,,,,,,,,,,3.9200000000000728,,,,,,,False
2022-08-30 08:45:00,,,,,,,,,,,,,,,,,,3.8400000000001455,,,,,29.25,,False
2022-08-30 09:00:00,,,,,,,,,,,,,,,,,,0.040000000000873115,,,,,,,False
2022-08-30 11:45:00,,,,,,,,,,,,,,,,,,4.279999999998836,,,,,32.1,,False
2022-08-30 12:00:00,,,,,,,,,,,,,,,,,,0.07999999999992724,,,,,,,False
2022-08-30 14:00:00,,,,,,,,,,,,,,,,,,3.600000000000364,,,,,,,False
2022-08-30 14:15:00,,,,,,,,,,,,,,,,,,3.8400000000001455,,,,,28.1,,False
2022-08-30 14:30:00,,,,,,,,,,,,,,,,,,0.6000000000003638,,,,,28.65,,False
2022-08-30 14:45:00,,,,,,,,,,,,,,,,,,4.719999999999345,,,,,29.0,,False
2022-08-30 15:00:00,,,,,,,,,,,,,,,,,,3.360000000000582,,,,,30.066666666666666,,False
2022-08-30 15:15:00,,,,,,,,,,,,,,,,,,0.040000000000873115,,,,,30.96666666666667,,False
2022-08-30 16:15:00,,,,,,,,,,,,,,,,,,0.039999999999054126,,,,,,,False
2022-08-30 17:15:00,,,,,,,,,,,,,,,,,,0.040000000000873115,,,,,,,False
2022-08-30 18:00:00,,,,,,,,,,,,,,,,,,0.039999999999054126,,,,,27.35,,False
2022-08-30 19:00:00,,,,,,,,,,,,,,,,,,0.040000000000873115,,,,,27.333333333333332,,False
2022-08-30 20:00:00,,,,,,,,,,,,,,,,,,0.039999999999054126,,,,,,,False
2022-08-30 21:00:00,,,,,,,,,,,,,,,,,,0.040000000000873115,,,,,27.7,,False
2022-08-30 22:00:00,,,,,,,,,,,,,,,,,,0.039999999999054126,,,,,,,False
2022-08-30 23:15:00,,,,,,,,,,,,,,,,,,0.040000000000873115,,,,,27.733333333333334,,False
2022-08-31 00:15:00,,,,,,,,,,,,,,,,,,0.039999999999054126,,,,,,,False
2022-08-31 01:15:00,,,,,,,,,,,,,,,,,,0.040000000000873115,,,,,27.633333333333336,,False
2022-08-31 02:30:00,,,,,,,,,,,,,,,,,,0.039999999999054126,,,,,,,False
2022-08-31 03:30:00,,,,,,,,,,,,,,,,,,0.040000000000873115,,,,,27.100000000000005,,False
2022-08-31 04:30:00,,,,,,,,,,,,,,,,,,0.039999999999054126,,,,,27.2,,False
2022-08-31 05:30:00,,,,,,,,,,,,,,,,,,0.040000000000873115,,,,,27.0,,False
2022-08-31 06:30:00,,,,,,,,,,,,,,,,,,0.039999999999054126,,,,,27.2,,False
2022-08-31 07:45:00,,,,,,,,,,,,,,,,,,0.040000000000873115,,,,,28.15,,False
2022-08-31 08:45:00,,,,,,,,,,,,,,,,,,0.039999999999054126,,,,,29.25,,False
2022-08-31 09:45:00,,,,,,,,,,,,,,,,,,0.040000000000873115,,,,,,,False
2022-08-31 10:45:00,,,,,,,,,,,,,,,,,,0.039999999999054126,,,,,,,False
2022-08-31 11:30:00,,,,,,,,,,,,,,,,,,0.040000000000873115,,,,,32.5,,False
2022-08-31 12:30:00,,,,,,,,,,,,,,,,,,0.039999999999054126,,,,,33.1,,False
2022-08-31 13:15:00,,,,,,,,,,,,,,,,,,0.040000000000873115,,,,,34.1,,False
2022-08-31 14:15:00,,,,,,,,,,,,,,,,,,0.040000000000873115,,,,,35.25,,False
2022-08-31 15:15:00,,,,,,,,,,,,,,,,,,0.039999999999054126,,,,,34.9,,False
2022-08-31 16:00:00,,,,,,,,,,,,,,,,,,0.040000000000873115,,,,,34.333333333333336,,False
2022-08-31 17:00:00,,,,,,,,,,,,,,,,,,0.039999999999054126,,,,,31.666666666666668,,False
2022-08-31 17:45:00,,,,,,,,,,,,,,,,,,0.040000000000873115,,,,,27.96666666666667,,False
2022-08-31 18:45:00,,,,,,,,,,,,,,,,,,0.039999999999054126,,,,,28.433333333333334,,False
2022-08-31 19:30:00,,,,,,,,,,,,,,,,,,0.040000000000873115,,,,,28.8,,False
2022-08-31 20:30:00,,,,,,,,,,,,,,,,,,0.039999999999054126,,,,,28.96666666666667,,False
2022-08-31 21:30:00,,,,,,,,,,,,,,,,,,0.040000000000873115,,,,,29.0,,False
2022-08-31 22:30:00,,,,,,,,,,,,,,,,,,0.039999999999054126,,,,,29.100000000000005,,False
2022-08-31 23:45:00,,,,,,,,,,,,,,,,,,0.040000000000873115,,,,,29.133333333333336,,False
2022-09-01 01:00:00,,,,,,,,,,,,,,,,,,0.039999999999054126,,,,,28.7,,False
2022-09-01 02:15:00,,,,,,,,,,,,,,,,,,0.040000000000873115,,,,,28.5,,False
2022-09-01 03:15:00,,,,,,,,,,,,,,,,,,0.039999999999054126,,,,,28.066666666666666,,False
2022-09-01 04:30:00,,,,,,,,,,,,,,,,,,0.040000000000873115,,,,,27.2,,False
2022-09-01 05:45:00,,,,,,,,,,,,,,,,,,0.039999999999054126,,,,,27.5,,False
2022-09-01 07:00:00,,,,,,,,,,,,,,,,,,0.040000000000873115,,,,,27.633333333333336,,False
2022-09-01 08:15:00,,,,,,,,,,,,,,,,,,0.039999999999054126,,,,,28.133333333333336,,False
2022-09-01 09:15:00,,,,,,,,,,,,,,,,,,0.040000000000873115,,,,,29.0,,False
2022-09-01 10:00:00,,,,,,,,,,,,,,,,,,0.013333333332411712,,,,,30.099999999999998,,False
2022-09-01 10:15:00,,,,,,,,,,,,,,,,,,0.026666666666642413,,,,,29.933333333333334,,False
2022-09-01 11:00:00,,,,,,,,,,,,,,,,,,0.040000000000873115,,,,,30.433333333333334,,False
2022-09-01 12:00:00,,,,,,,,,,,,,,,,,,0.039999999999054126,,,,,30.400000000000002,,False
2022-09-01 13:00:00,,,,,,,,,,,,,,,,,,0.040000000000873115,,,,,31.53333333333333,,False
2022-09-01 14:00:00,,,,,,,,,,,,,,,,,,0.039999999999054126,,,,,31.733333333333334,,False
2022-09-01 15:00:00,,,,,,,,,,,,,,,,,,0.040000000000873115,,,,,31.46666666666667,,False
2022-09-01 16:00:00,,,,,,,,,,,,,,,,,,0.040000000000873115,,,,,32.166666666666664,,False
2022-09-01 16:45:00,,,,,,,,,,,,,,,,,,0.020000000000436557,,,,,32.03333333333333,,False
2022-09-01 17:00:00,,,,,,,,,,,,,,,,,,0.019999999998617568,,,,,31.833333333333332,,False
2022-09-01 17:45:00,,,,,,,,,,,,,,,,,,0.020000000000436557,,,,,31.633333333333336,,False
2022-09-01 18:00:00,,,,,,,,,,,,,,,,,,0.020000000000436557,,,,,31.5,,False
2022-09-01 18:45:00,,,,,,,,,,,,,,,,,,0.019999999998617568,,,,,,,False
2022-09-01 19:00:00,,,,,,,,,,,,,,,,,,0.020000000000436557,,,,,31.133333333333336,,False
2022-09-01 19:45:00,,,,,,,,,,,,,,,,,,0.020000000000436557,,,,,30.766666666666666,,False
2022-09-01 20:00:00,,,,,,,,,,,,,,,,,,0.020000000000436557,,,,,30.566666666666666,,False
2022-09-01 21:00:00,,,,,,,,,,,,,,,,,,0.039999999999054126,,,,,30.3,,False
2022-09-01 22:00:00,,,,,,,,,,,,,,,,,,0.040000000000873115,,,,,30.0,,False
2022-09-01 23:15:00,,,,,,,,,,,,,,,,,,0.039999999999054126,,,,,29.5,,False
2022-09-02 00:15:00,,,,,,,,,,,,,,,,,,0.020000000000436557,,,,,29.400000000000002,,False
2022-09-02 00:30:00,,,,,,,,,,,,,,,,,,0.020000000000436557,,,,,29.266666666666666,,False
2022-09-02 01:30:00,,,,,,,,,,,,,,,,,,0.039999999999054126,,,,,28.6,,False
2022-09-02 02:45:00,,,,,,,,,,,,,,,,,,0.040000000000873115,,,,,28.066666666666666,,False
2022-09-02 03:45:00,,,,,,,,,,,,,,,,,,0.019999999998617568,,,,,27.333333333333332,,False
2022-09-02 04:00:00,,,,,,,,,,,,,,,,,,0.020000000000436557,,,,,27.3,,False
2022-09-02 05:00:00,,,,,,,,,,,,,,,,,,0.040000000000873115,,,,,26.899999999999995,,False
2022-09-02 06:15:00,,,,,,,,,,,,,,,,,,0.039999999999054126,,,,,26.7,,False
2022-09-02 07:15:00,,,,,,,,,,,,,,,,,,0.020000000000436557,,,,,27.133333333333336,,False
2022-09-02 07:30:00,,,,,,,,,,,,,,,,,,0.020000000000436557,,,,,27.25,,False
2022-09-02 08:15:00,,,,,,,,,,,,,,,,,,0.039999999999054126,,,,,27.833333333333332,,False
2022-09-02 09:15:00,,,,,,,,,,,,,,,,,,0.040000000000873115,,,,,29.03333333333333,,False
2022-09-02 09:30:00,,,,,,,,,,,,,,,,,,0.05999999999949068,,,,,28.866666666666664,,False
2022-09-02 09:45:00,,,,,,,,,,,,,,,,,,0.12000000000080036,,,,,29.0,,False
2022-09-02 10:00:00,,,,,,,,,,,,,,,,,,0.09999999999854481,,,,,,,False
2022-09-02 10:15:00,,,,,,,,,,,,,,,,,,0.12000000000080036,,,,,29.3,,False
2022-09-02 10:30:00,,,,,,,,,,,,,,,,,,5.1599999999998545,,,,,29.566666666666666,,False
2022-09-02 10:45:00,,,,,,,,,,,,,,,,,,4.960000000000946,,,,,30.166666666666668,,False
2022-09-02 11:00:00,,,,,,,,,,,,,,,,,,7.599999999998545,,,,,30.36666666666667,,False
2022-09-02 11:15:00,,,,,,,,,,,,,,,,,,7.280000000000655,,,,,30.3,,False
2022-09-02 11:30:00,,,,,,,,,,,,,,,,,,1.319999999999709,,,,,30.566666666666666,,False
2022-09-02 14:00:00,,,,,,,,,,,,,,,,,,1.2800000000006548,,,,,31.733333333333334,,False
2022-09-02 14:15:00,,,,,,,,,,,,,,,,,,1.9200000000000728,,,,,,,False
2022-09-02 14:30:00,,,,,,,,,,,,,,,,,,2.0799999999999272,,,,,31.8,,False
2022-09-02 14:45:00,,,,,,,,,,,,,,,,,,1.3999999999996362,,,,,32.199999999999996,,False
2022-09-02 15:00:00,,,,,,,,,,,,,,,,,,2.4400000000005093,,,,,32.1,,False
2022-09-02 15:15:00,,,,,,,,,,,,,,,,,,2.5599999999994907,,,,,,,False
2022-09-02 15:30:00,,,,,,,,,,,,,,,,,,4.360000000000582,,,,,32.099999999999994,,False
2022-09-02 15:45:00,,,,,,,,,,,,,,,,,,3.9200000000000728,,,,,32.833333333333336,,False
2022-09-02 16:00:00,,,,,,,,,,,,,,,,,,2.5599999999994907,,,,,32.55,,False
2022-09-02 16:15:00,,,,,,,,,,,,,,,,,,3.1599999999998545,,,,,,,False
2022-09-02 16:30:00,,,,,,,,,,,,,,,,,,3.5599999999994907,,,,,,,False
2022-09-02 16:45:00,,,,,,,,,,,,,,,,,,2.8400000000001455,,,,,32.2,,False
2022-09-02 17:00:00,,,,,,,,,,,,,,,,,,2.399999999999636,,,,,31.700000000000003,,False
2022-09-02 17:15:00,,,,,,,,,,,,,,,,,,3.1200000000008004,,,,,31.7,,False
2022-09-02 17:30:00,,,,,,,,,,,,,,,,,,1.7399999999997817,,,,,,,False
2022-09-02 17:45:00,,,,,,,,,,,,,,,,,,1.8999999999996362,,,,,31.366666666666664,,False
2022-09-02 18:00:00,,,,,,,,,,,,,,,,,,1.8400000000001455,,,,,31.3,,False
2022-09-02 18:15:00,,,,,,,,,,,,,,,,,,2.2000000000007276,,,,,31.2,,False
2022-09-02 18:30:00,,,,,,,,,,,,,,,,,,1.5200000000004366,,,,,,,False
2022-09-02 18:45:00,,,,,,,,,,,,,,,,,,1.3999999999996362,,,,,30.96666666666667,,False
2022-09-02 19:00:00,,,,,,,,,,,,,,,,,,3.0799999999999272,,,,,30.96666666666667,,False
2022-09-02 19:15:00,,,,,,,,,,,,,,,,,,0.039999999999054126,,,,,30.96666666666667,,False
2022-09-03 08:30:00,,,,,,,,,,,,,,,,,,2.640000000001237,,,,,28.099999999999998,,False
2022-09-03 08:45:00,,,,,,,,,,,,,,,,,,1.359999999998763,,,,,28.133333333333336,,False
2022-09-03 09:00:00,,,,,,,,,,,,,,,,,,4.1599999999998545,,,,,28.600000000000005,,False
2022-09-03 09:15:00,,,,,,,,,,,,,,,,,,1.0799999999999272,,,,,28.73333333333333,,False
2022-09-03 10:00:00,,,,,,,,,,,,,,,,,,3.040000000000873,,,,,29.433333333333337,,False
2022-09-03 10:15:00,,,,,,,,,,,,,,,,,,1.680000000000291,,,,,29.566666666666666,,False
2022-09-03 10:30:00,,,,,,,,,,,,,,,,,,1.8400000000001455,,,,,29.833333333333332,,False
2022-09-03 10:45:00,,,,,,,,,,,,,,,,,,0.07999999999992724,,,,,30.133333333333336,,False
2022-09-03 11:00:00,,,,,,,,,,,,,,,,,,2.600000000000364,,,,,30.53333333333333,,False
2022-09-03 11:15:00,,,,,,,,,,,,,,,,,,1.9599999999991269,,,,,30.53333333333333,,False
2022-09-03 11:30:00,,,,,,,,,,,,,,,,,,0.040000000000873115,,,,,30.8,,False
2022-09-03 12:00:00,,,,,,,,,,,,,,,,,,3.1599999999998545,,,,,31.066666666666666,,False
2022-09-03 12:15:00,,,,,,,,,,,,,,,,,,2.9200000000000728,,,,,31.53333333333333,,False
2022-09-03 12:30:00,,,,,,,,,,,,,,,,,,1.4399999999986903,,,,,31.53333333333333,,False
2022-09-03 12:45:00,,,,,,,,,,,,,,,,,,0.040000000000873115,,,,,31.833333333333332,,False
2022-09-03 13:45:00,,,,,,,,,,,,,,,,,,1.1199999999989814,,,,,32.76666666666667,,False
2022-09-03 14:00:00,,,,,,,,,,,,,,,,,,7.079999999999927,,,,,32.55,,False
2022-09-03 14:15:00,,,,,,,,,,,,,,,,,,5.8400000000001455,,,,,32.5,,False
2022-09-03 14:30:00,,,,,,,,,,,,,,,,,,7.1599999999998545,,,,,32.833333333333336,,False
2022-09-03 14:45:00,,,,,,,,,,,,,,,,,,6.0,,,,,32.93333333333333,,False
2022-09-03 15:00:00,,,,,,,,,,,,,,,,,,7.1600000000016735,,,,,33.0,,False
2022-09-03 15:15:00,,,,,,,,,,,,,,,,,,5.679999999998472,,,,,,,False
2022-09-03 15:30:00,,,,,,,,,,,,,,,,,,2.5200000000004366,,,,,33.300000000000004,,False
2022-09-03 15:45:00,,,,,,,,,,,,,,,,,,2.680000000000291,,,,,33.150000000000006,,False
2022-09-03 16:00:00,,,,,,,,,,,,,,,,,,2.2000000000007276,,,,,,,False
2022-09-03 16:15:00,,,,,,,,,,,,,,,,,,2.0799999999999272,,,,,33.25,,False
2022-09-03 16:30:00,,,,,,,,,,,,,,,,,,2.5199999999986176,,,,,32.974999999999994,,False
2022-09-03 16:45:00,,,,,,,,,,,,,,,,,,1.7200000000011642,,,,,32.9,,False
2022-09-03 17:00:00,,,,,,,,,,,,,,,,,,3.8400000000001455,,,,,32.83333333333333,,False
2022-09-03 17:15:00,,,,,,,,,,,,,,,,,,1.4399999999986903,,,,,32.8,,False
2022-09-03 17:30:00,,,,,,,,,,,,,,,,,,1.8000000000010914,,,,,,,False
2022-09-03 17:45:00,,,,,,,,,,,,,,,,,,1.680000000000291,,,,,32.150000000000006,,False
2022-09-03 18:00:00,,,,,,,,,,,,,,,,,,1.9200000000000728,,,,,32.0,,False
2022-09-03 18:15:00,,,,,,,,,,,,,,,,,,1.3999999999996362,,,,,,,False
2022-09-03 18:30:00,,,,,,,,,,,,,,,,,,1.319999999999709,,,,,31.7,,False
2022-09-04 08:15:00,,,,,,,,,,,,,,,,,,0.07999999999992724,,,,,28.366666666666664,,False
2022-09-04 08:30:00,,,,,,,,,,,,,,,,,,4.079999999999927,,,,,28.35,,False
2022-09-04 08:45:00,,,,,,,,,,,,,,,,,,0.9600000000009459,,,,,,,False
2022-09-05 08:30:00,,,,,,,,,,,,,,,,,,2.719999999999345,,,,,29.1,,False
2022-09-05 08:45:00,,,,,,,,,,,,,,,,,,4.280000000000655,,,,,,,False
2022-09-05 09:00:00,,,,,,,,,,,,,,,,,,1.7199999999993452,,,,,29.6,,False
2022-09-05 10:00:00,,,,,,,,,,,,,,,,,,4.440000000000509,,,,,30.933333333333334,,False
2022-09-05 10:15:00,,,,,,,,,,,,,,,,,,2.4399999999986903,,,,,31.03333333333333,,False
2022-09-05 10:30:00,,,,,,,,,,,,,,,,,,0.9600000000009459,,,,,31.03333333333333,,False
2022-09-05 10:45:00,,,,,,,,,,,,,,,,,,0.039999999999054126,,,,,31.46666666666667,,False
2022-09-05 11:00:00,,,,,,,,,,,,,,,,,,1.4400000000005093,,,,,31.333333333333332,,False
2022-09-05 11:15:00,,,,,,,,,,,,,,,,,,5.6599999999998545,,,,,31.833333333333332,,False
2022-09-05 11:30:00,,,,,,,,,,,,,,,,,,3.4200000000000728,,,,,32.03333333333333,,False
2022-09-05 11:45:00,,,,,,,,,,,,,,,,,,7.079999999999927,,,,,32.266666666666666,,False
2022-09-05 12:00:00,,,,,,,,,,,,,,,,,,0.6000000000003638,,,,,32.63333333333333,,False
2022-09-05 12:15:00,,,,,,,,,,,,,,,,,,2.1199999999989814,,,,,32.33333333333333,,False
2022-09-05 12:30:00,,,,,,,,,,,,,,,,,,0.5200000000004366,,,,,33.199999999999996,,False
2022-09-05 13:00:00,,,,,,,,,,,,,,,,,,0.040000000000873115,,,,,32.86666666666667,,False
2022-09-05 13:30:00,,,,,,,,,,,,,,,,,,0.039999999999054126,,,,,33.46666666666667,,False
2022-09-05 15:30:00,,,,,,,,,,,,,,,,,,0.9600000000009459,,,,,34.3,,False
2022-09-05 15:45:00,,,,,,,,,,,,,,,,,,5.8799999999992,,,,,33.7,,False
2022-09-05 16:00:00,,,,,,,,,,,,,,,,,,2.7600000000002183,,,,,,,False
2022-09-05 16:15:00,,,,,,,,,,,,,,,,,,5.600000000000364,,,,,34.05,,False
2022-09-05 16:30:00,,,,,,,,,,,,,,,,,,3.1199999999989814,,,,,33.7,,False
2022-09-05 16:45:00,,,,,,,,,,,,,,,,,,2.400000000001455,,,,,,,False
2022-09-05 17:00:00,,,,,,,,,,,,,,,,,,2.4799999999995634,,,,,33.75,,False
2022-09-05 17:15:00,,,,,,,,,,,,,,,,,,2.4799999999995634,,,,,33.73333333333333,,False
2022-09-05 17:30:00,,,,,,,,,,,,,,,,,,3.8400000000001455,,,,,33.33333333333333,,False
2022-09-05 17:45:00,,,,,,,,,,,,,,,,,,2.680000000000291,,,,,,,False
2022-09-05 18:00:00,,,,,,,,,,,,,,,,,,2.280000000000655,,,,,32.8,,False
2022-09-05 18:15:00,,,,,,,,,,,,,,,,,,0.039999999999054126,,,,,32.666666666666664,,False
2022-09-05 18:45:00,,,,,,,,,,,,,,,,,,0.9600000000009459,,,,,32.4,,False
2022-09-05 19:00:00,,,,,,,,,,,,,,,,,,2.7999999999992724,,,,,,,False
2022-09-05 20:00:00,,,,,,,,,,,,,,,,,,1.9200000000000728,,,,,,,False
2022-09-05 20:15:00,,,,,,,,,,,,,,,,,,4.319999999999709,,,,,31.8,,False
2022-09-05 20:30:00,,,,,,,,,,,,,,,,,,2.639999999999418,,,,,31.7,,False
2022-09-05 20:45:00,,,,,,,,,,,,,,,,,,3.720000000001164,,,,,31.666666666666668,,False
2022-09-05 21:00:00,,,,,,,,,,,,,,,,,,0.31999999999970896,,,,,,,False
2022-09-05 21:15:00,,,,,,,,,,,,,,,,,,0.039999999999054126,,,,,31.5,,False
2022-09-06 08:15:00,,,,,,,,,,,,,,,,,,2.4800000000013824,,,,,30.799999999999997,,False
2022-09-06 08:30:00,,,,,,,,,,,,,,,,,,3.9200000000000728,,,,,30.866666666666664,,False
2022-09-06 08:45:00,,,,,,,,,,,,,,,,,,4.1599999999998545,,,,,31.03333333333333,,False
2022-09-06 09:00:00,,,,,,,,,,,,,,,,,,1.7600000000002183,,,,,,,False
2022-09-06 09:15:00,,,,,,,,,,,,,,,,,,1.5199999999986176,,,,,33.1,,False
2022-09-06 09:30:00,,,,,,,,,,,,,,,,,,1.7200000000011642,,,,,33.13333333333333,,False
2022-09-06 09:45:00,,,,,,,,,,,,,,,,,,1.680000000000291,,,,,33.6,,False
2022-09-06 10:00:00,,,,,,,,,,,,,,,,,,1.8799999999991996,,,,,33.8,,False
2022-09-06 10:15:00,,,,,,,,,,,,,,,,,,0.039999999999054126,,,,,,,False
2022-09-06 10:45:00,,,,,,,,,,,,,,,,,,1.8400000000001455,,,,,34.6,,False
2022-09-06 11:00:00,,,,,,,,,,,,,,,,,,2.5600000000013097,,,,,34.53333333333333,,False
2022-09-06 11:15:00,,,,,,,,,,,,,,,,,,0.7199999999993452,,,,,34.800000000000004,,False
2022-09-06 11:30:00,,,,,,,,,,,,,,,,,,2.2000000000007276,,,,,35.166666666666664,,False
2022-09-06 11:45:00,,,,,,,,,,,,,,,,,,1.9599999999991269,,,,,34.833333333333336,,False
2022-09-06 12:00:00,,,,,,,,,,,,,,,,,,1.319999999999709,,,,,35.333333333333336,,False
2022-09-06 12:15:00,,,,,,,,,,,,,,,,,,1.5200000000004366,,,,,34.93333333333333,,False
2022-09-06 12:30:00,,,,,,,,,,,,,,,,,,2.5200000000004366,,,,,35.233333333333334,,False
2022-09-06 12:45:00,,,,,,,,,,,,,,,,,,3.680000000000291,,,,,34.699999999999996,,False
2022-09-06 13:15:00,,,,,,,,,,,,,,,,,,0.039999999999054126,,,,,35.76666666666667,,False
2022-09-06 14:30:00,,,,,,,,,,,,,,,,,,3.720000000001164,,,,,35.666666666666664,,False
2022-09-06 14:45:00,,,,,,,,,,,,,,,,,,3.959999999999127,,,,,36.166666666666664,,False
2022-09-06 15:00:00,,,,,,,,,,,,,,,,,,2.639999999999418,,,,,35.96666666666667,,False
2022-09-06 15:15:00,,,,,,,,,,,,,,,,,,2.600000000000364,,,,,35.575,,False
2022-09-06 15:30:00,,,,,,,,,,,,,,,,,,2.600000000000364,,,,,35.5,,False
2022-09-06 15:45:00,,,,,,,,,,,,,,,,,,2.8799999999991996,,,,,35.46666666666667,,False
2022-09-06 16:00:00,,,,,,,,,,,,,,,,,,3.400000000001455,,,,,35.46666666666666,,False
2022-09-06 16:15:00,,,,,,,,,,,,,,,,,,2.679999999998472,,,,,35.36666666666667,,False
2022-09-06 16:30:00,,,,,,,,,,,,,,,,,,0.040000000000873115,,,,,35.43333333333334,,False
2022-09-07 08:30:00,,,,,,,,,,,,,,,,,,4.760000000000218,,,,,30.3,,False
2022-09-07 08:45:00,,,,,,,,,,,,,,,,,,0.23999999999978172,,,,,30.633333333333336,,False
2022-09-07 09:00:00,,,,,,,,,,,,,,,,,,0.039999999999054126,,,,,30.866666666666664,,False
2022-09-07 09:45:00,,,,,,,,,,,,,,,,,,0.040000000000873115,,,,,31.2,,False
2022-09-07 10:00:00,,,,,,,,,,,,,,,,,,7.280000000000655,,,,,31.23333333333333,,False
2022-09-07 10:15:00,,,,,,,,,,,,,,,,,,4.639999999999418,,,,,31.666666666666668,,False
2022-09-07 10:30:00,,,,,,,,,,,,,,,,,,0.07999999999992724,,,,,32.0,,False
2022-09-07 10:45:00,,,,,,,,,,,,,,,,,,0.4400000000005093,,,,,31.96666666666667,,False
2022-09-07 11:00:00,,,,,,,,,,,,,,,,,,2.4799999999995634,,,,,32.03333333333333,,False
2022-09-07 11:15:00,,,,,,,,,,,,,,,,,,4.8799999999992,,,,,32.266666666666666,,False
2022-09-07 11:30:00,,,,,,,,,,,,,,,,,,3.680000000000291,,,,,32.3,,False
2022-09-07 11:45:00,,,,,,,,,,,,,,,,,,3.680000000000291,,,,,32.233333333333334,,False
2022-09-07 12:00:00,,,,,,,,,,,,,,,,,,3.2399999999997817,,,,,32.03333333333333,,False
2022-09-07 12:15:00,,,,,,,,,,,,,,,,,,5.880000000001019,,,,,32.2,,False
2022-09-07 12:30:00,,,,,,,,,,,,,,,,,,6.079999999999927,,,,,32.96666666666666,,False
2022-09-07 12:45:00,,,,,,,,,,,,,,,,,,3.0799999999999272,,,,,32.766666666666666,,False
2022-09-07 13:00:00,,,,,,,,,,,,,,,,,,3.279999999998836,,,,,32.13333333333333,,False
2022-09-07 13:15:00,,,,,,,,,,,,,,,,,,2.680000000000291,,,,,32.1,,False
2022-09-07 13:30:00,,,,,,,,,,,,,,,,,,2.4799999999995634,,,,,32.36666666666667,,False
2022-09-07 13:45:00,,,,,,,,,,,,,,,,,,3.1200000000008004,,,,,32.666666666666664,,False
2022-09-07 14:00:00,,,,,,,,,,,,,,,,,,3.7999999999992724,,,,,32.96666666666667,,False
2022-09-07 14:15:00,,,,,,,,,,,,,,,,,,4.600000000000364,,,,,33.4,,False
2022-09-07 17:00:00,,,,,,,,,,,,,,,,,,2.8799999999991996,,,,,30.866666666666664,,False
2022-09-08 10:15:00,,,,,,,,,,,,,,,,,,11.279999999998836,,,,,30.9,,False
2022-09-13 12:30:00,0.0,0.0,0.0,0.0,0.0,0.0,63.75,32.300000000000004,33.75555555555555,34.199999999999996,33.5,33.300000000000004,32.88888888888889,24.924999999999997,21.5,0.0,32.875,3.5199999999986176,12.375,425.125,1.9000000000000001,1.0987500000000001,35.5,9.601946931,False
2022-09-15 16:15:00,50.333333333333336,0.0,0.0,0.0,0.0,0.0,60.4,25.716666666666665,29.42222222222223,29.93333333333333,29.333333333333332,29.744444444444436,29.055555555555557,25.490000000000002,20.444444444444443,0.0,34.666666666666664,4.079999999999927,14.777777777777779,439.44444444444446,2.011111111111111,1.1644444444444444,35.0,8.891875170999999,False
2022-09-20 14:30:00,,,,,,,,,,,,,,,,,,8.360000000000582,,,,,30.6,,False
2022-09-20 19:00:00,,,,,,,,,,,,,,,,,,0.9600000000009459,,,,,29.2,,False
2022-09-22 07:00:00,,,,,,,,,,,,,,,,,,0.039999999999054126,,,,,27.5,,False
2022-09-22 07:30:00,,,,,,,,,,,,,,,,,,0.040000000000873115,,,,,28.3,,False
2022-09-23 05:15:00,,,,,,,,,,,,,,,,,,0.039999999999054126,,,,,26.7,,False
2022-09-24 22:30:00,54.0,0.0,0.0,0.0,0.0,0.0,0.0,27.375000000000004,30.0,30.5,30.312500000000004,30.112499999999997,30.325000000000003,30.287500000000005,15.428571428571429,0.0,36.285714285714285,1.319999999999709,3.5,0.0,2.1,0.7985714285714286,,,False
2022-09-25 10:15:00,54.0,0.0,0.0,0.0,0.0,0.0,0.0,26.599999999999994,30.166666666666668,31.355555555555554,30.51,30.709999999999997,30.350000000000005,30.5,14.88888888888889,0.0,37.22222222222222,1.1599999999998545,4.166666666666667,0.0,2.122222222222222,0.8133333333333336,,,False
2022-09-28 11:00:00,97.07142857142857,0.0,0.0,0.0,0.0,0.0,0.0,27.75714285714286,31.9,32.054545454545455,32.300000000000004,31.563636363636363,32.190909090909095,27.24545454545455,11.88888888888889,0.0,31.444444444444443,0.1999999999989086,15.666666666666666,257.6666666666667,1.822222222222222,1.1944444444444444,31.7,5.398733874,False
2022-09-28 18:45:00,32.5,32.5,32.5,32.5,32.5,32.5,53.8,29.837500000000002,30.8375,31.15,31.2,30.837500000000002,31.1875,24.010000000000005,29.875,21.75,33.125,3.680000000000291,3.1875,226.875,1.9249999999999998,0.8074999999999999,,17.22071196,False
2022-10-02 00:00:00,0.0,0.0,0.0,0.0,0.0,0.0,54.90909090909091,28.90909090909091,29.55,30.599999999999994,30.72,30.43,29.020000000000003,23.381818181818176,15.8,0.0,27.9,0.8399999999983265,14.15,208.4,1.67,1.152,28.3,7.873826091,False
2022-10-02 00:15:00,0.0,0.0,0.0,0.0,0.0,0.0,68.63636363636364,29.18,29.84444444444445,30.699999999999996,30.87777777777778,30.611111111111104,29.233333333333334,23.38181818181818,10.3,0.0,27.6,1.0800000000017462,15.9,163.1,1.65,1.2,,5.327186094,False
2022-10-02 10:00:00,0.0,0.0,0.0,0.0,0.0,0.0,75.5,30.262500000000003,31.187499999999996,31.5,31.599999999999998,31.300000000000004,30.28888888888889,23.380000000000003,10.0,0.0,30.5,1.4599999999991269,14.5,288.0,1.7874999999999996,1.1562500000000002,,4.171200258,False
2022-10-02 13:45:00,0.0,0.0,0.0,0.0,0.0,0.0,58.07692307692308,28.35454545454546,29.300000000000008,30.200000000000003,30.55454545454546,30.34545454545454,28.54545454545455,23.46923076923077,7.4,0.0,32.5,1.5199999999986176,15.45,217.8,1.8800000000000001,1.1949999999999998,,2.637911129,False
2022-10-02 15:15:00,0.0,0.0,0.0,0.0,0.0,0.0,75.5,29.639999999999997,30.649999999999995,31.07,31.5,31.199999999999992,29.64545454545454,23.41666666666666,14.7,0.0,33.3,1.639999999999418,15.25,326.1,1.92,1.1809999999999998,33.9,6.385881163,False
2022-10-03 02:00:00,0.0,0.0,0.0,0.0,0.0,0.0,54.90909090909091,27.433333333333337,28.833333333333332,29.366666666666667,29.909999999999997,29.759999999999998,27.55,23.55454545454546,8.88888888888889,0.0,27.333333333333332,0.8799999999991996,16.555555555555557,148.0,1.6444444444444446,1.2222222222222223,,4.913305787,False
2022-10-09 10:15:00,14.444444444444445,14.444444444444445,14.444444444444445,25.0,43.2,14.444444444444445,14.444444444444445,27.722222222222218,25.055555555555557,24.955555555555556,25.260000000000005,25.45,27.922222222222224,27.566666666666666,10.444444444444445,3.2222222222222223,30.88888888888889,0.8799999999991996,7.666666666666667,125.22222222222223,1.7777777777777777,0.9366666666666666,28.2,3.768165856,False
2022-10-09 10:30:00,0.0,0.0,16.77777777777778,67.11111111111111,25.166666666666668,0.0,0.0,26.58888888888889,25.362499999999997,25.87777777777778,25.355555555555554,25.575000000000003,27.4,27.25,8.88888888888889,0.0,30.555555555555557,0.5599999999994907,10.055555555555555,119.33333333333333,1.7666666666666666,0.9933333333333333,28.2,2.712840071,False
2022-10-14 16:30:00,0.0,0.0,0.0,0.0,0.0,0.0,49.333333333333336,30.309090909090912,30.290000000000003,30.390000000000004,30.4,30.1,30.0,29.225000000000005,12.444444444444445,0.0,28.88888888888889,0.1999999999989086,16.77777777777778,221.77777777777777,1.7333333333333334,1.2644444444444443,30.6,5.981114192,False
2022-10-14 16:45:00,0.0,0.0,0.0,0.0,0.0,0.0,156.45454545454547,30.08181818181818,30.15,30.21,30.281818181818185,30.00909090909091,29.669999999999995,23.927272727272733,15.333333333333334,0.0,31.444444444444443,1.7600000000002183,4.611111111111111,272.6666666666667,1.8333333333333333,0.8366666666666668,30.1,3.679462932,False
2022-10-14 17:00:00,0.0,0.0,0.0,0.0,0.0,0.0,73.5,29.96363636363636,30.04,30.1,30.199999999999996,30.0,29.27,23.533333333333335,12.5,0.0,31.1,0.8400000000001455,8.05,261.4,1.7900000000000003,0.946,,3.433812377,False
2022-10-14 18:00:00,0.0,0.0,0.0,0.0,0.0,0.0,0.0,30.0,30.0,30.1,30.199999999999992,29.899999999999995,29.300000000000008,28.683333333333326,0.0,0.0,29.0,0.039999999999054126,14.818181818181818,0.0,1.6999999999999995,1.1563636363636365,,0.0,False
2022-10-16 10:45:00,,,,,,,,,,,,,,,0.0,0.0,26.5,0.040000000000873115,26.75,0.0,1.5999999999999999,1.6349999999999998,27.7,,False
2022-10-16 14:00:00,,,,,,,,,,,,,,,0.0,0.0,27.0,0.039999999999054126,27.5,0.0,1.6,1.6700000000000002,,,False
2022-10-16 15:15:00,,,,,,,,,,,,,,,0.0,0.0,27.0,0.040000000000873115,27.5,0.0,1.5999999999999999,1.67,29.7,,False
2022-10-16 16:30:00,,,,,,,,,,,,,,,0.0,0.0,27.0,0.040000000000873115,27.5,0.0,1.5999999999999999,1.67,,,False
2022-10-17 08:00:00,0.0,0.0,0.0,0.0,0.0,0.0,107.15384615384616,31.55454545454546,32.27272727272728,32.300000000000004,32.300000000000004,32.199999999999996,30.72,28.24615384615385,13.125,0.0,29.0,0.9599999999991269,8.125,163.0,1.7125000000000001,0.9774999999999998,26.6,3.936448982,False
2022-10-17 08:15:00,0.0,0.0,0.0,0.0,0.0,0.0,85.38461538461539,31.477777777777778,32.25555555555556,32.300000000000004,32.300000000000004,32.18888888888889,30.188888888888886,25.5,7.8,0.0,28.6,0.47999999999956344,9.1,112.2,1.6600000000000001,0.984,26.75,2.3211582949999996,False
2022-10-17 08:30:00,0.0,0.0,0.0,0.0,0.0,0.0,0.0,31.4,32.24999999999999,32.24999999999999,32.300000000000004,32.10000000000001,29.87272727272728,26.410000000000004,0.0,0.0,27.571428571428573,0.07999999999992724,14.071428571428571,0.0,1.6285714285714283,1.1257142857142857,26.799999999999997,0.0,False
2022-10-18 15:45:00,0.0,0.0,0.0,0.0,0.0,0.0,167.33333333333334,31.145454545454548,30.86363636363637,31.6,31.5,30.899999999999995,30.699999999999992,27.375000000000004,24.363636363636363,0.0,30.636363636363637,1.319999999999709,3.727272727272727,171.45454545454547,1.8,0.8190909090909089,23.6,7.046723216999999,False
2022-10-18 16:00:00,0.0,0.0,0.0,0.0,0.0,0.0,266.9,31.033333333333335,30.800000000000004,31.599999999999998,31.5,30.866666666666667,30.699999999999996,23.009999999999998,29.625,0.0,33.875,2.040000000000873,2.25,215.875,1.95,0.7675000000000001,23.45,6.156064293,False
2022-10-19 08:15:00,0.0,0.0,0.0,0.0,0.0,0.0,0.0,30.699999999999996,30.1,31.1,30.9,30.300000000000004,30.0,29.530769230769238,0.0,0.0,22.0,0.039999999999054126,22.0,0.0,1.4000000000000001,1.4344444444444442,21.6,,False
2022-10-19 08:30:00,0.0,0.0,0.0,0.0,0.0,0.0,54.90909090909091,30.640000000000004,30.1,31.1,30.9,30.300000000000004,30.0,26.86363636363636,6.444444444444445,0.0,25.11111111111111,0.3600000000005821,10.38888888888889,54.888888888888886,1.5333333333333334,1.008888888888889,21.85,2.0481184,False
2022-10-20 11:45:00,0.0,0.0,0.0,0.0,0.0,0.0,187.1,30.35555555555556,30.433333333333337,31.099999999999998,30.900000000000002,30.366666666666667,30.06666666666667,24.88,23.625,0.0,30.75,0.23999999999978172,-1.4375,215.5,1.7875000000000003,0.665,27.2,4.480290071000001,False
2022-10-20 12:00:00,0.0,0.0,0.0,0.0,0.0,0.0,106.61538461538461,30.13333333333334,30.4,31.1,30.890000000000004,30.290000000000003,30.0,23.60769230769231,7.2727272727272725,0.0,28.272727272727273,1.5200000000004366,10.272727272727273,107.63636363636364,1.6818181818181819,1.01,27.55,2.1572561030000004,False
2022-10-20 12:15:00,0.0,0.0,0.0,0.0,0.0,0.0,0.0,30.060000000000002,30.400000000000002,31.099999999999998,30.88888888888889,30.26666666666667,30.0,24.28888888888889,0.0,0.0,27.77777777777778,0.47999999999956344,13.666666666666666,0.0,1.6444444444444442,1.1111111111111112,27.9,0.0,False
2022-10-20 12:45:00,0.0,0.0,0.0,0.0,0.0,0.0,0.0,30.074999999999996,30.300000000000004,30.9875,30.800000000000004,30.199999999999996,30.0,24.900000000000002,0.0,0.0,28.75,0.040000000000873115,15.375,0.0,1.7125,1.17,27.8,0.0,False
2022-10-21 08:45:00,0.0,0.0,0.0,0.0,0.0,0.0,27.454545454545453,29.11111111111111,29.166666666666668,30.022222222222226,29.688888888888886,29.266666666666666,29.044444444444448,26.50909090909091,0.0,0.0,26.875,2.599999999998545,4.25,41.375,1.6249999999999998,0.8200000000000001,,,False
2022-10-21 09:00:00,0.0,0.0,0.0,0.0,0.0,0.0,0.0,28.020000000000003,28.5,29.310000000000002,28.889999999999997,28.660000000000004,28.139999999999997,27.25,0.0,0.0,27.1,0.16000000000167347,10.35,0.0,1.5999999999999999,1.0,26.3,0.0,False
2022-10-22 10:00:00,0.0,0.0,0.0,0.0,0.0,0.0,0.0,30.14999999999999,30.276190476190475,30.657142857142844,30.515384615384626,30.08846153846156,30.440000000000005,30.438461538461542,0.0,0.0,27.0,0.039999999999054126,27.0,0.0,1.6000000000000005,1.6572222222222222,27.5,0.0,False
2022-10-22 14:30:00,0.0,0.0,0.0,0.0,0.0,0.0,202.33333333333334,30.127272727272725,30.845454545454547,31.33636363636364,30.8090909090909,30.772727272727266,30.818181818181817,24.95,20.0,0.0,33.6,1.639999999999418,3.0,467.7,1.9499999999999997,0.792,32.4,5.099079633,False
2022-10-22 14:45:00,0.0,0.0,0.0,0.0,0.0,0.0,109.0,29.737499999999997,30.699999999999996,31.187499999999996,30.624999999999996,30.624999999999996,30.624999999999996,24.799999999999997,19.5,0.0,33.25,1.5600000000013097,4.25,580.75,1.925,0.8325,32.6,5.38186506,False
2022-10-22 15:00:00,0.0,0.0,0.0,0.0,0.0,0.0,117.14285714285714,29.649999999999995,30.699999999999992,31.199999999999992,30.6,30.6,30.54166666666667,24.621428571428574,10.5,0.0,33.0,2.2399999999997817,6.65,450.2,1.9300000000000002,0.9,,2.230437633,False
2022-10-22 15:15:00,0.0,0.0,0.0,0.0,0.0,0.0,83.0,29.72222222222222,30.699999999999996,31.199999999999996,30.679999999999996,30.6,30.6,24.638461538461538,9.375,0.0,33.375,1.359999999998763,8.4375,337.75,1.925,0.9525,32.9,2.133601188,False
2022-10-22 15:30:00,0.0,0.0,0.0,0.0,0.0,0.0,99.23076923076923,29.841666666666665,30.76666666666667,31.216666666666665,30.699999999999992,30.63636363636363,30.60909090909091,24.4,7.181818181818182,0.0,33.45454545454545,1.1600000000016735,8.590909090909092,407.09090909090907,1.9090909090909087,0.9536363636363638,32.8,1.451872427,False
2022-10-22 15:45:00,0.0,0.0,0.0,0.0,0.0,0.0,55.666666666666664,29.95,30.889999999999997,31.300000000000004,30.810000000000002,30.699999999999996,30.699999999999996,24.63333333333333,5.75,0.0,33.375,1.0799999999999272,9.5,269.0,1.925,0.98125,32.8,1.178761164,False
2022-10-22 16:00:00,0.0,0.0,0.0,0.0,0.0,0.0,62.916666666666664,30.0,30.91818181818182,31.36363636363636,30.920000000000005,30.699999999999996,30.699999999999996,24.599999999999998,5.7,0.0,33.3,1.0799999999999272,10.05,295.1,1.9099999999999997,1.004,,1.260897242,False
2022-10-22 16:15:00,0.0,0.0,0.0,0.0,0.0,0.0,0.0,30.07,31.0,31.411111111111115,31.04444444444444,30.78888888888889,30.699999999999996,25.26,0.0,0.0,34.0,1.0799999999999272,13.61111111111111,0.0,1.9666666666666666,1.1111111111111112,,0.0,False
2022-10-23 08:45:00,,,,,,,,,,,,,,,0.0,0.0,27.0,0.039999999999054126,27.0,0.0,1.6000000000000005,1.6438888888888885,27.3,,False
2022-10-23 09:45:00,,,,,,,,,,,,,,,0.0,0.0,27.0,0.040000000000873115,27.0,0.0,1.5999999999999999,1.6599999999999997,28.2,,False
2022-10-23 10:45:00,,,,,,,,,,,,,,,0.0,0.0,27.0,0.039999999999054126,27.3,0.0,1.5999999999999999,1.666,29.0,,False
2022-10-23 11:45:00,229.47619047619048,0.0,0.0,0.0,0.0,0.0,0.0,22.990476190476187,28.28947368421052,28.54736842105263,28.673684210526314,28.415789473684214,27.99473684210527,28.095,26.27777777777778,0.0,32.27777777777778,1.319999999999709,1.1666666666666667,634.2222222222222,1.8833333333333329,0.7316666666666668,31.1,4.352794406,False
2022-10-23 12:00:00,262.95652173913044,0.0,0.0,0.0,0.0,0.0,0.0,18.44347826086956,28.73684210526315,29.305263157894736,29.360000000000003,28.81428571428571,28.268181818181816,28.531818181818196,37.8,0.0,32.95,2.5600000000013097,0.675,585.85,1.8999999999999992,0.7190000000000001,,6.3255454129999995,False
2022-10-23 12:15:00,44.0,0.0,0.0,0.0,0.0,0.0,0.0,20.423999999999996,29.234999999999996,29.965000000000003,29.926086956521743,29.278260869565216,28.757142857142856,28.93636363636364,1.8421052631578947,0.0,31.57894736842105,2.8400000000001455,12.578947368421053,86.89473684210526,1.831578947368421,1.0789473684210524,31.5,,False
2022-10-23 13:00:00,34.84615384615385,0.0,0.0,0.0,0.0,0.0,0.0,25.553846153846152,30.49,31.21,31.01,30.450000000000006,29.98,30.040000000000003,2.5,0.0,32.4,0.5599999999994907,11.9,165.0,1.8800000000000001,1.057,,,False
2022-10-23 13:15:00,25.166666666666668,0.0,0.0,0.0,0.0,0.0,0.0,25.49166666666667,30.72222222222222,31.45555555555556,31.24444444444445,30.688888888888886,30.255555555555556,30.300000000000004,2.625,0.0,32.375,0.7199999999993452,11.5625,103.75,1.9000000000000001,1.04625,31.5,0.2203446656,False
2022-10-23 13:30:00,81.3076923076923,0.0,0.0,0.0,0.0,0.0,0.0,25.207692307692312,30.972727272727276,31.563636363636366,31.454545454545453,30.87272727272727,30.518181818181823,30.525000000000006,7.0,0.0,33.2,0.9600000000009459,8.65,354.8,1.9299999999999997,0.954,,1.392231415,False
2022-10-23 13:45:00,50.333333333333336,0.0,0.0,0.0,0.0,0.0,0.0,25.383333333333336,31.154545454545453,31.727272727272727,31.51,31.05,30.689999999999998,30.669999999999998,4.375,0.0,32.875,0.6399999999994179,10.875,214.75,1.9125,1.0237500000000002,33.0,0.5357591595,False
2022-10-23 14:00:00,53.294117647058826,0.0,0.0,0.0,0.0,0.0,0.0,25.723529411764705,31.341666666666665,31.86666666666666,31.641666666666662,31.233333333333334,30.83333333333333,30.74166666666667,0.0,0.0,33.0,0.5599999999994907,11.9,85.2,1.9100000000000001,1.058,,,False
2022-10-23 14:15:00,0.0,0.0,0.0,0.0,0.0,0.0,0.0,26.711111111111112,31.4875,31.9875,31.775000000000006,31.37777777777778,30.977777777777778,30.900000000000002,0.0,0.0,34.25,0.6000000000003638,18.5625,0.0,2.0,1.30125,32.4,0.0,False
2022-10-23 14:30:00,0.0,0.0,0.0,0.0,0.0,0.0,0.0,26.9,31.540000000000003,32.11,31.87272727272727,31.5,31.141666666666662,31.058333333333337,0.0,0.0,35.7,0.040000000000873115,19.35,0.0,2.0500000000000003,1.3210000000000002,,0.0,False
2022-10-23 15:45:00,,,,,,,,,,,,,,,0.0,0.0,34.0,0.039999999999054126,21.076923076923077,0.0,2.0,1.4015384615384616,,,False
2022-10-23 16:30:00,,,,,,,,,,,,,,,0.0,0.0,33.9,0.040000000000873115,21.95,0.0,1.9,1.4289999999999998,33.4,,False
2022-10-23 17:30:00,,,,,,,,,,,,,,,0.0,0.0,32.0,0.039999999999054126,22.5,0.0,1.8444444444444446,1.4499999999999997,32.4,,False
2022-10-24 07:45:00,19.5,19.5,19.5,19.5,19.5,19.5,112.0,30.690000000000005,31.160000000000004,32.24,31.889999999999993,31.5,31.45,26.566666666666674,26.11111111111111,16.444444444444443,29.666666666666668,0.7200000000011642,1.6111111111111112,188.0,1.7444444444444445,0.7622222222222222,25.8,12.19818974,False
2022-10-24 08:00:00,0.0,,0.0,0.0,0.0,0.0,149.63636363636363,29.322222222222226,,31.27777777777778,30.799999999999994,30.488888888888894,30.11111111111111,25.6,13.88888888888889,0.0,29.444444444444443,2.4399999999986903,4.944444444444445,162.88888888888889,1.7333333333333334,0.8488888888888889,,,False
2022-10-24 08:15:00,0.0,,0.0,0.0,0.0,0.0,53.92857142857143,28.254545454545454,,30.809090909090912,30.25454545454545,29.999999999999996,29.354545454545452,25.635714285714283,10.444444444444445,0.0,28.22222222222222,0.6000000000003638,8.444444444444445,69.11111111111111,1.6666666666666667,0.9611111111111114,,,False
2022-10-24 08:30:00,0.0,,0.0,0.0,0.0,0.0,0.0,28.108333333333334,,30.74,30.199999999999996,29.889999999999997,29.01,26.309999999999995,0.0,0.0,28.0,0.680000000000291,14.5,0.0,1.6999999999999995,1.1445454545454545,26.4,,False
2022-10-24 12:00:00,0.0,,0.0,0.0,0.0,0.0,93.27272727272727,30.588888888888885,,31.38888888888889,30.733333333333334,30.555555555555557,30.966666666666665,25.454545454545453,10.666666666666666,0.0,30.11111111111111,1.4799999999995634,9.055555555555555,271.44444444444446,1.7555555555555555,0.9777777777777776,29.3,,False
2022-10-24 12:15:00,0.0,,0.0,0.0,0.0,0.0,43.142857142857146,30.669999999999998,,31.463636363636365,30.830000000000002,30.6,31.127272727272725,25.60714285714286,4.888888888888889,0.0,30.333333333333332,0.7200000000011642,9.88888888888889,150.33333333333334,1.7777777777777777,0.9966666666666666,,,False
2022-10-24 12:30:00,0.0,,0.0,0.0,0.0,0.0,46.46153846153846,30.699999999999992,,31.5,30.927272727272733,30.699999999999992,31.209090909090904,25.630769230769236,3.5555555555555554,0.0,30.444444444444443,0.9599999999991269,12.88888888888889,93.44444444444444,1.788888888888889,1.0888888888888888,30.8,,False
2022-10-24 12:45:00,0.0,,0.0,0.0,0.0,0.0,0.0,30.699999999999996,,31.5,31.022222222222222,30.699999999999996,31.322222222222226,27.119999999999997,0.0,0.0,31.125,0.07999999999992724,15.6875,0.0,1.8000000000000003,1.1837499999999999,,,False
2022-10-31 11:30:00,37.75,,0.0,0.0,0.0,0.0,0.0,23.725,,30.566666666666666,29.875,29.9,28.899999999999995,29.8,0.0,0.0,26.25,0.3600000000005821,14.25,82.75,1.6,1.14,25.7,,False
2022-10-31 11:45:00,,,,,,,,,,,,,,,,,,3.600000000000364,,,,,,,False
2022-10-31 12:00:00,,,,,,,,,,,,,,,,,,2.5200000000004366,,,,,26.1,,False
2022-10-31 12:15:00,,,,,,,,,,,,,,,,,,1.1199999999989814,,,,,,,False
2022-10-31 13:15:00,,,,,,,,,,,,,,,,,,0.040000000000873115,,,,,,,False
2022-10-31 13:30:00,,,,,,,,,,,,,,,,,,0.3599999999987631,,,,,26.7,,False
2022-10-31 14:00:00,,,,,,,,,,,,,,,,,,0.28000000000065484,,,,,27.0,,False
2022-10-31 14:15:00,,,,,,,,,,,,,,,,,,0.07999999999992724,,,,,,,False
2022-10-31 14:30:00,,,,,,,,,,,,,,,,,,0.23999999999978172,,,,,26.4,,False
2022-10-31 14:45:00,,,,,,,,,,,,,,,,,,0.28000000000065484,,,,,,,False
2022-10-31 15:00:00,,,,,,,,,,,,,,,,,,0.1999999999989086,,,,,26.3,,False
2022-10-31 15:15:00,,,,,,,,,,,,,,,,,,0.040000000000873115,,,,,,,False
2022-10-31 15:30:00,,,,,,,,,,,,,,,,,,0.28000000000065484,,,,,26.3,,False
2022-10-31 15:45:00,,,,,,,,,,,,,,,,,,0.27999999999883585,,,,,,,False
2022-10-31 16:00:00,,,,,,,,,,,,,,,,,,0.040000000000873115,,,,,26.4,,False
2022-10-31 16:15:00,,,,,,,,,,,,,,,,,,0.27999999999883585,,,,,,,False
2022-10-31 16:30:00,,,,,,,,,,,,,,,,,,0.28000000000065484,,,,,26.3,,False
2022-10-31 16:45:00,,,,,,,,,,,,,,,,,,0.28000000000065484,,,,,,,False
2022-10-31 17:00:00,,,,,,,,,,,,,,,,,,0.23999999999978172,,,,,,,False
2022-10-31 17:15:00,,,,,,,,,,,,,,,,,,0.039999999999054126,,,,,26.3,,False
2022-10-31 17:30:00,,,,,,,,,,,,,,,,,,0.28000000000065484,,,,,,,False
2022-10-31 18:30:00,,,,,,,,,,,,,,,,,,0.040000000000873115,,,,,,,False
2022-10-31 19:15:00,,,,,,,,,,,,,,,,,,0.039999999999054126,,,,,26.0,,False
2022-10-31 20:15:00,,,,,,,,,,,,,,,,,,0.040000000000873115,,,,,24.9,,False
2022-10-31 21:15:00,,,,,,,,,,,,,,,,,,0.039999999999054126,,,,,24.5,,False
2022-10-31 22:00:00,,,,,,,,,,,,,,,,,,0.040000000000873115,,,,,,,False
2022-10-31 23:00:00,,,,,,,,,,,,,,,,,,0.039999999999054126,,,,,,,False
2022-11-01 00:00:00,,,,,,,,,,,,,,,,,,0.040000000000873115,,,,,,,False
2022-11-01 00:45:00,,,,,,,,,,,,,,,,,,0.039999999999054126,,,,,23.8,,False
2022-11-01 01:45:00,,,,,,,,,,,,,,,,,,0.040000000000873115,,,,,23.4,,False
2022-11-01 02:45:00,,,,,,,,,,,,,,,,,,0.039999999999054126,,,,,23.1,,False
2022-11-01 03:45:00,,,,,,,,,,,,,,,,,,0.040000000000873115,,,,,,,False
2022-11-01 04:30:00,,,,,,,,,,,,,,,,,,0.039999999999054126,,,,,22.3,,False
2022-11-01 05:30:00,,,,,,,,,,,,,,,,,,0.040000000000873115,,,,,21.9,,False
2022-11-01 06:15:00,,,,,,,,,,,,,,,,,,0.039999999999054126,,,,,,,False
2022-11-01 07:15:00,,,,,,,,,,,,,,,,,,0.040000000000873115,,,,,,,False
2022-11-01 08:00:00,,,,,,,,,,,,,,,,,,0.3599999999987631,,,,,21.7,,False
2022-11-01 08:30:00,,,,,,,,,,,,,,,,,,0.28000000000065484,,,,,22.4,,False
2022-11-01 09:00:00,,,,,,,,,,,,,,,,,,0.3999999999996362,,,,,23.7,,False
2022-11-01 10:45:00,,,,,,,,,,,,,,,,,,0.6400000000012369,,,,,,,False
2022-11-01 11:00:00,,,,,,,,,,,,,,,,,,0.1999999999989086,,,,,24.6,,False
2022-11-01 11:15:00,,,,,,,,,,,,,,,,,,0.15999999999985448,,,,,,,False
2022-11-01 11:30:00,,,,,,,,,,,,,,,,,,0.3600000000005821,,,,,25.8,,False
2022-11-01 12:00:00,,,,,,,,,,,,,,,,,,0.040000000000873115,,,,,25.4,,False
2022-11-02 08:30:00,0.0,0.0,0.0,,0.0,,62.916666666666664,29.941666666666663,29.5,30.300000000000008,,29.610000000000003,,25.325,5.111111111111111,0.0,20.77777777777778,0.31999999999970896,9.555555555555555,16.77777777777778,1.3555555555555558,0.9888888888888889,17.2,,False
2022-11-02 08:45:00,0.0,0.0,0.0,,0.0,,0.0,29.9,29.5,30.21999999999999,,29.6,,25.65,0.0,0.0,18.0,0.039999999999054126,13.5,0.0,1.2142857142857142,1.1042857142857145,,,False
2022-11-02 09:00:00,0.0,0.0,0.0,,0.0,,70.46666666666667,29.899999999999995,29.436363636363634,30.199999999999992,,29.6,,25.286666666666672,3.9,0.0,20.7,0.15999999999985448,10.2,0.0,1.3400000000000003,1.012,17.3,,False
2022-11-02 09:15:00,0.0,0.0,0.0,,0.0,,0.0,29.9,29.4,30.199999999999996,,29.527272727272727,,26.691666666666666,0.0,0.0,18.11111111111111,0.12000000000080036,15.555555555555555,0.0,1.2444444444444445,1.1766666666666665,,,False
2022-11-02 11:45:00,0.0,0.0,0.0,,0.0,,113.66666666666667,29.83333333333334,29.300000000000004,30.1,,29.4,,27.250000000000004,16.333333333333332,0.0,24.555555555555557,0.23999999999978172,3.1666666666666665,46.888888888888886,1.5111111111111106,0.8033333333333333,18.2,,False
2022-11-02 12:00:00,0.0,0.0,0.0,,0.0,,107.84615384615384,29.800000000000008,29.300000000000008,30.1,,29.4,,24.415384615384617,0.0,0.0,22.875,0.9200000000000728,17.75,0.0,1.4500000000000002,1.2637500000000002,,,False
2022-11-02 12:15:00,0.0,0.0,0.0,,0.0,,82.36363636363636,29.800000000000004,29.300000000000004,30.099999999999998,,29.400000000000002,,24.327272727272728,0.0,0.0,21.8,0.4400000000005093,14.2,0.0,1.4,1.134,18.1,,False
2022-11-02 12:30:00,0.0,0.0,0.0,,0.0,,0.0,29.75555555555555,29.300000000000004,30.1,,29.400000000000002,,26.07,0.0,0.0,19.625,0.039999999999054126,13.0,0.0,1.3,1.09,,,False
2022-11-03 08:30:00,0.0,0.0,0.0,,0.0,,62.916666666666664,29.300000000000008,28.5,29.4,,28.699999999999996,,24.750000000000004,2.8,0.0,21.2,0.3600000000005821,11.1,38.2,1.38,1.0320000000000003,,,False
2022-11-03 09:15:00,0.0,0.0,0.0,,0.0,,0.0,29.300000000000004,28.5,29.4,,28.699999999999996,,27.579999999999995,0.0,0.0,19.0,0.039999999999054126,15.714285714285714,0.0,1.3,1.181428571428571,18.8,,False
2022-11-10 11:45:00,0.0,0.0,0.0,,0.0,0.0,57.642857142857146,28.89999999999999,28.699999999999996,29.5,,28.800000000000004,28.800000000000004,27.835714285714282,15.333333333333334,0.0,26.88888888888889,0.3400000000001455,10.5,152.77777777777777,1.6333333333333335,1.0577777777777777,24.9,,False
2022-11-10 12:00:00,0.0,0.0,0.0,,0.0,0.0,349.0,28.89999999999999,28.699999999999996,29.5,,28.855555555555554,28.800000000000004,22.233333333333334,33.44444444444444,0.0,34.111111111111114,2.0600000000013097,0.7222222222222222,219.66666666666666,1.9777777777777779,0.7222222222222221,24.9,,False
2022-11-10 12:15:00,0.0,0.0,0.0,,0.0,0.0,204.83333333333334,28.899999999999988,28.74444444444445,29.57777777777779,,28.900000000000002,28.800000000000004,20.074999999999996,21.88888888888889,0.0,29.555555555555557,1.6599999999998545,3.7222222222222223,185.0,1.7333333333333332,0.8177777777777777,25.2,,False
2022-11-10 12:30:00,0.0,0.0,0.0,,0.0,0.0,18.0,28.89999999999999,28.800000000000004,29.60000000000001,,28.900000000000002,28.800000000000004,22.22222222222222,0.0,0.0,28.22222222222222,0.37999999999919964,11.722222222222221,0.0,1.7111111111111108,1.0455555555555556,25.700000000000003,,False
2022-11-11 00:00:00,0.0,,0.0,,,0.0,,29.1375,,29.699999999999996,,,29.099999999999998,,,,,0.31999999999970896,,,,,22.6,,False
2022-11-11 00:30:00,0.0,,0.0,,,0.0,,29.1,,29.599999999999998,,,29.099999999999998,,,,,0.020000000000436557,,,,,22.3,,False
2022-11-11 00:45:00,0.0,,0.0,,,0.0,,29.100000000000005,,29.6,,,29.1,,,,,0.020000000000436557,,,,,22.2,,False
2022-11-11 01:30:00,0.0,,0.0,,,0.0,,29.1,,29.6,,,29.1,,,,,0.039999999999054126,,,,,22.25,,False
2022-11-11 02:15:00,0.0,,0.0,,,0.0,,29.1,,29.5,,,29.1,,,,,0.040000000000873115,,,,,21.9,,False
2022-11-11 03:00:00,0.0,,0.0,,,0.0,,29.099999999999998,,29.5,,,29.099999999999998,,,,,0.039999999999054126,,,,,21.7,,False
2022-11-11 03:45:00,0.0,,0.0,,,0.0,,29.100000000000005,,29.5,,,29.199999999999996,,,,,0.040000000000873115,,,,,21.8,,False
2022-11-11 04:30:00,0.0,,0.0,,,0.0,,29.199999999999996,,29.5,,,29.199999999999996,,,,,0.039999999999054126,,,,,22.0,,False
2022-11-11 05:15:00,0.0,,0.0,,,0.0,,29.199999999999996,,29.5,,,29.199999999999996,,,,,0.040000000000873115,,,,,22.2,,False
2022-11-11 06:00:00,0.0,,0.0,,,0.0,,29.199999999999992,,29.5,,,29.199999999999996,,,,,0.039999999999054126,,,,,22.2,,False
2022-11-11 06:45:00,0.0,,0.0,,,0.0,,29.199999999999996,,29.5,,,29.199999999999996,,,,,0.020000000000436557,,,,,22.0,,False
2022-11-11 07:00:00,0.0,,0.0,,,0.0,,29.199999999999996,,29.5,,,29.199999999999992,,,,,0.020000000000436557,,,,,22.150000000000002,,False
2022-11-11 07:30:00,0.0,,0.0,,,0.0,,29.199999999999996,,29.5,,,29.199999999999996,,,,,0.019999999998617568,,,,,22.4,,False
2022-11-11 07:45:00,0.0,,0.0,,,0.0,,29.199999999999996,,29.5,,,29.199999999999996,,,,,0.020000000000436557,,,,,22.7,,False
2022-11-11 08:30:00,0.0,,0.0,,,0.0,,29.199999999999996,,29.599999999999998,,,29.199999999999996,,,,,0.040000000000873115,,,,,23.700000000000003,,False
2022-11-11 09:15:00,0.0,,0.0,,,0.0,,29.300000000000004,,29.699999999999996,,,29.22,,,,,0.2000000000007276,,,,,25.4,,False
2022-11-11 09:30:00,0.0,,0.0,,,0.0,,29.222222222222214,,29.699999999999996,,,29.199999999999996,,,,,0.3599999999987631,,,,,25.75,,False
2022-11-11 09:45:00,0.0,,0.0,,,0.0,,29.199999999999996,,29.699999999999996,,,29.199999999999996,,,,,0.3000000000010914,,,,,25.6,,False
2022-11-11 10:00:00,0.0,,0.0,,,0.0,,29.199999999999996,,29.78888888888889,,,29.199999999999996,,,,,0.17999999999847205,,,,,26.2,,False
2022-11-11 10:15:00,0.0,,0.0,,,0.0,,29.21111111111111,,29.800000000000004,,,29.199999999999996,,,,,0.4600000000009459,,,,,26.5,,False
2022-11-11 10:30:00,0.0,,0.0,,,0.0,,29.290000000000003,,29.833333333333332,,,29.255555555555556,,,,,0.020000000000436557,,,,,26.3,,False
2022-11-11 15:15:00,0.0,,0.0,,,0.0,,29.300000000000004,,30.0,,,29.4,,,,,0.21999999999934516,,,,,28.9,,False
2022-11-11 15:30:00,0.0,,0.0,,,0.0,,29.300000000000004,,30.0,,,29.4,,,,,1.7200000000011642,,,,,28.8,,False
2022-11-11 15:45:00,0.0,,0.0,,,0.0,,29.300000000000008,,30.0,,,29.399999999999995,,,,,0.5399999999990541,,,,,28.9,,False
2022-11-11 16:00:00,0.0,,0.0,,,0.0,,29.300000000000004,,30.0,,,29.400000000000002,,,,,0.3599999999987631,,,,,28.8,,False
2022-11-11 16:15:00,0.0,,0.0,,,0.0,,29.300000000000004,,30.0,,,29.4,,,,,0.28000000000065484,,,,,28.7,,False
2022-11-11 16:30:00,0.0,,0.0,,,0.0,,29.300000000000004,,30.0,,,29.400000000000002,,,,,0.48000000000138243,,,,,28.65,,False
2022-11-11 16:45:00,0.0,,0.0,,,0.0,,29.300000000000004,,30.0,,,29.4,,,,,0.47999999999956344,,,,,28.5,,False
2022-11-11 17:00:00,0.0,,0.0,,,0.0,,29.300000000000004,,30.0,,,29.400000000000002,,,,,0.5200000000004366,,,,,28.1,,False
2022-11-11 17:30:00,0.0,,0.0,,,0.0,,29.300000000000008,,30.0,,,29.410000000000004,,,,,0.3999999999996362,,,,,27.4,,False
2022-11-11 18:00:00,0.0,,0.0,,,0.0,,29.300000000000004,,30.0,,,29.5,,,,,0.039999999999054126,,,,,26.849999999999998,,False
2022-11-11 18:15:00,0.0,,0.0,,,0.0,,29.300000000000004,,30.0,,,29.5,,,,,0.2599999999983993,,,,,26.8,,False
2022-11-11 18:30:00,0.0,,0.0,,,0.0,,29.300000000000004,,30.0,,,29.5,,,,,0.1400000000012369,,,,,26.65,,False
2022-11-11 19:15:00,0.0,,0.0,,,0.0,,29.4,,30.0,,,29.5,,,,,0.3600000000005821,,,,,26.0,,False
2022-11-11 19:30:00,0.0,,0.0,,,0.0,,29.4,,30.03,,,29.5,,,,,0.020000000000436557,,,,,25.849999999999998,,False
2022-11-11 19:45:00,0.0,,0.0,,,0.0,,29.4,,30.089999999999996,,,29.5,,,,,0.020000000000436557,,,,,25.7,,False
2022-11-11 20:15:00,0.0,,0.0,,,0.0,,29.4,,30.0,,,29.5,,,,,0.3599999999987631,,,,,25.5,,False
2022-11-11 20:30:00,0.0,,0.0,,,0.0,,29.400000000000002,,30.0,,,29.5,,,,,0.040000000000873115,,,,,25.45,,False
2022-11-11 21:15:00,0.0,,0.0,,,0.0,,29.390909090909087,,30.0,,,29.5,,,,,0.3600000000005821,,,,,25.3,,False
2022-11-11 21:30:00,0.0,,0.0,,,0.0,,29.380000000000003,,30.0,,,29.5,,,,,0.039999999999054126,,,,,25.1,,False
2022-11-11 22:15:00,0.0,,0.0,,,0.0,,29.340000000000003,,30.0,,,29.5,,,,,0.3999999999996362,,,,,24.6,,False
2022-11-11 22:30:00,0.0,,0.0,,,0.0,,29.300000000000004,,30.0,,,29.5,,,,,0.040000000000873115,,,,,24.6,,False
2022-11-11 23:15:00,0.0,,0.0,,,0.0,,29.300000000000004,,30.0,,,29.5,,,,,0.3599999999987631,,,,,24.2,,False
2022-11-11 23:45:00,0.0,,0.0,,,0.0,,29.399999999999995,,30.0,,,29.5,,,,,0.040000000000873115,,,,,24.1,,False
2022-11-12 00:30:00,0.0,,0.0,,,0.0,,29.400000000000002,,30.0,,,29.5,,,,,0.020000000000436557,,,,,23.55,,False
2022-11-12 00:45:00,0.0,,0.0,,,0.0,,29.4,,30.0,,,29.5,,,,,0.019999999998617568,,,,,23.4,,False
2022-11-12 01:30:00,0.0,,0.0,,,0.0,,29.400000000000002,,30.0,,,29.5,,,,,0.040000000000873115,,,,,23.2,,False
2022-11-12 02:30:00,0.0,,0.0,,,0.0,,29.37272727272727,,30.0,,,29.5,,,,,0.040000000000873115,,,,,22.65,,False
2022-11-12 03:15:00,0.0,,0.0,,,0.0,,29.4,,30.0,,,29.570000000000004,,,,,0.039999999999054126,,,,,22.4,,False
2022-11-12 04:15:00,0.0,,0.0,,,0.0,,29.400000000000002,,30.0,,,29.599999999999998,,,,,0.040000000000873115,,,,,22.1,,False
2022-11-12 05:00:00,0.0,,0.0,,,0.0,,29.4,,30.0,,,29.6,,,,,0.019999999998617568,,,,,22.05,,False
2022-11-12 05:15:00,0.0,,0.0,,,0.0,,29.4,,29.939999999999998,,,29.6,,,,,0.020000000000436557,,,,,21.9,,False
2022-11-12 06:00:00,0.0,,0.0,,,0.0,,29.400000000000002,,29.900000000000002,,,29.599999999999998,,,,,0.040000000000873115,,,,,21.9,,False
2022-11-12 07:00:00,0.0,,0.0,,,0.0,,29.45,,29.800000000000004,,,29.599999999999998,,,,,0.039999999999054126,,,,,21.75,,False
2022-11-12 08:00:00,0.0,,0.0,,,0.0,,29.4,,29.800000000000004,,,29.5,,,,,0.040000000000873115,,,,,22.45,,False
2022-11-12 09:15:00,0.0,,0.0,,,0.0,,29.5,,29.900000000000002,,,29.599999999999998,,,,,0.039999999999054126,,,,,24.2,,False
2022-11-12 10:15:00,0.0,,0.0,,,0.0,,29.5,,30.0,,,29.6,,,,,0.5599999999994907,,,,,25.1,,False
2022-11-12 10:45:00,0.0,,0.0,,,0.0,,29.400000000000002,,30.0,,,29.599999999999998,,,,,0.4400000000005093,,,,,25.5,,False
2022-11-12 11:30:00,0.0,,0.0,,,0.0,,29.47,,30.0,,,29.599999999999998,,,,,0.07999999999992724,,,,,26.6,,False
2022-11-12 11:45:00,0.0,,0.0,,,0.0,,29.458333333333332,,30.090909090909097,,,29.6,,,,,0.31999999999970896,,,,,27.1,,False
2022-11-12 12:45:00,0.0,,0.0,,,0.0,,29.511111111111113,,30.199999999999996,,,29.699999999999996,,,,,0.040000000000873115,,,,,27.4,,False
2022-11-13 00:15:00,0.0,,0.0,,,0.0,,29.599999999999998,,30.199999999999996,,,29.800000000000004,,,,,0.3600000000005821,,,,,23.5,,False
2022-11-13 00:30:00,0.0,,0.0,,,0.0,,29.6,,30.199999999999996,,,29.800000000000004,,,,,0.039999999999054126,,,,,23.450000000000003,,False
2022-11-13 01:00:00,0.0,,0.0,,,0.0,,29.6,,30.199999999999996,,,29.800000000000004,,,,,0.040000000000873115,,,,,23.1,,False
2022-11-13 01:45:00,0.0,,0.0,,,0.0,,29.599999999999998,,30.099999999999998,,,29.800000000000004,,,,,0.039999999999054126,,,,,23.0,,False
2022-11-13 02:15:00,0.0,,0.0,,,0.0,,29.6,,30.1,,,29.800000000000004,,,,,0.040000000000873115,,,,,22.7,,False
2022-11-13 03:00:00,0.0,,0.0,,,0.0,,29.6,,30.1,,,29.800000000000008,,,,,0.039999999999054126,,,,,22.650000000000002,,False
2022-11-13 03:30:00,0.0,,0.0,,,0.0,,29.6,,30.1,,,29.800000000000004,,,,,0.040000000000873115,,,,,22.6,,False
2022-11-13 04:15:00,0.0,,0.0,,,0.0,,29.6,,30.0,,,29.800000000000004,,,,,0.039999999999054126,,,,,22.4,,False
2022-11-13 04:45:00,0.0,,0.0,,,0.0,,29.599999999999998,,30.0,,,29.800000000000004,,,,,0.040000000000873115,,,,,22.5,,False
2022-11-13 05:30:00,0.0,,0.0,,,0.0,,29.6,,30.0,,,29.800000000000004,,,,,0.039999999999054126,,,,,22.1,,False
2022-11-13 06:00:00,0.0,,0.0,,,0.0,,29.6,,30.0,,,29.800000000000004,,,,,0.040000000000873115,,,,,22.1,,False
2022-11-13 06:45:00,0.0,,0.0,,,0.0,,29.6,,30.0,,,29.800000000000004,,,,,0.039999999999054126,,,,,22.1,,False
2022-11-13 07:30:00,0.0,,0.0,,,0.0,,29.6,,30.0,,,29.800000000000004,,,,,0.040000000000873115,,,,,22.85,,False
2022-11-13 08:00:00,0.0,,0.0,,,0.0,,29.699999999999992,,30.0,,,29.800000000000004,,,,,0.039999999999054126,,,,,23.650000000000002,,False
2022-11-13 08:45:00,0.0,,0.0,,,0.0,,29.740000000000002,,30.149999999999995,,,29.859999999999996,,,,,0.040000000000873115,,,,,24.6,,False
2022-11-13 09:30:00,0.0,,0.0,,,0.0,,29.900000000000002,,30.270000000000003,,,29.944444444444443,,,,,0.039999999999054126,,,,,26.2,,False
2022-11-13 10:15:00,0.0,,0.0,,,0.0,,30.0,,30.300000000000004,,,30.0,,,,,0.040000000000873115,,,,,26.7,,False
2022-11-13 11:00:00,0.0,,0.0,,,0.0,,30.0,,30.4,,,30.0,,,,,0.039999999999054126,,,,,27.9,,False
2022-11-13 11:45:00,0.0,,0.0,,,0.0,,30.0,,30.400000000000002,,,30.0,,,,,0.040000000000873115,,,,,28.6,,False
2022-11-13 12:30:00,0.0,,0.0,,,0.0,,30.0,,30.400000000000002,,,30.0,,,,,0.039999999999054126,,,,,28.9,,False
2022-11-13 13:15:00,0.0,,0.0,,,0.0,,30.0,,30.4,,,30.0,,,,,0.040000000000873115,,,,,29.8,,False
2022-11-13 14:00:00,0.0,,0.0,,,0.0,,29.988888888888887,,30.400000000000002,,,30.0,,,,,0.039999999999054126,,,,,30.450000000000003,,False
2022-11-13 14:45:00,0.0,,0.0,,,0.0,,29.899999999999995,,30.300000000000008,,,30.0,,,,,0.040000000000873115,,,,,30.9,,False
2022-11-13 15:45:00,0.0,,0.0,,,0.0,,29.800000000000004,,30.300000000000004,,,30.0,,,,,0.040000000000873115,,,,,31.0,,False
2022-11-13 16:30:00,0.0,,0.0,,,0.0,,29.800000000000004,,30.300000000000004,,,29.99,,,,,0.039999999999054126,,,,,30.65,,False
2022-11-13 17:15:00,0.0,,0.0,,,0.0,,29.800000000000004,,30.300000000000004,,,29.9,,,,,0.040000000000873115,,,,,,,False
2022-11-13 17:45:00,0.0,,0.0,,,0.0,,29.78888888888889,,30.300000000000004,,,29.900000000000002,,,,,0.039999999999054126,,,,,,,False
2022-11-13 18:15:00,0.0,,0.0,,,0.0,,29.71111111111111,,30.229999999999997,,,29.900000000000002,,,,,0.040000000000873115,,,,,,,False
2022-11-13 19:00:00,0.0,,0.0,,,0.0,,29.699999999999992,,30.199999999999992,,,29.900000000000002,,,,,0.039999999999054126,,,,,,,False
2022-11-13 19:30:00,0.0,,0.0,,,0.0,,29.699999999999996,,30.199999999999996,,,30.0,,,,,0.040000000000873115,,,,,,,False
2022-11-13 20:15:00,0.0,,0.0,,,0.0,,29.699999999999992,,30.199999999999992,,,30.0,,,,,0.039999999999054126,,,,,,,False
2022-11-13 20:45:00,0.0,,0.0,,,0.0,,29.699999999999996,,30.199999999999996,,,30.0,,,,,0.040000000000873115,,,,,,,False
2022-11-13 21:30:00,0.0,,0.0,,,0.0,,29.699999999999996,,30.199999999999996,,,30.0,,,,,0.039999999999054126,,,,,,,False
2022-11-13 22:15:00,0.0,,0.0,,,0.0,,29.699999999999996,,30.199999999999992,,,30.0,,,,,0.040000000000873115,,,,,26.1,,False
2022-11-13 22:45:00,0.0,,0.0,,,0.0,,29.61111111111111,,30.199999999999996,,,30.0,,,,,0.039999999999054126,,,,,25.9,,False
2022-11-13 23:30:00,0.0,,0.0,,,0.0,,29.699999999999996,,30.300000000000004,,,30.0,,,,,0.040000000000873115,,,,,25.3,,False
2022-11-14 00:15:00,0.0,,0.0,,,0.0,,29.699999999999996,,30.300000000000004,,,30.0,,,,,0.039999999999054126,,,,,25.1,,False
2022-11-14 00:45:00,0.0,,0.0,,,0.0,,29.699999999999996,,30.300000000000004,,,30.0,,,,,0.040000000000873115,,,,,24.9,,False
2022-11-14 01:30:00,0.0,,0.0,,,0.0,,29.699999999999996,,30.300000000000004,,,30.0,,,,,0.039999999999054126,,,,,24.6,,False
2022-11-14 02:15:00,0.0,,0.0,,,0.0,,29.699999999999996,,30.362500000000004,,,30.0,,,,,0.040000000000873115,,,,,23.9,,False
2022-11-14 03:00:00,0.0,,0.0,,,0.0,,29.699999999999992,,30.4,,,30.0,,,,,0.039999999999054126,,,,,24.2,,False
2022-11-14 03:30:00,0.0,,0.0,,,0.0,,29.709090909090904,,30.4,,,30.0,,,,,0.020000000000436557,,,,,23.9,,False
2022-11-14 03:45:00,0.0,,0.0,,,0.0,,29.800000000000004,,30.400000000000002,,,30.0,,,,,0.020000000000436557,,,,,23.7,,False
2022-11-14 04:15:00,0.0,,0.0,,,0.0,,29.800000000000004,,30.400000000000002,,,30.0,,,,,0.039999999999054126,,,,,23.7,,False
2022-11-14 05:00:00,0.0,,0.0,,,0.0,,29.800000000000008,,30.4,,,30.0,,,,,0.040000000000873115,,,,,23.8,,False
2022-11-14 05:45:00,0.0,,0.0,,,0.0,,29.800000000000004,,30.400000000000002,,,30.0,,,,,0.039999999999054126,,,,,23.5,,False
2022-11-14 08:00:00,0.0,,0.0,,,0.0,,29.800000000000008,,30.300000000000008,,,30.0,,,,,0.5200000000004366,,,,,23.849999999999998,,False
2022-11-14 08:30:00,0.0,,0.0,,,0.0,,29.800000000000004,,30.300000000000004,,,30.0,,,,,0.040000000000873115,,,,,24.2,,False
2022-11-14 09:30:00,19.5,,21.666666666666668,,,21.666666666666668,,29.43,,29.933333333333337,,,29.511111111111113,,,,,2.600000000000364,,,,,25.4,,False
2022-11-14 10:00:00,0.0,,0.0,,,0.0,,27.309090909090912,,28.55454545454546,,,27.436363636363637,,,,,0.5599999999994907,,,,,25.799999999999997,,False
2022-11-14 10:15:00,0.0,,0.0,,,0.0,,27.099999999999998,,28.522222222222222,,,27.300000000000008,,,,,0.039999999999054126,,,,,26.6,,False
2022-11-14 10:45:00,0.0,,0.0,,,0.0,,27.420000000000005,,28.699999999999996,,,27.579999999999995,,,,,0.040000000000873115,,,,,26.7,,False
2022-11-14 11:00:00,0.0,,0.0,,,0.0,,27.577777777777772,,28.755555555555556,,,27.8,,,,,0.3999999999996362,,,,,27.65,,False
2022-11-14 11:15:00,0.0,,0.0,,,0.0,,27.820000000000004,,28.900000000000002,,,28.04,,,,,0.040000000000873115,,,,,27.6,,False
2022-11-14 14:00:00,0.0,,0.0,,,0.0,,29.0,,29.7,,,29.0,,,,,0.6399999999994179,,,,,27.5,,False
2022-11-14 14:30:00,0.0,,0.0,,,0.0,,29.0,,29.7,,,29.0,,,,,0.4400000000005093,,,,,27.25,,False
2022-11-14 14:45:00,0.0,,0.0,,,0.0,,29.025,,29.7,,,29.0,,,,,0.15999999999985448,,,,,27.2,,False
2022-11-14 15:00:00,0.0,,0.0,,,0.0,,29.1,,29.7,,,29.0,,,,,0.3599999999987631,,,,,27.4,,False
2022-11-14 15:15:00,0.0,,0.0,,,0.0,,29.099999999999998,,29.7,,,29.099999999999998,,,,,0.3600000000005821,,,,,26.9,,False
2022-11-14 15:30:00,0.0,,0.0,,,0.0,,29.1,,29.7,,,29.099999999999998,,,,,0.040000000000873115,,,,,26.8,,False
2022-11-15 00:00:00,0.0,,0.0,,,0.0,,29.599999999999998,,30.266666666666666,,,29.800000000000004,,,,,0.1999999999989086,,,,,24.950000000000003,,False
2022-11-15 00:15:00,0.0,,0.0,,,0.0,,29.440000000000005,,30.139999999999997,,,29.7,,,,,0.21999999999934516,,,,,24.9,,False
2022-11-15 00:30:00,0.0,,0.0,,,0.0,,29.4,,30.1,,,29.7,,,,,0.020000000000436557,,,,,24.75,,False
2022-11-15 01:00:00,0.0,,0.0,,,0.0,,29.400000000000002,,30.099999999999998,,,29.7,,,,,0.020000000000436557,,,,,24.75,,False
2022-11-15 01:15:00,0.0,,0.0,,,0.0,,29.400000000000002,,30.099999999999998,,,29.699999999999996,,,,,0.020000000000436557,,,,,24.7,,False
2022-11-15 02:00:00,0.0,,0.0,,,0.0,,29.45,,30.2,,,29.8,,,,,0.019999999998617568,,,,,24.3,,False
2022-11-15 02:15:00,0.0,,0.0,,,0.0,,29.5,,30.199999999999996,,,29.800000000000004,,,,,0.020000000000436557,,,,,24.3,,False
2022-11-15 02:45:00,0.0,,0.0,,,0.0,,29.5,,30.2,,,29.8,,,,,0.020000000000436557,,,,,24.3,,False
2022-11-15 03:00:00,0.0,,0.0,,,0.0,,29.52,,30.2,,,29.833333333333332,,,,,0.020000000000436557,,,,,24.2,,False
2022-11-15 03:45:00,0.0,,0.0,,,0.0,,29.6,,30.275,,,29.9,,,,,0.020000000000436557,,,,,23.6,,False
2022-11-15 04:00:00,0.0,,0.0,,,0.0,,29.599999999999998,,30.3,,,29.900000000000002,,,,,0.019999999998617568,,,,,23.650000000000002,,False
2022-11-15 04:30:00,0.0,,0.0,,,0.0,,29.699999999999996,,30.300000000000004,,,29.900000000000002,,,,,0.020000000000436557,,,,,23.6,,False
2022-11-15 04:45:00,0.0,,0.0,,,0.0,,29.7,,30.3,,,29.900000000000002,,,,,0.020000000000436557,,,,,23.6,,False
2022-11-15 05:30:00,0.0,,0.0,,,0.0,,29.7,,30.3,,,29.9,,,,,0.019999999998617568,,,,,23.55,,False
2022-11-15 05:45:00,0.0,,0.0,,,0.0,,29.7,,30.2,,,29.899999999999995,,,,,0.020000000000436557,,,,,23.5,,False
2022-11-15 06:15:00,0.0,,0.0,,,0.0,,29.699999999999996,,30.199999999999996,,,29.900000000000002,,,,,0.020000000000436557,,,,,23.3,,False
2022-11-15 06:30:00,0.0,,0.0,,,0.0,,29.7,,30.2,,,29.9,,,,,0.020000000000436557,,,,,23.25,,False
2022-11-15 07:15:00,0.0,,0.0,,,0.0,,29.699999999999996,,30.199999999999996,,,29.900000000000002,,,,,0.019999999998617568,,,,,23.2,,False
2022-11-15 07:30:00,0.0,,0.0,,,0.0,,29.7,,30.2,,,29.899999999999995,,,,,0.020000000000436557,,,,,23.25,,False
2022-11-15 08:00:00,0.0,,0.0,,,0.0,,29.666666666666668,,30.2,,,29.8,,,,,0.020000000000436557,,,,,23.4,,False
2022-11-15 08:15:00,0.0,,0.0,,,0.0,,29.599999999999998,,30.2,,,29.8,,,,,0.020000000000436557,,,,,23.5,,False
2022-11-15 08:30:00,0.0,,0.0,,,0.0,,29.599999999999998,,30.2,,,29.8,,,,,0.23999999999978172,,,,,23.549999999999997,,False
2022-11-15 08:45:00,0.0,,0.0,,,0.0,,29.525,,30.1,,,29.78,,,,,0.31999999999970896,,,,,23.6,,False
2022-11-15 09:00:00,0.0,,0.0,,,0.0,,29.5,,30.099999999999998,,,29.699999999999996,,,,,0.4400000000023283,,,,,23.75,,False
2022-11-15 09:15:00,0.0,,0.0,,,0.0,,29.5,,30.02,,,29.7,,,,,0.5799999999981083,,,,,24.1,,False
2022-11-15 09:30:00,0.0,,0.0,,,0.0,,29.5,,30.02,,,29.7,,,,,0.7999999999992724,,,,,24.3,,False
2022-11-15 09:45:00,0.0,,0.0,,,0.0,,29.5,,30.025,,,29.7,,,,,0.6599999999998545,,,,,,,False
2022-11-15 10:00:00,,,,,,0.0,,,,,,,29.7,,,,,1.0,,,,,24.549999999999997,,False
2022-11-15 10:15:00,0.0,,0.0,,,0.0,,29.5,,30.100000000000005,,,29.7,,,,,0.2999999999992724,,,,,24.5,,False
2022-11-15 10:30:00,,,,,,,,,,,,,,,,,,0.32000000000152795,,,,,25.1,,False
2022-11-15 10:45:00,0.0,,0.0,,,0.0,,29.5,,30.1,,,29.7,,,,,0.37999999999919964,,,,,26.1,,False
2022-11-15 11:00:00,0.0,,0.0,,,0.0,,29.5,,30.133333333333336,,,29.7,,,,,0.18000000000029104,,,,,25.900000000000002,,False
2022-11-15 11:15:00,0.0,,0.0,,,0.0,,29.549999999999997,,30.199999999999996,,,29.7,,,,,0.18000000000029104,,,,,26.2,,False
2022-11-15 11:45:00,0.0,,0.0,,,0.0,,29.599999999999998,,30.199999999999996,,,29.800000000000004,,,,,0.42000000000189175,,,,,27.5,,False
2022-11-15 12:00:00,0.0,,0.0,,,0.0,,29.599999999999998,,30.2,,,29.8,,,,,0.6599999999980355,,,,,27.1,,False
2022-11-15 12:15:00,0.0,,0.0,,,0.0,,29.599999999999998,,30.199999999999996,,,29.800000000000004,,,,,0.23999999999978172,,,,,27.1,,False
2022-11-15 12:30:00,0.0,,0.0,,,0.0,,29.6,,30.2,,,29.8,,,,,0.020000000000436557,,,,,27.7,,False
2022-11-15 12:45:00,0.0,,0.0,,,0.0,,29.599999999999998,,30.2,,,29.8,,,,,0.020000000000436557,,,,,28.2,,False
2022-11-15 14:15:00,0.0,,0.0,,,0.0,,29.599999999999998,,30.2,,,29.8,,,,,0.47999999999956344,,,,,27.9,,False
2022-11-15 14:30:00,0.0,,0.0,,,0.0,,29.6,,30.139999999999997,,,29.800000000000004,,,,,0.07999999999992724,,,,,27.85,,False
2022-11-15 14:45:00,0.0,,0.0,,,0.0,,29.600000000000005,,30.138461538461545,,,29.800000000000008,,,,,0.3600000000005821,,,,,27.7,,False
2022-11-15 15:00:00,0.0,,0.0,,,0.0,,29.599999999999998,,30.1,,,29.800000000000004,,,,,0.3000000000010914,,,,,27.5,,False
2022-11-15 15:15:00,0.0,,0.0,,,0.0,,29.6,,30.1,,,29.800000000000008,,,,,0.21999999999934516,,,,,27.8,,False
2022-11-15 15:30:00,0.0,,0.0,,,0.0,,29.6,,30.1,,,29.869999999999997,,,,,0.1999999999989086,,,,,27.950000000000003,,False
2022-11-15 15:45:00,0.0,,0.0,,,0.0,,29.6,,30.119999999999997,,,29.9,,,,,0.21999999999934516,,,,,28.0,,False
2022-11-15 16:00:00,0.0,,0.0,,,0.0,,29.599999999999998,,30.099999999999998,,,29.900000000000002,,,,,0.020000000000436557,,,,,27.75,,False
2022-11-15 16:45:00,0.0,,0.0,,,0.0,,29.599999999999998,,30.099999999999998,,,29.900000000000002,,,,,0.21999999999934516,,,,,27.6,,False
2022-11-15 17:00:00,0.0,,0.0,,,0.0,,29.599999999999998,,30.099999999999998,,,29.900000000000002,,,,,0.2800000000024738,,,,,27.6,,False
2022-11-15 17:15:00,0.0,,0.0,,,0.0,,29.6,,30.099999999999998,,,29.900000000000002,,,,,0.27999999999883585,,,,,27.5,,False
2022-11-15 17:30:00,0.0,,0.0,,,0.0,,29.599999999999998,,30.099999999999998,,,29.900000000000002,,,,,0.040000000000873115,,,,,27.450000000000003,,False
2022-11-15 17:45:00,0.0,,0.0,,,0.0,,29.6,,30.1,,,29.9,,,,,0.019999999998617568,,,,,27.3,,False
2022-11-16 00:00:00,0.0,,0.0,,,0.0,,29.699999999999996,,30.099999999999998,,,30.0,,,,,0.13999999999941792,,,,,25.05,,False
2022-11-16 00:15:00,0.0,,0.0,,,0.0,,29.699999999999996,,30.099999999999998,,,30.0,,,,,0.16000000000167347,,,,,24.9,,False
2022-11-16 00:30:00,0.0,,0.0,,,0.0,,29.699999999999996,,30.099999999999998,,,30.0,,,,,0.019999999998617568,,,,,24.700000000000003,,False
2022-11-16 01:00:00,0.0,,0.0,,,0.0,,29.610000000000003,,30.0,,,30.0,,,,,0.020000000000436557,,,,,24.5,,False
2022-11-16 01:15:00,0.0,,0.0,,,0.0,,29.599999999999998,,30.0,,,30.0,,,,,0.020000000000436557,,,,,24.5,,False
2022-11-16 01:45:00,0.0,,0.0,,,0.0,,29.599999999999998,,30.04285714285714,,,30.0,,,,,0.019999999998617568,,,,,24.2,,False
2022-11-16 02:00:00,0.0,,0.0,,,0.0,,29.599999999999998,,30.099999999999998,,,30.0,,,,,0.020000000000436557,,,,,23.950000000000003,,False
2022-11-16 02:30:00,0.0,,0.0,,,0.0,,29.64444444444444,,30.099999999999998,,,30.0,,,,,0.020000000000436557,,,,,23.55,,False
2022-11-16 02:45:00,0.0,,0.0,,,0.0,,29.699999999999996,,30.099999999999998,,,30.0,,,,,0.020000000000436557,,,,,23.4,,False
2022-11-16 03:30:00,0.0,,0.0,,,0.0,,29.7,,30.2,,,30.0,,,,,0.039999999999054126,,,,,23.2,,False
2022-11-16 04:15:00,0.0,,0.0,,,0.0,,29.699999999999996,,30.199999999999996,,,30.0,,,,,0.020000000000436557,,,,,23.2,,False
2022-11-16 04:30:00,0.0,,0.0,,,0.0,,29.7,,30.2,,,30.0,,,,,0.020000000000436557,,,,,23.1,,False
2022-11-16 05:00:00,0.0,,0.0,,,0.0,,29.699999999999996,,30.199999999999996,,,30.0,,,,,0.020000000000436557,,,,,23.150000000000002,,False
2022-11-16 05:15:00,0.0,,0.0,,,0.0,,29.699999999999996,,30.199999999999996,,,30.0,,,,,0.019999999998617568,,,,,23.1,,False
2022-11-16 05:45:00,0.0,,0.0,,,0.0,,29.699999999999996,,30.099999999999998,,,30.0,,,,,0.020000000000436557,,,,,23.0,,False
2022-11-16 06:00:00,0.0,,0.0,,,0.0,,29.699999999999996,,30.099999999999998,,,30.0,,,,,0.020000000000436557,,,,,22.9,,False
2022-11-16 06:45:00,0.0,,0.0,,,0.0,,29.699999999999996,,30.099999999999998,,,29.909999999999997,,,,,0.040000000000873115,,,,,22.8,,False
2022-11-16 07:30:00,0.0,,0.0,,,0.0,,29.699999999999996,,30.099999999999998,,,29.900000000000002,,,,,0.020000000000436557,,,,,22.85,,False
2022-11-16 07:45:00,0.0,,0.0,,,0.0,,29.699999999999992,,30.1,,,29.9,,,,,0.019999999998617568,,,,,23.1,,False
2022-11-16 10:00:00,0.0,,0.0,,,0.0,,29.599999999999998,,30.099999999999998,,,29.840000000000003,,,,,0.7999999999992724,,,,,26.25,,False
2022-11-16 10:30:00,0.0,,0.0,,,0.0,,29.599999999999998,,30.199999999999996,,,29.900000000000002,,,,,0.3600000000005821,,,,,26.5,,False
2022-11-16 11:15:00,0.0,,0.0,,,0.0,,29.6,,30.199999999999992,,,29.9,,,,,0.040000000000873115,,,,,25.8,,False
2022-11-16 14:15:00,0.0,,0.0,,,0.0,,29.699999999999996,,30.300000000000004,,,29.900000000000002,,,,,0.15999999999985448,,,,,27.0,,False
2022-11-16 14:30:00,0.0,,0.0,,,0.0,,29.689999999999998,,30.300000000000004,,,29.900000000000002,,,,,1.6199999999989814,,,,,27.4,,False
2022-11-16 14:45:00,0.0,,0.0,,,0.0,,29.599999999999998,,30.3,,,29.9,,,,,1.0200000000004366,,,,,27.3,,False
2022-11-18 09:00:00,,,,,,,,,,,,,,,,,,1.0200000000004366,,,,,25.9,,False
2022-11-18 09:15:00,,,,,,,,,,,,,,,,,,2.219999999999345,,,,,26.0,,False
2022-11-18 09:30:00,,,,,,,,,,,,,,,,,,1.4200000000000728,,,,,26.35,,False
2022-11-18 09:45:00,,,,,,,,,,,,,,,,,,0.8799999999991996,,,,,27.0,,False
2022-11-18 10:00:00,,,,,,,,,,,,,,,,,,1.2600000000002183,,,,,26.8,,False
2022-11-18 10:15:00,,,,,,,,,,,,,,,,,,1.0799999999999272,,,,,26.8,,False
2022-11-18 10:30:00,,,,,,,,,,,,,,,,,,0.9000000000014552,,,,,26.75,,False
2022-11-18 10:45:00,,,,,,,,,,,,,,,,,,2.6199999999989814,,,,,28.0,,False
2022-11-18 11:00:00,,,,,,,,,,,,,,,,,,1.0,,,,,27.85,,False
2022-11-18 11:15:00,,,,,,,,,,,,,,,,,,1.360000000000582,,,,,27.2,,False
2022-11-18 11:30:00,,,,,,,,,,,,,,,,,,1.180000000000291,,,,,27.15,,False
2022-11-18 11:45:00,,,,,,,,,,,,,,,,,,1.0599999999994907,,,,,27.9,,False
2022-11-18 12:00:00,,,,,,,,,,,,,,,,,,1.2000000000007276,,,,,27.950000000000003,,False
2022-11-18 12:15:00,,,,,,,,,,,,,,,,,,0.7199999999993452,,,,,28.6,,False
2022-11-18 12:30:00,,,,,,,,,,,,,,,,,,2.9200000000000728,,,,,28.5,,False
2022-11-18 12:45:00,,,,,,,,,,,,,,,,,,0.819999999999709,,,,,28.2,,False
2022-11-18 13:00:00,,,,,,,,,,,,,,,,,,1.4400000000005093,,,,,28.85,,False
2022-11-18 13:15:00,,,,,,,,,,,,,,,,,,0.8400000000001455,,,,,28.6,,False
2022-11-18 13:30:00,,,,,,,,,,,,,,,,,,1.2599999999983993,,,,,28.5,,False
2022-11-18 13:45:00,,,,,,,,,,,,,,,,,,1.000000000001819,,,,,28.9,,False
2022-11-18 14:00:00,,,,,,,,,,,,,,,,,,1.359999999998763,,,,,28.700000000000003,,False
2022-11-18 14:15:00,,,,,,,,,,,,,,,,,,2.680000000000291,,,,,29.0,,False
2022-11-18 14:30:00,,,,,,,,,,,,,,,,,,0.819999999999709,,,,,29.05,,False
2022-11-18 14:45:00,,,,,,,,,,,,,,,,,,1.4200000000000728,,,,,28.8,,False
2022-11-18 15:00:00,,,,,,,,,,,,,,,,,,0.820000000001528,,,,,28.95,,False
2022-11-18 15:15:00,,,,,,,,,,,,,,,,,,1.2799999999988358,,,,,28.6,,False
2022-11-18 15:30:00,,,,,,,,,,,,,,,,,,1.0200000000004366,,,,,28.6,,False
2022-11-18 15:45:00,,,,,,,,,,,,,,,,,,1.2000000000007276,,,,,28.9,,False
2022-11-18 16:00:00,,,,,,,,,,,,,,,,,,2.4399999999986903,,,,,29.200000000000003,,False
2022-11-18 16:15:00,,,,,,,,,,,,,,,,,,1.2200000000011642,,,,,29.2,,False
2022-11-18 16:30:00,,,,,,,,,,,,,,,,,,1.1199999999989814,,,,,29.45,,False
2022-11-18 16:45:00,,,,,,,,,,,,,,,,,,1.1199999999989814,,,,,29.1,,False
2022-11-18 17:00:00,,,,,,,,,,,,,,,,,,0.9600000000009459,,,,,28.799999999999997,,False
2022-11-18 17:15:00,,,,,,,,,,,,,,,,,,0.9200000000000728,,,,,28.4,,False
2022-11-18 17:30:00,,,,,,,,,,,,,,,,,,2.2999999999992724,,,,,28.15,,False
2022-11-18 17:45:00,,,,,,,,,,,,,,,,,,1.319999999999709,,,,,28.0,,False
2022-11-18 18:00:00,,,,,,,,,,,,,,,,,,1.2400000000016007,,,,,28.0,,False
2022-11-18 18:15:00,,,,,,,,,,,,,,,,,,0.9599999999991269,,,,,27.9,,False
2022-11-18 18:30:00,,,,,,,,,,,,,,,,,,1.0133333333342307,,,,,27.85,,False
2022-11-18 18:45:00,,,,,,,,,,,,,,,,,,1.0266666666666424,,,,,27.7,,False
2022-11-18 19:00:00,,,,,,,,,,,,,,,,,,0.6000000000003638,,,,,27.7,,False
2022-11-21 14:00:00,,,,,,,,,,,,,,,,,,3.0799999999999272,,,,,,,False
2022-11-21 14:15:00,,,,,,,,,,,,,,,,,,1.2399999999997817,,,,,27.8,,False
2022-11-21 14:30:00,,,,,,,,,,,,,,,,,,2.0,,,,,,,False
2022-11-21 15:00:00,,,,,,,,,,,,,,,,,,0.039999999999054126,,,,,27.4,,False
2022-11-26 12:45:00,18.875,0.0,0.0,0.0,0.0,0.0,0.0,25.137499999999996,28.199999999999996,29.099999999999998,29.0,28.199999999999996,28.800000000000004,29.45555555555556,0.0,0.0,22.0,0.2000000000007276,13.6875,18.875,1.4000000000000001,1.1175,21.2,,False
2022-11-26 13:00:00,0.0,0.0,0.0,0.0,0.0,0.0,0.0,25.566666666666666,28.199999999999996,29.099999999999998,29.0,28.199999999999996,28.800000000000004,29.400000000000002,0.0,0.0,21.5,0.039999999999054126,15.0625,0.0,1.4000000000000001,1.1625,21.1,,False
2022-11-26 13:45:00,0.0,0.0,0.0,0.0,0.0,0.0,0.0,26.177777777777777,28.199999999999996,29.099999999999998,29.0,28.199999999999996,28.800000000000004,29.300000000000004,0.0,0.0,21.0,0.040000000000873115,17.875,0.0,1.4000000000000001,1.2725,21.85,,False
2022-11-29 11:45:00,0.0,0.0,0.0,0.0,0.0,0.0,200.0,30.11111111111111,30.099999999999998,30.555555555555557,30.45555555555556,29.942857142857147,30.0375,25.35,23.625,0.0,31.125,0.6399999999994179,-0.8125,297.625,1.8375000000000001,0.6825,28.15,5.6862342020000005,False
2022-11-29 12:00:00,0.0,0.0,0.0,0.0,0.0,0.0,0.0,29.883333333333336,30.099999999999998,30.400000000000002,30.400000000000002,29.900000000000002,29.800000000000004,24.97142857142857,0.0,0.0,28.5,1.2000000000007276,15.75,0.0,1.6999999999999997,1.18875,28.2,0.0,False
